Gene_set,Term,Overlap,P-value,Adjusted P-value,Old P-value,Old Adjusted P-value,Odds Ratio,Combined Score,Genes
KEGG_2021_Human,Maturity onset diabetes of the young,8/26,6.380686729289674e-05,0.0176106953728395,0,0,7.4605718808746415,72.06651119641381,HNF4A;HNF4G;HNF1B;PAX6;HNF1A;MNX1;FOXA3;FOXA2
KEGG_2021_Human,Fanconi anemia pathway,11/54,0.0001824011980038093,0.0251713653245256,0,0,4.299958471760798,37.01964069392259,FANCI;RMI2;BRIP1;RAD51;FANCD2;FANCA;SLX1A;FANCC;BRCA1;FANCB;BRCA2
KEGG_2021_Human,Homologous recombination,8/41,0.0018346319965648,0.1687861436839669,0,0,4.066164764294773,25.62054377294483,BRIP1;RAD51;XRCC2;XRCC3;RAD54L;BRCA1;BRCA2;RAD54B
KEGG_2021_Human,Histidine metabolism,5/22,0.0067352679442558,0.464733488153652,0,0,4.924250339567443,24.62321000353989,ALDH3A1;AOC1;ALDH3B1;CARNS1;ASPA
KEGG_2021_Human,Nitrogen metabolism,4/17,0.0133919094457517,0.5744703232497385,0,0,5.14804450208177,22.204054047509874,CA12;CPS1;CA9;CA13
KEGG_2021_Human,Retinol metabolism,9/68,0.014011971469012,0.5744703232497385,0,0,2.557328015952144,10.91427500819292,CYP2W1;ALDH1A2;UGT2B15;AOX1;RDH5;BCO1;CYP2C18;CYP3A5;UGT2B7
KEGG_2021_Human,Mucin type O-glycan biosynthesis,6/36,0.0146320026237088,0.5744703232497385,0,0,3.3491555555555554,14.14865563887437,GALNT12;GALNT7;GALNT14;ST6GALNAC1;B3GNT3;GCNT3
KEGG_2021_Human,"Alanine, aspartate and glutamate metabolism",6/37,0.0166513137173837,0.5744703232497385,0,0,3.24094623655914,13.272537461027053,CPS1;GLS2;GPT;RIMKLA;ASPA;ASRGL1
KEGG_2021_Human,ECM-receptor interaction,10/88,0.0266282550802365,0.7321853685523618,0,0,2.149065623641895,7.792044327305017,FRAS1;ITGA3;COL4A4;ITGA2B;COL6A1;ITGA7;ITGB6;COL9A2;NPNT;FREM2
KEGG_2021_Human,Metabolism of xenobiotics by cytochrome P450,9/76,0.0272268091157135,0.7321853685523618,0,0,2.2510176390773404,8.111661730653843,ALDH3A1;AKR7A3;GSTO2;ALDH3B1;UGT2B15;DHDH;CYP3A5;GSTT2B;UGT2B7
KEGG_2021_Human,Axon guidance,17/182,0.0291813009205651,0.7321853685523618,0,0,1.729873238670366,6.113764973555681,ROBO2;ROBO3;SEMA6A;UNC5A;SEMA3D;SEMA3A;PRKCA;SEMA3E;SEMA4G;NFATC4;SHH;ABLIM1;EFNA2;BMPR1B;SRGAP1;NEO1;NGEF
KEGG_2021_Human,Drug metabolism,11/108,0.0418313176162613,0.9621203051740104,0,0,1.9006995581737849,6.0330294645424924,ALDH3A1;GSTO2;ALDH3B1;UGT2B15;NME2;AOX1;TK1;GSTT2B;CYP3A5;FMO5;UGT2B7
KEGG_2021_Human,Folate biosynthesis,4/26,0.0563819627694134,0.999995519875702,0,0,3.0405743324997982,8.74349373524125,DHFR;MOCOS;AKR1C3;ALPG
KEGG_2021_Human,Circadian rhythm,4/31,0.0953811720441318,0.999995519875702,0,0,2.4768477439284893,5.820280308693369,PRKAA2;TPTEP2-CSNK1E;RORC;NPAS2
KEGG_2021_Human,Tight junction,14/169,0.0981731406933439,0.999995519875702,0,0,1.5132468882663817,3.5122802533691764,MAGI1;PRKAA2;CACNA1D;GATA4;CGN;AMOT;EPB41L4B;CLDN10;OCLN;CLDN3;BVES;CFTR;CGNL1;TJP3
KEGG_2021_Human,ABC transporters,5/45,0.1087503759884768,0.999995519875702,0,0,2.090253108348135,4.6376448884872845,ABCC3;ABCA10;ABCA3;ABCC6;CFTR
KEGG_2021_Human,Melanogenesis,9/101,0.1176635222793722,0.999995519875702,0,0,1.637148337595908,3.503376676427243,WNT10A;KITLG;FZD5;CREB3L1;FZD8;WNT7A;PRKCA;CALML4;ADCY6
KEGG_2021_Human,Mineral absorption,6/60,0.1222857403723019,0.999995519875702,0,0,1.858271604938272,3.904962359280021,ATP7B;MT1M;SLC40A1;MT1G;MT1H;STEAP2
KEGG_2021_Human,Pentose and glucuronate interconversions,4/34,0.1234846493707948,0.999995519875702,0,0,2.228808044957113,4.661860553756841,UGT2B15;DHDH;XYLB;UGT2B7
KEGG_2021_Human,Arginine biosynthesis,3/22,0.1250520555955186,0.999995519875702,0,0,2.6385778275475924,5.485669752372532,CPS1;GLS2;GPT
KEGG_2021_Human,Steroid hormone biosynthesis,6/61,0.129550861391303,0.999995519875702,0,0,1.824387878787879,3.7284681633464105,HSD11B2;UGT2B15;HSD17B2;AKR1C3;CYP3A5;UGT2B7
KEGG_2021_Human,Nicotinate and nicotinamide metabolism,4/35,0.1335521006059447,0.999995519875702,0,0,2.156796519449294,4.342199948000257,NT5E;AOX1;ENPP1;NMNAT2
KEGG_2021_Human,Calcium signaling pathway,18/240,0.1358930833445065,0.999995519875702,0,0,1.358417716908283,2.711248063831103,MCOLN3;PTGER1;CHRNA7;TNNC2;PRKCA;CACNA1D;CALML4;MST1R;GRIN2D;ERBB3;ERBB4;PDGFC;ITPKA;FGF18;PLCE1;PLCD3;FGFR4;MCU
KEGG_2021_Human,Hypertrophic cardiomyopathy,8/90,0.1363171420787127,0.999995519875702,0,0,1.6321264904545751,3.2524546337924627,PRKAA2;ITGA3;ITGA2B;ITGA7;CACNA1D;TNNI3;ITGB6;CACNG4
KEGG_2021_Human,Mannose type O-glycan biosynthesis,3/23,0.1380913810920472,0.999995519875702,0,0,2.5065159574468083,4.962499628648418,B3GAT1;LARGE1;FUT4
KEGG_2021_Human,Rap1 signaling pathway,16/210,0.1391134771847635,0.999995519875702,0,0,1.3813508390735518,2.724666592068522,MAGI1;ITGA2B;PRKCA;CALML4;ADCY6;RAP1GAP;VAV2;KITLG;EFNA2;CNR1;PDGFC;FGF18;PLCE1;TLN2;FGFR4;MAP2K6
KEGG_2021_Human,DNA replication,4/36,0.1439418032739927,0.999995519875702,0,0,2.0892857142857144,4.049759035498474,RFC3;MCM4;DNA2;POLE
KEGG_2021_Human,Starch and sucrose metabolism,4/36,0.1439418032739927,0.999995519875702,0,0,2.0892857142857144,4.049759035498474,AMY2B;TREH;HKDC1;ENPP1
KEGG_2021_Human,Tyrosine metabolism,4/36,0.1439418032739927,0.999995519875702,0,0,2.0892857142857144,4.049759035498474,ALDH3A1;HGD;ALDH3B1;AOX1
KEGG_2021_Human,Arrhythmogenic right ventricular cardiomyopathy,7/77,0.1444373015633164,0.999995519875702,0,0,1.672508896797153,3.2361537961393227,ITGA3;ITGA2B;ITGA7;DSG2;CACNA1D;ITGB6;CACNG4
KEGG_2021_Human,Cellular senescence,12/156,0.1732539119400414,0.999995519875702,0,0,1.3944742329460829,2.444509232589517,CDKN2A;CHEK1;E2F1;CACNA1D;GATA4;MYBL2;CALML4;LIN9;FOXM1;MCU;MAP2K6;NFATC4
KEGG_2021_Human,Dilated cardiomyopathy,8/96,0.1757041987728464,0.999995519875702,0,0,1.520359426859872,2.643834174303552,ITGA3;ITGA2B;ITGA7;CACNA1D;TNNI3;ITGB6;ADCY6;CACNG4
KEGG_2021_Human,Endocrine and other factor-regulated calcium reabsorption,5/53,0.1790002909560505,0.999995519875702,0,0,1.7411375074008288,2.995396986139333,KLK1;PRKCA;ESR1;DNM1;ADCY6
KEGG_2021_Human,Signaling pathways regulating pluripotency of stem cells,11/143,0.1863507178455187,0.999995519875702,0,0,1.3941220238095238,2.3422989877229057,WNT10A;LEFTY1;MEIS1;FZD5;FZD8;WNT7A;PAX6;OTX1;BMPR1B;FGFR4;POU5F1
KEGG_2021_Human,Amphetamine addiction,6/69,0.1944529606144338,0.999995519875702,0,0,1.592042328042328,2.607072783639768,CREB3L1;PPP1R1B;PRKCA;CACNA1D;CALML4;GRIN2D
KEGG_2021_Human,Purine metabolism,10/129,0.1944705795806987,0.999995519875702,0,0,1.40555776280182,2.301564839074059,NT5E;ENTPD2;GDA;NPR1;NME2;ENPP1;ENTPD8;AK7;PDE9A;ADCY6
KEGG_2021_Human,Chemical carcinogenesis,17/239,0.196589727849596,0.999995519875702,0,0,1.2817984052274896,2.0850198429361613,GSTO2;CHRNA7;UGT2B15;EPHX4;EPHX3;PRKCA;CACNA1D;CYP2C18;ESR1;CYP3A5;ADCY6;DLL3;CREB3L1;FGF18;E2F1;GSTT2B;UGT2B7
KEGG_2021_Human,Regulation of lipolysis in adipocytes,5/55,0.1987383735978637,0.999995519875702,0,0,1.6713143872113676,2.7004530035813974,LIPE;NPR1;PRKG1;MGLL;ADCY6
KEGG_2021_Human,Thiamine metabolism,2/15,0.206867119876151,0.999995519875702,0,0,2.569462424201131,4.04864701906468,ALPG;AK7
KEGG_2021_Human,Pyrimidine metabolism,5/56,0.2088752581636875,0.999995519875702,0,0,1.63845644829868,2.565852382161296,NT5E;NME2;ENPP1;ENTPD8;TK1
KEGG_2021_Human,Breast cancer,11/147,0.2103133005342649,0.999995519875702,0,0,1.352829569327731,2.109273628898652,WNT10A;FZD5;FGF18;LRP5;E2F1;FZD8;WNT7A;BRCA1;BRCA2;ESR1;DLL3
KEGG_2021_Human,Protein digestion and absorption,8/103,0.2271584576820064,0.999995519875702,0,0,1.407808032994329,2.0865227788864105,DPP4;SLC15A1;COL27A1;COL4A4;COL6A1;SLC3A1;COL9A2;PRSS3
KEGG_2021_Human,Inositol phosphate metabolism,6/73,0.2307332291975129,0.999995519875702,0,0,1.4966766169154229,2.1948659133402395,ISYNA1;ITPKA;PLCE1;PIP5K1B;PLCH1;PLCD3
KEGG_2021_Human,beta-Alanine metabolism,3/30,0.2393264152282248,0.999995519875702,0,0,1.8559889676910957,2.653928559823372,ALDH3A1;ALDH3B1;CARNS1
KEGG_2021_Human,Glycosphingolipid biosynthesis,4/45,0.248933618884091,0.999995519875702,0,0,1.6298829181725714,2.266464674123493,FUT6;B3GNT3;B3GALT5;FUT4
KEGG_2021_Human,Phenylalanine metabolism,2/17,0.2494824909653603,0.999995519875702,0,0,2.226631237082964,3.0913803125959864,ALDH3A1;ALDH3B1
KEGG_2021_Human,D-Glutamine and D-glutamate metabolism,1/5,0.2525507983388458,0.999995519875702,0,0,4.173672566371682,5.743569739590676,GLS2
KEGG_2021_Human,"Neomycin, kanamycin and gentamicin biosynthesis",1/5,0.2525507983388458,0.999995519875702,0,0,4.173672566371682,5.743569739590676,HKDC1
KEGG_2021_Human,Salivary secretion,7/93,0.2729247537795993,0.999995519875702,0,0,1.3601857982289167,1.76628171258961,AMY2B;PRKCA;AQP5;CALML4;MUC5B;PRKG1;ADCY6
KEGG_2021_Human,Basal cell carcinoma,5/63,0.2837623521730317,0.999995519875702,0,0,1.4401757824462549,1.8140715968801044,SHH;WNT10A;FZD5;FZD8;WNT7A
KEGG_2021_Human,Vitamin B6 metabolism,1/6,0.2948295607430783,0.999995519875702,0,0,3.3387610619469026,4.077822031625473,AOX1
KEGG_2021_Human,Sphingolipid metabolism,4/49,0.2999557156087426,0.999995519875702,0,0,1.4846889480429852,1.7877442943252777,SMPD3;UGT8;GAL3ST1;DEGS2
KEGG_2021_Human,Circadian entrainment,7/97,0.3090059357907983,0.999995519875702,0,0,1.2994563068406484,1.5260747199518077,GNG4;PRKCA;CACNA1D;CALML4;PRKG1;ADCY6;GRIN2D
KEGG_2021_Human,One carbon pool by folate,2/20,0.3136376745717842,0.999995519875702,0,0,1.855230784371617,2.151171377324242,DHFR;AMT
KEGG_2021_Human,Glutamatergic synapse,8/114,0.3167790066436053,0.999995519875702,0,0,1.260975486819335,1.4495554908027777,HOMER2;GLS2;GNG4;PRKCA;CACNA1D;SHANK2;ADCY6;GRIN2D
KEGG_2021_Human,Aldosterone synthesis and secretion,7/98,0.3181718342820105,0.999995519875702,0,0,1.2851081303038598,1.4716591592514578,LIPE;NPR1;CREB3L1;PRKCA;CACNA1D;CALML4;ADCY6
KEGG_2021_Human,Pantothenate and CoA biosynthesis,2/21,0.3348112401934415,0.999995519875702,0,0,1.7574938231317887,1.923029298226786,VNN1;ENPP1
KEGG_2021_Human,Aldosterone-regulated sodium reabsorption,3/37,0.3489746283536341,0.999995519875702,0,0,1.4733260325406758,1.551052905502524,HSD11B2;PRKCA;NR3C2
KEGG_2021_Human,Hepatocellular carcinoma,11/168,0.3525618428290165,0.999995519875702,0,0,1.1705641492265697,1.220347342877207,NQO1;WNT10A;FZD5;GSTO2;CDKN2A;LRP5;E2F1;FZD8;WNT7A;PRKCA;GSTT2B
KEGG_2021_Human,PI3K-Akt signaling pathway,22/354,0.3545940609783254,0.999995519875702,0,0,1.1076243658131173,1.1483645998374843,MAGI1;PRKAA2;PKN3;ITGA3;ITGA2B;PRKCA;BRCA1;KITLG;EFNA2;ERBB3;ERBB4;GNG4;CREB3L1;COL4A4;MYB;PDGFC;FGF18;COL6A1;ITGA7;COL9A2;ITGB6;FGFR4
KEGG_2021_Human,Pancreatic secretion,7/102,0.3552403400824657,0.999995519875702,0,0,1.2307360929012925,1.273763493468215,AMY2B;PLA2G10;PRKCA;PRSS3;SLC4A4;CFTR;ADCY6
KEGG_2021_Human,Riboflavin metabolism,1/8,0.3723536173239217,0.999995519875702,0,0,2.3845764854614413,2.35575003668214,ENPP1
KEGG_2021_Human,Proteoglycans in cancer,13/205,0.3758861415148465,0.999995519875702,0,0,1.1311167635658914,1.1067626846499232,WNT10A;FZD5;IHH;FZD8;WNT7A;PRKCA;ANK1;ESR1;VAV2;SHH;ERBB3;ERBB4;PLCE1
KEGG_2021_Human,Mismatch repair,2/23,0.3765200810584617,0.999995519875702,0,0,1.5899447467206549,1.5530324257480517,RFC3;EXO1
KEGG_2021_Human,Proximal tubule bicarbonate reclamation,2/23,0.3765200810584617,0.999995519875702,0,0,1.5899447467206549,1.5530324257480517,GLS2;SLC4A4
KEGG_2021_Human,GABAergic synapse,6/89,0.3899312834200376,0.999995519875702,0,0,1.2071325301204818,1.1368590101988785,GABRP;GLS2;GNG4;PRKCA;CACNA1D;ADCY6
KEGG_2021_Human,Hedgehog signaling pathway,4/56,0.3911552785460144,0.999995519875702,0,0,1.2843491911814893,1.205555223681001,SHH;TPTEP2-CSNK1E;IHH;CDON
KEGG_2021_Human,"Glycine, serine and threonine metabolism",3/40,0.3959088268662617,0.999995519875702,0,0,1.35365152386429,1.2542546920411235,GATM;CHDH;AMT
KEGG_2021_Human,Nicotine addiction,3/40,0.3959088268662617,0.999995519875702,0,0,1.35365152386429,1.2542546920411235,GABRP;CHRNA7;GRIN2D
KEGG_2021_Human,Bile secretion,6/90,0.4001662015728799,0.999995519875702,0,0,1.1926984126984126,1.0923630335234813,ABCC3;UGT2B15;SLC4A4;CFTR;UGT2B7;ADCY6
KEGG_2021_Human,Glutathione metabolism,4/57,0.4041348754124488,0.999995519875702,0,0,1.2600492206726823,1.141612918703812,GGT6;GSTO2;OPLAH;GSTT2B
KEGG_2021_Human,Bladder cancer,3/41,0.4113679080273651,0.999995519875702,0,0,1.3179591265397537,1.1707000100582898,CDKN2A;DAPK1;E2F1
KEGG_2021_Human,Thyroid hormone synthesis,5/75,0.4195826537207714,0.999995519875702,0,0,1.1925272773407765,1.0357036716729189,PAX8;CREB3L1;DUOXA2;PRKCA;ADCY6
KEGG_2021_Human,IL-17 signaling pathway,6/94,0.4409377807262238,0.999995519875702,0,0,1.1382424242424245,0.9320515167704946,IL17RE;MUC5B;MAPK15;CXCL5;IL17RB;MUC5AC
KEGG_2021_Human,Sulfur metabolism,1/10,0.4413616275824871,0.999995519875702,0,0,1.8544739429695185,1.5167570328351194,SELENBP1
KEGG_2021_Human,Fat digestion and absorption,3/43,0.4418913574076249,0.999995519875702,0,0,1.2519281914893616,1.022438768116613,MOGAT2;NPC1L1;PLA2G10
KEGG_2021_Human,Hippo signaling pathway,10/163,0.4421390549071439,0.999995519875702,0,0,1.0912292362678049,0.8905858359771984,WNT10A;FZD5;WWC1;RASSF6;TPTEP2-CSNK1E;FZD8;BMP8B;WNT7A;BMPR1B;AMOT
KEGG_2021_Human,Long-term depression,4/60,0.4427068087407437,0.999995519875702,0,0,1.1923564456838636,0.9715887396157086,GNAZ;GRID2;PRKCA;PRKG1
KEGG_2021_Human,cAMP signaling pathway,13/216,0.4493763030958562,0.999995519875702,0,0,1.0691946385611182,0.8552430719581603,SUCNR1;NPR1;CACNA1D;CALML4;ADCY6;GRIN2D;VAV2;LIPE;CREB3L1;PPP1R1B;PLCE1;TNNI3;CFTR
KEGG_2021_Human,Wnt signaling pathway,10/166,0.4651248497634875,0.999995519875702,0,0,1.0700725085203229,0.8190863759945843,WNT10A;FZD5;TPTEP2-CSNK1E;LRP5;FZD8;WNT7A;PRKCA;LGR6;LGR4;NFATC4
KEGG_2021_Human,Focal adhesion,12/201,0.4658448205141516,0.999995519875702,0,0,1.0599032582946792,0.8096629644628176,ITGA3;COL4A4;PDGFC;ITGA2B;COL6A1;ITGA7;PRKCA;PIP5K1B;TLN2;COL9A2;ITGB6;VAV2
KEGG_2021_Human,Gastric cancer,9/149,0.4685849126276828,0.999995519875702,0,0,1.0730901451489687,0.8134430539269751,WNT10A;SHH;FZD5;FGF18;LRP5;E2F1;FZD8;WNT7A;CDH17
KEGG_2021_Human,Phosphatidylinositol signaling system,6/97,0.4711650283019087,0.999995519875702,0,0,1.1005421245421243,0.8282095286771196,ITPKA;PLCE1;PRKCA;PIP5K1B;CALML4;PLCD3
KEGG_2021_Human,Taurine and hypotaurine metabolism,1/11,0.4729683683529155,0.999995519875702,0,0,1.6689380530973452,1.2495785932269945,GGT6
KEGG_2021_Human,Ubiquinone and other terpenoid-quinone biosynthesis,1/11,0.4729683683529155,0.999995519875702,0,0,1.6689380530973452,1.2495785932269945,NQO1
KEGG_2021_Human,Choline metabolism in cancer,6/98,0.481142841277543,0.999995519875702,0,0,1.0885217391304347,0.7963528008834743,SLC22A3;SLC44A3;SLC44A4;PDGFC;PRKCA;PIP5K1B
KEGG_2021_Human,Carbohydrate digestion and absorption,3/47,0.5009150254672267,0.999995519875702,0,0,1.1378747582205029,0.7866342148252589,AMY2B;HKDC1;CACNA1D
KEGG_2021_Human,Other types of O-glycan biosynthesis,3/47,0.5009150254672267,0.999995519875702,0,0,1.1378747582205029,0.7866342148252589,GALNT12;GALNT7;GALNT14
KEGG_2021_Human,mTOR signaling pathway,9/154,0.5085427475918608,0.999995519875702,0,0,1.0358104370274757,0.7004212333813865,WNT10A;DEPTOR;PRKAA2;FZD5;LRP5;FZD8;WNT7A;PRKCA;ATP6V1C2
KEGG_2021_Human,Ascorbate and aldarate metabolism,2/30,0.5121268226966316,0.999995519875702,0,0,1.1920156902442112,0.7976766166153467,UGT2B15;UGT2B7
KEGG_2021_Human,Cushing syndrome,9/155,0.5164302513999554,0.999995519875702,0,0,1.0286609039630796,0.6797545968033244,WNT10A;FZD5;CDKN2A;CREB3L1;E2F1;FZD8;WNT7A;CACNA1D;ADCY6
KEGG_2021_Human,AMPK signaling pathway,7/120,0.5217969385299617,0.999995519875702,0,0,1.033697603376059,0.672396281746171,LIPE;PRKAA2;CREB3L1;HNF4A;CPT1B;ACACB;CFTR
KEGG_2021_Human,Glycolysis / Gluconeogenesis,4/67,0.5292053526695251,0.999995519875702,0,0,1.0594780355206264,0.6742292889839477,LDHC;ALDH3A1;HKDC1;ALDH3B1
KEGG_2021_Human,Cocaine addiction,3/49,0.5292079147100939,0.999995519875702,0,0,1.088286308973173,0.6925569928140005,CREB3L1;PPP1R1B;GRIN2D
KEGG_2021_Human,Ether lipid metabolism,3/49,0.5292079147100939,0.999995519875702,0,0,1.088286308973173,0.6925569928140005,UGT8;GAL3ST1;PLA2G10
KEGG_2021_Human,Fluid shear stress and atherosclerosis,8/139,0.5313674542632495,0.999995519875702,0,0,1.0189718107849068,0.6442973970829682,NQO1;PRKAA2;GSTO2;ITGA2B;CALML4;BMPR1B;GSTT2B;MAP2K6
KEGG_2021_Human,Insulin secretion,5/86,0.5400577001006535,0.999995519875702,0,0,1.0299760980637238,0.634546946398653,RIMS2;CREB3L1;PRKCA;CACNA1D;ADCY6
KEGG_2021_Human,Arginine and proline metabolism,3/50,0.5430136916722871,0.999995519875702,0,0,1.0650746944318696,0.6503567028620989,AOC1;GATM;CARNS1
KEGG_2021_Human,Vibrio cholerae infection,3/50,0.5430136916722871,0.999995519875702,0,0,1.0650746944318696,0.6503567028620989,PRKCA;CFTR;ATP6V1C2
KEGG_2021_Human,Renin secretion,4/69,0.5527060238942362,0.999995519875702,0,0,1.0267695037881372,0.6088014368500226,NPR1;CACNA1D;CALML4;ADCY6
KEGG_2021_Human,Ovarian steroidogenesis,3/51,0.5565815867629047,0.999995519875702,0,0,1.0428302304964538,0.6110375220902924,HSD17B2;AKR1C3;ADCY6
KEGG_2021_Human,Cell cycle,7/124,0.5569567381065572,0.999995519875702,0,0,0.9981445995680872,0.5841818055740897,ORC1;CDKN2A;CHEK1;E2F1;MCM4;CDC7;SMC1B
KEGG_2021_Human,Glucagon signaling pathway,6/107,0.5677762866555841,0.999995519875702,0,0,0.991049504950495,0.5609615703505525,LDHC;PRKAA2;CREB3L1;CALML4;CPT1B;ACACB
KEGG_2021_Human,Propanoate metabolism,2/34,0.5804319497307892,0.999995519875702,0,0,1.0427922940655447,0.5672609798744224,LDHC;ACACB
KEGG_2021_Human,Regulation of actin cytoskeleton,12/218,0.5804470573591747,0.999995519875702,0,0,0.97155053489159,0.5284814071001586,SCIN;DIAPH3;ITGA3;PDGFC;ITGA2B;FGF18;ITGA7;PIP5K1B;ITGB6;FGFR4;IQGAP3;VAV2
KEGG_2021_Human,Melanoma,4/72,0.5867492172612687,0.999995519875702,0,0,0.9813142648363692,0.5231953332308505,CDKN2A;PDGFC;FGF18;E2F1
KEGG_2021_Human,Retrograde endocannabinoid signaling,8/148,0.6032694486952209,0.999995519875702,0,0,0.9530085230886656,0.4816422498809368,GABRP;CNR1;GNG4;NAPEPLD;PRKCA;CACNA1D;MGLL;ADCY6
KEGG_2021_Human,Pathways in cancer,29/531,0.604968707498877,0.999995519875702,0,0,0.9628328790102748,0.4838991478264489,PTGER1;ITGA2B;LRP5;CALML4;BRCA2;ADCY6;DLL3;SHH;MECOM;GNG4;E2F1;GSTT2B;NQO1;WNT10A;FZD5;GSTO2;DAPK1;CDKN2A;ITGA3;FZD8;WNT7A;PRKCA;ESR1;KITLG;RAD51;PAX8;COL4A4;FGF18;FGFR4
KEGG_2021_Human,GnRH signaling pathway,5/93,0.6103139203074023,0.999995519875702,0,0,0.947692959793315,0.4679535646597643,PRKCA;CACNA1D;CALML4;ADCY6;MAP2K6
KEGG_2021_Human,Glioma,4/75,0.6192321562872813,0.999995519875702,0,0,0.9397003136833424,0.4503748923353152,CDKN2A;E2F1;PRKCA;CALML4
KEGG_2021_Human,TGF-beta signaling pathway,5/94,0.6198294271483963,0.999995519875702,0,0,0.9369948310615284,0.4481748936907127,LEFTY1;BMP8B;SMAD6;BMPR1B;NEO1
KEGG_2021_Human,Cholinergic synapse,6/113,0.6214175036796301,0.999995519875702,0,0,0.935177570093458,0.4449127062029677,GNG4;CREB3L1;CHRNA7;PRKCA;CACNA1D;ADCY6
KEGG_2021_Human,African trypanosomiasis,2/37,0.6268716019817535,0.999995519875702,0,0,0.9532582563583448,0.4451845136446158,F2RL1;PRKCA
KEGG_2021_Human,Gastric acid secretion,4/76,0.6296964214094244,0.999995519875702,0,0,0.9265996253573894,0.4285684926595387,PRKCA;CALML4;CFTR;ADCY6
KEGG_2021_Human,Pancreatic cancer,4/76,0.6296964214094244,0.999995519875702,0,0,0.9265996253573894,0.4285684926595387,RAD51;CDKN2A;E2F1;BRCA2
KEGG_2021_Human,Pertussis,4/76,0.6296964214094244,0.999995519875702,0,0,0.9265996253573894,0.4285684926595387,C5;C4BPB;CALML4;CXCL5
KEGG_2021_Human,Vascular smooth muscle contraction,7/133,0.6314636473132923,0.999995519875702,0,0,0.926403716884144,0.4258815962033016,NPR1;PLA2G10;PRKCA;CACNA1D;CALML4;PRKG1;ADCY6
KEGG_2021_Human,Fc gamma R-mediated phagocytosis,5/97,0.6475313812741588,0.999995519875702,0,0,0.9062958529616186,0.3938653214460665,SCIN;PRKCA;PIP5K1B;ASAP2;VAV2
KEGG_2021_Human,Oxytocin signaling pathway,8/154,0.6479331940251105,0.999995519875702,0,0,0.91355103136169,0.3964516249165785,PRKAA2;NPR1;PRKCA;CACNA1D;CALML4;ADCY6;CACNG4;NFATC4
KEGG_2021_Human,Fatty acid biosynthesis,1/18,0.6494566322795547,0.999995519875702,0,0,0.9813638729828216,0.4235755054998872,ACACB
KEGG_2021_Human,Inflammatory mediator regulation of TRP channels,5/98,0.6564769945953313,0.999995519875702,0,0,0.8965029889799271,0.3773090867882853,F2RL1;PRKCA;CALML4;ADCY6;MAP2K6
KEGG_2021_Human,Ras signaling pathway,12/232,0.6662600395720089,0.999995519875702,0,0,0.9090421642700464,0.3691395103350731,KITLG;EFNA2;GNG4;PDGFC;PLA2G10;FGF18;PLCE1;PRKCA;RASAL1;CALML4;KSR2;FGFR4
KEGG_2021_Human,Thermogenesis,12/232,0.6662600395720089,0.999995519875702,0,0,0.9090421642700464,0.3691395103350731,LIPE;PRKAA2;NPR1;CNR1;CREB3L1;PRDM16;BMP8B;CPT1B;COX6A2;MGLL;ADCY6;PRKG1
KEGG_2021_Human,"Growth hormone synthesis, secretion and action",6/119,0.6710519145059979,0.999995519875702,0,0,0.8852389380530974,0.3531295813718929,CREB3L1;PRKCA;CACNA1D;IGFALS;ADCY6;MAP2K6
KEGG_2021_Human,Arachidonic acid metabolism,3/61,0.6781009210460553,0.999995519875702,0,0,0.8625733675715334,0.3350745180580846,PLA2G10;CYP4F3;AKR1C3
KEGG_2021_Human,Glycerolipid metabolism,3/61,0.6781009210460553,0.999995519875702,0,0,0.8625733675715334,0.3350745180580846,MOGAT2;MBOAT2;MGLL
KEGG_2021_Human,Tryptophan metabolism,2/42,0.6952255017561982,0.999995519875702,0,0,0.8338795394154118,0.3031310755392845,AOC1;AOX1
KEGG_2021_Human,Porphyrin and chlorophyll metabolism,2/43,0.7075832515005162,0.999995519875702,0,0,0.8134978072544233,0.281388880483565,UGT2B15;UGT2B7
KEGG_2021_Human,GnRH secretion,3/64,0.7093459044437493,0.999995519875702,0,0,0.8200209277990931,0.2816050226880723,GPER1;PRKCA;CACNA1D
KEGG_2021_Human,Complement and coagulation cascades,4/85,0.715318416731743,0.999995519875702,0,0,0.8232497507859826,0.2758113036877785,C5;PROC;C4BPB;F5
KEGG_2021_Human,ErbB signaling pathway,4/85,0.715318416731743,0.999995519875702,0,0,0.8232497507859826,0.2758113036877785,BTC;ERBB3;ERBB4;PRKCA
KEGG_2021_Human,Cortisol synthesis and secretion,3/65,0.7192280165555288,0.999995519875702,0,0,0.8067518874399451,0.2658867388698719,CREB3L1;CACNA1D;ADCY6
KEGG_2021_Human,Vasopressin-regulated water reabsorption,2/44,0.7195194893310393,0.999995519875702,0,0,0.7940866337677676,0.2613908199439433,CREB3L1;ADCY6
KEGG_2021_Human,"Parathyroid hormone synthesis, secretion and action",5/106,0.7226657770817275,0.999995519875702,0,0,0.8251411286776991,0.2680127995403105,MMP15;CREB3L1;LRP5;PRKCA;ADCY6
KEGG_2021_Human,Cardiac muscle contraction,4/87,0.7322246941856124,0.999995519875702,0,0,0.8033268833987236,0.2503711648881501,CACNA1D;TNNI3;COX6A2;CACNG4
KEGG_2021_Human,cGMP-PKG signaling pathway,8/167,0.7340347017126734,0.999995519875702,0,0,0.8382757326792005,0.2591939964294698,NPR1;CREB3L1;CACNA1D;GATA4;CALML4;PRKG1;ADCY6;NFATC4
KEGG_2021_Human,Insulin resistance,5/108,0.7376994105837751,0.999995519875702,0,0,0.8090327475900602,0.2461230040617909,PRKAA2;CREB3L1;PPP1R3E;CPT1B;ACACB
KEGG_2021_Human,Renin-angiotensin system,1/23,0.7380571947842698,0.999995519875702,0,0,0.7581255028157683,0.2302684593860451,KLK1
KEGG_2021_Human,Long-term potentiation,3/67,0.7382051138531519,0.999995519875702,0,0,0.7814577792553191,0.2371986624673209,PRKCA;CALML4;GRIN2D
KEGG_2021_Human,Gap junction,4/88,0.7403902753270432,0.999995519875702,0,0,0.7937212151941522,0.2385750026464221,PDGFC;PRKCA;PRKG1;ADCY6
KEGG_2021_Human,Type II diabetes mellitus,2/46,0.7421602903549851,0.999995519875702,0,0,0.7579112649971818,0.2260015861873897,HKDC1;CACNA1D
KEGG_2021_Human,Fc epsilon RI signaling pathway,3/68,0.7473053747419446,0.999995519875702,0,0,0.7693944353518821,0.224110269706163,PRKCA;VAV2;MAP2K6
KEGG_2021_Human,Adrenergic signaling in cardiomyocytes,7/150,0.7506823154983923,0.999995519875702,0,0,0.8155314436453226,0.2338721801499498,CREB3L1;PRKCA;CACNA1D;TNNI3;CALML4;ADCY6;CACNG4
KEGG_2021_Human,Nucleotide excision repair,2/47,0.7528822880069402,0.999995519875702,0,0,0.7410294262375751,0.2103385256169248,RFC3;POLE
KEGG_2021_Human,Pyruvate metabolism,2/47,0.7528822880069402,0.999995519875702,0,0,0.7410294262375751,0.2103385256169248,LDHC;ACACB
KEGG_2021_Human,Adipocytokine signaling pathway,3/69,0.7561507885983996,0.999995519875702,0,0,0.7576966473243069,0.211787174428527,PRKAA2;CPT1B;ACACB
KEGG_2021_Human,Amino sugar and nucleotide sugar metabolism,2/48,0.7632175005452544,0.999995519875702,0,0,0.7248815804675165,0.1958718673488881,HKDC1;CYB5RL
KEGG_2021_Human,Intestinal immune network for IgA production,2/48,0.7632175005452544,0.999995519875702,0,0,0.7248815804675165,0.1958718673488881,PIGR;CCL28
KEGG_2021_Human,Dopaminergic synapse,6/132,0.7634873430550141,0.999995519875702,0,0,0.7933544973544974,0.2140936386761931,GNG4;CREB3L1;PPP1R1B;PRKCA;CACNA1D;CALML4
KEGG_2021_Human,Morphine addiction,4/91,0.7637508205197392,0.999995519875702,0,0,0.7662291303327928,0.2065092434940867,GABRP;GNG4;PRKCA;ADCY6
KEGG_2021_Human,Central carbon metabolism in cancer,3/70,0.7647446921120759,0.999995519875702,0,0,0.7463480469990473,0.2001804253597344,LDHC;GLS2;HKDC1
KEGG_2021_Human,alpha-Linolenic acid metabolism,1/25,0.7668779786830012,0.999995519875702,0,0,0.6948746312684366,0.1844388913232539,PLA2G10
KEGG_2021_Human,Small cell lung cancer,4/92,0.7711639517193505,0.999995519875702,0,0,0.7574816487859967,0.1968348483682032,ITGA3;COL4A4;ITGA2B;E2F1
KEGG_2021_Human,Leukocyte transendothelial migration,5/114,0.779193478611609,0.999995519875702,0,0,0.7642544038326788,0.1906783372769057,CLDN10;OCLN;CLDN3;PRKCA;VAV2
KEGG_2021_Human,Glycosylphosphatidylinositol (GPI)-anchor biosynthesis,1/26,0.7800774443248587,0.999995519875702,0,0,0.6670442477876106,0.1656684945854371,PIGM
KEGG_2021_Human,Non-small cell lung cancer,3/72,0.7811924424593714,0.999995519875702,0,0,0.7246376811594203,0.1789375031141791,CDKN2A;E2F1;PRKCA
KEGG_2021_Human,N-Glycan biosynthesis,2/50,0.782765395233755,0.999995519875702,0,0,0.6946043696486567,0.1701240656525449,MGAT3;ALG10B
KEGG_2021_Human,Biosynthesis of unsaturated fatty acids,1/27,0.7925301679231124,0.999995519875702,0,0,0.641354663036079,0.1491308052179584,FADS1
KEGG_2021_Human,Collecting duct acid secretion,1/27,0.7925301679231124,0.999995519875702,0,0,0.641354663036079,0.1491308052179584,ATP6V1C2
KEGG_2021_Human,Estrogen signaling pathway,6/137,0.7934476669683452,0.999995519875702,0,0,0.7628702290076336,0.176503525204326,CREB3L1;GPER1;TFF1;CALML4;ESR1;ADCY6
KEGG_2021_Human,Insulin signaling pathway,6/137,0.7934476669683452,0.999995519875702,0,0,0.7628702290076336,0.176503525204326,LIPE;PRKAA2;PPP1R3E;HKDC1;CALML4;ACACB
KEGG_2021_Human,Butanoate metabolism,1/28,0.8042783598887715,0.999995519875702,0,0,0.6175680104883645,0.1345123963196205,ACSM3
KEGG_2021_Human,Phototransduction,1/28,0.8042783598887715,0.999995519875702,0,0,0.6175680104883645,0.1345123963196205,CALML4
KEGG_2021_Human,Chronic myeloid leukemia,3/76,0.8112392723228489,0.999995519875702,0,0,0.6847857767414748,0.1432518669206721,MECOM;CDKN2A;E2F1
KEGG_2021_Human,Linoleic acid metabolism,1/29,0.8153618469693834,0.999995519875702,0,0,0.595480404551201,0.1215514135084355,PLA2G10
KEGG_2021_Human,Thyroid hormone signaling pathway,5/121,0.8209919889176197,0.999995519875702,0,0,0.7178676425552766,0.1415935973569645,PLCE1;PRKCA;GATA4;PLCD3;ESR1
KEGG_2021_Human,AGE-RAGE signaling pathway in diabetic complications,4/100,0.8240302457232551,0.999995519875702,0,0,0.6940624075717243,0.1343344212408371,COL4A4;PLCE1;PRKCA;PLCD3
KEGG_2021_Human,Viral protein interaction with cytokine and cytokine receptor,4/100,0.8240302457232551,0.999995519875702,0,0,0.6940624075717243,0.1343344212408371,IL20RA;ACKR4;CCL28;CXCL5
KEGG_2021_Human,Human cytomegalovirus infection,10/225,0.8243897054527187,0.999995519875702,0,0,0.7739767234404498,0.1494641290591691,PTGER1;CDKN2A;GNG4;CREB3L1;E2F1;PRKCA;CALML4;ADCY6;NFATC4;MAP2K6
KEGG_2021_Human,Synaptic vesicle cycle,3/78,0.8249071423901109,0.999995519875702,0,0,0.6664539007092198,0.128282014968165,CPLX1;DNM1;ATP6V1C2
KEGG_2021_Human,Glyoxylate and dicarboxylate metabolism,1/30,0.8258182061922545,0.999995519875702,0,0,0.5749160817821178,0.1100277956275126,AMT
KEGG_2021_Human,Alcoholism,8/186,0.8319046255656972,0.999995519875702,0,0,0.7480364593234414,0.1376667430259602,H4C15;GNG4;CREB3L1;PPP1R1B;H2AC19;CALML4;GRIN2D;SLC29A2
KEGG_2021_Human,Longevity regulating pathway,4/102,0.835546775328892,0.999995519875702,0,0,0.6798254350542347,0.1221435205220744,PRKAA2;CREB3L1;ADCY6;FOXA2
KEGG_2021_Human,Galactose metabolism,1/31,0.835682892078686,0.999995519875702,0,0,0.5557227138643068,0.0997555912345348,HKDC1
KEGG_2021_Human,Human papillomavirus infection,15/331,0.8449121071101223,0.999995519875702,0,0,0.7891401252211787,0.1329880027129211,MAGI1;WNT10A;FZD5;ITGA3;ITGA2B;FZD8;WNT7A;CREB3L1;COL4A4;COL6A1;E2F1;ITGA7;COL9A2;ITGB6;ATP6V1C2
KEGG_2021_Human,Phospholipase D signaling pathway,6/148,0.848994060396835,0.999995519875702,0,0,0.7033615023474178,0.1151424504029201,KITLG;PDGFC;PRKCA;PIP5K1B;DNM1;ADCY6
KEGG_2021_Human,Peroxisome,3/82,0.8497148537135222,0.999995519875702,0,0,0.6325747374091032,0.1030176122088799,PECR;PXMP2;DECR2
KEGG_2021_Human,Base excision repair,1/33,0.85376916154514,0.999995519875702,0,0,0.5209347345132743,0.0823568769883929,POLE
KEGG_2021_Human,Fructose and mannose metabolism,1/33,0.85376916154514,0.999995519875702,0,0,0.5209347345132743,0.0823568769883929,HKDC1
KEGG_2021_Human,Notch signaling pathway,2/59,0.8541370020817743,0.999995519875702,0,0,0.5846502882538499,0.0921781124961481,DTX4;DLL3
KEGG_2021_Human,MAPK signaling pathway,13/294,0.8544502496940073,0.999995519875702,0,0,0.7691798394438467,0.1209896809446348,PTPRR;PRKCA;CACNA1D;KITLG;EFNA2;MECOM;ERBB3;ERBB4;PDGFC;FGF18;FGFR4;CACNG4;MAP2K6
KEGG_2021_Human,Relaxin signaling pathway,5/129,0.8606886455844449,0.999995519875702,0,0,0.6712671174010199,0.1007051439237576,GNG4;CREB3L1;COL4A4;PRKCA;ADCY6
KEGG_2021_Human,Taste transduction,3/86,0.8714041275168067,0.999995519875702,0,0,0.6019610356318893,0.0828595926303216,ENTPD2;ADCY6;TAS2R4
KEGG_2021_Human,Lysine degradation,2/63,0.8783923029980885,0.999995519875702,0,0,0.5461964018644092,0.0708209019042591,MECOM;PRDM16
KEGG_2021_Human,Thyroid cancer,1/37,0.8841926981136402,0.999995519875702,0,0,0.4629547689282202,0.0569805913872971,PAX8
KEGG_2021_Human,Serotonergic synapse,4/113,0.8881319572698719,0.999995519875702,0,0,0.6108610177218076,0.0724694641568489,GNG4;PRKCA;CACNA1D;CYP2C18
KEGG_2021_Human,Apelin signaling pathway,5/137,0.892730019501121,0.999995519875702,0,0,0.6303151407503095,0.0715225357288358,LIPE;PRKAA2;GNG4;CALML4;ADCY6
KEGG_2021_Human,Various types of N-glycan biosynthesis,1/39,0.8969431761105766,0.999995519875702,0,0,0.4385421518397764,0.0476970582080833,B4GALNT3
KEGG_2021_Human,Pathways of neurodegeneration,21/475,0.9033042968377822,0.999995519875702,0,0,0.7673830217883081,0.0780396287840261,WNT10A;GPR37;FZD5;DNAH7;CHRNA7;DNAH5;TPTEP2-CSNK1E;DNAH14;DNAH6;LRP5;FZD8;WNT7A;PRKCA;CACNA1D;CALML4;COX6A2;DNALI1;GRIN2D;MCU;MAP2K6;SPTBN2
KEGG_2021_Human,Ferroptosis,1/41,0.9082908926969834,0.999995519875702,0,0,0.416570796460177,0.0400701887224075,SLC40A1
KEGG_2021_Human,Adherens junction,2/71,0.9161027945091206,0.999995519875702,0,0,0.4826638939166378,0.042294244003556,PTPRB;LMO7
KEGG_2021_Human,Prostate cancer,3/97,0.9174126225851936,0.999995519875702,0,0,0.5312075599818923,0.0457889962291097,CREB3L1;PDGFC;E2F1
KEGG_2021_Human,Fatty acid degradation,1/43,0.918390052670377,0.999995519875702,0,0,0.3966919511167299,0.0337716094453042,CPT1B
KEGG_2021_Human,Transcriptional misregulation in cancer,7/192,0.9223958210028348,0.999995519875702,0,0,0.628969895162066,0.0508087168476237,MEIS1;MYCN;PAX8;PAX7;HMGA2;ETV1;ETV4
KEGG_2021_Human,p53 signaling pathway,2/73,0.9236447647060484,0.999995519875702,0,0,0.4690178270687009,0.0372530236988974,CDKN2A;CHEK1
KEGG_2021_Human,Hematopoietic cell lineage,3/99,0.9239560161129412,0.999995519875702,0,0,0.5200853280141844,0.0411339699048291,KITLG;ITGA3;ITGA2B
KEGG_2021_Human,Platelet activation,4/124,0.925395107827948,0.999995519875702,0,0,0.5545400769003254,0.0429959815322965,ITGA2B;TLN2;PRKG1;ADCY6
KEGG_2021_Human,Cell adhesion molecules,5/148,0.9262833982194376,0.999995519875702,0,0,0.5814877839744624,0.0445274535533424,CLDN10;CDH4;OCLN;CLDN3;NEO1
KEGG_2021_Human,Basal transcription factors,1/45,0.9273779225526664,0.999995519875702,0,0,0.3786202735317779,0.0285457397066283,TAF7L
KEGG_2021_Human,Bacterial invasion of epithelial cells,2/77,0.9368508313462726,0.999995519875702,0,0,0.4439090640684972,0.028956724293087,SEPTIN3;DNM1
KEGG_2021_Human,Oocyte meiosis,4/129,0.9383023844904226,0.999995519875702,0,0,0.5322165039929015,0.0338931491596177,SGO1;CALML4;ADCY6;SMC1B
KEGG_2021_Human,"Valine, leucine and isoleucine degradation",1/48,0.9390396314304026,0.999995519875702,0,0,0.3543965354923743,0.022290689641268,AOX1
KEGG_2021_Human,FoxO signaling pathway,4/131,0.9428706972617258,0.999995519875702,0,0,0.523779248090883,0.0308119031238987,PLK4;PRKAA2;HOMER2;TPTEP2-CSNK1E
KEGG_2021_Human,Cholesterol metabolism,1/50,0.9457548884803892,0.999995519875702,0,0,0.3398952501354524,0.018956585747065,PCSK9
KEGG_2021_Human,Cysteine and methionine metabolism,1/50,0.9457548884803892,0.999995519875702,0,0,0.3398952501354524,0.018956585747065,LDHC
KEGG_2021_Human,Cytokine-cytokine receptor interaction,11/295,0.9492503090921453,0.999995519875702,0,0,0.6427156690140845,0.0334744022438511,BMP3;EDA;IL20RA;ACKR4;BMP8B;TNFRSF11B;IL17RE;BMPR1B;CCL28;IL17RB;CXCL5
KEGG_2021_Human,HIF-1 signaling pathway,3/109,0.9500862945767306,0.999995519875702,0,0,0.4707697711762344,0.0241045713741822,LDHC;HKDC1;PRKCA
KEGG_2021_Human,Neuroactive ligand-receptor interaction,13/341,0.9525766046473968,0.999995519875702,0,0,0.6572958026091889,0.0319345525011898,GABRP;SLURP2;GRID2;CHRNA5;PTGER1;CHRNA7;GRIN2D;C5;GLRB;CNR1;F2RL1;NMUR2;PRSS3
KEGG_2021_Human,Yersinia infection,4/137,0.9547834889513154,0.999995519875702,0,0,0.499989992728049,0.0231348756290982,ARHGEF28;PIP5K1B;MAP2K6;VAV2
KEGG_2021_Human,Hepatitis B,5/162,0.9553298908418808,0.999995519875702,0,0,0.5292394022015816,0.0241854800122111,CREB3L1;E2F1;PRKCA;MAP2K6;NFATC4
KEGG_2021_Human,TNF signaling pathway,3/112,0.9561184403891728,0.999995519875702,0,0,0.4577396056997853,0.0205403699498219,CREB3L1;CXCL5;MAP2K6
KEGG_2021_Human,Human immunodeficiency virus 1 infection,7/212,0.9589763957357342,0.999995519875702,0,0,0.566999392413853,0.0237509342505294,GNG4;CHEK1;PRKCA;CALML4;AP1S3;NFATC4;MAP2K6
KEGG_2021_Human,Legionellosis,1/57,0.9639490006733168,0.999995519875702,0,0,0.2972977243994943,0.010915847736079,EEF1A2
KEGG_2021_Human,Spinocerebellar ataxia,4/143,0.964367867148483,0.999995519875702,0,0,0.4782544860296324,0.0173522455471806,PRKCA;MCU;SPTBN2;GRIN2D
KEGG_2021_Human,Human T-cell leukemia virus 1 infection,7/219,0.967519290404436,0.999995519875702,0,0,0.5480720808433492,0.0180972940025819,CDKN2A;CREB3L1;CHEK1;E2F1;TLN2;ADCY6;NFATC4
KEGG_2021_Human,VEGF signaling pathway,1/59,0.9679219259390732,0.999995519875702,0,0,0.2870155630149527,0.009357812358456,PRKCA
KEGG_2021_Human,Rheumatoid arthritis,2/93,0.970962395662859,0.999995519875702,0,0,0.365547649870059,0.010771789582636,CXCL5;ATP6V1C2
KEGG_2021_Human,Amyotrophic lateral sclerosis,13/364,0.9744870898269488,0.999995519875702,0,0,0.6134631948585437,0.0158543477887858,NDC1;DNAH7;DNAH5;DNAH14;DNAH6;COX6A2;DNALI1;GRIN2D;ERBB4;ANG;NUP43;MCU;MAP2K6
KEGG_2021_Human,Glycerophospholipid metabolism,2/98,0.977331753585858,0.999995519875702,0,0,0.3464164452317685,0.0079430245996951,PLA2G10;MBOAT2
KEGG_2021_Human,Inflammatory bowel disease,1/65,0.977402890914746,0.999995519875702,0,0,0.260024889380531,0.0059432163415403,RORC
KEGG_2021_Human,Lysosome,3/128,0.9782933056662564,0.999995519875702,0,0,0.3988085106382978,0.0087521520179729,AP1S3;CTSV;CTSE
KEGG_2021_Human,Hepatitis C,4/157,0.9798733520826508,0.999995519875702,0,0,0.4341678700465693,0.0088274786601686,CLDN10;OCLN;CLDN3;E2F1
KEGG_2021_Human,Natural killer cell mediated cytotoxicity,3/131,0.9810316120602508,0.999995519875702,0,0,0.389399102393617,0.0074572247422352,PRKCA;ULBP3;VAV2
KEGG_2021_Human,Mitophagy,1/68,0.981034701132136,0.999995519875702,0,0,0.2483423590014529,0.0047551221118881,E2F1
KEGG_2021_Human,Amoebiasis,2/102,0.9814320293873052,0.999995519875702,0,0,0.332488928255093,0.0062316801994388,COL4A4;PRKCA
KEGG_2021_Human,Epithelial cell signaling in Helicobacter pylori infection,1/70,0.983125715781599,0.999995519875702,0,0,0.2411183788636655,0.0041034193859152,ATP6V1C2
KEGG_2021_Human,Prolactin signaling pathway,1/70,0.983125715781599,0.999995519875702,0,0,0.2411183788636655,0.0041034193859152,ESR1
KEGG_2021_Human,C-type lectin receptor signaling pathway,2/104,0.9832025341918276,0.999995519875702,0,0,0.3259348026190104,0.0055213822432383,CALML4;NFATC4
KEGG_2021_Human,NF-kappa B signaling pathway,2/104,0.9832025341918276,0.999995519875702,0,0,0.3259348026190104,0.0055213822432383,CARD10;EDA
KEGG_2021_Human,Neutrophil extracellular trap formation,5/189,0.9840327305815928,0.999995519875702,0,0,0.4509276778129585,0.0072581858767253,C5;H4C15;ITGA2B;H2AC19;PRKCA
KEGG_2021_Human,Systemic lupus erythematosus,3/135,0.9841731917438484,0.999995519875702,0,0,0.3775185364281109,0.0060227002731102,C5;H4C15;H2AC19
KEGG_2021_Human,Autophagy,3/137,0.985550699932228,0.999995519875702,0,0,0.3718442362654811,0.0054120842115031,DEPTOR;PRKAA2;DAPK1
KEGG_2021_Human,Chemokine signaling pathway,5/192,0.9858204687251784,0.999995519875702,0,0,0.4436223060191298,0.0063353796274007,GNG4;CCL28;CXCL5;ADCY6;VAV2
KEGG_2021_Human,Kaposi sarcoma-associated herpesvirus infection,5/193,0.9863731814243136,0.999995519875702,0,0,0.4412389932353274,0.0060540265953296,GNG4;E2F1;CALML4;NFATC4;MAP2K6
KEGG_2021_Human,PPAR signaling pathway,1/74,0.9866419235158896,0.999995519875702,0,0,0.2278579221723845,0.0030642557048799,CPT1B
KEGG_2021_Human,Ubiquitin mediated proteolysis,3/140,0.9874034222688584,0.999995519875702,0,0,0.3636434228917534,0.0046097575686057,DET1;BRCA1;RHOBTB1
KEGG_2021_Human,Alzheimer disease,12/369,0.9886782547498872,0.999995519875702,0,0,0.5560787317608008,0.0063316926653576,WNT10A;FZD5;CHRNA7;TPTEP2-CSNK1E;LRP5;FZD8;WNT7A;CACNA1D;CALML4;COX6A2;MCU;GRIN2D
KEGG_2021_Human,Leishmaniasis,1/77,0.988789571752594,0.999995519875702,0,0,0.218828598043782,0.0024670164346598,EEF1A2
KEGG_2021_Human,Diabetic cardiomyopathy,5/203,0.9908868999894788,0.999995519875702,0,0,0.4187299280549724,0.0038334215403123,PDK4;PRKCA;TNNI3;CPT1B;COX6A2
KEGG_2021_Human,Viral carcinogenesis,5/203,0.9908868999894788,0.999995519875702,0,0,0.4187299280549724,0.0038334215403123,SCIN;H4C15;CDKN2A;CREB3L1;CHEK1
KEGG_2021_Human,B cell receptor signaling pathway,1/81,0.9911261224004004,0.999995519875702,0,0,0.2078429203539823,0.0018526047403181,VAV2
KEGG_2021_Human,Sphingolipid signaling pathway,2/119,0.992144875335764,0.999995519875702,0,0,0.283921176746686,0.0022390417726955,PRKCA;DEGS2
KEGG_2021_Human,MicroRNAs in cancer,9/310,0.9924624093027212,0.999995519875702,0,0,0.4948211842876686,0.003743887293478,EFNA2;ERBB3;CDKN2A;GLS2;E2F1;IGF2BP1;HMGA2;PRKCA;BRCA1
KEGG_2021_Human,PD-L1 expression and PD-1 checkpoint pathway in cancer,1/89,0.994440220531481,0.999995519875702,0,0,0.1888676588897828,0.0010529924550795,MAP2K6
KEGG_2021_Human,Osteoclast differentiation,2/127,0.9947908432967116,0.999995519875702,0,0,0.2656368467670504,0.0013873605957541,TNFRSF11B;MAP2K6
KEGG_2021_Human,Th1 and Th2 cell differentiation,1/92,0.9953344647264066,0.999995519875702,0,0,0.1826120781872994,0.000853976774231161,DLL3
KEGG_2021_Human,Staphylococcus aureus infection,1/95,0.9960849085389916,0.999995519875702,0,0,0.1767557898700809,0.0006933732809132979,C5
KEGG_2021_Human,Oxidative phosphorylation,2/133,0.9961800304326244,0.999995519875702,0,0,0.2533891371814549,0.0009697922627407268,COX6A2;ATP6V1C2
KEGG_2021_Human,Endocytosis,6/252,0.9962768985994794,0.999995519875702,0,0,0.403750677506775,0.001506009969674,AGAP9;PIP5K1B;ASAP2;FGFR4;FOLR1;DNM1
KEGG_2021_Human,Pathogenic Escherichia coli infection,4/197,0.9964261899290692,0.999995519875702,0,0,0.3434492968171724,0.001229621083007,CLDN10;OCLN;CLDN3;MYO1A
KEGG_2021_Human,Progesterone-mediated oocyte maturation,1/100,0.9970771517958416,0.999995519875702,0,0,0.1677840350406722,0.0004911253580945026,ADCY6
KEGG_2021_Human,Influenza A,3/172,0.99720187552007,0.999995519875702,0,0,0.2942842754626715,0.000824598238258942,TMPRSS4;PRKCA;PRSS3
KEGG_2021_Human,T cell receptor signaling pathway,1/104,0.9976865459050592,0.999995519875702,0,0,0.1612337829710456,0.00037343908930126656,VAV2
KEGG_2021_Human,Toll-like receptor signaling pathway,1/104,0.9976865459050592,0.999995519875702,0,0,0.1612337829710456,0.00037343908930126656,MAP2K6
KEGG_2021_Human,Th17 cell differentiation,1/107,0.9980586315069514,0.999995519875702,0,0,0.1566455167807647,0.0003044022450176848,RORC
KEGG_2021_Human,Ribosome biogenesis in eukaryotes,1/108,0.9981688433947384,0.999995519875702,0,0,0.1551732693739144,0.00028440703362726284,REXO5
KEGG_2021_Human,Herpes simplex virus 1 infection,15/498,0.9981823136815344,0.999995519875702,0,0,0.5116431799461253,0.0009308530640906976,ZNF782;ZNF19;ZNF33B;C5;ZNF519;ZNF208;ZNF879;ZNF714;ZNF713;ZNF214;ZNF169;ZNF620;ZNF300;ZNF662;ZNF860
KEGG_2021_Human,Lipid and atherosclerosis,4/215,0.9984169219771188,0.999995519875702,0,0,0.3138475254103289,0.0004972388078551362,PRKCA;CALML4;VAV2;MAP2K6
KEGG_2021_Human,Prion disease,6/273,0.9984244967043854,0.999995519875702,0,0,0.3715755305867665,0.000585880122326368,C5;CREB3L1;CACNA1D;COX6A2;MCU;GRIN2D
KEGG_2021_Human,Shigellosis,5/246,0.9985147443834784,0.999995519875702,0,0,0.343226491159541,0.000510158025122895,HKDC1;PLCE1;SEPTIN3;TLN2;PLCD3
KEGG_2021_Human,Toxoplasmosis,1/112,0.9985505317362268,0.999995519875702,0,0,0.1495495495495495,0.00021692457658504104,MAP2K6
KEGG_2021_Human,RNA transport,3/186,0.9985787892004464,0.999995519875702,0,0,0.2715672596209743,0.000386228843536552,NDC1;EEF1A2;NUP43
KEGG_2021_Human,Phagosome,2/152,0.9985837818374134,0.999995519875702,0,0,0.2210687924416888,0.00031330354452460256,PLA2R1;ATP6V1C2
KEGG_2021_Human,Huntington disease,7/306,0.9987383224878524,0.999995519875702,0,0,0.3867875123483973,0.0004883092155038984,DNAH7;CREB3L1;DNAH5;DNAH14;DNAH6;COX6A2;DNALI1
KEGG_2021_Human,Non-alcoholic fatty liver disease,2/155,0.9987905707139372,0.999995519875702,0,0,0.2166993753509671,0.00026224118388966334,PRKAA2;COX6A2
KEGG_2021_Human,Neurotrophin signaling pathway,1/119,0.9990369835557265,0.999995519875702,0,0,0.1406254687265636,0.0001354898888390113,CALML4
KEGG_2021_Human,JAK-STAT signaling pathway,2/162,0.999163997594176,0.999995519875702,0,0,0.2071412754650133,0.00017324303052355,IL20RA;AOX1
KEGG_2021_Human,Epstein-Barr virus infection,3/202,0.9993516180665132,0.999995519875702,0,0,0.2495188709504971,0.0001618359994288941,E2F1;ENTPD8;MAP2K6
KEGG_2021_Human,Parkinson disease,4/249,0.9996739832352995,0.999995519875702,0,0,0.2698006265505315,8.797386863947887e-05,GPR37;CALML4;COX6A2;MCU
KEGG_2021_Human,Tuberculosis,2/180,0.9996778647190736,0.999995519875702,0,0,0.1860152665678088,5.99317337336888e-05,CALML4;PLA2R1
KEGG_2021_Human,Apoptosis,1/142,0.9997475344930628,0.999995519875702,0,0,0.1175422079959831,2.967909976037523e-05,CTSV
KEGG_2021_Human,Necroptosis,1/159,0.999904832158106,0.999995519875702,0,0,0.1048000448078861,9.974068707575148e-06,H2AC19
KEGG_2021_Human,NOD-like receptor signaling pathway,1/181,0.9999714084517182,0.999995519875702,0,0,0.0918829891838741,2.6271144783438945e-06,MCU
KEGG_2021_Human,Coronavirus disease,2/232,0.9999774119745408,0.999995519875702,0,0,0.1435591327454076,3.242753969193607e-06,C5;PRKCA
KEGG_2021_Human,Salmonella infection,2/249,0.9999888405673872,0.999995519875702,0,0,0.1335566209931041,1.490424428136488e-06,PODXL;MAP2K6
KEGG_2021_Human,Olfactory transduction,2/440,0.999995519875702,0.999995519875702,0,0,0.0745436823309106,3.339657105685697e-07,CALML4;PRKG1
GO_Biological_Process_2023,Cilium Assembly (GO:0060271),40/243,1.0283053305910659e-09,3.0077930919788675e-06,0,0,3.371246156416358,69.76913161619447,CEP126;TTC26;IFT172;DNAH5;SPATA6;PTPDC1;ABLIM1;STK36;WDR90;TCTN2;IQUB;TEKT2;CFAP47;POC1A;CFAP46;CFAP43;CC2D2A;PLK4;BBS1;DNAAF3;CFAP70;RAB3IP;CCDC113;ARMC9;RFX3;KIF24;DCDC2;IFT122;FOXJ1;CFAP221;RP1;RSPH1;FAM161A;UBXN10;WDPCP;ZMYND10;RAB17;DZIP1;CFAP54;CCDC40
GO_Biological_Process_2023,Cilium Organization (GO:0044782),35/228,6.927794930418722e-08,0.0001013190008573738,0,0,3.090181914451042,50.94207893036421,CEP126;TTC26;IFT172;DNAH5;PTPDC1;CFAP126;ABLIM1;STK36;WDR90;TCTN2;IQUB;TEKT2;CFAP47;POC1A;CFAP43;CC2D2A;PLK4;BBS1;CFAP70;RAB3IP;CCDC113;ARMC9;RFX3;KIF24;DCDC2;IFT122;FOXJ1;CFAP221;FAM161A;UBXN10;WDPCP;MNS1;RAB17;DZIP1;CFAP54
GO_Biological_Process_2023,Plasma Membrane Bounded Cell Projection Assembly (GO:0120031),38/275,3.1818666636736697e-07,0.0003102319997081828,0,0,2.7332198377862964,40.89068421100899,CEP126;TTC26;IFT172;DNAH5;PTPDC1;FGD5;ABLIM1;STK36;WDR90;TCTN2;IQUB;TEKT2;CFAP47;POC1A;CFAP43;CC2D2A;PLK4;BBS1;CARMIL1;DMTN;SPAG6;CFAP70;RAB3IP;CCDC113;ARMC9;RFX3;KIF24;DCDC2;IFT122;FOXJ1;AIF1L;CFAP221;FAM161A;UBXN10;WDPCP;RAB17;DZIP1;CFAP54
GO_Biological_Process_2023,Nervous System Development (GO:0007399),47/433,1.4297114703489993e-05,0.010454765126927,0,0,2.076126130432289,23.160127075735048,ROBO2;DOC2A;ADAM22;PCSK9;CRMP1;MST1R;NPAS2;NRGN;KLK6;DMBX1;UGT8;SHH;SCIN;ERBB3;FLRT3;MDK;ERBB4;BTBD3;PDGFC;ADGRG6;IGF2BP1;SLITRK6;IGF2BP3;PCDH1;SOX6;MNX1;CDON;EMX1;EMX2;STIL;SEMA6A;FZD5;APLP1;CABLES1;PAX6;OLFM1;GJB1;PAX8;GLRB;SCN8A;ALDH1A2;NMUR2;WDPCP;MELTF;PCDHB9;DSCAML1;SHANK2
GO_Biological_Process_2023,Maintenance Of Gastrointestinal Epithelium (GO:0030277),7/18,3.3277028368577114e-05,0.0194670615956176,0,0,10.676641863474604,110.08304523212794,VSIG1;TFF3;MUC13;TFF2;TFF1;INAVA;PBLD
GO_Biological_Process_2023,Epithelial Structure Maintenance (GO:0010669),7/19,5.0120193031754034e-05,0.02443359410298,0,0,9.786402728351128,96.89602068641004,PIWIL4;VSIG1;TFF3;MUC13;TFF2;TFF1;PBLD
GO_Biological_Process_2023,Actin Filament Organization (GO:0007015),21/144,6.060958991457364e-05,0.0253261500714468,0,0,2.883366293122391,28.000535658452904,CARMIL1;GAS2L3;DMTN;MYO7B;COBL;SHROOM3;PPP1R9A;RFLNA;VIL1;BAIAP2L2;SCIN;POF1B;MYO1A;NOSTRIN;SPIRE2;GAS2;VILL;MCU;CGNL1;PLS1;ZBED3
GO_Biological_Process_2023,Axoneme Assembly (GO:0035082),10/41,7.209029009641213e-05,0.0263580123165006,0,0,5.420851198526661,51.7018626630163,TTC26;RP1;RSPH1;DNAAF3;STK36;HYDIN;CFAP46;DNAJB13;FOXJ1;CCDC40
GO_Biological_Process_2023,Cilium Movement (GO:0003341),12/59,9.532143705479535e-05,0.0309794670428084,0,0,4.294563915349952,39.7601714054689,CAMSAP3;SPEF2;CFAP73;DNAH7;SPAG6;DNAH5;CFAP70;HYDIN;TEKT2;DNAAF4;CFAP54;CCDC40
GO_Biological_Process_2023,Positive Regulation Of DNA-templated DNA Replication (GO:2000105),5/10,0.0001137208672352126,0.0332633536662996,0,0,16.75310834813499,152.14777033940928,CDT1;CDC7;DBF4B;E2F7;E2F8
GO_Biological_Process_2023,Interstrand Cross-Link Repair (GO:0036297),9/36,0.00013461544432819984,0.0357954704236349,0,0,5.597742127153892,49.8931704473092,RAD51AP1;FANCI;RAD51;MCM8;FANCD2;XRCC3;FANCA;FANCC;FANCB
GO_Biological_Process_2023,Double-Strand Break Repair Via Homologous Recombination (GO:0000724),17/111,0.00016193960885529802,0.0375067562989752,0,0,3.0480060353718628,26.603871689389763,GINS2;RMI2;MCM8;XRCC2;XRCC3;TONSL;CDC7;FANCB;BRCA1;BRCA2;RAD54B;RAD51AP1;RECQL4;MMS22L;RAD51;MCM4;SLX1A
GO_Biological_Process_2023,Organelle Assembly (GO:0070925),35/322,0.00016669669466211202,0.0375067562989752,0,0,2.0676072636638776,17.986807400695195,CEP126;TTC26;IFT172;DNAH5;PTPDC1;ABLIM1;STK36;WDR90;TCTN2;IQUB;TEKT2;CFAP47;POC1A;AP1S3;CFAP43;CC2D2A;PLK4;BBS1;CFAP70;RAB3IP;CCDC113;ARMC9;RFX3;KIF24;DCDC2;IFT122;FOXJ1;CFAP221;FAM161A;UBXN10;RAB19;WDPCP;RAB17;DZIP1;CFAP54
GO_Biological_Process_2023,Regulation Of Cartilage Development (GO:0061035),6/17,0.00023272187080686203,0.0486222480078622,0,0,9.143272727272729,76.48957040003287,SCIN;MDK;MBOAT2;SCX;BMPR1B;SOX6
GO_Biological_Process_2023,Regulation Of Microvillus Organization (GO:0032530),4/7,0.0003101814970596477,0.0604853919266313,0,0,22.32002366163857,180.3090291567355,PODXL;CDHR2;USH1C;CDHR5
GO_Biological_Process_2023,Actin Filament Network Formation (GO:0051639),4/8,0.0005925574617395369,0.108326910974259,0,0,16.73913043478261,124.3895279352234,CARMIL1;SPIRE2;COBL;PLS1
GO_Biological_Process_2023,Neural Crest Cell Migration (GO:0001755),8/36,0.000746487481599543,0.115556226465531,0,0,4.793537717847602,34.514102928153626,SHH;SEMA6A;SEMA3D;ERBB4;SEMA3A;SEMA3E;SEMA4G;FOLR1
GO_Biological_Process_2023,Inner Dynein Arm Assembly (GO:0036159),5/14,0.0007467801217297617,0.115556226465531,0,0,9.305308861259128,66.99580223011644,CFAP73;DNAH7;DNAAF4;ZMYND10;CCDC40
GO_Biological_Process_2023,Diterpenoid Metabolic Process (GO:0016101),7/28,0.0007526670489056205,0.115556226465531,0,0,5.5895610913404505,40.19949506914489,PECR;RARRES2;E2F1;AKR1C3;NAPEPLD;RDH5;BCO1
GO_Biological_Process_2023,Determination Of Left/Right Symmetry (GO:0007368),9/45,0.000801422086819877,0.115556226465531,0,0,4.196301247771836,29.91594690051945,SHH;LEFTY1;STIL;DNAH5;FOXJ1;RFX3;DNAAF4;ENKUR;CCDC40
GO_Biological_Process_2023,Cellular Component Assembly (GO:0022607),28/260,0.000829634446419197,0.115556226465531,0,0,2.03925032044268,14.46751315494244,DET1;TTC26;SYCP2;USH1C;SYCE2;BAIAP2L2;SCIN;STK36;HYDIN;CFAP46;KNTC1;PLS1;MAGI1;CARD10;DMTN;MYO7B;FANCA;WNT7A;DNAJB13;FOXJ1;FANCC;AIF1L;VIL1;OCLN;RP1;RSPH1;ANKS4B;CCDC40
GO_Biological_Process_2023,Chondrocyte Differentiation (GO:0002062),7/29,0.0009442243331796146,0.1255389170250169,0,0,5.335207052733743,37.16050021849095,NFIB;SCX;HMGA2;WNT7A;CCN3;SOX6;BMPR1B
GO_Biological_Process_2023,T-Circle Formation (GO:0090656),4/10,0.0016223414688748,0.156125684989241,0,0,11.158237207926648,71.6792306413372,EXO1;XRCC3;SLX1A;DNA2
GO_Biological_Process_2023,Formation Of Extrachromosomal Circular DNA (GO:0001325),4/10,0.0016223414688748,0.156125684989241,0,0,11.158237207926648,71.6792306413372,EXO1;XRCC3;SLX1A;DNA2
GO_Biological_Process_2023,Telomere Maintenance Via Telomere Trimming (GO:0090737),4/10,0.0016223414688748,0.156125684989241,0,0,11.158237207926648,71.6792306413372,EXO1;XRCC3;SLX1A;DNA2
GO_Biological_Process_2023,Double-Strand Break Repair Via Synthesis-Dependent Strand Annealing (GO:0045003),3/5,0.0016546653793731,0.156125684989241,0,0,25.08909574468085,160.67449504762897,RAD51;DMC1;XRCC3
GO_Biological_Process_2023,Galactolipid Biosynthetic Process (GO:0019375),3/5,0.0016546653793731,0.156125684989241,0,0,25.08909574468085,160.67449504762897,FA2H;UGT8;GAL3ST1
GO_Biological_Process_2023,Galactosylceramide Biosynthetic Process (GO:0006682),3/5,0.0016546653793731,0.156125684989241,0,0,25.08909574468085,160.67449504762897,FA2H;UGT8;GAL3ST1
GO_Biological_Process_2023,Negative Regulation Of Actin Filament Depolymerization (GO:0030835),3/5,0.0016546653793731,0.156125684989241,0,0,25.08909574468085,160.67449504762897,VIL1;PLEKHH2;SCIN
GO_Biological_Process_2023,Positive Regulation Of T Cell Differentiation In Thymus (GO:0033089),3/5,0.0016546653793731,0.156125684989241,0,0,25.08909574468085,160.67449504762897,SHH;VNN1;IHH
GO_Biological_Process_2023,Pronephros Development (GO:0048793),3/5,0.0016546653793731,0.156125684989241,0,0,25.08909574468085,160.67449504762897,PAX8;HNF1B;PAX2
GO_Biological_Process_2023,Mesenchymal Cell Migration (GO:0090497),7/32,0.0017556911027021,0.1604811398563672,0,0,4.69423487544484,29.78441663491471,SHH;SEMA6A;SEMA3D;ERBB4;SEMA3A;SEMA3E;SEMA4G
GO_Biological_Process_2023,DNA Replication Checkpoint Signaling (GO:0000076),5/17,0.0020025101453242,0.1673526335735251,0,0,6.97787152161042,43.35598462336646,CDT1;ORC1;TIMELESS;CLSPN;DNA2
GO_Biological_Process_2023,Motile Cilium Assembly (GO:0044458),5/17,0.0020025101453242,0.1673526335735251,0,0,6.97787152161042,43.35598462336646,CFAP221;DNAAF3;ZMYND10;SPATA6;CCDC40
GO_Biological_Process_2023,Positive Regulation Of Cartilage Development (GO:0061036),5/17,0.0020025101453242,0.1673526335735251,0,0,6.97787152161042,43.35598462336646,PKDCC;MDK;SCX;BMPR1B;SOX6
GO_Biological_Process_2023,DNA Integrity Checkpoint Signaling (GO:0031570),8/42,0.0021558082797863,0.1704253842804046,0,0,3.9463621601801897,24.229043894634103,CAMSAP3;CDT1;CHEK1;E2F1;DONSON;TIMELESS;CLSPN;DNA2
GO_Biological_Process_2023,DNA Recombination (GO:0006310),8/42,0.0021558082797863,0.1704253842804046,0,0,3.9463621601801897,24.229043894634103,RMI2;RAD51;EXO1;XRCC2;XRCC3;DMC1;BRCA1;RAD54B
GO_Biological_Process_2023,Regulation Of Chondrocyte Differentiation (GO:0032330),6/25,0.0022568909077343,0.1737212080295509,0,0,5.291228070175438,32.24351162464884,PKDCC;SCIN;MDK;MBOAT2;SOX6;BMPR1B
GO_Biological_Process_2023,DNA-templated DNA Replication Maintenance Of Fidelity (GO:0045005),8/43,0.0025195337081798,0.1841945945175275,0,0,3.833405419157868,22.937876824173756,CAMSAP3;MMS22L;RAD51;MCM8;TONSL;DONSON;TIMELESS;POLE
GO_Biological_Process_2023,Smoothened Signaling Pathway (GO:0007224),7/34,0.0025426823532129,0.1841945945175275,0,0,4.346052458152102,25.965645611381294,TTC26;SHH;STIL;STK36;TCTN2;IHH;CC2D2A
GO_Biological_Process_2023,Recombinational Repair (GO:0000725),13/95,0.0026281450724371,0.1841945945175275,0,0,2.664066931366988,15.828492338654518,RMI2;MCM8;XRCC2;XRCC3;TONSL;BRCA1;BRCA2;RAD54B;RAD51AP1;RECQL4;MMS22L;RAD51;SLX1A
GO_Biological_Process_2023,Positive Regulation Of G Protein-Coupled Receptor Signaling Pathway (GO:0045745),5/18,0.0026448454597388,0.1841945945175275,0,0,6.440770597076103,38.22689222254647,CHGA;GPER1;PRKCA;MRAP2;KLK6
GO_Biological_Process_2023,Spontaneous Synaptic Transmission (GO:0098814),3/6,0.003170153884729,0.2107431843825541,0,0,16.72517730496454,96.23625456188115,RIMS2;RPH3AL;DOC2A
GO_Biological_Process_2023,Glycosylceramide Biosynthetic Process (GO:0046476),3/6,0.003170153884729,0.2107431843825541,0,0,16.72517730496454,96.23625456188115,FA2H;UGT8;GAL3ST1
GO_Biological_Process_2023,Histone Monoubiquitination (GO:0010390),4/12,0.0034912744602696,0.2219995173106257,0,0,8.367790594498668,47.34067851124255,RAD51;UHRF1;BRCA1;BRCA2
GO_Biological_Process_2023,Regulation Of T Cell Differentiation In Thymus (GO:0033081),4/12,0.0034912744602696,0.2219995173106257,0,0,8.367790594498668,47.34067851124255,SHH;VNN1;IHH;FOXJ1
GO_Biological_Process_2023,Axonemal Dynein Complex Assembly (GO:0070286),7/37,0.004198913692225,0.2548074359440558,0,0,3.910824436536181,21.403666161538386,CFAP73;DNAH7;DNAAF3;DNAH5;DNAAF4;ZMYND10;CCDC40
GO_Biological_Process_2023,Neuron Projection Guidance (GO:0097485),15/124,0.004331920492897,0.2548074359440558,0,0,2.313307684719345,12.588428915453292,ROBO2;ROBO3;PLEKHG4;SEMA6A;EPHA10;SEMA3D;SEMA3A;SEMA3E;SEMA4G;SHH;EFNA2;PLA2G10;LGR6;NEO1;DSCAML1
GO_Biological_Process_2023,DNA Unwinding Involved In DNA Replication (GO:0006268),5/20,0.0043556826657103,0.2548074359440558,0,0,5.581409117821196,30.342068860306465,GINS1;RECQL4;GINS2;RAD51;MCM4
GO_Biological_Process_2023,Cilium-Dependent Cell Motility (GO:0060285),5/20,0.0043556826657103,0.2548074359440558,0,0,5.581409117821196,30.342068860306465,DNAH7;EFHC1;TEKT2;RFX3;CFAP54
GO_Biological_Process_2023,Axon Guidance (GO:0007411),17/149,0.0045638647929537,0.2617510690076424,0,0,2.166156629127904,11.674686298646488,ROBO2;ROBO3;PLEKHG4;SEMA6A;UNC5A;EPHA10;SEMA3D;SEMA3A;SEMA3E;SEMA4G;SHH;EFNA2;NFIB;PLA2G10;LGR6;NEO1;DSCAML1
GO_Biological_Process_2023,Axonogenesis (GO:0007409),20/188,0.004946027556198,0.2680481614732842,0,0,2.003878959324504,10.63893513354084,ROBO2;ROBO3;PLEKHG4;SEMA6A;EPHA10;SEMA3D;SEMA3A;APLP1;WNT7A;SEMA3E;SEMA4G;PAX2;SHH;EFNA2;SLITRK2;PLA2G10;SLITRK6;LGR6;NEO1;DSCAML1
GO_Biological_Process_2023,Myelination (GO:0042552),8/48,0.0051110070388391,0.2680481614732842,0,0,3.353339269813001,17.693421239446327,ARHGEF10;GAL3ST1;MYRF;PLLP;SCN8A;ADGRG6;KLK6;BCAS1
GO_Biological_Process_2023,DNA-templated DNA Replication (GO:0006261),10/69,0.0052206442943699,0.2680481614732842,0,0,2.8440103418557885,14.945656742595055,RECQL4;GINS1;GINS2;RFC3;RAD51;ORC1;MCM4;MCM10;DNA2;POLE
GO_Biological_Process_2023,Collecting Duct Development (GO:0072044),3/7,0.0053151430309232,0.2680481614732842,0,0,12.543218085106384,65.6912835139756,SHH;DACT2;PAX2
GO_Biological_Process_2023,Galactosylceramide Metabolic Process (GO:0006681),3/7,0.0053151430309232,0.2680481614732842,0,0,12.543218085106384,65.6912835139756,FA2H;UGT8;GAL3ST1
GO_Biological_Process_2023,Negative Regulation Of SMAD Protein Signal Transduction (GO:0060392),3/7,0.0053151430309232,0.2680481614732842,0,0,12.543218085106384,65.6912835139756,CILP;VEPH1;PBLD
GO_Biological_Process_2023,Regulation Of Alpha-Beta T Cell Differentiation (GO:0046637),3/7,0.0053151430309232,0.2680481614732842,0,0,12.543218085106384,65.6912835139756,SHH;IHH;SH3RF1
GO_Biological_Process_2023,Positive Regulation Of Smoothened Signaling Pathway (GO:0045880),5/21,0.00545445571381,0.2704115756422761,0,0,5.23229351687389,27.26716862846319,TEDC2;SHH;STK36;IHH;DCDC2
GO_Biological_Process_2023,Anterior/Posterior Pattern Specification (GO:0009952),9/59,0.0056048876800488,0.2726989918324537,0,0,3.019090909090909,15.651318277974932,LRP5;HOXB3;HOXC4;GATA4;HOXC9;CELSR2;HOXB6;HOXB5;HOXC6
GO_Biological_Process_2023,Digestive Tract Development (GO:0048565),7/39,0.0056870558980443,0.2726989918324537,0,0,3.666008674377224,18.95166126693324,PKDCC;RARRES2;GATA6;GATA5;COBL;GATA4;CCDC40
GO_Biological_Process_2023,Homologous Chromosome Pairing At Meiosis (GO:0007129),6/30,0.0059451567578031,0.2760251351837188,0,0,4.187777777777778,21.463108131851683,MAJIN;RNF212;SYCE2;ZCWPW1;SYCP2;FANCD2
GO_Biological_Process_2023,Negative Regulation Of Axon Extension (GO:0030517),6/30,0.0059451567578031,0.2760251351837188,0,0,4.187777777777778,21.463108131851683,SEMA6A;SEMA3D;MAP2;SEMA3A;SEMA3E;SEMA4G
GO_Biological_Process_2023,Positive Regulation Of Transporter Activity (GO:0032411),4/14,0.00644818813239,0.2909091421901335,0,0,6.693522626441881,33.761834264351165,WNK3;PDZK1;SYNGR3;KCTD7
GO_Biological_Process_2023,Retinoid Metabolic Process (GO:0001523),7/40,0.0065641037212132,0.2909091421901335,0,0,3.554728782486789,17.866562049974057,RARRES2;ALDH1A2;E2F1;AKR1C3;NAPEPLD;RDH5;BCO1
GO_Biological_Process_2023,Protein Localization To Cilium (GO:0061512),7/40,0.0065641037212132,0.2909091421901335,0,0,3.554728782486789,17.866562049974057,TTC26;BBS1;TCTN2;IFT122;CC2D2A;MAPK15;FSIP2
GO_Biological_Process_2023,Regulation Of Small GTPase Mediated Signal Transduction (GO:0051056),14/118,0.0067983478142139,0.2967935426354601,0,0,2.2614661524688384,11.287148680400543,ARHGAP11B;ARHGEF10;PLEKHG4;ARHGEF28;FAM13A;ARHGAP29;FOXM1;VAV2;ARHGAP44;FGD5;OBSCN;PLCE1;NGEF;CGNL1
GO_Biological_Process_2023,Negative Chemotaxis (GO:0050919),6/31,0.0070261468343332,0.2978475288467365,0,0,4.020053333333333,19.931894076019688,SEMA6A;SEMA3D;SEMA3A;SEMA3E;SEMA4G;LGR6
GO_Biological_Process_2023,Negative Regulation Of Chemotaxis (GO:0050922),6/31,0.0070261468343332,0.2978475288467365,0,0,4.020053333333333,19.931894076019688,ROBO2;SEMA6A;SEMA3D;SEMA3A;SEMA3E;SEMA4G
GO_Biological_Process_2023,DNA Replication (GO:0006260),10/73,0.0077907677514496,0.3255427953284315,0,0,2.6628718689378816,12.9277526035811,RECQL4;FAM111B;RFC3;MCM8;CHEK1;PCLAF;DONSON;MCM4;DNA2;POLE
GO_Biological_Process_2023,Intestinal Epithelial Cell Differentiation (GO:0060575),3/8,0.0081487051683122,0.3336318004138809,0,0,10.034042553191489,48.26270354262599,GATA6;GATA5;GATA4
GO_Biological_Process_2023,Regulation Of Axon Extension Involved In Axon Guidance (GO:0048841),5/23,0.0082124750871109,0.3336318004138809,0,0,4.650434181961713,22.33185430409808,SEMA6A;SEMA3D;SEMA3A;SEMA3E;SEMA4G
GO_Biological_Process_2023,Glutamine Family Amino Acid Catabolic Process (GO:0009065),4/15,0.0084045252365259,0.3367566618744975,0,0,6.084697910784867,29.0786800424683,ARHGAP11B;AOC1;DDAH1;GLS2
GO_Biological_Process_2023,Branching Morphogenesis Of An Epithelial Tube (GO:0048754),7/42,0.0086142254726773,0.3404947230754212,0,0,3.351245551601424,15.932961839989746,SHH;PAX8;TIE1;LRP5;SEMA3E;NPNT;PAX2
GO_Biological_Process_2023,Actin Filament Bundle Organization (GO:0061572),6/33,0.0096026910370217,0.3722463962860335,0,0,3.7218765432098766,17.290766159898954,BAIAP2L2;DMTN;USH1C;PLS1;AIF1L;RFLNA
GO_Biological_Process_2023,Skeletal System Morphogenesis (GO:0048705),7/43,0.0097993068424015,0.3722463962860335,0,0,3.2579824041122976,15.069613945289277,SPEF2;LRP5;HOXC4;HOXB3;HOXC9;DSCAML1;RFLNA
GO_Biological_Process_2023,Regulation Of Cell-Cell Adhesion (GO:0022407),7/43,0.0097993068424015,0.3722463962860335,0,0,3.2579824041122976,15.069613945289277,DPP4;MAGI1;PTPRR;PODXL;CELSR2;FUT4;PTPRG
GO_Biological_Process_2023,Neural Crest Cell Development (GO:0014032),7/44,0.0110989955641294,0.4058991596614621,0,0,3.1697605078388,14.266777175962568,SHH;SEMA6A;SEMA3D;ERBB4;SEMA3A;SEMA3E;SEMA4G
GO_Biological_Process_2023,Glial Cell Differentiation (GO:0010001),6/34,0.0111155532264687,0.4058991596614621,0,0,3.588761904761905,16.147311057790688,SHH;MYRF;ERBB3;NFIB;ADGRG6;PAX2
GO_Biological_Process_2023,Negative Regulation Of Cell Cycle Process (GO:0010948),6/34,0.0111155532264687,0.4058991596614621,0,0,3.588761904761905,16.147311057790688,TOM1L1;GPER1;CHEK1;NEK2;E2F7;E2F8
GO_Biological_Process_2023,Cell Morphogenesis Involved In Neuron Differentiation (GO:0048667),10/77,0.0112402844213943,0.4058991596614621,0,0,2.503361870398232,11.235716744720834,SLITRK2;MAP2;BTBD3;APLP1;SLITRK6;DCDC2;WNT7A;CELSR2;DSCAML1;PAX2
GO_Biological_Process_2023,Telomeric Loop Disassembly (GO:0090657),3/9,0.0117136236134247,0.4178335252349678,0,0,8.361258865248226,37.182540775711175,RECQL4;XRCC3;SLX1A
GO_Biological_Process_2023,DNA Metabolic Process (GO:0006259),26/288,0.0127831892828878,0.4401028639704519,0,0,1.67103726986978,7.285094702157501,MCM8;MCM10;BRCA1;RECQL4;RAD51AP1;NT5E;ORC1;EXO1;CHEK1;PCLAF;POLE;POLQ;RMI2;RFC3;XRCC2;XRCC3;FANCA;DONSON;FANCC;FAM111B;RAD51;DMC1;TIMELESS;MCM4;SLX1A;DNA2
GO_Biological_Process_2023,Dendrite Morphogenesis (GO:0048813),6/35,0.0127893139957225,0.4401028639704519,0,0,3.4648275862068965,15.103686890555384,MAP2;CHRNA7;BTBD3;DCDC2;WNT7A;CELSR2
GO_Biological_Process_2023,One-Carbon Compound Transport (GO:0019755),6/35,0.0127893139957225,0.4401028639704519,0,0,3.4648275862068965,15.103686890555384,SLC14A1;AQP11;CYB5RL;AQP5;SLC4A4;CFTR
GO_Biological_Process_2023,Embryonic Axis Specification (GO:0000578),4/17,0.0133919094457517,0.4502452313657932,0,0,5.14804450208177,22.204054047509874,STIL;FZD5;WNT7A;SMAD6
GO_Biological_Process_2023,Positive Regulation Of Dendrite Extension (GO:1903861),4/17,0.0133919094457517,0.4502452313657932,0,0,5.14804450208177,22.204054047509874,RIMS2;RNF157;RASAL1;SYT17
GO_Biological_Process_2023,Replication Fork Processing (GO:0031297),7/46,0.0140654637589697,0.4675032053259222,0,0,3.0068893147184963,12.821474859467395,MMS22L;RAD51;TONSL;DONSON;BRCA1;DNA2;BRCA2
GO_Biological_Process_2023,Regulation Of Coagulation (GO:0050818),3/10,0.0160384707662939,0.4675032053259222,0,0,7.166413373860182,29.61710250926401,PROC;F2RL1;FOXA2
GO_Biological_Process_2023,Columnar/Cuboidal Epithelial Cell Differentiation (GO:0002065),3/10,0.0160384707662939,0.4675032053259222,0,0,7.166413373860182,29.61710250926401,GATA6;GATA5;GATA4
GO_Biological_Process_2023,Urogenital System Development (GO:0001655),3/10,0.0160384707662939,0.4675032053259222,0,0,7.166413373860182,29.61710250926401,SHH;PAX8;PAX2
GO_Biological_Process_2023,Mitotic DNA Replication (GO:1902969),3/10,0.0160384707662939,0.4675032053259222,0,0,7.166413373860182,29.61710250926401,GINS1;MCM4;TK1
GO_Biological_Process_2023,Nucleoside Triphosphate Metabolic Process (GO:0009141),3/10,0.0160384707662939,0.4675032053259222,0,0,7.166413373860182,29.61710250926401,NME2;ENPP1;AK7
GO_Biological_Process_2023,Positive Regulation Of Actin Filament Depolymerization (GO:0030836),3/10,0.0160384707662939,0.4675032053259222,0,0,7.166413373860182,29.61710250926401,VIL1;CARMIL1;F2RL1
GO_Biological_Process_2023,Positive Regulation Of Chondrocyte Differentiation (GO:0032332),3/10,0.0160384707662939,0.4675032053259222,0,0,7.166413373860182,29.61710250926401,PKDCC;BMPR1B;SOX6
GO_Biological_Process_2023,Regulation Of Cardiac Muscle Cell Apoptotic Process (GO:0010665),3/10,0.0160384707662939,0.4675032053259222,0,0,7.166413373860182,29.61710250926401,LTK;MDK;GATA4
GO_Biological_Process_2023,Regulation Of Dendrite Extension (GO:1903859),4/18,0.0164625060336991,0.4675032053259222,0,0,4.780073520091267,19.63018378375904,RIMS2;RNF157;RASAL1;SYT17
GO_Biological_Process_2023,Branching Involved In Ureteric Bud Morphogenesis (GO:0001658),4/18,0.0164625060336991,0.4675032053259222,0,0,4.780073520091267,19.63018378375904,SHH;PAX8;NPNT;PAX2
GO_Biological_Process_2023,Response To Axon Injury (GO:0048678),4/18,0.0164625060336991,0.4675032053259222,0,0,4.780073520091267,19.63018378375904,DHFR;FLRT3;SARM1;FOLR1
GO_Biological_Process_2023,Epithelial Cell Development (GO:0002064),4/18,0.0164625060336991,0.4675032053259222,0,0,4.780073520091267,19.63018378375904,CLDN3;POF1B;DACT2;WNT7A
GO_Biological_Process_2023,Ureteric Bud Morphogenesis (GO:0060675),4/18,0.0164625060336991,0.4675032053259222,0,0,4.780073520091267,19.63018378375904,SHH;PAX8;NPNT;PAX2
GO_Biological_Process_2023,Protein Autoprocessing (GO:0016540),4/18,0.0164625060336991,0.4675032053259222,0,0,4.780073520091267,19.63018378375904,MYRF;PCSK9;ASRGL1;KLK6
GO_Biological_Process_2023,Regulation Of Cell-Cell Adhesion Mediated By Cadherin (GO:2000047),4/18,0.0164625060336991,0.4675032053259222,0,0,4.780073520091267,19.63018378375904,PTPRU;EPCAM;NEXMIF;FOXA2
GO_Biological_Process_2023,Generation Of Neurons (GO:0048699),17/172,0.0179255966900384,0.4881106145301394,0,0,1.842462500723924,7.409510122735422,EMX1;WNT10A;EMX2;MYEF2;FZD5;SEMA3A;DCDC2;FZD8;PCSK9;WNT7A;DNAAF4;SMARCA1;SH3RF1;CIT;SHH;LHX2;NEO1
GO_Biological_Process_2023,Central Nervous System Development (GO:0007417),25/283,0.0184160865765922,0.4881106145301394,0,0,1.630552868777773,6.5132935344590175,ROBO2;MYRF;ADAM22;NPAS2;KLK6;DMBX1;UGT8;SHH;SCIN;PDGFC;SOX6;MNX1;EMX1;EMX2;APLP1;FOXJ1;PAX6;SMARCA1;GRIN2D;MEIS1;PAX8;NFIB;NMUR2;MELTF;DSCAML1
GO_Biological_Process_2023,Heart Looping (GO:0001947),6/38,0.018854565516739,0.4881106145301394,0,0,3.1395,12.466955102579549,SHH;STIL;IHH;GATA4;FOLR1;CCDC40
GO_Biological_Process_2023,Determination Of Bilateral Symmetry (GO:0009855),5/28,0.0190024920146348,0.4881106145301394,0,0,3.6385049038535793,14.420068602249602,LEFTY1;STIL;DNAH5;FOXJ1;DNAAF4
GO_Biological_Process_2023,Homophilic Cell Adhesion Via Plasma Membrane Adhesion Molecules (GO:0007156),8/60,0.0191535174327377,0.4881106145301394,0,0,2.577847797794369,10.196081229407609,ROBO2;ROBO3;CDH4;CEACAM6;DSG2;CELSR2;CDH17;DSCAML1
GO_Biological_Process_2023,Cholesterol Homeostasis (GO:0042632),9/72,0.019833314581749,0.4881106145301394,0,0,2.394448688566336,9.387177963289732,GRAMD1B;ACSM3;NPC1L1;HNF4A;PLA2G10;LRP5;PCSK9;TMEM97;FGFR4
GO_Biological_Process_2023,Negative Regulation Of Cell Adhesion (GO:0007162),9/72,0.019833314581749,0.4881106145301394,0,0,2.394448688566336,9.387177963289732,MUC1;SEMA6A;DMTN;ERBB3;MDK;PODXL;NEXMIF;DACT2;ADAM22
GO_Biological_Process_2023,Skeletal Muscle Contraction (GO:0003009),4/19,0.0199394031715791,0.4881106145301394,0,0,4.461165335699497,17.465718565862957,TNNT1;TNNC2;TNNI2;TNNI3
GO_Biological_Process_2023,Water Transport (GO:0006833),4/19,0.0199394031715791,0.4881106145301394,0,0,4.461165335699497,17.465718565862957,PDZD3;AQP11;AQP5;CFTR
GO_Biological_Process_2023,Negative Regulation Of Axon Extension Involved In Axon Guidance (GO:0048843),4/19,0.0199394031715791,0.4881106145301394,0,0,4.461165335699497,17.465718565862957,SEMA6A;SEMA3D;SEMA3E;SEMA4G
GO_Biological_Process_2023,Oligodendrocyte Differentiation (GO:0048709),4/19,0.0199394031715791,0.4881106145301394,0,0,4.461165335699497,17.465718565862957,SHH;MYRF;SOX6;ZNF488
GO_Biological_Process_2023,piRNA Processing (GO:0034587),4/19,0.0199394031715791,0.4881106145301394,0,0,4.461165335699497,17.465718565862957,ANKRD34B;PIWIL1;PIWIL4;MOV10L1
GO_Biological_Process_2023,Actin Crosslink Formation (GO:0051764),3/11,0.0211394796654188,0.4881106145301394,0,0,6.270279255319149,24.182039941599825,BAIAP2L2;GAS2L3;GAS2
GO_Biological_Process_2023,Double-Strand Break Repair Via Break-Induced Replication (GO:0000727),3/11,0.0211394796654188,0.4881106145301394,0,0,6.270279255319149,24.182039941599825,GINS2;MCM4;CDC7
GO_Biological_Process_2023,Histone H2A Ubiquitination (GO:0033522),3/11,0.0211394796654188,0.4881106145301394,0,0,6.270279255319149,24.182039941599825,RAD51;BRCA1;BRCA2
GO_Biological_Process_2023,Negative Regulation Of Cell Division (GO:0051782),3/11,0.0211394796654188,0.4881106145301394,0,0,6.270279255319149,24.182039941599825,SUSD2;E2F7;E2F8
GO_Biological_Process_2023,Nucleoside Phosphate Biosynthetic Process (GO:1901293),3/11,0.0211394796654188,0.4881106145301394,0,0,6.270279255319149,24.182039941599825,NME2;NMNAT2;AK7
GO_Biological_Process_2023,Nucleoside Phosphate Catabolic Process (GO:1901292),3/11,0.0211394796654188,0.4881106145301394,0,0,6.270279255319149,24.182039941599825,ENTPD2;ENPP1;ENTPD8
GO_Biological_Process_2023,Regulation Of Actin Filament Depolymerization (GO:0030834),3/11,0.0211394796654188,0.4881106145301394,0,0,6.270279255319149,24.182039941599825,VIL1;PLEKHH2;F2RL1
GO_Biological_Process_2023,Regulation Of Cell Cycle Checkpoint (GO:1901976),3/11,0.0211394796654188,0.4881106145301394,0,0,6.270279255319149,24.182039941599825,RAD51;BRCA1;BRCA2
GO_Biological_Process_2023,Heterochromatin Organization (GO:0070828),6/39,0.0212486619236655,0.4881106145301394,0,0,3.0442020202020204,11.724626434249226,L3MBTL1;MECOM;UHRF1;PRDM16;HMGA2;H1-0
GO_Biological_Process_2023,Sterol Homeostasis (GO:0055092),9/73,0.021526799870357,0.4881106145301394,0,0,2.356910093582888,9.04689713848003,GRAMD1B;ACSM3;NPC1L1;HNF4A;PLA2G10;LRP5;PCSK9;TMEM97;FGFR4
GO_Biological_Process_2023,Tube Closure (GO:0060606),5/29,0.0219216504663004,0.4881106145301394,0,0,3.4867155121373594,13.32023136633206,STIL;COBL;IFT122;FOLR1;PAX2
GO_Biological_Process_2023,Negative Regulation Of Growth (GO:0045926),13/124,0.0232079653496821,0.4881106145301394,0,0,1.965011523151058,7.394848724623355,NPR1;CDKN2A;MT1M;TMPRSS4;BRCA1;DCBLD2;GNG4;HNF4A;ENPP1;MT1G;SCGB3A1;CCN3;MT1H
GO_Biological_Process_2023,Ameboidal-Type Cell Migration (GO:0001667),4/20,0.0238353405273495,0.4881106145301394,0,0,4.182120674356699,15.62685315881178,CENPV;PKN3;CCN3;AMOT
GO_Biological_Process_2023,Epithelial Cilium Movement Involved In Extracellular Fluid Movement (GO:0003351),4/20,0.0238353405273495,0.4881106145301394,0,0,4.182120674356699,15.62685315881178,SPEF2;SPAG6;RFX3;CCDC40
GO_Biological_Process_2023,Long-Term Synaptic Potentiation (GO:0060291),4/20,0.0238353405273495,0.4881106145301394,0,0,4.182120674356699,15.62685315881178,FOXM1;SHANK2;GRIN2D;NFATC4
GO_Biological_Process_2023,Negative Regulation Of miRNA Transcription (GO:1902894),4/20,0.0238353405273495,0.4881106145301394,0,0,4.182120674356699,15.62685315881178,NFIB;ESR1;POU5F1;NFATC4
GO_Biological_Process_2023,Peripheral Nervous System Development (GO:0007422),4/20,0.0238353405273495,0.4881106145301394,0,0,4.182120674356699,15.62685315881178,UGT8;ERBB3;SCN8A;ADGRG6
GO_Biological_Process_2023,Regulation Of Smoothened Signaling Pathway (GO:0008589),7/51,0.02387949114621,0.4881106145301394,0,0,2.664489647363313,9.95116354107999,SHH;TEDC2;STK36;IHH;ARMC9;DCDC2;IFT122
GO_Biological_Process_2023,Microtubule Bundle Formation (GO:0001578),7/51,0.02387949114621,0.4881106145301394,0,0,2.664489647363313,9.95116354107999,TTC26;RP1;RSPH1;STK36;CFAP46;FOXJ1;CCDC40
GO_Biological_Process_2023,Positive Regulation Of Cell Motility (GO:2000147),20/221,0.0259433606223269,0.4881106145301394,0,0,1.6719283868685375,6.105614215976688,GRB7;CARMIL1;SEMA3D;ARHGEF39;PRKCA;SEMA3E;SEMA4G;VIL1;SH3RF2;CLDN3;CEACAM6;TMSB15A;PODXL;MDK;GPER1;PDGFC;DUOXA2;F2RL1;LGR6;SMIM22
GO_Biological_Process_2023,Cartilage Development (GO:0051216),7/52,0.0262939020205155,0.4881106145301394,0,0,2.6051403716884143,9.478590217508255,SNORC;NFIB;SCX;HMGA2;WNT7A;CCN3;SOX6
GO_Biological_Process_2023,DNA Duplex Unwinding (GO:0032508),6/41,0.0266347315764032,0.4881106145301394,0,0,2.869942857142857,10.405090377732218,RECQL4;GINS1;GINS2;RAD51;MCM8;MCM4
GO_Biological_Process_2023,DNA Strand Elongation Involved In DNA Replication (GO:0006271),3/12,0.0270222269871296,0.4881106145301394,0,0,5.573286052009457,20.125668349228786,RFC3;MCM4;POLE
GO_Biological_Process_2023,Epithelial Cell Morphogenesis (GO:0003382),3/12,0.0270222269871296,0.4881106145301394,0,0,5.573286052009457,20.125668349228786,CLDN3;POF1B;DACT2
GO_Biological_Process_2023,Multicellular Organismal-Level Iron Ion Homeostasis (GO:0060586),3/12,0.0270222269871296,0.4881106145301394,0,0,5.573286052009457,20.125668349228786,TFR2;SLC40A1;NEO1
GO_Biological_Process_2023,Negative Regulation Of Hippo Signaling (GO:0035331),3/12,0.0270222269871296,0.4881106145301394,0,0,5.573286052009457,20.125668349228786,WWC1;SHANK2;CIT
GO_Biological_Process_2023,Positive Regulation Of DNA-directed DNA Polymerase Activity (GO:1900264),3/12,0.0270222269871296,0.4881106145301394,0,0,5.573286052009457,20.125668349228786,GINS1;GINS2;RFC3
GO_Biological_Process_2023,Positive Regulation Of Neuron Migration (GO:2001224),3/12,0.0270222269871296,0.4881106145301394,0,0,5.573286052009457,20.125668349228786,SEMA6A;MDK;SEMA3A
GO_Biological_Process_2023,Quaternary Ammonium Group Transport (GO:0015697),3/12,0.0270222269871296,0.4881106145301394,0,0,5.573286052009457,20.125668349228786,SLC22A3;SLC44A4;SLC6A20
GO_Biological_Process_2023,Regulation Of DNA-directed DNA Polymerase Activity (GO:1900262),3/12,0.0270222269871296,0.4881106145301394,0,0,5.573286052009457,20.125668349228786,GINS1;GINS2;RFC3
GO_Biological_Process_2023,Negative Regulation Of miRNA Metabolic Process (GO:2000629),4/21,0.028160261917899,0.4881106145301394,0,0,3.935904796701289,14.050563945236055,NFIB;ESR1;POU5F1;NFATC4
GO_Biological_Process_2023,Protein Mannosylation (GO:0035268),4/21,0.028160261917899,0.4881106145301394,0,0,3.935904796701289,14.050563945236055,DPY19L2;TMTC2;TMTC1;LARGE1
GO_Biological_Process_2023,DNA Replication-Dependent Chromatin Assembly (GO:0006335),2/5,0.0284947032693797,0.4881106145301394,0,0,11.1402421021553,39.63739424767267,CHAF1B;ASF1B
GO_Biological_Process_2023,Regulation Of Immature T Cell Proliferation In Thymus (GO:0033084),2/5,0.0284947032693797,0.4881106145301394,0,0,11.1402421021553,39.63739424767267,SHH;IHH
GO_Biological_Process_2023,Axonemal Central Apparatus Assembly (GO:1904158),2/5,0.0284947032693797,0.4881106145301394,0,0,11.1402421021553,39.63739424767267,HYDIN;DNAJB13
GO_Biological_Process_2023,Resolution Of Recombination Intermediates (GO:0071139),2/5,0.0284947032693797,0.4881106145301394,0,0,11.1402421021553,39.63739424767267,RMI2;XRCC3
GO_Biological_Process_2023,Epithelial Tube Formation (GO:0072175),2/5,0.0284947032693797,0.4881106145301394,0,0,11.1402421021553,39.63739424767267,PODXL;PAX2
GO_Biological_Process_2023,Tongue Development (GO:0043586),2/5,0.0284947032693797,0.4881106145301394,0,0,11.1402421021553,39.63739424767267,WNT10A;WDPCP
GO_Biological_Process_2023,Uridine Transport (GO:0015862),2/5,0.0284947032693797,0.4881106145301394,0,0,11.1402421021553,39.63739424767267,SLC28A2;SLC29A2
GO_Biological_Process_2023,Hepatocyte Differentiation (GO:0070365),2/5,0.0284947032693797,0.4881106145301394,0,0,11.1402421021553,39.63739424767267,E2F7;E2F8
GO_Biological_Process_2023,Mesenchymal To Epithelial Transition Involved In Metanephros Morphogenesis (GO:0003337),2/5,0.0284947032693797,0.4881106145301394,0,0,11.1402421021553,39.63739424767267,PAX8;PAX2
GO_Biological_Process_2023,Mesodermal Cell Fate Commitment (GO:0001710),2/5,0.0284947032693797,0.4881106145301394,0,0,11.1402421021553,39.63739424767267,TRIM15;PAX2
GO_Biological_Process_2023,Metanephric Collecting Duct Development (GO:0072205),2/5,0.0284947032693797,0.4881106145301394,0,0,11.1402421021553,39.63739424767267,SHH;PAX2
GO_Biological_Process_2023,Negative Regulation Of T Cell Differentiation In Thymus (GO:0033085),2/5,0.0284947032693797,0.4881106145301394,0,0,11.1402421021553,39.63739424767267,IHH;FOXJ1
GO_Biological_Process_2023,Negative Regulation Of Cytokinesis (GO:0032466),2/5,0.0284947032693797,0.4881106145301394,0,0,11.1402421021553,39.63739424767267,E2F7;E2F8
GO_Biological_Process_2023,Negative Regulation Of Gene Expression Via CpG Island Methylation (GO:0044027),2/5,0.0284947032693797,0.4881106145301394,0,0,11.1402421021553,39.63739424767267,HELLS;UHRF1
GO_Biological_Process_2023,Notochord Development (GO:0030903),2/5,0.0284947032693797,0.4881106145301394,0,0,11.1402421021553,39.63739424767267,STIL;COL27A1
GO_Biological_Process_2023,Nucleoside Triphosphate Biosynthetic Process (GO:0009142),2/5,0.0284947032693797,0.4881106145301394,0,0,11.1402421021553,39.63739424767267,NME2;AK7
GO_Biological_Process_2023,Positive Regulation Of Epithelial Cell Differentiation Involved In Kidney Development (GO:2000698),2/5,0.0284947032693797,0.4881106145301394,0,0,11.1402421021553,39.63739424767267,PAX8;PAX2
GO_Biological_Process_2023,Positive Regulation Of Monoatomic Ion Transmembrane Transport (GO:0034767),2/5,0.0284947032693797,0.4881106145301394,0,0,11.1402421021553,39.63739424767267,WNK3;PDZK1
GO_Biological_Process_2023,Positive Regulation Of Nuclear Cell Cycle DNA Replication (GO:0010571),2/5,0.0284947032693797,0.4881106145301394,0,0,11.1402421021553,39.63739424767267,CDC7;DBF4B
GO_Biological_Process_2023,Purine Nucleobase Transmembrane Transport (GO:1904823),2/5,0.0284947032693797,0.4881106145301394,0,0,11.1402421021553,39.63739424767267,SLC28A2;SLC29A2
GO_Biological_Process_2023,Pyrimidine Nucleoside Transport (GO:0015864),2/5,0.0284947032693797,0.4881106145301394,0,0,11.1402421021553,39.63739424767267,SLC28A2;SLC29A2
GO_Biological_Process_2023,Actin Filament Polymerization (GO:0030041),5/31,0.0285959608381916,0.4881106145301394,0,0,3.218165049870201,11.438934846295185,VIL1;DIAPH3;SPIRE2;COBL;ANG
GO_Biological_Process_2023,Protein Localization To Chromatin (GO:0071168),5/31,0.0285959608381916,0.4881106145301394,0,0,3.218165049870201,11.438934846295185,MMS22L;MCM8;TONSL;FAM47E;ESR1
GO_Biological_Process_2023,Double-Strand Break Repair (GO:0006302),16/168,0.0287833322749979,0.4881106145301394,0,0,1.767004956337031,6.269260784173174,POLQ;RMI2;ZGRF1;MCM8;XRCC2;XRCC3;TONSL;BRCA1;BRCA2;RAD54B;RAD51AP1;RECQL4;MMS22L;RAD51;SLX1A;DNA2
GO_Biological_Process_2023,Actin Polymerization Or Depolymerization (GO:0008154),7/53,0.0288694483123808,0.4881106145301394,0,0,2.548371499303729,9.033904068517366,VIL1;SCIN;DIAPH3;SPIRE2;COBL;ANG;VILL
GO_Biological_Process_2023,Cellular Response To Alcohol (GO:0097306),7/53,0.0288694483123808,0.4881106145301394,0,0,2.548371499303729,9.033904068517366,GRAMD1C;GRAMD1B;RAD51;AKR1C3;BRCA1;CFTR;ADCY6
GO_Biological_Process_2023,Negative Regulation Of Transforming Growth Factor Beta Receptor Signaling Pathway (GO:0030512),9/77,0.0293426749471279,0.4925658983404496,0,0,2.217796476879522,7.825965795050636,CILP;TGFB1I1;PEG10;VEPH1;CAPN5;PRDM16;IL17RD;SMAD6;PBLD
GO_Biological_Process_2023,Determination Of Heart Left/Right Asymmetry (GO:0061371),6/42,0.0296381531992885,0.4925658983404496,0,0,2.790074074074074,9.817413523021068,SHH;STIL;IHH;GATA4;FOLR1;CCDC40
GO_Biological_Process_2023,Embryonic Heart Tube Morphogenesis (GO:0003143),6/42,0.0296381531992885,0.4925658983404496,0,0,2.790074074074074,9.817413523021068,SHH;STIL;IHH;GATA4;FOLR1;CCDC40
GO_Biological_Process_2023,ERBB Signaling Pathway (GO:0038127),7/54,0.0316101308667937,0.5223708066970153,0,0,2.494018323616264,8.615031660978854,BTC;VIL1;PIGR;GRB7;PTPRR;ERBB4;PLCE1
GO_Biological_Process_2023,Chromosome Condensation (GO:0030261),5/32,0.0323651423336202,0.5240595554146718,0,0,3.098809288862575,10.631002255720798,ERN2;GPER1;NUSAP1;H1-1;H1-0
GO_Biological_Process_2023,Left/Right Pattern Formation (GO:0060972),5/32,0.0323651423336202,0.5240595554146718,0,0,3.098809288862575,10.631002255720798,LEFTY1;STIL;DNAH5;FOXJ1;DNAAF4
GO_Biological_Process_2023,Neural Tube Closure (GO:0001843),5/32,0.0323651423336202,0.5240595554146718,0,0,3.098809288862575,10.631002255720798,STIL;COBL;IFT122;FOLR1;PAX2
GO_Biological_Process_2023,Homologous Chromosome Segregation (GO:0045143),4/22,0.0329213790419548,0.5240595554146718,0,0,3.717046238785369,12.688631752856113,MAJIN;RNF212;ZCWPW1;FANCD2
GO_Biological_Process_2023,Oligosaccharide Biosynthetic Process (GO:0009312),4/22,0.0329213790419548,0.5240595554146718,0,0,3.717046238785369,12.688631752856113,FUT6;ST6GALNAC1;B3GALT5;FUT4
GO_Biological_Process_2023,Heart Development (GO:0007507),16/171,0.0331623888593268,0.5240595554146718,0,0,1.732527122812093,5.901574552659098,FOXC2;LEFTY1;GATA5;IFT122;GATA4;DNAAF4;FOXL1;SHH;ERBB3;FLRT3;ERBB4;PLCE1;ALPK3;TNNI3;DZIP1;BVES
GO_Biological_Process_2023,Regulation Of Lamellipodium Organization (GO:1902743),3/13,0.0336831440745156,0.5240595554146718,0,0,5.015691489361702,17.00699475196523,VIL1;CARMIL1;DMTN
GO_Biological_Process_2023,Extracellular Transport (GO:0006858),3/13,0.0336831440745156,0.5240595554146718,0,0,5.015691489361702,17.00699475196523,SPEF2;SPAG6;CCDC40
GO_Biological_Process_2023,Eye Photoreceptor Cell Development (GO:0042462),3/13,0.0336831440745156,0.5240595554146718,0,0,5.015691489361702,17.00699475196523,RP1;DZANK1;USH1C
GO_Biological_Process_2023,Microtubule-Based Transport (GO:0099111),3/13,0.0336831440745156,0.5240595554146718,0,0,5.015691489361702,17.00699475196523,SPEF2;SPAG6;CCDC40
GO_Biological_Process_2023,Negative Regulation Of T Cell Differentiation (GO:0045581),3/13,0.0336831440745156,0.5240595554146718,0,0,5.015691489361702,17.00699475196523,MDK;IHH;FOXJ1
GO_Biological_Process_2023,Positive Regulation Of Cell Cycle Process (GO:0090068),12/118,0.0349146519657973,0.5403458042325782,0,0,1.898224492892913,6.368255992745755,BTC;PLK4;STIL;CENPV;XRCC3;NUSAP1;LRP5;CDC7;DBF4B;E2F7;CIT;E2F8
GO_Biological_Process_2023,Regulation Of DNA Recombination (GO:0000018),6/44,0.0362904722008943,0.5521107388560341,0,0,2.6429473684210527,8.764542184649361,RAD51AP1;ZCWPW1;RAD51;CHEK1;H1-1;H1-0
GO_Biological_Process_2023,Glycoprotein Biosynthetic Process (GO:0009101),9/80,0.0363741115096004,0.5521107388560341,0,0,2.12374783460119,7.03788365835333,FUT6;ST6GALNAC1;AQP11;FOXL1;B3GALT5;LARGE1;BMPR1B;ALG10B;FUT4
GO_Biological_Process_2023,Actin Filament Bundle Assembly (GO:0051017),5/33,0.0364298709740904,0.5521107388560341,0,0,2.9879789393554934,9.897280474066454,BAIAP2L2;DMTN;USH1C;PLS1;AIF1L
GO_Biological_Process_2023,Positive Regulation Of Nitrogen Compound Metabolic Process (GO:0051173),5/33,0.0364298709740904,0.5521107388560341,0,0,2.9879789393554934,9.897280474066454,PAX8;UHRF1;CHRNA7;PLA2G10;WNT7A
GO_Biological_Process_2023,Protein O-linked Glycosylation (GO:0006493),10/93,0.0371466969960607,0.5599267032239648,0,0,2.01906645314532,6.64854439367785,GALNT12;FUT6;GALNT7;GALNT14;B3GNT3;TMTC2;GCNT3;TMTC1;B3GALT5;LARGE1
GO_Biological_Process_2023,Cell-Cell Junction Organization (GO:0045216),8/68,0.0374174949887216,0.5599267032239648,0,0,2.2331849213416444,7.337390126178451,CDH4;OCLN;CDHR3;F2RL1;DSG2;TLN2;CDH17;TJP3
GO_Biological_Process_2023,Regulation Of Mitotic Nuclear Division (GO:0007088),7/56,0.0376013954661848,0.5599267032239648,0,0,2.39196746314184,7.84736142089392,BTC;TOM1L1;L3MBTL1;CHEK1;NUSAP1;LRP5;NEK2
GO_Biological_Process_2023,Positive Regulation Of Morphogenesis Of An Epithelium (GO:1905332),4/23,0.038123260887905,0.5599267032239648,0,0,3.521225423807967,11.503599301858994,LBX2;PAX8;MDK;PAX2
GO_Biological_Process_2023,Protein Glycosylation (GO:0006486),14/147,0.0390231371717304,0.5599267032239648,0,0,1.7656316260660605,5.727003709783103,GALNT12;GALNT7;GALNT14;ST6GALNAC1;GAL3ST1;B3GALT5;FUT4;FUT6;B3GNT3;MGAT3;GCNT3;AQP11;LARGE1;ALG10B
GO_Biological_Process_2023,Semaphorin-Plexin Signaling Pathway (GO:0071526),5/34,0.0407944137141283,0.5599267032239648,0,0,2.884792062228211,9.229055976070294,SEMA6A;SEMA3D;SEMA3A;SEMA3E;SEMA4G
GO_Biological_Process_2023,Regulation Of Extracellular Matrix Disassembly (GO:0010715),3/14,0.0411108712302279,0.5599267032239648,0,0,4.559477756286267,14.551494314736988,DPP4;MELTF;FGFR4
GO_Biological_Process_2023,Histone H2A Monoubiquitination (GO:0035518),3/14,0.0411108712302279,0.5599267032239648,0,0,4.559477756286267,14.551494314736988,RAD51;BRCA1;BRCA2
GO_Biological_Process_2023,Mitotic Recombination (GO:0006312),3/14,0.0411108712302279,0.5599267032239648,0,0,4.559477756286267,14.551494314736988,RAD51;XRCC3;RAD54B
GO_Biological_Process_2023,Primary Alcohol Metabolic Process (GO:0034308),3/14,0.0411108712302279,0.5599267032239648,0,0,4.559477756286267,14.551494314736988,PECR;HSD11B2;NAPEPLD
GO_Biological_Process_2023,Actin Filament Reorganization (GO:0090527),2/6,0.0411570055361204,0.5599267032239648,0,0,8.354738706820195,26.654633558532197,DMTN;MCU
GO_Biological_Process_2023,Atrioventricular Valve Formation (GO:0003190),2/6,0.0411570055361204,0.5599267032239648,0,0,8.354738706820195,26.654633558532197,OLFM1;GATA4
GO_Biological_Process_2023,Citrulline Metabolic Process (GO:0000052),2/6,0.0411570055361204,0.5599267032239648,0,0,8.354738706820195,26.654633558532197,CPS1;DDAH1
GO_Biological_Process_2023,Copper Ion Import (GO:0015677),2/6,0.0411570055361204,0.5599267032239648,0,0,8.354738706820195,26.654633558532197,ATP7B;STEAP2
GO_Biological_Process_2023,Epithelial Cell Differentiation Involved In Kidney Development (GO:0035850),2/6,0.0411570055361204,0.5599267032239648,0,0,8.354738706820195,26.654633558532197,PAX8;PAX2
GO_Biological_Process_2023,Host-Mediated Regulation Of Intestinal Microbiota Composition (GO:0048874),2/6,0.0411570055361204,0.5599267032239648,0,0,8.354738706820195,26.654633558532197,ST6GALNAC1;NAPEPLD
GO_Biological_Process_2023,Leukotriene Transport (GO:0071716),2/6,0.0411570055361204,0.5599267032239648,0,0,8.354738706820195,26.654633558532197,ABCC3;ABCC6
GO_Biological_Process_2023,Metanephric Nephron Tubule Development (GO:0072234),2/6,0.0411570055361204,0.5599267032239648,0,0,8.354738706820195,26.654633558532197,PAX8;PAX2
GO_Biological_Process_2023,Nucleoside Diphosphate Catabolic Process (GO:0009134),2/6,0.0411570055361204,0.5599267032239648,0,0,8.354738706820195,26.654633558532197,ENTPD2;ENTPD8
GO_Biological_Process_2023,Parallel Actin Filament Bundle Assembly (GO:0030046),2/6,0.0411570055361204,0.5599267032239648,0,0,8.354738706820195,26.654633558532197,SPIRE2;USH1C
GO_Biological_Process_2023,Positive Regulation Of Icosanoid Secretion (GO:0032305),2/6,0.0411570055361204,0.5599267032239648,0,0,8.354738706820195,26.654633558532197,PLA2G10;PLA2R1
GO_Biological_Process_2023,Regulation Of Blood-Brain Barrier Permeability (GO:1905603),2/6,0.0411570055361204,0.5599267032239648,0,0,8.354738706820195,26.654633558532197,OCLN;TJP3
GO_Biological_Process_2023,Positive Regulation Of DNA Metabolic Process (GO:0051054),11/108,0.0418313176162613,0.5664657593868722,0,0,1.9006995581737849,6.0330294645424924,GINS1;CDT1;ZCWPW1;GINS2;RAD51;ATAD5;STPG4;DNA2;BRCA1;FGFR4;NPAS2
GO_Biological_Process_2023,Sensory Organ Development (GO:0007423),8/70,0.0433561693935729,0.5774889406547379,0,0,2.160916898859621,6.781619052634694,WNT10A;MEIS1;PAX8;SMOC1;MYO7B;PAX6;BMPR1B;FREM2
GO_Biological_Process_2023,Regulation Of G Protein-Coupled Receptor Signaling Pathway (GO:0008277),8/70,0.0433561693935729,0.5774889406547379,0,0,2.160916898859621,6.781619052634694,GNG4;GPER1;PLCE1;SYP;RGS11;MRAP2;MGLL;KLK6
GO_Biological_Process_2023,Response To Copper Ion (GO:0046688),4/24,0.0437679437449324,0.5774889406547379,0,0,3.344986690328305,10.465973673149284,ATP7B;MT1M;MT1G;MT1H
GO_Biological_Process_2023,Iron Ion Transport (GO:0006826),4/24,0.0437679437449324,0.5774889406547379,0,0,3.344986690328305,10.465973673149284,TFR2;SLC41A2;SLC40A1;MELTF
GO_Biological_Process_2023,Negative Regulation Of Ossification (GO:0030279),4/24,0.0437679437449324,0.5774889406547379,0,0,3.344986690328305,10.465973673149284,MDK;ENPP1;KREMEN2;SMAD6
GO_Biological_Process_2023,Positive Regulation Of Cell-Cell Adhesion (GO:0022409),6/46,0.0438299298548211,0.5774889406547379,0,0,2.510533333333333,7.851538263139025,MAGI1;PTPRU;MDK;PODXL;CEACAM6;FOXA2
GO_Biological_Process_2023,Regulation Of Regulated Secretory Pathway (GO:1903305),5/35,0.0454619355013392,0.593643577417042,0,0,2.788484310242747,8.618870065683547,RIMS2;RPH3AL;RAB15;SYT8;SYT17
GO_Biological_Process_2023,Liver Development (GO:0001889),5/35,0.0454619355013392,0.593643577417042,0,0,2.788484310242747,8.618870065683547,PCSK9;COBL;E2F7;E2F8;CCDC40
GO_Biological_Process_2023,Protein Autoubiquitination (GO:0051865),8/71,0.046545757488839,0.605094847354907,0,0,2.126503554820563,6.522665646599883,RNF157;SH3RF2;RAD51;UHRF1;BRCA1;RNF183;BRCA2;SH3RF1
GO_Biological_Process_2023,Regulation Of Wound Healing (GO:0061041),6/47,0.0479401327205573,0.6127144643399812,0,0,2.449170731707317,7.440096436581951,VIL1;OCLN;DMTN;CLDN3;F2RL1;FOXA2
GO_Biological_Process_2023,Enzyme-Linked Receptor Protein Signaling Pathway (GO:0007167),12/124,0.0481499466990936,0.6127144643399812,0,0,1.7959594025277672,5.447926555092656,PTPRU;PDZD3;LTK;DOK4;ERBB3;NPR1;ERBB4;TIE1;MST1R;FGFR4;FRK;PTPRG
GO_Biological_Process_2023,Cellular Response To Sterol (GO:0036315),3/15,0.0492874692526974,0.6127144643399812,0,0,4.179299645390071,12.580048859919051,GRAMD1C;GRAMD1B;RORC
GO_Biological_Process_2023,Cellular Response To Zinc Ion (GO:0071294),3/15,0.0492874692526974,0.6127144643399812,0,0,4.179299645390071,12.580048859919051,MT1M;MT1G;MT1H
GO_Biological_Process_2023,Vasodilation (GO:0042311),3/15,0.0492874692526974,0.6127144643399812,0,0,4.179299645390071,12.580048859919051,CPS1;GPER1;F2RL1
GO_Biological_Process_2023,Protein Localization To Cell-Cell Junction (GO:0150105),3/15,0.0492874692526974,0.6127144643399812,0,0,4.179299645390071,12.580048859919051,CHAF1B;CGNL1;TJP3
GO_Biological_Process_2023,Regulation Of Transforming Growth Factor Beta Receptor Signaling Pathway (GO:0017015),11/111,0.0493868540202969,0.6127144643399812,0,0,1.8433839285714289,5.545029743212222,CILP;ITGA3;PEG10;TGFB1I1;VEPH1;CAPN5;PRDM16;SMAD6;IL17RD;FOLR1;PBLD
GO_Biological_Process_2023,Regulation Of Hippo Signaling (GO:0035330),4/25,0.0498550572693728,0.6127144643399812,0,0,3.1855325981324207,9.55225061905763,WWC1;MOB3B;SHANK2;CIT
GO_Biological_Process_2023,Carbohydrate Biosynthetic Process (GO:0016051),4/25,0.0498550572693728,0.6127144643399812,0,0,3.1855325981324207,9.55225061905763,FUT6;ST6GALNAC1;B3GALT5;FUT4
GO_Biological_Process_2023,Response To Zinc Ion (GO:0010043),4/25,0.0498550572693728,0.6127144643399812,0,0,3.1855325981324207,9.55225061905763,SLC30A2;MT1M;MT1G;MT1H
GO_Biological_Process_2023,Inner Ear Morphogenesis (GO:0042472),4/25,0.0498550572693728,0.6127144643399812,0,0,3.1855325981324207,9.55225061905763,PAX8;MYO3A;USH1C;PAX2
GO_Biological_Process_2023,Metanephros Development (GO:0001656),4/25,0.0498550572693728,0.6127144643399812,0,0,3.1855325981324207,9.55225061905763,ROBO2;SHH;PAX8;PAX2
GO_Biological_Process_2023,Regulation Of Actin Cytoskeleton Reorganization (GO:2000249),4/25,0.0498550572693728,0.6127144643399812,0,0,3.1855325981324207,9.55225061905763,CARMIL1;BAIAP2L2;MDK;SEMA3E
GO_Biological_Process_2023,Blood Vessel Diameter Maintenance (GO:0097746),5/36,0.05043451043195,0.617242439386836,0,0,2.698389961611184,8.060305627231564,CPS1;NPR1;GPER1;F2RL1;ADCY6
GO_Biological_Process_2023,Protein-Containing Complex Organization (GO:0043933),12/126,0.0532360009030766,0.6316315286048136,0,0,1.764263204929213,5.174619975956434,MAGI1;VIL1;NDC1;CARD10;DET1;OCLN;DMTN;FANCA;USH1C;KNTC1;FANCC;ANKS4B
GO_Biological_Process_2023,Epithelium Development (GO:0060429),14/154,0.053987059053128,0.6316315286048136,0,0,1.6767233661593557,4.894373796024222,STIL;IHH;GATA6;IFT122;FOXJ1;PAX2;VIL1;SHH;UPK1B;PAX8;ALDH1A2;CDHR2;TIMELESS;WDPCP
GO_Biological_Process_2023,Regulation Of Cilium Beat Frequency (GO:0003356),2/7,0.0554937752642052,0.6316315286048136,0,0,6.683436669619132,19.325053015103087,CFAP43;CCDC40
GO_Biological_Process_2023,Cell Migration Involved In Heart Development (GO:0060973),2/7,0.0554937752642052,0.6316315286048136,0,0,6.683436669619132,19.325053015103087,FLRT3;FOLR1
GO_Biological_Process_2023,Diacylglycerol Biosynthetic Process (GO:0006651),2/7,0.0554937752642052,0.6316315286048136,0,0,6.683436669619132,19.325053015103087,MOGAT2;PLCE1
GO_Biological_Process_2023,Establishment Of Centrosome Localization (GO:0051660),2/7,0.0554937752642052,0.6316315286048136,0,0,6.683436669619132,19.325053015103087,MISP;PARD3B
GO_Biological_Process_2023,Establishment Of Planar Polarity (GO:0001736),2/7,0.0554937752642052,0.6316315286048136,0,0,6.683436669619132,19.325053015103087,NPHP1;WDPCP
GO_Biological_Process_2023,Telomeric D-loop Disassembly (GO:0061820),2/7,0.0554937752642052,0.6316315286048136,0,0,6.683436669619132,19.325053015103087,RECQL4;SLX1A
GO_Biological_Process_2023,Kidney Epithelium Development (GO:0072073),2/7,0.0554937752642052,0.6316315286048136,0,0,6.683436669619132,19.325053015103087,PAX8;PAX2
GO_Biological_Process_2023,Lymphatic Endothelial Cell Differentiation (GO:0060836),2/7,0.0554937752642052,0.6316315286048136,0,0,6.683436669619132,19.325053015103087,TIE1;NR2F2
GO_Biological_Process_2023,Negative Regulation Of DNA-templated DNA Replication (GO:2000104),2/7,0.0554937752642052,0.6316315286048136,0,0,6.683436669619132,19.325053015103087,CDT1;TIMELESS
GO_Biological_Process_2023,Negative Regulation Of Striated Muscle Cell Apoptotic Process (GO:0010664),2/7,0.0554937752642052,0.6316315286048136,0,0,6.683436669619132,19.325053015103087,MDK;GATA4
GO_Biological_Process_2023,Peptidyl-Tyrosine Dephosphorylation Involved In Inactivation Of Protein Kinase Activity (GO:1990264),2/7,0.0554937752642052,0.6316315286048136,0,0,6.683436669619132,19.325053015103087,PTPRB;PTPRR
GO_Biological_Process_2023,Phosphatidylserine Acyl-Chain Remodeling (GO:0036150),2/7,0.0554937752642052,0.6316315286048136,0,0,6.683436669619132,19.325053015103087,MBOAT2;OSBPL10
GO_Biological_Process_2023,Postsynapse Organization (GO:0099173),2/7,0.0554937752642052,0.6316315286048136,0,0,6.683436669619132,19.325053015103087,CHRNA7;WNT7A
GO_Biological_Process_2023,Protein Localization To Ciliary Transition Zone (GO:1904491),2/7,0.0554937752642052,0.6316315286048136,0,0,6.683436669619132,19.325053015103087,TCTN2;MAPK15
GO_Biological_Process_2023,Purine Ribonucleoside Monophosphate Catabolic Process (GO:0009169),2/7,0.0554937752642052,0.6316315286048136,0,0,6.683436669619132,19.325053015103087,NT5E;PRTFDC1
GO_Biological_Process_2023,Aortic Valve Morphogenesis (GO:0003180),5/37,0.0557131399589886,0.6316315286048136,0,0,2.6139265097690942,7.547815403935064,ROBO2;TIE1;GATA5;GATA4;SMAD6
GO_Biological_Process_2023,Negative Regulation Of Stress-Activated MAPK Cascade (GO:0032873),5/37,0.0557131399589886,0.6316315286048136,0,0,2.6139265097690942,7.547815403935064,SH3RF2;MECOM;DUSP19;F2RL1;FOXM1
GO_Biological_Process_2023,Calcium-Ion Regulated Exocytosis (GO:0017156),4/26,0.0563819627694134,0.6342970811559012,0,0,3.0405743324997982,8.74349373524125,RIMS2;SCIN;SYT8;SYT17
GO_Biological_Process_2023,Cell-Cell Adhesion Mediated By Cadherin (GO:0044331),4/26,0.0563819627694134,0.6342970811559012,0,0,3.0405743324997982,8.74349373524125,CDH4;CDHR2;CDHR3;CDH17
GO_Biological_Process_2023,Glucose Homeostasis (GO:0042593),9/87,0.0570444908161474,0.639291707422342,0,0,1.9324352118469763,5.5343471468109655,PRKAA2;HNF4A;HKDC1;PDK4;PAX6;HNF1A;FGFR4;FOXA3;MCU
GO_Biological_Process_2023,Nitric Oxide Metabolic Process (GO:0046209),3/16,0.0581895011194682,0.6471646037051121,0,0,3.857610474631752,10.971238357482935,NQO1;CPS1;MTARC1
GO_Biological_Process_2023,Protein O-linked Mannosylation (GO:0035269),3/16,0.0581895011194682,0.6471646037051121,0,0,3.857610474631752,10.971238357482935,TMTC2;TMTC1;LARGE1
GO_Biological_Process_2023,Positive Regulation Of Cell Migration (GO:0030335),22/272,0.0585242580473674,0.6484221772293547,0,0,1.4774319206492337,4.193415620535189,GRB7;CARMIL1;DMTN;SEMA6A;SEMA3D;ARHGEF39;SEMA3A;PRKCA;SEMA3E;SEMA4G;VIL1;SH3RF2;CLDN3;CEACAM6;TMSB15A;PODXL;MDK;GPER1;PDGFC;F2RL1;LGR6;SMIM22
GO_Biological_Process_2023,Regulation Of Plasma Membrane Bounded Cell Projection Assembly (GO:0120032),8/75,0.0608145568375137,0.6712550141499158,0,0,1.999122818675988,5.597396151113451,DMTN;PODXL;TBC1D8;DCDC2;WDPCP;RAB17;MAPK15;CDKL1
GO_Biological_Process_2023,Connective Tissue Development (GO:0061448),5/38,0.061297777400241,0.6733660405270466,0,0,2.5345820550083427,7.076582738106495,SNORC;LRP5;RORC;SCX;SOX6
GO_Biological_Process_2023,Positive Regulation Of Developmental Growth (GO:0048639),6/50,0.0616560933020587,0.6733660405270466,0,0,2.2818181818181817,6.357563522973717,RIMS2;RNF157;AGR2;ISLR2;RASAL1;SYT17
GO_Biological_Process_2023,Positive Regulation Of Transferase Activity (GO:0051347),13/143,0.0616964440551276,0.6733660405270466,0,0,1.676118067978533,4.66887545652934,GINS1;GINS2;RFC3;LTK;CHRNA7;TIE1;PIFO;MST1R;MAPK15;ERBB3;ERBB4;NEK2;FGFR4
GO_Biological_Process_2023,Activation Of GTPase Activity (GO:0090630),10/102,0.0626962402029443,0.6796371412975883,0,0,1.8206764146918517,5.0422792116092925,RAP1GAP2;TBC1D8B;ARHGEF10;AGAP9;ARHGAP42;TBC1D8;ARHGAP29;FOXJ1;NGEF;RAP1GAP
GO_Biological_Process_2023,Regulation Of Insulin Secretion Involved In Cellular Response To Glucose Stimulus (GO:0061178),4/27,0.0633439002869139,0.6796371412975883,0,0,2.908221133443926,8.024295881577736,ANO1;LRP5;CFTR;FOXA2
GO_Biological_Process_2023,Positive Regulation Of Response To Wounding (GO:1903036),4/27,0.0633439002869139,0.6796371412975883,0,0,2.908221133443926,8.024295881577736,OCLN;DMTN;CLDN3;MDK
GO_Biological_Process_2023,Regulation Of SMAD Protein Signal Transduction (GO:0060390),4/27,0.0633439002869139,0.6796371412975883,0,0,2.908221133443926,8.024295881577736,CILP;VEPH1;CCN3;PBLD
GO_Biological_Process_2023,Cell-Cell Adhesion Via Plasma-Membrane Adhesion Molecules (GO:0098742),15/172,0.0634327998544415,0.6796371412975883,0,0,1.601945072255325,4.417802795618183,ROBO2;ROBO3;GRID2;GATA5;CELSR2;CLDN10;CDH4;SLITRK2;FLRT3;CEACAM6;CDHR3;DSG2;PCDHB9;CDH17;DSCAML1
GO_Biological_Process_2023,DNA Repair (GO:0006281),23/291,0.0663416603746288,0.6835436067132095,0,0,1.4407531386389354,3.9086728110702103,FANCI;POLQ;RMI2;RFC3;ZGRF1;XRCC2;XRCC3;FANCA;HMGA2;FANCC;BRCA1;FANCB;BRCA2;RECQL4;RAD51AP1;RAD51;FANCD2;EXO1;CHEK1;TIMELESS;SLX1A;DNA2;POLE
GO_Biological_Process_2023,Regulation Of Synapse Assembly (GO:0051963),6/51,0.0666929773682641,0.6835436067132095,0,0,2.2309925925925924,6.040759628022938,ROBO2;GRID2;SLITRK2;SLITRK6;WNT7A;RAB17
GO_Biological_Process_2023,"Negative Regulation Of Gene Expression, Epigenetic (GO:0045814)",6/51,0.0666929773682641,0.6835436067132095,0,0,2.2309925925925924,6.040759628022938,L3MBTL1;HELLS;UHRF1;CHEK1;HMGA2;H1-0
GO_Biological_Process_2023,Regulated Exocytosis (GO:0045055),6/51,0.0666929773682641,0.6835436067132095,0,0,2.2309925925925924,6.040759628022938,RIMS2;SCIN;SYNGR3;STEAP2;CPLX1;SYT17
GO_Biological_Process_2023,Protein Processing (GO:0016485),11/117,0.0671437937748063,0.6835436067132095,0,0,1.73848551212938,4.695508174714719,CPM;KLK1;MYRF;TMPRSS4;PCSK9;MMEL1;PRSS3;PCSK6;ASRGL1;PCSK4;KLK6
GO_Biological_Process_2023,Negative Regulation Of Cell-Substrate Adhesion (GO:0010812),5/39,0.0671873580407195,0.6835436067132095,0,0,2.459904921115871,6.642407888245018,DMTN;CDKN2A;NEXMIF;SEMA3E;MELTF
GO_Biological_Process_2023,Embryonic Digit Morphogenesis (GO:0042733),3/17,0.0677889955531932,0.6835436067132095,0,0,3.5818768996960486,9.640103752910075,SHH;WNT7A;WDPCP
GO_Biological_Process_2023,Filopodium Assembly (GO:0046847),3/17,0.0677889955531932,0.6835436067132095,0,0,3.5818768996960486,9.640103752910075,FGD5;SPAG6;RAB17
GO_Biological_Process_2023,Membrane Lipid Metabolic Process (GO:0006643),3/17,0.0677889955531932,0.6835436067132095,0,0,3.5818768996960486,9.640103752910075,CERKL;GAL3ST1;SMPDL3B
GO_Biological_Process_2023,Negative Regulation Of Cell Death (GO:0060548),7/64,0.0687509635210777,0.6835436067132095,0,0,2.0553786601735657,5.50279237783647,CHGA;PACRG;MECOM;AGR3;CCN3;GATA4;PAX2
GO_Biological_Process_2023,Positive Regulation Of Synaptic Transmission (GO:0050806),8/77,0.0688731208356489,0.6835436067132095,0,0,1.9409707434795516,5.193046447202241,RIMS2;GPER1;CHRNA7;FOXM1;SHANK2;CACNG4;GRIN2D;NFATC4
GO_Biological_Process_2023,Neuron Projection Morphogenesis (GO:0048812),13/146,0.0703030096350279,0.6835436067132095,0,0,1.6380486098968352,4.348921873479943,SPAG6;APLP1;DCDC2;WNT7A;CELSR2;PAX2;SLITRK2;FLRT3;MAP2;BTBD3;SLITRK6;DSCAML1;MNX1
GO_Biological_Process_2023,Circulatory System Development (GO:0072359),12/132,0.0706282125687894,0.6835436067132095,0,0,1.675513851653262,4.440657258967115,FOXC2;SHH;ERBB3;FLRT3;ERBB4;PLCE1;ALPK3;TNNI3;DNAAF4;FOXL1;DZIP1;BVES
GO_Biological_Process_2023,Primary Neural Tube Formation (GO:0014020),4/28,0.0707341415645257,0.6835436067132095,0,0,2.7868973676427093,7.382008756981691,STIL;COBL;IFT122;PAX2
GO_Biological_Process_2023,Regulation Of Calcium Ion-Dependent Exocytosis (GO:0017158),4/28,0.0707341415645257,0.6835436067132095,0,0,2.7868973676427093,7.382008756981691,RPH3AL;DOC2A;SYT8;SYT17
GO_Biological_Process_2023,L-fucose Catabolic Process (GO:0042355),2/8,0.0712754871957363,0.6835436067132095,0,0,5.56923531148509,14.709479947396964,FUT6;FUT4
GO_Biological_Process_2023,L-fucose Metabolic Process (GO:0042354),2/8,0.0712754871957363,0.6835436067132095,0,0,5.56923531148509,14.709479947396964,FUT6;FUT4
GO_Biological_Process_2023,Regulation Of Mitotic Centrosome Separation (GO:0046602),2/8,0.0712754871957363,0.6835436067132095,0,0,5.56923531148509,14.709479947396964,CHEK1;NEK2
GO_Biological_Process_2023,Regulation Of Nephron Tubule Epithelial Cell Differentiation (GO:0072182),2/8,0.0712754871957363,0.6835436067132095,0,0,5.56923531148509,14.709479947396964,PAX8;PAX2
GO_Biological_Process_2023,Regulation Of Nuclear Cell Cycle DNA Replication (GO:0033262),2/8,0.0712754871957363,0.6835436067132095,0,0,5.56923531148509,14.709479947396964,CDC7;DBF4B
GO_Biological_Process_2023,Constitutive Heterochromatin Formation (GO:0140719),2/8,0.0712754871957363,0.6835436067132095,0,0,5.56923531148509,14.709479947396964,HELLS;CENPV
GO_Biological_Process_2023,Sequestering Of Actin Monomers (GO:0042989),2/8,0.0712754871957363,0.6835436067132095,0,0,5.56923531148509,14.709479947396964,SCIN;TMSB15A
GO_Biological_Process_2023,Fat-Soluble Vitamin Catabolic Process (GO:0042363),2/8,0.0712754871957363,0.6835436067132095,0,0,5.56923531148509,14.709479947396964,CYP2W1;CYP4F11
GO_Biological_Process_2023,Fucose Catabolic Process (GO:0019317),2/8,0.0712754871957363,0.6835436067132095,0,0,5.56923531148509,14.709479947396964,FUT6;FUT4
GO_Biological_Process_2023,Unsaturated Fatty Acid Biosynthetic Process (GO:0006636),2/8,0.0712754871957363,0.6835436067132095,0,0,5.56923531148509,14.709479947396964,DECR2;FADS1
GO_Biological_Process_2023,Vitamin K Metabolic Process (GO:0042373),2/8,0.0712754871957363,0.6835436067132095,0,0,5.56923531148509,14.709479947396964,NQO1;CYP4F11
GO_Biological_Process_2023,Mesodermal Cell Differentiation (GO:0048333),2/8,0.0712754871957363,0.6835436067132095,0,0,5.56923531148509,14.709479947396964,ITGA3;HMGA2
GO_Biological_Process_2023,Negative Regulation Of Mitotic Nuclear Division (GO:0045839),2/8,0.0712754871957363,0.6835436067132095,0,0,5.56923531148509,14.709479947396964,TOM1L1;CHEK1
GO_Biological_Process_2023,Nucleoside Diphosphate Metabolic Process (GO:0009132),2/8,0.0712754871957363,0.6835436067132095,0,0,5.56923531148509,14.709479947396964,ENTPD2;ENTPD8
GO_Biological_Process_2023,Positive Regulation Of Cell-Cell Adhesion Mediated By Cadherin (GO:2000049),2/8,0.0712754871957363,0.6835436067132095,0,0,5.56923531148509,14.709479947396964,PTPRU;FOXA2
GO_Biological_Process_2023,Positive Regulation Of Centriole Replication (GO:0046601),2/8,0.0712754871957363,0.6835436067132095,0,0,5.56923531148509,14.709479947396964,PLK4;STIL
GO_Biological_Process_2023,Purine Nucleobase Transport (GO:0006863),2/8,0.0712754871957363,0.6835436067132095,0,0,5.56923531148509,14.709479947396964,SLC28A2;SLC29A2
GO_Biological_Process_2023,Aortic Valve Development (GO:0003176),5/40,0.073379834126957,0.6991401134245911,0,0,2.3894950520172547,6.241614650336581,ROBO2;TIE1;GATA5;GATA4;SMAD6
GO_Biological_Process_2023,Protein Localization To Chromosome (GO:0034502),5/40,0.073379834126957,0.6991401134245911,0,0,2.3894950520172547,6.241614650336581,MMS22L;MCM8;TONSL;FAM47E;ESR1
GO_Biological_Process_2023,Positive Regulation Of Signal Transduction (GO:0009967),21/266,0.0772884977368998,0.7134833178176324,0,0,1.4381467181467182,3.681957803070287,TEDC2;DMTN;CHRNA7;ARMC9;IHH;WNT7A;DCDC2;PRKCA;CTSV;ERFE;KLK6;GRIN2D;RIMS2;ENHO;SHH;STK36;GPER1;CCN3;LGR6;MYORG;ATP6V1C2
GO_Biological_Process_2023,Gonad Development (GO:0008406),6/53,0.0774636604339425,0.7134833178176324,0,0,2.1358297872340426,5.463338008938475,KITLG;BIK;GATA6;AKR1C3;GATA4;NR2F2
GO_Biological_Process_2023,Actin Filament Capping (GO:0051693),3/18,0.0780543033459188,0.7134833178176324,0,0,3.34290780141844,8.52558657538861,VIL1;SCIN;VILL
GO_Biological_Process_2023,Barbed-End Actin Filament Capping (GO:0051016),3/18,0.0780543033459188,0.7134833178176324,0,0,3.34290780141844,8.52558657538861,VIL1;SCIN;VILL
GO_Biological_Process_2023,Response To Organophosphorus (GO:0046683),3/18,0.0780543033459188,0.7134833178176324,0,0,3.34290780141844,8.52558657538861,RFC3;NT5E;ENPP1
GO_Biological_Process_2023,Excitatory Postsynaptic Potential (GO:0060079),3/18,0.0780543033459188,0.7134833178176324,0,0,3.34290780141844,8.52558657538861,GRID2;FOXM1;GRIN2D
GO_Biological_Process_2023,Ureteric Bud Development (GO:0001657),3/18,0.0780543033459188,0.7134833178176324,0,0,3.34290780141844,8.52558657538861,ROBO2;FOXJ1;NPNT
GO_Biological_Process_2023,Intracellular Lipid Transport (GO:0032365),3/18,0.0780543033459188,0.7134833178176324,0,0,3.34290780141844,8.52558657538861,GRAMD1C;GRAMD1B;CPT1B
GO_Biological_Process_2023,Negative Regulation Of Nervous System Development (GO:0051961),3/18,0.0780543033459188,0.7134833178176324,0,0,3.34290780141844,8.52558657538861,ROBO2;WNT7A;PAX6
GO_Biological_Process_2023,Regulation Of DNA Damage Checkpoint (GO:2000001),3/18,0.0780543033459188,0.7134833178176324,0,0,3.34290780141844,8.52558657538861,RAD51;BRCA1;BRCA2
GO_Biological_Process_2023,Alpha-Amino Acid Metabolic Process (GO:1901605),4/29,0.0785441464400949,0.7134833178176324,0,0,2.6752795031055903,6.806163701897862,CPS1;DDAH1;HNF4A;RIMKLA
GO_Biological_Process_2023,Regulation Of Muscle Contraction (GO:0006937),4/29,0.0785441464400949,0.7134833178176324,0,0,2.6752795031055903,6.806163701897862,TNNT1;TNNC2;PLCE1;NMUR2
GO_Biological_Process_2023,Regulation Of Neuron Migration (GO:2001222),4/29,0.0785441464400949,0.7134833178176324,0,0,2.6752795031055903,6.806163701897862,SEMA6A;MDK;NEXMIF;SEMA3A
GO_Biological_Process_2023,Maintenance Of Blood-Brain Barrier (GO:0035633),4/29,0.0785441464400949,0.7134833178176324,0,0,2.6752795031055903,6.806163701897862,OCLN;CLDN3;WNK3;TJP3
GO_Biological_Process_2023,Regulation Of Blood Coagulation (GO:0030193),4/29,0.0785441464400949,0.7134833178176324,0,0,2.6752795031055903,6.806163701897862,DMTN;PROC;F2RL1;FOXA2
GO_Biological_Process_2023,O-glycan Processing (GO:0016266),5/41,0.0798722140295984,0.7144532906317289,0,0,2.322996842313006,5.870973211999308,GALNT12;GALNT7;GALNT14;B3GNT3;GCNT3
GO_Biological_Process_2023,Stem Cell Differentiation (GO:0048863),5/41,0.0798722140295984,0.7144532906317289,0,0,2.322996842313006,5.870973211999308,SHH;EPCAM;HMGA2;WNT7A;PAX2
GO_Biological_Process_2023,Visual System Development (GO:0150063),5/41,0.0798722140295984,0.7144532906317289,0,0,2.322996842313006,5.870973211999308,MEIS1;SMOC1;PAX6;BMPR1B;FREM2
GO_Biological_Process_2023,Negative Regulation Of DNA Recombination (GO:0045910),5/41,0.0798722140295984,0.7144532906317289,0,0,2.322996842313006,5.870973211999308,POLQ;RMI2;FANCB;H1-1;H1-0
GO_Biological_Process_2023,Non-Canonical Wnt Signaling Pathway (GO:0035567),5/41,0.0798722140295984,0.7144532906317289,0,0,2.322996842313006,5.870973211999308,FZD5;FZD8;WNT7A;CELSR2;CELSR3
GO_Biological_Process_2023,Sphingolipid Metabolic Process (GO:0006665),9/94,0.0840890963034367,0.7243896472442193,0,0,1.7726329034287511,4.388823467047112,SMPD3;FUT6;CERKL;UGT8;FA2H;GAL3ST1;ALDH3B1;SPTSSB;DEGS2
GO_Biological_Process_2023,Transmembrane Receptor Protein Tyrosine Kinase Signaling Pathway (GO:0007169),22/284,0.0840900533066288,0.7243896472442193,0,0,1.4088546864997693,3.488136813721942,GRB7;FOXC2;LTK;EPHA10;ARHGEF28;RARRES2;TIE1;MST1R;NFATC4;PTPRG;VAV2;EFNA2;DOK4;ERBB3;FLRT3;ERBB4;PDGFC;FGF18;PDK4;FGFR4;NGEF;FRK
GO_Biological_Process_2023,Regulation Of Neurotransmitter Receptor Activity (GO:0099601),5/42,0.0866606050240298,0.7243896472442193,0,0,2.2600931304306084,5.527636065609689,SLURP2;LYNX1;PSCA;DAPK1;CACNG4
GO_Biological_Process_2023,Regulation Of Dendritic Spine Morphogenesis (GO:0061001),4/30,0.0867637204807258,0.7243896472442193,0,0,2.5722476281482494,6.288030925506609,ARHGAP44;NGEF;LZTS3;ZDHHC15
GO_Biological_Process_2023,Embryonic Skeletal System Morphogenesis (GO:0048704),4/30,0.0867637204807258,0.7243896472442193,0,0,2.5722476281482494,6.288030925506609,HOXC4;HOXB3;HOXC9;DSCAML1
GO_Biological_Process_2023,Mitotic G2 DNA Damage Checkpoint Signaling (GO:0007095),4/30,0.0867637204807258,0.7243896472442193,0,0,2.5722476281482494,6.288030925506609,CHEK1;DONSON;BRCA1;CLSPN
GO_Biological_Process_2023,Positive Regulation Of Locomotion (GO:0040017),4/30,0.0867637204807258,0.7243896472442193,0,0,2.5722476281482494,6.288030925506609,RARRES2;DUOXA2;F2RL1;BVES
GO_Biological_Process_2023,Axon Regeneration (GO:0031103),2/9,0.0882931816375342,0.7243896472442193,0,0,4.773377198532203,11.585427485098432,DHFR;FOLR1
GO_Biological_Process_2023,Cell Differentiation Involved In Metanephros Development (GO:0072202),2/9,0.0882931816375342,0.7243896472442193,0,0,4.773377198532203,11.585427485098432,PAX8;PAX2
GO_Biological_Process_2023,Dopamine Transport (GO:0015872),2/9,0.0882931816375342,0.7243896472442193,0,0,4.773377198532203,11.585427485098432,SLC22A3;MAPK15
GO_Biological_Process_2023,Epithelial Cilium Movement Involved In Determination Of Left/Right Asymmetry (GO:0060287),2/9,0.0882931816375342,0.7243896472442193,0,0,4.773377198532203,11.585427485098432,RFX3;CCDC40
GO_Biological_Process_2023,Telomere Maintenance Via Recombination (GO:0000722),2/9,0.0882931816375342,0.7243896472442193,0,0,4.773377198532203,11.585427485098432,RAD51;XRCC3
GO_Biological_Process_2023,Mesenchymal To Epithelial Transition (GO:0060231),2/9,0.0882931816375342,0.7243896472442193,0,0,4.773377198532203,11.585427485098432,PAX8;PAX2
GO_Biological_Process_2023,Mitotic DNA Replication Checkpoint Signaling (GO:0033314),2/9,0.0882931816375342,0.7243896472442193,0,0,4.773377198532203,11.585427485098432,ORC1;CLSPN
GO_Biological_Process_2023,Negative Regulation Of Cell Adhesion Mediated By Integrin (GO:0033629),2/9,0.0882931816375342,0.7243896472442193,0,0,4.773377198532203,11.585427485098432,MUC1;NEXMIF
GO_Biological_Process_2023,Negative Regulation Of Cell-Cell Adhesion Mediated By Cadherin (GO:2000048),2/9,0.0882931816375342,0.7243896472442193,0,0,4.773377198532203,11.585427485098432,EPCAM;NEXMIF
GO_Biological_Process_2023,Negative Regulation Of Humoral Immune Response Mediated By Circulating Immunoglobulin (GO:0002924),2/9,0.0882931816375342,0.7243896472442193,0,0,4.773377198532203,11.585427485098432,FOXJ1;C4BPB
GO_Biological_Process_2023,Positive Regulation Of Mesenchymal Cell Proliferation (GO:0002053),2/9,0.0882931816375342,0.7243896472442193,0,0,4.773377198532203,11.585427485098432,SHH;LRP5
GO_Biological_Process_2023,Positive Regulation Of Protein Acetylation (GO:1901985),2/9,0.0882931816375342,0.7243896472442193,0,0,4.773377198532203,11.585427485098432,PRKAA2;FAM161A
GO_Biological_Process_2023,Positive Regulation Of Sodium Ion Transmembrane Transport (GO:1902307),2/9,0.0882931816375342,0.7243896472442193,0,0,4.773377198532203,11.585427485098432,WNK2;WNK3
GO_Biological_Process_2023,Receptor Guanylyl Cyclase Signaling Pathway (GO:0007168),2/9,0.0882931816375342,0.7243896472442193,0,0,4.773377198532203,11.585427485098432,PDZD3;NPR1
GO_Biological_Process_2023,Regulation Of Cell-Cell Adhesion Mediated By Integrin (GO:0033632),2/9,0.0882931816375342,0.7243896472442193,0,0,4.773377198532203,11.585427485098432,DPP4;PODXL
GO_Biological_Process_2023,Cell Junction Assembly (GO:0034329),9/95,0.0884872361548959,0.7243896472442193,0,0,1.7519276209426689,4.248243964981067,CDH4;FZD5;FLRT3;CDHR3;SLITRK6;TLN2;CDH17;PCDHB9;SHANK2
GO_Biological_Process_2023,Organonitrogen Compound Biosynthetic Process (GO:1901566),11/123,0.0885737025967602,0.7243896472442193,0,0,1.644826211734694,3.986927604870549,FA2H;SLC44A3;MUC1;SLC44A4;CPS1;ALDH3B1;MOCOS;LCMT2;SPTSSB;DEGS2;LARGE1
GO_Biological_Process_2023,Regulation Of Centriole Replication (GO:0046599),3/19,0.0889508563498185,0.7243896472442193,0,0,3.133809840425532,7.582789534985372,PLK4;STIL;BRCA1
GO_Biological_Process_2023,Regulation Of Megakaryocyte Differentiation (GO:0045652),3/19,0.0889508563498185,0.7243896472442193,0,0,3.133809840425532,7.582789534985372,L3MBTL1;SCIN;MYB
GO_Biological_Process_2023,Atrioventricular Valve Morphogenesis (GO:0003181),3/19,0.0889508563498185,0.7243896472442193,0,0,3.133809840425532,7.582789534985372,OLFM1;GATA4;SMAD6
GO_Biological_Process_2023,Bicarbonate Transport (GO:0015701),3/19,0.0889508563498185,0.7243896472442193,0,0,3.133809840425532,7.582789534985372,CYB5RL;SLC4A4;CFTR
GO_Biological_Process_2023,Fluid Transport (GO:0042044),3/19,0.0889508563498185,0.7243896472442193,0,0,3.133809840425532,7.582789534985372,PDZD3;AQP11;AQP5
GO_Biological_Process_2023,Inositol Phosphate-Mediated Signaling (GO:0048016),3/19,0.0889508563498185,0.7243896472442193,0,0,3.133809840425532,7.582789534985372,NMUR2;PLCE1;NFATC4
GO_Biological_Process_2023,Mesoderm Development (GO:0007498),3/19,0.0889508563498185,0.7243896472442193,0,0,3.133809840425532,7.582789534985372,FOXC2;TIE1;MEST
GO_Biological_Process_2023,Phosphatidylcholine Biosynthetic Process (GO:0006656),3/19,0.0889508563498185,0.7243896472442193,0,0,3.133809840425532,7.582789534985372,SLC44A3;MUC1;SLC44A4
GO_Biological_Process_2023,Neuron Migration (GO:0001764),6/55,0.0891556488915962,0.7243896472442193,0,0,2.04843537414966,4.951829442149199,SEMA3A;DCDC2;SEMA3E;DNAAF4;NEO1;SH3RF1
GO_Biological_Process_2023,Negative Regulation Of Cellular Process (GO:0048523),38/537,0.0913921428774917,0.7405042047553003,0,0,1.2798882302574042,3.062255163685573,PIWIL1;PTPRU;PIWIL4;NPR1;TGFB1I1;ADAM22;BRCA1;NUDT6;SHH;SCIN;ERBB3;MDK;PODXL;CLMN;ERBB4;GNG4;HNF4A;GPER1;AGR2;DACT2;AGR3;ENPP1;CCN3;HOXC9;E2F7;CDT1;PACRG;CDKN2A;SUSD2;SMAD6;DCBLD2;CLDN3;DDAH1;WNK2;ALDH1A2;SCGB3A1;AQP11;NUPR2
GO_Biological_Process_2023,Intracellular Glucose Homeostasis (GO:0001678),5/43,0.0937402589356291,0.757431650239545,0,0,2.200500140226232,5.209084498986256,PRKAA2;GPER1;HKDC1;PAX2;FOXA3
GO_Biological_Process_2023,Mitotic DNA Damage Checkpoint Signaling (GO:0044773),6/56,0.0953421625872663,0.7601905401337485,0,0,2.00736,4.717864377092958,FANCD2;CHEK1;DONSON;BRCA1;CLSPN;NEK11
GO_Biological_Process_2023,Endodermal Cell Differentiation (GO:0035987),4/31,0.0953811720441318,0.7601905401337485,0,0,2.4768477439284893,5.820280308693369,MMP15;COL6A1;HMGA2;ITGA7
GO_Biological_Process_2023,Modulation Of Excitatory Postsynaptic Potential (GO:0098815),4/31,0.0953811720441318,0.7601905401337485,0,0,2.4768477439284893,5.820280308693369,RIMS2;CHRNA7;WNT7A;GRIN2D
GO_Biological_Process_2023,Negative Regulation Of Cell-Matrix Adhesion (GO:0001953),4/31,0.0953811720441318,0.7601905401337485,0,0,2.4768477439284893,5.820280308693369,DMTN;CDKN2A;NEXMIF;SEMA3E
GO_Biological_Process_2023,Positive Regulation Of Lamellipodium Organization (GO:1902745),4/31,0.0953811720441318,0.7601905401337485,0,0,2.4768477439284893,5.820280308693369,VIL1;CARMIL1;OCLN;PLCE1
GO_Biological_Process_2023,Negative Regulation Of Cell Growth (GO:0030308),11/125,0.0965478096855133,0.7673976720927352,0,0,1.615797305764411,3.777276759419402,NPR1;MAP2;GNG4;CDKN2A;HNF4A;CDHR2;ENPP1;SCGB3A1;CCN3;BRCA1;DCBLD2
GO_Biological_Process_2023,Negative Regulation Of Transmembrane Receptor Protein Serine/Threonine Kinase Signaling Pathway (GO:0090101),10/111,0.0974852201288213,0.7727486961430959,0,0,1.6576430167548424,3.8590832860272544,CILP;PEG10;TGFB1I1;VEPH1;CAPN5;PRDM16;CCN3;SMAD6;IL17RD;PBLD
GO_Biological_Process_2023,Regulation Of Macrophage Chemotaxis (GO:0010758),3/20,0.1004418382479987,0.773865327974591,0,0,2.9493116395494368,6.778038532809335,C5;MDK;RARRES2
GO_Biological_Process_2023,Cellular Response To Copper Ion (GO:0071280),3/20,0.1004418382479987,0.773865327974591,0,0,2.9493116395494368,6.778038532809335,MT1M;MT1G;MT1H
GO_Biological_Process_2023,Mesoderm Formation (GO:0001707),3/20,0.1004418382479987,0.773865327974591,0,0,2.9493116395494368,6.778038532809335,ITGA3;HMGA2;SCX
GO_Biological_Process_2023,Negative Regulation Of Phosphoprotein Phosphatase Activity (GO:0032515),3/20,0.1004418382479987,0.773865327974591,0,0,2.9493116395494368,6.778038532809335,FKBP1B;PPP1R1B;PPP1R14D
GO_Biological_Process_2023,Phosphatidylserine Metabolic Process (GO:0006658),3/20,0.1004418382479987,0.773865327974591,0,0,2.9493116395494368,6.778038532809335,PLA2G10;MBOAT2;OSBPL10
GO_Biological_Process_2023,Positive Regulation Of Embryonic Development (GO:0040019),3/20,0.1004418382479987,0.773865327974591,0,0,2.9493116395494368,6.778038532809335,SCX;FOXA2;ZBED3
GO_Biological_Process_2023,Signal Transduction In Response To DNA Damage (GO:0042770),6/57,0.1017520168263228,0.773865327974591,0,0,1.9678954248366012,4.4970673577601135,CHEK1;E2F1;DONSON;CLSPN;E2F7;MAP2K6
GO_Biological_Process_2023,Amide Transport (GO:0042886),4/32,0.1043834673734606,0.773865327974591,0,0,2.388262137152998,5.396717678385906,SLC14A1;GLTPD2;AQP11;FOLR1
GO_Biological_Process_2023,Cellular Nitrogen Compound Biosynthetic Process (GO:0044271),4/32,0.1043834673734606,0.773865327974591,0,0,2.388262137152998,5.396717678385906,NQO1;CPS1;MTARC1;SPTSSB
GO_Biological_Process_2023,Respiratory System Development (GO:0060541),4/32,0.1043834673734606,0.773865327974591,0,0,2.388262137152998,5.396717678385906,SHH;SPEF2;ITGA3;CCDC40
GO_Biological_Process_2023,Transition Metal Ion Transport (GO:0000041),4/32,0.1043834673734606,0.773865327974591,0,0,2.388262137152998,5.396717678385906,ATP7B;TFR2;SLC41A2;MELTF
GO_Biological_Process_2023,Heterochromatin Formation (GO:0031507),4/32,0.1043834673734606,0.773865327974591,0,0,2.388262137152998,5.396717678385906,L3MBTL1;UHRF1;HMGA2;H1-0
GO_Biological_Process_2023,Positive Regulation Of Synapse Assembly (GO:0051965),4/32,0.1043834673734606,0.773865327974591,0,0,2.388262137152998,5.396717678385906,GRID2;SLITRK2;SLITRK6;WNT7A
GO_Biological_Process_2023,Regulation Of Double-Strand Break Repair Via Homologous Recombination (GO:0010569),7/71,0.1057487615667926,0.773865327974591,0,0,1.8298904581850532,4.111195078490719,RAD51AP1;POLQ;RMI2;RAD51;CHEK1;TIMELESS;FANCB
GO_Biological_Process_2023,Regulation Of Hydrolase Activity (GO:0051336),7/71,0.1057487615667926,0.773865327974591,0,0,1.8298904581850532,4.111195078490719,ARHGAP44;FGD5;BVES;PRKG1;NGEF;RAP1GAP;VAV2
GO_Biological_Process_2023,Synapse Assembly (GO:0007416),7/71,0.1057487615667926,0.773865327974591,0,0,1.8298904581850532,4.111195078490719,GRID2;FZD5;FLRT3;SLITRK6;WNT7A;PCDHB9;SHANK2
GO_Biological_Process_2023,Kidney Development (GO:0001822),7/71,0.1057487615667926,0.773865327974591,0,0,1.8298904581850532,4.111195078490719,ROBO2;HELLS;SHH;PAX8;PCSK9;HNF1B;PAX2
GO_Biological_Process_2023,CRD-mediated mRNA Stabilization (GO:0070934),2/10,0.106356875844713,0.773865327974591,0,0,4.176483613817537,9.359312197830576,IGF2BP1;IGF2BP3
GO_Biological_Process_2023,Aromatic Amino Acid Family Catabolic Process (GO:0009074),2/10,0.106356875844713,0.773865327974591,0,0,4.176483613817537,9.359312197830576,HGD;FANCA
GO_Biological_Process_2023,Cellular Response To Cholesterol (GO:0071397),2/10,0.106356875844713,0.773865327974591,0,0,4.176483613817537,9.359312197830576,GRAMD1C;GRAMD1B
GO_Biological_Process_2023,Cellular Response To Forskolin (GO:1904322),2/10,0.106356875844713,0.773865327974591,0,0,4.176483613817537,9.359312197830576,ADCY6;CFTR
GO_Biological_Process_2023,Response To Corticosteroid (GO:0031960),2/10,0.106356875844713,0.773865327974591,0,0,4.176483613817537,9.359312197830576,AKR1C3;SOX30
GO_Biological_Process_2023,Copper Ion Transport (GO:0006825),2/10,0.106356875844713,0.773865327974591,0,0,4.176483613817537,9.359312197830576,ATP7B;STEAP2
GO_Biological_Process_2023,Response To Forskolin (GO:1904321),2/10,0.106356875844713,0.773865327974591,0,0,4.176483613817537,9.359312197830576,ADCY6;CFTR
GO_Biological_Process_2023,Steroid Hormone Mediated Signaling Pathway (GO:0043401),2/10,0.106356875844713,0.773865327974591,0,0,4.176483613817537,9.359312197830576,GPER1;ESR1
GO_Biological_Process_2023,Mesonephros Development (GO:0001823),2/10,0.106356875844713,0.773865327974591,0,0,4.176483613817537,9.359312197830576,PAX8;PAX2
GO_Biological_Process_2023,Metanephric Mesenchyme Development (GO:0072075),2/10,0.106356875844713,0.773865327974591,0,0,4.176483613817537,9.359312197830576,SHH;PAX2
GO_Biological_Process_2023,Negative Regulation Of Cholesterol Transport (GO:0032375),2/10,0.106356875844713,0.773865327974591,0,0,4.176483613817537,9.359312197830576,SHH;PLA2G10
GO_Biological_Process_2023,Negative Regulation Of Nuclear Division (GO:0051784),2/10,0.106356875844713,0.773865327974591,0,0,4.176483613817537,9.359312197830576,TOM1L1;CHEK1
GO_Biological_Process_2023,Negative Regulation Of Sprouting Angiogenesis (GO:1903671),2/10,0.106356875844713,0.773865327974591,0,0,4.176483613817537,9.359312197830576,SEMA6A;CREB3L1
GO_Biological_Process_2023,Positive Regulation Of Dendrite Development (GO:1900006),2/10,0.106356875844713,0.773865327974591,0,0,4.176483613817537,9.359312197830576,COBL;ZDHHC15
GO_Biological_Process_2023,Positive Regulation Of Protein Depolymerization (GO:1901881),2/10,0.106356875844713,0.773865327974591,0,0,4.176483613817537,9.359312197830576,VIL1;F2RL1
GO_Biological_Process_2023,Positive Regulation Of Voltage-Gated Potassium Channel Activity (GO:1903818),2/10,0.106356875844713,0.773865327974591,0,0,4.176483613817537,9.359312197830576,LRRC26;ALG10B
GO_Biological_Process_2023,Regulation Of Kinase Activity (GO:0043549),8/85,0.107338050381955,0.7757528509027641,0,0,1.7385713129257208,3.880094907302684,LTK;ERBB3;ERBB4;TIE1;PIFO;PLCE1;MST1R;FGFR4
GO_Biological_Process_2023,Negative Regulation Of Cell Cycle (GO:0045786),8/85,0.107338050381955,0.7757528509027641,0,0,1.7385713129257208,3.880094907302684,CDT1;CDKN2A;GPER1;NUPR2;BRCA1;NR2F2;HOXC9;NUDT6
GO_Biological_Process_2023,Axon Development (GO:0061564),9/99,0.1074119332019211,0.7757528509027641,0,0,1.6737076648841356,3.734182380405897,DHFR;SLITRK2;APLP1;SLITRK6;WNT7A;NMNAT2;DSCAML1;FOLR1;PAX2
GO_Biological_Process_2023,Regulation Of Neuron Death (GO:1901214),6/58,0.1083818512990816,0.7789113391887316,0,0,1.929948717948718,4.2885286773763385,CHGA;GRID2;TRIM2;CHRNA7;SARM1;PCSK9
GO_Biological_Process_2023,Eye Development (GO:0001654),6/58,0.1083818512990816,0.7789113391887316,0,0,1.929948717948718,4.2885286773763385,MEIS1;SMOC1;PAX6;BMPR1B;PAX2;FREM2
GO_Biological_Process_2023,Epidermal Growth Factor Receptor Signaling Pathway (GO:0007173),5/45,0.1087503759884768,0.7796442396232717,0,0,2.090253108348135,4.6376448884872845,BTC;VIL1;GRB7;PIGR;PLCE1
GO_Biological_Process_2023,Positive Regulation Of Cell Population Proliferation (GO:0008284),34/483,0.1109218880017097,0.7932677809413228,0,0,1.2714976865433771,2.7959331835296983,CDCA7L;CHRNA7;REG1A;LRP5;SCX;MST1R;DBF4B;FOXM1;HOXC10;CXCL5;DPP4;SHH;ERBB3;EPCAM;MDK;ERBB4;GPER1;PDGFC;E2F1;NME2;AKR1C3;TBC1D8;HMGA2;CDC7;MAPK15;PAX2;BTC;KITLG;MEIS1;CEACAM6;FGF18;AQP11;FGFR4;SHANK2
GO_Biological_Process_2023,Negative Regulation Of Double-Strand Break Repair Via Homologous Recombination (GO:2000042),3/21,0.1124887754369985,0.7941227161093221,0,0,2.7853132387706854,6.085636009806623,POLQ;RMI2;FANCB
GO_Biological_Process_2023,Outer Dynein Arm Assembly (GO:0036158),3/21,0.1124887754369985,0.7941227161093221,0,0,2.7853132387706854,6.085636009806623,DNAH5;DNAAF4;ZMYND10
GO_Biological_Process_2023,Exocytosis (GO:0006887),8/86,0.112838354439664,0.7941227161093221,0,0,1.7161906066625567,3.744382908381696,RPH3AL;DOC2A;RAB3IP;SYNGR3;ANK1;SYTL4;STEAP2;CPLX1
GO_Biological_Process_2023,Neuron Differentiation (GO:0030182),14/173,0.112882566256599,0.7941227161093221,0,0,1.4748624741699183,3.2172756752028566,EMX1;WNT10A;EMX2;MYEF2;FZD5;FZD8;PCSK9;WNT7A;PAX6;SMARCA1;SHH;LHX2;ERBB4;FOXA2
GO_Biological_Process_2023,Lung Development (GO:0030324),4/33,0.1137563822392499,0.7941227161093221,0,0,2.3057858825689195,5.012077815255314,SHH;ITGA3;FOXJ1;CCDC40
GO_Biological_Process_2023,Negative Regulation Of Double-Strand Break Repair (GO:2000780),4/33,0.1137563822392499,0.7941227161093221,0,0,2.3057858825689195,5.012077815255314,POLQ;RMI2;HMGA2;FANCB
GO_Biological_Process_2023,Negative Regulation Of Epithelial Cell Migration (GO:0010633),4/33,0.1137563822392499,0.7941227161093221,0,0,2.3057858825689195,5.012077815255314,PTPRR;NR2F2;ADAMTS9;PTPRG
GO_Biological_Process_2023,Positive Regulation Of Notch Signaling Pathway (GO:0045747),4/33,0.1137563822392499,0.7941227161093221,0,0,2.3057858825689195,5.012077815255314,ROBO2;ENHO;GATA5;CCN3
GO_Biological_Process_2023,Positive Regulation Of Ion Transmembrane Transporter Activity (GO:0032414),4/33,0.1137563822392499,0.7941227161093221,0,0,2.3057858825689195,5.012077815255314,WNK2;WNK3;PDZK1;CFTR
GO_Biological_Process_2023,Regulation Of Cell Adhesion Mediated By Integrin (GO:0033628),4/33,0.1137563822392499,0.7941227161093221,0,0,2.3057858825689195,5.012077815255314,DPP4;FOXC2;MUC1;NEXMIF
GO_Biological_Process_2023,Regulation Of miRNA Transcription (GO:1902893),6/59,0.1152278454671853,0.8005735106686871,0,0,1.893433962264151,4.091415124794065,MYCN;NFIB;MYB;ESR1;POU5F1;NFATC4
GO_Biological_Process_2023,Regulation Of Cell Death (GO:0010941),6/59,0.1152278454671853,0.8005735106686871,0,0,1.893433962264151,4.091415124794065,PACRG;CHRNA7;AGR2;SARM1;AGR3;CCN3
GO_Biological_Process_2023,Response To Glucose (GO:0009749),5/46,0.1166675071754393,0.8029469611486121,0,0,2.0391630204046267,4.380993316280996,PRKAA2;GPER1;HNF4A;PAX2;ZBED3
GO_Biological_Process_2023,Development Of Primary Male Sexual Characteristics (GO:0046546),5/46,0.1166675071754393,0.8029469611486121,0,0,2.0391630204046267,4.380993316280996,KITLG;BIK;GATA6;AKR1C3;GATA4
GO_Biological_Process_2023,Male Gonad Development (GO:0008584),5/46,0.1166675071754393,0.8029469611486121,0,0,2.0391630204046267,4.380993316280996,KITLG;BIK;GATA6;AKR1C3;GATA4
GO_Biological_Process_2023,Mitotic G2/M Transition Checkpoint (GO:0044818),5/46,0.1166675071754393,0.8029469611486121,0,0,2.0391630204046267,4.380993316280996,ORC1;CHEK1;DONSON;BRCA1;CLSPN
GO_Biological_Process_2023,Regulation Of Insulin Secretion (GO:0050796),8/87,0.1184883679086646,0.8108079873574661,0,0,1.694376500557954,3.614004233743185,CHGA;GPER1;HNF4A;LRP5;RFX3;CCN3;MCU;FOXA2
GO_Biological_Process_2023,DNA Damage Checkpoint Signaling (GO:0000077),4/34,0.1234846493707948,0.8108079873574661,0,0,2.228808044957113,4.661860553756841,CHEK1;E2F1;DONSON;CLSPN
GO_Biological_Process_2023,Embryonic Skeletal System Development (GO:0048706),4/34,0.1234846493707948,0.8108079873574661,0,0,2.228808044957113,4.661860553756841,HOXC4;HOXB3;HOXC9;DSCAML1
GO_Biological_Process_2023,Negative Regulation Of JNK Cascade (GO:0046329),4/34,0.1234846493707948,0.8108079873574661,0,0,2.228808044957113,4.661860553756841,SH3RF2;MECOM;DUSP19;F2RL1
GO_Biological_Process_2023,Organophosphate Biosynthetic Process (GO:0090407),4/34,0.1234846493707948,0.8108079873574661,0,0,2.228808044957113,4.661860553756841,CPS1;MOCOS;ITPKA;FADS1
GO_Biological_Process_2023,Negative Regulation Of Protein Kinase Activity (GO:0006469),8/88,0.124286243189966,0.8108079873574661,0,0,1.673107747105966,3.488710669309304,DBNDD1;PTPRR;PTPRB;DEPTOR;CAMK2N1;CAMK2N2;DUSP19;LRP5
GO_Biological_Process_2023,Bicellular Tight Junction Assembly (GO:0070830),5/47,0.1248493408509223,0.8108079873574661,0,0,1.9905057937917616,4.141540986788195,CLDN10;CHAF1B;OCLN;CLDN3;POF1B
GO_Biological_Process_2023,Acylglycerol Biosynthetic Process (GO:0046463),3/22,0.1250520555955186,0.8108079873574661,0,0,2.6385778275475924,5.485669752372532,MOGAT2;PLCE1;ANG
GO_Biological_Process_2023,Negative Regulation Of Cell Development (GO:0010721),3/22,0.1250520555955186,0.8108079873574661,0,0,2.6385778275475924,5.485669752372532,WNT7A;PAX6;RFLNA
GO_Biological_Process_2023,Placenta Development (GO:0001890),3/22,0.1250520555955186,0.8108079873574661,0,0,2.6385778275475924,5.485669752372532,ANG;E2F7;E2F8
GO_Biological_Process_2023,Positive Regulation Of Excitatory Postsynaptic Potential (GO:2000463),3/22,0.1250520555955186,0.8108079873574661,0,0,2.6385778275475924,5.485669752372532,RIMS2;WNT7A;GRIN2D
GO_Biological_Process_2023,Regulation Of Cilium Movement (GO:0003352),2/11,0.1252940889865212,0.8108079873574661,0,0,3.7122330479283536,7.710648055409378,CFAP43;CCDC40
GO_Biological_Process_2023,Regulation Of Leukocyte Cell-Cell Adhesion (GO:1903037),2/11,0.1252940889865212,0.8108079873574661,0,0,3.7122330479283536,7.710648055409378,MDK;FUT4
GO_Biological_Process_2023,Aspartate Family Amino Acid Catabolic Process (GO:0009068),2/11,0.1252940889865212,0.8108079873574661,0,0,3.7122330479283536,7.710648055409378,CRYM;ASPA
GO_Biological_Process_2023,Brain Morphogenesis (GO:0048854),2/11,0.1252940889865212,0.8108079873574661,0,0,3.7122330479283536,7.710648055409378,SPEF2;PAX2
GO_Biological_Process_2023,cGMP Metabolic Process (GO:0046068),2/11,0.1252940889865212,0.8108079873574661,0,0,3.7122330479283536,7.710648055409378,NPR1;PDE9A
GO_Biological_Process_2023,Cellular Response To Acetylcholine (GO:1905145),2/11,0.1252940889865212,0.8108079873574661,0,0,3.7122330479283536,7.710648055409378,SLURP2;CHRNA7
GO_Biological_Process_2023,Cochlea Morphogenesis (GO:0090103),2/11,0.1252940889865212,0.8108079873574661,0,0,3.7122330479283536,7.710648055409378,MYO3A;PAX2
GO_Biological_Process_2023,Self Proteolysis (GO:0097264),2/11,0.1252940889865212,0.8108079873574661,0,0,3.7122330479283536,7.710648055409378,SHH;IHH
GO_Biological_Process_2023,Epithelial Cell-Cell Adhesion (GO:0090136),2/11,0.1252940889865212,0.8108079873574661,0,0,3.7122330479283536,7.710648055409378,CAMSAP3;CCN3
GO_Biological_Process_2023,Inner Ear Receptor Cell Stereocilium Organization (GO:0060122),2/11,0.1252940889865212,0.8108079873574661,0,0,3.7122330479283536,7.710648055409378,USH1C;PLS1
GO_Biological_Process_2023,Negative Regulation Of Leukocyte Chemotaxis (GO:0002689),2/11,0.1252940889865212,0.8108079873574661,0,0,3.7122330479283536,7.710648055409378,C5;CCN3
GO_Biological_Process_2023,Neurotransmitter Uptake (GO:0001504),2/11,0.1252940889865212,0.8108079873574661,0,0,3.7122330479283536,7.710648055409378,SLC22A3;SLC29A2
GO_Biological_Process_2023,Nucleotide-Binding Oligomerization Domain Containing Signaling Pathway (GO:0070423),2/11,0.1252940889865212,0.8108079873574661,0,0,3.7122330479283536,7.710648055409378,INAVA;MAP2K6
GO_Biological_Process_2023,Positive Regulation Of Branching Involved In Ureteric Bud Morphogenesis (GO:0090190),2/11,0.1252940889865212,0.8108079873574661,0,0,3.7122330479283536,7.710648055409378,PAX8;PAX2
GO_Biological_Process_2023,Positive Regulation Of Vascular Permeability (GO:0043117),2/11,0.1252940889865212,0.8108079873574661,0,0,3.7122330479283536,7.710648055409378,OCLN;TJP3
GO_Biological_Process_2023,Protein Localization To Kinetochore (GO:0034501),2/11,0.1252940889865212,0.8108079873574661,0,0,3.7122330479283536,7.710648055409378,MTBP;KNTC1
GO_Biological_Process_2023,Regulation Of Cell Population Proliferation (GO:0042127),51/766,0.1271131901101794,0.8207639758769867,0,0,1.198982128982129,2.4731132550284043,PTPRU;TGFB1I1;CDCA7L;REG1A;SCX;FOXM1;NUDT6;HOXC10;CXCL5;SHH;HNF4A;GPER1;BRICD5;TBC1D8;BTC;CLDN3;DDAH1;CEACAM6;ALDH1A2;TIMELESS;NUPR2;SHANK2;SMIM22;LTK;UHRF1;CHRNA7;CDCA7;LRP5;MST1R;DBF4B;DPP4;SCIN;ERBB3;EPCAM;CLMN;ERBB4;PDGFC;E2F7;CDKN2A;AKR1C3;CDC7;SMAD6;MAPK15;KITLG;MEIS1;WNK2;FGF18;SCGB3A1;AQP11;MELTF;FGFR4
GO_Biological_Process_2023,Positive Regulation Of Cell Junction Assembly (GO:1901890),6/61,0.129550861391303,0.8346613867170957,0,0,1.824387878787879,3.7284681633464105,GRID2;CLDN3;SLITRK2;NPHP1;SLITRK6;WNT7A
GO_Biological_Process_2023,Sensory Perception Of Mechanical Stimulus (GO:0050954),8/89,0.1302299220451667,0.8371923560046433,0,0,1.6523641480602005,3.368267909835317,HOMER2;MYO1A;MYO3A;MYO7B;USH1C;DCDC2;CACNA1D;CRYM
GO_Biological_Process_2023,Regulation Of Fat Cell Differentiation (GO:0045598),7/75,0.1308624009718595,0.8394134272865992,0,0,1.7218835042913962,3.501637588218928,PTPRR;GPER1;RARRES2;RORC;LRP5;E2F1;ENPP1
GO_Biological_Process_2023,Regulation Of Signal Transduction (GO:0009966),15/193,0.1322807986761963,0.8455408966934814,0,0,1.4113658330312917,2.8549508236761745,ITGA3;CHRNA7;AKR1C3;DCDC2;FOXL1;KAZALD1;TSPAN15;LURAP1L;ERBB3;GNG4;VEPH1;PLCE1;VWA2;RGS11;MGLL
GO_Biological_Process_2023,Positive Regulation Of Nucleic Acid-Templated Transcription (GO:1903508),38/557,0.1331207091778209,0.8455408966934814,0,0,1.2292271540562028,2.478735295663016,FOXC2;MYRF;TGFB1I1;GATA6;RORC;LRP5;SCX;GATA4;BRCA1;FOXM1;BRCA2;NPAS2;NPAS3;SHH;MECOM;ERBB4;HNF4A;MYB;PRDM16;WBP2NL;E2F1;TNNI2;NME2;RFX3;WNT7A;HMGA2;PAX6;HNF1B;NR2F2;HNF1A;SMARCA1;ESR1;PAX2;MYCN;PAX8;NFIB;LHX2;FOXA2
GO_Biological_Process_2023,Negative Regulation Of ERK1 And ERK2 Cascade (GO:0070373),5/48,0.1332876029185805,0.8455408966934814,0,0,1.9441116939981,3.917863426636957,PTPRR;SEMA6A;PSCA;GPER1;WNK2
GO_Biological_Process_2023,Adherens Junction Organization (GO:0034332),4/35,0.1335521006059447,0.8455408966934814,0,0,2.156796519449294,4.342199948000257,CDH4;CDHR3;CDH17;INAVA
GO_Biological_Process_2023,Endoderm Formation (GO:0001706),4/35,0.1335521006059447,0.8455408966934814,0,0,2.156796519449294,4.342199948000257,MMP15;COL6A1;HMGA2;ITGA7
GO_Biological_Process_2023,Regulation Of Axon Extension (GO:0030516),4/35,0.1335521006059447,0.8455408966934814,0,0,2.156796519449294,4.342199948000257,OLFM1;MAP2;SEMA3A;ISLR2
GO_Biological_Process_2023,Positive Regulation Of Kinase Activity (GO:0033674),9/104,0.1340019132084733,0.8465563631420833,0,0,1.585195609344216,3.1860865597668493,LTK;ERBB3;ERBB4;TIE1;EEF1A2;PIFO;DUSP19;MST1R;FGFR4
GO_Biological_Process_2023,Skeletal System Development (GO:0001501),12/149,0.1379634271758041,0.8612308948704437,0,0,1.4662726756814934,2.904344014937297,BMP3;COL27A1;SNORC;PKDCC;SPEF2;ARSL;IHH;BMP8B;COL9A2;SOX6;DLL3;RFLNA
GO_Biological_Process_2023,Diacylglycerol Metabolic Process (GO:0046339),3/23,0.1380913810920472,0.8612308948704437,0,0,2.5065159574468083,4.962499628648418,LIPE;MOGAT2;PLCE1
GO_Biological_Process_2023,Glial Cell Development (GO:0021782),3/23,0.1380913810920472,0.8612308948704437,0,0,2.5065159574468083,4.962499628648418,MYRF;MDK;ZNF488
GO_Biological_Process_2023,Negative Regulation Of Actin Filament Polymerization (GO:0030837),3/23,0.1380913810920472,0.8612308948704437,0,0,2.5065159574468083,4.962499628648418,VIL1;SCIN;TMSB15A
GO_Biological_Process_2023,Positive Regulation Of Neutrophil Migration (GO:1902624),3/23,0.1380913810920472,0.8612308948704437,0,0,2.5065159574468083,4.962499628648418,MDK;FUT4;MCU
GO_Biological_Process_2023,Regulation Of Cardiac Muscle Hypertrophy (GO:0010611),3/23,0.1380913810920472,0.8612308948704437,0,0,2.5065159574468083,4.962499628648418,PRKCA;LMCD1;PDE9A
GO_Biological_Process_2023,Unsaturated Fatty Acid Metabolic Process (GO:0033559),5/49,0.1419734708999848,0.8652536400199589,0,0,1.899826416922332,3.708679766476578,PLA2G10;DECR2;CYP4F11;FADS1;MGLL
GO_Biological_Process_2023,Neurogenesis (GO:0022008),5/49,0.1419734708999848,0.8652536400199589,0,0,1.899826416922332,3.708679766476578,ERBB3;ERBB4;BTBD3;PCSK9;CIT
GO_Biological_Process_2023,Positive Regulation Of Nervous System Development (GO:0051962),5/49,0.1419734708999848,0.8652536400199589,0,0,1.899826416922332,3.708679766476578,GRID2;SLITRK2;GPER1;SLITRK6;WNT7A
GO_Biological_Process_2023,Regulation Of Cell Communication (GO:0010646),5/49,0.1419734708999848,0.8652536400199589,0,0,1.899826416922332,3.708679766476578,LURAP1L;VEPH1;ITGB6;KAZALD1;MGLL
GO_Biological_Process_2023,Cellular Response To Metal Ion (GO:0071248),11/135,0.1425695210539769,0.8652536400199589,0,0,1.4846990207373272,2.8920831286365547,AOC1;PRKAA2;DMTN;TFR2;MT1M;ITPKA;AKR1C3;MT1G;MT1H;SYT8;SYT17
GO_Biological_Process_2023,Base-Excision Repair (GO:0006284),4/36,0.1439418032739927,0.8652536400199589,0,0,2.0892857142857144,4.049759035498474,POLQ;HMGA2;DNA2;POLE
GO_Biological_Process_2023,Embryonic Organ Development (GO:0048568),7/77,0.1444373015633164,0.8652536400199589,0,0,1.672508896797153,3.2361537961393227,STIL;KITLG;COL27A1;PKDCC;RARRES2;COBL;IFT122
GO_Biological_Process_2023,DNA Strand Elongation (GO:0022616),2/12,0.1449484730289845,0.8652536400199589,0,0,3.340832595217006,6.452407095395577,RFC3;MCM4
GO_Biological_Process_2023,Adipose Tissue Development (GO:0060612),2/12,0.1449484730289845,0.8652536400199589,0,0,3.340832595217006,6.452407095395577,LRP5;RORC
GO_Biological_Process_2023,Cell-Cell Junction Maintenance (GO:0045217),2/12,0.1449484730289845,0.8652536400199589,0,0,3.340832595217006,6.452407095395577,F2RL1;INAVA
GO_Biological_Process_2023,Cellular Component Maintenance (GO:0043954),2/12,0.1449484730289845,0.8652536400199589,0,0,3.340832595217006,6.452407095395577,CLDN3;ITGA3
GO_Biological_Process_2023,Regulation Of Tube Diameter (GO:0035296),2/12,0.1449484730289845,0.8652536400199589,0,0,3.340832595217006,6.452407095395577,NPR1;ADCY6
GO_Biological_Process_2023,Dendrite Self-Avoidance (GO:0070593),2/12,0.1449484730289845,0.8652536400199589,0,0,3.340832595217006,6.452407095395577,ROBO3;DSCAML1
GO_Biological_Process_2023,Endochondral Bone Morphogenesis (GO:0060350),2/12,0.1449484730289845,0.8652536400199589,0,0,3.340832595217006,6.452407095395577,SCX;BMPR1B
GO_Biological_Process_2023,Triglyceride Catabolic Process (GO:0019433),2/12,0.1449484730289845,0.8652536400199589,0,0,3.340832595217006,6.452407095395577,LIPE;CPS1
GO_Biological_Process_2023,Vascular Process In Circulatory System (GO:0003018),2/12,0.1449484730289845,0.8652536400199589,0,0,3.340832595217006,6.452407095395577,NPR1;ADCY6
GO_Biological_Process_2023,Lipid Droplet Formation (GO:0140042),2/12,0.1449484730289845,0.8652536400199589,0,0,3.340832595217006,6.452407095395577,BSCL2;SMIM22
GO_Biological_Process_2023,Mitotic DNA Integrity Checkpoint Signaling (GO:0044774),2/12,0.1449484730289845,0.8652536400199589,0,0,3.340832595217006,6.452407095395577,ORC1;CLSPN
GO_Biological_Process_2023,Negative Regulation Of Substrate Adhesion-Dependent Cell Spreading (GO:1900025),2/12,0.1449484730289845,0.8652536400199589,0,0,3.340832595217006,6.452407095395577,DMTN;MELTF
GO_Biological_Process_2023,Phosphate Ion Homeostasis (GO:0055062),2/12,0.1449484730289845,0.8652536400199589,0,0,3.340832595217006,6.452407095395577,ENPP1;FGFR4
GO_Biological_Process_2023,Positive Regulation Of Sodium Ion Transmembrane Transporter Activity (GO:2000651),2/12,0.1449484730289845,0.8652536400199589,0,0,3.340832595217006,6.452407095395577,WNK2;WNK3
GO_Biological_Process_2023,Sensory Perception Of Sound (GO:0007605),8/92,0.1489121763451988,0.8866620558101295,0,0,1.593096722215155,3.033891115381165,HOMER2;MYO1A;MYO3A;MYO7B;USH1C;DCDC2;CACNA1D;CRYM
GO_Biological_Process_2023,Blood Circulation (GO:0008015),5/50,0.1508976266382256,0.8866620558101295,0,0,1.857509374383264,3.512835617254201,NPR1;TBC1D8;TNNI3;ADCY6;F5
GO_Biological_Process_2023,Acylglycerol Catabolic Process (GO:0046464),3/24,0.1515661633863469,0.8866620558101295,0,0,2.387031408308004,4.503690995366775,LIPE;CPS1;MGLL
GO_Biological_Process_2023,Cell Morphogenesis Involved In Differentiation (GO:0000904),3/24,0.1515661633863469,0.8866620558101295,0,0,2.387031408308004,4.503690995366775,CLDN3;POF1B;DACT2
GO_Biological_Process_2023,Regulation Of Supramolecular Fiber Organization (GO:1902903),3/24,0.1515661633863469,0.8866620558101295,0,0,2.387031408308004,4.503690995366775,CAMSAP3;MAP2;CHRNA7
GO_Biological_Process_2023,Ear Morphogenesis (GO:0042471),3/24,0.1515661633863469,0.8866620558101295,0,0,2.387031408308004,4.503690995366775,PAX8;USH1C;PAX2
GO_Biological_Process_2023,Fat-Soluble Vitamin Metabolic Process (GO:0006775),3/24,0.1515661633863469,0.8866620558101295,0,0,2.387031408308004,4.503690995366775,NQO1;NPC1L1;ALDH1A2
GO_Biological_Process_2023,Outflow Tract Septum Morphogenesis (GO:0003148),3/24,0.1515661633863469,0.8866620558101295,0,0,2.387031408308004,4.503690995366775,ROBO2;GATA6;SMAD6
GO_Biological_Process_2023,Positive Regulation Of Vascular Endothelial Growth Factor Production (GO:0010575),3/24,0.1515661633863469,0.8866620558101295,0,0,2.387031408308004,4.503690995366775,C5;GATA4;BRCA1
GO_Biological_Process_2023,Regulation Of Actin Nucleation (GO:0051125),3/24,0.1515661633863469,0.8866620558101295,0,0,2.387031408308004,4.503690995366775,VIL1;CARMIL1;SCIN
GO_Biological_Process_2023,Positive Regulation Of Multicellular Organismal Process (GO:0051240),27/387,0.1525332829531929,0.8905386280201385,0,0,1.2574048913043478,2.364389526004866,HHLA2;NPR1;TGFB1I1;SCX;GATA5;YBX2;SHH;MUC1;MDK;PDGFC;PRDM16;SOX6;ZBED3;NME2;RFX3;FOXJ1;PRKCA;ETV4;PAX2;BSCL2;OLFM1;GATM;PAX8;F2RL1;PLA2R1;BMPR1B;FOXA2
GO_Biological_Process_2023,Regulation Of Ossification (GO:0030278),4/37,0.1546361902011049,0.8956491517808324,0,0,2.025866473071442,3.781644591954332,MDK;ENPP1;KREMEN2;SMAD6
GO_Biological_Process_2023,Positive Regulation Of Exocytosis (GO:0045921),4/37,0.1546361902011049,0.8956491517808324,0,0,2.025866473071442,3.781644591954332,SMPD3;RAB15;SYTL4;CFTR
GO_Biological_Process_2023,Positive Regulation Of Cellular Component Biogenesis (GO:0044089),8/93,0.1554145080633281,0.8956491517808324,0,0,1.5742705987114347,2.930755793504662,SMPD3;CHGA;VIL1;CHAF1B;CLDN3;BIK;PRKCA;SLX1A
GO_Biological_Process_2023,Positive Regulation Of Cytoskeleton Organization (GO:0051495),7/79,0.158652811191012,0.8956491517808324,0,0,1.62587732305259,2.993300376931929,PLK4;VIL1;CARMIL1;BAIAP2L2;STIL;SCIN;F2RL1
GO_Biological_Process_2023,Amide Biosynthetic Process (GO:0043604),5/51,0.1600503083214196,0.8956491517808324,0,0,1.817032203258939,3.329288300526412,FA2H;CPS1;GLS2;SPTSSB;DEGS2
GO_Biological_Process_2023,Positive Regulation Of Protein Localization To Plasma Membrane (GO:1903078),5/51,0.1600503083214196,0.8956491517808324,0,0,1.817032203258939,3.329288300526412,ITGA3;GPER1;WNK3;AGR2;PLS1
GO_Biological_Process_2023,Positive Regulation Of DNA Biosynthetic Process (GO:2000573),6/65,0.1605769018390986,0.8956491517808324,0,0,1.7003389830508475,3.109889924366961,GINS1;GINS2;RFC3;NEK2;FGFR4;MAPK15
GO_Biological_Process_2023,Brain Development (GO:0007420),13/169,0.161337787145277,0.8956491517808324,0,0,1.3948270721526534,2.544520337284305,ROBO2;EMX1;EMX2;SPEF2;FOXJ1;SMARCA1;PAX2;GRIN2D;DMBX1;MEIS1;NFIB;SOX6;DSCAML1
GO_Biological_Process_2023,Negative Regulation Of Multicellular Organismal Process (GO:0051241),17/231,0.1615023386439468,0.8956491517808324,0,0,1.3302865819896308,2.4254259285253057,FOXC2;PTPRR;WWC1;KREMEN2;BRCA2;IL17RD;SMAD6;HOXC10;PTPRG;SHH;PROC;TNNT1;NFIB;MDK;LGR4;FOXA2;MAP2K6
GO_Biological_Process_2023,Regulation Of Gastrulation (GO:0010470),2/13,0.1651785423188247,0.8956491517808324,0,0,3.036959497544086,5.468738960080607,SCX;FOXA2
GO_Biological_Process_2023,Body Fluid Secretion (GO:0007589),2/13,0.1651785423188247,0.8956491517808324,0,0,3.036959497544086,5.468738960080607,NPR1;ERBB4
GO_Biological_Process_2023,Branching Involved In Blood Vessel Morphogenesis (GO:0001569),2/13,0.1651785423188247,0.8956491517808324,0,0,3.036959497544086,5.468738960080607,SHH;SEMA3E
GO_Biological_Process_2023,Cranial Nerve Development (GO:0021545),2/13,0.1651785423188247,0.8956491517808324,0,0,3.036959497544086,5.468738960080607,ERBB3;PAX2
GO_Biological_Process_2023,Glutamine Metabolic Process (GO:0006541),2/13,0.1651785423188247,0.8956491517808324,0,0,3.036959497544086,5.468738960080607,CPS1;GLS2
GO_Biological_Process_2023,Monoacylglycerol Metabolic Process (GO:0046462),2/13,0.1651785423188247,0.8956491517808324,0,0,3.036959497544086,5.468738960080607,MOGAT2;MGLL
GO_Biological_Process_2023,Negative Regulation Of NLRP3 Inflammasome Complex Assembly (GO:1900226),2/13,0.1651785423188247,0.8956491517808324,0,0,3.036959497544086,5.468738960080607,FBXL2;TRIM31
GO_Biological_Process_2023,Negative Regulation Of Bone Mineralization (GO:0030502),2/13,0.1651785423188247,0.8956491517808324,0,0,3.036959497544086,5.468738960080607,ENPP1;RFLNA
GO_Biological_Process_2023,Negative Regulation Of Secretion (GO:0051048),2/13,0.1651785423188247,0.8956491517808324,0,0,3.036959497544086,5.468738960080607,ERBB3;TFF2
GO_Biological_Process_2023,Negative Regulation Of Toll-Like Receptor Signaling Pathway (GO:0034122),2/13,0.1651785423188247,0.8956491517808324,0,0,3.036959497544086,5.468738960080607,SMPDL3B;LGR4
GO_Biological_Process_2023,Positive Regulation Of Alpha-Beta T Cell Differentiation (GO:0046638),2/13,0.1651785423188247,0.8956491517808324,0,0,3.036959497544086,5.468738960080607,SHH;IHH
GO_Biological_Process_2023,Positive Regulation Of Insulin Secretion Involved In Cellular Response To Glucose Stimulus (GO:0035774),2/13,0.1651785423188247,0.8956491517808324,0,0,3.036959497544086,5.468738960080607,ANO1;CFTR
GO_Biological_Process_2023,Positive Regulation Of Keratinocyte Differentiation (GO:0045618),2/13,0.1651785423188247,0.8956491517808324,0,0,3.036959497544086,5.468738960080607,NME2;ETV4
GO_Biological_Process_2023,Positive Regulation Of Macrophage Chemotaxis (GO:0010759),2/13,0.1651785423188247,0.8956491517808324,0,0,3.036959497544086,5.468738960080607,MDK;RARRES2
GO_Biological_Process_2023,Regulation Of Cellular Ketone Metabolic Process (GO:0010565),2/13,0.1651785423188247,0.8956491517808324,0,0,3.036959497544086,5.468738960080607,PDK4;FGFR4
GO_Biological_Process_2023,Regulation Of Neutrophil Chemotaxis (GO:0090022),3/25,0.1654358644662505,0.8956491517808324,0,0,2.278409090909091,4.099249123566255,DPP4;MDK;MCU
GO_Biological_Process_2023,Regulation Of Platelet Aggregation (GO:0090330),3/25,0.1654358644662505,0.8956491517808324,0,0,2.278409090909091,4.099249123566255,DMTN;PRKCA;PRKG1
GO_Biological_Process_2023,Regulation Of Postsynapse Organization (GO:0099175),3/25,0.1654358644662505,0.8956491517808324,0,0,2.278409090909091,4.099249123566255,ARHGAP44;LZTS3;ZDHHC15
GO_Biological_Process_2023,Regulation Of Synapse Organization (GO:0050807),3/25,0.1654358644662505,0.8956491517808324,0,0,2.278409090909091,4.099249123566255,SLITRK2;CTTNBP2;RAB17
GO_Biological_Process_2023,Cellular Response To Hexose Stimulus (GO:0071331),3/25,0.1654358644662505,0.8956491517808324,0,0,2.278409090909091,4.099249123566255,PRKAA2;GPER1;PAX2
GO_Biological_Process_2023,"Chemical Synaptic Transmission, Postsynaptic (GO:0099565)",3/25,0.1654358644662505,0.8956491517808324,0,0,2.278409090909091,4.099249123566255,GRID2;FOXM1;GRIN2D
GO_Biological_Process_2023,Sterol Transport (GO:0015918),3/25,0.1654358644662505,0.8956491517808324,0,0,2.278409090909091,4.099249123566255,GRAMD1C;GRAMD1B;NPC1L1
GO_Biological_Process_2023,Negative Regulation Of Lipid Biosynthetic Process (GO:0051055),3/25,0.1654358644662505,0.8956491517808324,0,0,2.278409090909091,4.099249123566255,GPER1;AKR1C3;BRCA1
GO_Biological_Process_2023,Negative Regulation Of Stress Fiber Assembly (GO:0051497),3/25,0.1654358644662505,0.8956491517808324,0,0,2.278409090909091,4.099249123566255,RHPN1;RHPN2;CGNL1
GO_Biological_Process_2023,Purine Ribonucleotide Catabolic Process (GO:0009154),3/25,0.1654358644662505,0.8956491517808324,0,0,2.278409090909091,4.099249123566255,NT5E;PDE9A;PRTFDC1
GO_Biological_Process_2023,Regulation Of Cell Size (GO:0008361),3/25,0.1654358644662505,0.8956491517808324,0,0,2.278409090909091,4.099249123566255,RAP1GAP2;DEPTOR;VAV2
GO_Biological_Process_2023,Calcium-Dependent Cell-Cell Adhesion Via Plasma Membrane Cell Adhesion Molecules (GO:0016339),4/38,0.1656171830455529,0.8956491517808324,0,0,1.9661777754580088,3.535337620435222,CDH4;CDHR3;CDH17;PCDHB9
GO_Biological_Process_2023,Negative Regulation Of Macromolecule Metabolic Process (GO:0010605),14/186,0.1690592591067382,0.8956491517808324,0,0,1.3624430055589098,2.421750589679593,PRKAA2;GATA5;PCSK9;UPK3B;ESR1;TTBK1;OLFM1;OCLN;CLDN3;MYCN;CILP;CREB3L1;GPER1;CCDC3
GO_Biological_Process_2023,Arachidonic Acid Metabolic Process (GO:0019369),5/52,0.1694213618233066,0.8956491517808324,0,0,1.7782774649484143,3.157094064456731,PLA2G10;AKR1C3;CYP4F11;CYP2C18;MGLL
GO_Biological_Process_2023,Icosanoid Metabolic Process (GO:0006690),5/52,0.1694213618233066,0.8956491517808324,0,0,1.7782774649484143,3.157094064456731,PLA2G10;CYP4F3;CYP4F11;FADS1;MGLL
GO_Biological_Process_2023,Regulation Of Monoatomic Cation Transmembrane Transport (GO:1904062),4/39,0.1768663086071454,0.8956491517808324,0,0,1.909899860565344,3.308636319614628,WNK3;CACNA1D;PDZK1;GRIN2D
GO_Biological_Process_2023,Carboxylic Acid Transport (GO:0046942),5/53,0.1790002909560505,0.8956491517808324,0,0,1.7411375074008288,2.995396986139333,SLC6A14;SLC3A1;SLC16A8;SLC6A20;SLC16A13
GO_Biological_Process_2023,Spermatid Development (GO:0007286),5/53,0.1790002909560505,0.8956491517808324,0,0,1.7411375074008288,2.995396986139333,PIWIL1;RSPH1;CFAP73;DPY19L2;SOX30
GO_Biological_Process_2023,Tight Junction Assembly (GO:0120192),5/53,0.1790002909560505,0.8956491517808324,0,0,1.7411375074008288,2.995396986139333,CLDN10;CHAF1B;OCLN;CLDN3;POF1B
GO_Biological_Process_2023,Negative Regulation Of Metabolic Process (GO:0009892),5/53,0.1790002909560505,0.8956491517808324,0,0,1.7411375074008288,2.995396986139333,FOXC2;CCDC3;HOXC10;LGR4;MAP2K6
GO_Biological_Process_2023,"Wnt Signaling Pathway, Planar Cell Polarity Pathway (GO:0060071)",3/26,0.1796602904776825,0.8956491517808324,0,0,2.179232192414431,3.7410606345983246,WNT7A;CELSR2;CELSR3
GO_Biological_Process_2023,Regulation Of Vascular Endothelial Growth Factor Production (GO:0010574),3/26,0.1796602904776825,0.8956491517808324,0,0,2.179232192414431,3.7410606345983246,C5;GATA4;BRCA1
GO_Biological_Process_2023,Dendritic Spine Organization (GO:0097061),3/26,0.1796602904776825,0.8956491517808324,0,0,2.179232192414431,3.7410606345983246,ITGA3;CHRNA7;WNT7A
GO_Biological_Process_2023,Negative Regulation Of Lipid Metabolic Process (GO:0045833),3/26,0.1796602904776825,0.8956491517808324,0,0,2.179232192414431,3.7410606345983246,BSCL2;GPER1;CCDC3
GO_Biological_Process_2023,Positive Regulation Of Nuclear Division (GO:0051785),3/26,0.1796602904776825,0.8956491517808324,0,0,2.179232192414431,3.7410606345983246,BTC;LRP5;NUSAP1
GO_Biological_Process_2023,Regulation Of Leukocyte Activation (GO:0002694),2/14,0.18585649495828,0.8956491517808324,0,0,2.783731916149985,4.684409606273399,GPER1;PLA2G10
GO_Biological_Process_2023,Bone Morphogenesis (GO:0060349),2/14,0.18585649495828,0.8956491517808324,0,0,2.783731916149985,4.684409606273399,LRP5;BMPR1B
GO_Biological_Process_2023,Calcium Ion-Regulated Exocytosis Of Neurotransmitter (GO:0048791),2/14,0.18585649495828,0.8956491517808324,0,0,2.783731916149985,4.684409606273399,RIMS2;SYT8
GO_Biological_Process_2023,Regulation Of Sensory Perception Of Pain (GO:0051930),2/14,0.18585649495828,0.8956491517808324,0,0,2.783731916149985,4.684409606273399,CCN3;MGLL
GO_Biological_Process_2023,Regulation Of Transposition (GO:0010528),2/14,0.18585649495828,0.8956491517808324,0,0,2.783731916149985,4.684409606273399,PIWIL1;PIWIL4
GO_Biological_Process_2023,Centromere Complex Assembly (GO:0034508),2/14,0.18585649495828,0.8956491517808324,0,0,2.783731916149985,4.684409606273399,CENPV;OIP5
GO_Biological_Process_2023,Endoderm Development (GO:0007492),2/14,0.18585649495828,0.8956491517808324,0,0,2.783731916149985,4.684409606273399,GATA4;HOXC11
GO_Biological_Process_2023,Establishment Of Apical/Basal Cell Polarity (GO:0035089),2/14,0.18585649495828,0.8956491517808324,0,0,2.783731916149985,4.684409606273399,FOXJ1;SYNE4
GO_Biological_Process_2023,Establishment Of Spindle Localization (GO:0051293),2/14,0.18585649495828,0.8956491517808324,0,0,2.783731916149985,4.684409606273399,NUSAP1;ZBED3
GO_Biological_Process_2023,Synaptonemal Complex Assembly (GO:0007130),2/14,0.18585649495828,0.8956491517808324,0,0,2.783731916149985,4.684409606273399,SYCE2;SYCP2
GO_Biological_Process_2023,Synaptonemal Complex Organization (GO:0070193),2/14,0.18585649495828,0.8956491517808324,0,0,2.783731916149985,4.684409606273399,SYCE2;SYCP2
GO_Biological_Process_2023,Glucosamine-Containing Compound Metabolic Process (GO:1901071),2/14,0.18585649495828,0.8956491517808324,0,0,2.783731916149985,4.684409606273399,MGAT3;LARGE1
GO_Biological_Process_2023,Icosanoid Transport (GO:0071715),2/14,0.18585649495828,0.8956491517808324,0,0,2.783731916149985,4.684409606273399,ABCC3;ABCC6
GO_Biological_Process_2023,Mitotic intra-S DNA Damage Checkpoint Signaling (GO:0031573),2/14,0.18585649495828,0.8956491517808324,0,0,2.783731916149985,4.684409606273399,FANCD2;NEK11
GO_Biological_Process_2023,Photoreceptor Cell Development (GO:0042461),2/14,0.18585649495828,0.8956491517808324,0,0,2.783731916149985,4.684409606273399,RP1;DZANK1
GO_Biological_Process_2023,Positive Regulation Of Histone Acetylation (GO:0035066),2/14,0.18585649495828,0.8956491517808324,0,0,2.783731916149985,4.684409606273399,MUC1;BRCA1
GO_Biological_Process_2023,Regulation Of Branching Involved In Ureteric Bud Morphogenesis (GO:0090189),2/14,0.18585649495828,0.8956491517808324,0,0,2.783731916149985,4.684409606273399,PAX8;PAX2
GO_Biological_Process_2023,Positive Regulation Of Cellular Process (GO:0048522),39/594,0.1863928061131549,0.8956491517808324,0,0,1.1785070785070786,1.9797728288407903,PRKAA2;SLC44A4;MYRF;CDCA7L;CHRNA7;REG1A;LRP5;SCX;MST1R;DBF4B;FOXM1;HOXC10;CXCL5;DPP4;EPB41L4B;SHH;ERBB3;EPCAM;MDK;ERBB4;GPER1;PDGFC;CHEK1;DUOXA2;SLC30A2;AKR1C3;TBC1D8;PRKCA;CDC7;MAPK15;BTC;KITLG;MEIS1;CEACAM6;FKBP1B;FGF18;AQP11;FGFR4;SHANK2
GO_Biological_Process_2023,Endothelial Cell Migration (GO:0043542),4/40,0.1883648080575208,0.8956491517808324,0,0,1.8567484965000491,3.0996090163795293,DPP4;CCN3;S100P;PRSS3
GO_Biological_Process_2023,Positive Regulation Of Insulin Secretion (GO:0032024),4/40,0.1883648080575208,0.8956491517808324,0,0,1.8567484965000491,3.0996090163795293,ANO1;GPER1;CFTR;MCU
GO_Biological_Process_2023,Positive Regulation Of Wound Healing (GO:0090303),4/40,0.1883648080575208,0.8956491517808324,0,0,1.8567484965000491,3.0996090163795293,FOXC2;OCLN;DMTN;CLDN3
GO_Biological_Process_2023,Regulation Of Lipid Metabolic Process (GO:0019216),5/54,0.1887763064572541,0.8956491517808324,0,0,1.7055134664878384,2.843419308764437,HNF4A;RARRES2;RORC;CCDC3;FGFR4
GO_Biological_Process_2023,Apical Junction Assembly (GO:0043297),5/54,0.1887763064572541,0.8956491517808324,0,0,1.7055134664878384,2.843419308764437,CLDN10;CHAF1B;OCLN;CLDN3;POF1B
GO_Biological_Process_2023,Vascular Transport (GO:0010232),7/83,0.188868580901901,0.8956491517808324,0,0,1.539977055628395,2.566685679714068,ABCC3;SLC22A3;SLC2A13;SLC6A20;SLC28A2;SLC4A4;SLC29A2
GO_Biological_Process_2023,DNA Synthesis Involved In DNA Repair (GO:0000731),3/27,0.1941998425782448,0.8956491517808324,0,0,2.0883200354609928,3.422479906179754,RFC3;PCLAF;POLE
GO_Biological_Process_2023,Respiratory Tube Development (GO:0030323),3/27,0.1941998425782448,0.8956491517808324,0,0,2.0883200354609928,3.422479906179754,SHH;ITGA3;CCDC40
GO_Biological_Process_2023,Dorsal/Ventral Pattern Formation (GO:0009953),3/27,0.1941998425782448,0.8956491517808324,0,0,2.0883200354609928,3.422479906179754,SHH;BMPR1B;DSCAML1
GO_Biological_Process_2023,"Synaptic Transmission, Glutamatergic (GO:0035249)",3/27,0.1941998425782448,0.8956491517808324,0,0,2.0883200354609928,3.422479906179754,GRID2;CDHR3;GRIN2D
GO_Biological_Process_2023,Cellular Response To Calcium Ion (GO:0071277),6/69,0.1944529606144338,0.8956491517808324,0,0,1.592042328042328,2.607072783639768,PRKAA2;DMTN;ITPKA;AKR1C3;SYT8;SYT17
GO_Biological_Process_2023,Phospholipid Metabolic Process (GO:0006644),6/69,0.1944529606144338,0.8956491517808324,0,0,1.592042328042328,2.607072783639768,SMPD3;CYP2W1;ACP6;PLA2G10;MBOAT2;FADS1
GO_Biological_Process_2023,Protein Localization (GO:0008104),24/351,0.1945858507671646,0.8956491517808324,0,0,1.2293412230758394,2.012286300091564,PTPRU;GRID2;ARL14;CCDC68;PAM16;RABL2A;USH1C;SHROOM3;FOXJ1;ZDHHC15;PARD3B;REEP1;ANO1;ARL17A;OCLN;NBEA;DUOXA2;NPHP1;MGAT3;RAB19;ANKS4B;RAB17;TMED6;CNTLN
GO_Biological_Process_2023,Phosphatidylcholine Metabolic Process (GO:0046470),5/55,0.1987383735978637,0.8956491517808324,0,0,1.6713143872113676,2.7004530035813974,SLC44A3;MUC1;SLC44A4;PLA2G10;MBOAT2
GO_Biological_Process_2023,Negative Regulation Of Gene Expression (GO:0010629),23/336,0.1991624213867541,0.8956491517808324,0,0,1.230631711283607,1.985789908304172,GRB7;PIWIL1;PIWIL4;PRKAA2;DAPK1;GATA5;UPK3B;ESR1;TTBK1;DHFR;OLFM1;OCLN;CLDN3;MYCN;CILP;CREB3L1;TRIM2;GPER1;CHEK1;IGF2BP1;IGF2BP3;CCDC3;LGR4
GO_Biological_Process_2023,Regulation Of Dendrite Development (GO:0050773),4/41,0.2000937390508239,0.8956491517808324,0,0,1.8064701791409865,2.906555108347862,SARM1;COBL;RAB17;ZDHHC15
GO_Biological_Process_2023,Regulation Of Cell Migration (GO:0030334),29/434,0.2001240542534403,0.8956491517808324,0,0,1.199740090968161,1.930163253861235,GRB7;PTPRU;SEMA3D;SEMA3E;AMOT;SHH;MDK;PODXL;ERBB4;GPER1;PDGFC;MGAT3;SRGAP1;SCAI;CARMIL1;ARHGEF39;PRKCA;SEMA4G;MAPK15;CAMSAP3;VIL1;SH3RF2;CLDN3;TMSB15A;CEACAM6;FGF18;F2RL1;LGR6;SMIM22
GO_Biological_Process_2023,Calcium-Mediated Signaling (GO:0019722),7/85,0.2047923679840252,0.8956491517808324,0,0,1.5003307783556894,2.379162512960754,DMTN;FKBP1B;PLCE1;NMUR2;TNNI3;PPP1R9A;MCU
GO_Biological_Process_2023,Transport Across Blood-Brain Barrier (GO:0150104),7/85,0.2047923679840252,0.8956491517808324,0,0,1.5003307783556894,2.379162512960754,ABCC3;SLC22A3;SLC2A13;SLC6A20;SLC28A2;SLC4A4;SLC29A2
GO_Biological_Process_2023,Integrin-Mediated Signaling Pathway (GO:0007229),7/85,0.2047923679840252,0.8956491517808324,0,0,1.5003307783556894,2.379162512960754,FYB2;ITGA3;ITGA2B;NME2;ITGA7;ITGB6;CDH17
GO_Biological_Process_2023,DNA Double-Strand Break Processing (GO:0000729),2/15,0.206867119876151,0.8956491517808324,0,0,2.569462424201131,4.04864701906468,SLX1A;DNA2
GO_Biological_Process_2023,N-acetylglucosamine Metabolic Process (GO:0006044),2/15,0.206867119876151,0.8956491517808324,0,0,2.569462424201131,4.04864701906468,MGAT3;LARGE1
GO_Biological_Process_2023,Cellular Glucuronidation (GO:0052695),2/15,0.206867119876151,0.8956491517808324,0,0,2.569462424201131,4.04864701906468,UGT2B15;UGT2B7
GO_Biological_Process_2023,Regulation Of Systemic Arterial Blood Pressure (GO:0003073),2/15,0.206867119876151,0.8956491517808324,0,0,2.569462424201131,4.04864701906468,KLK1;DDAH1
GO_Biological_Process_2023,Renal Filtration (GO:0097205),2/15,0.206867119876151,0.8956491517808324,0,0,2.569462424201131,4.04864701906468,TBC1D8B;ITGA3
GO_Biological_Process_2023,Stem Cell Development (GO:0048864),2/15,0.206867119876151,0.8956491517808324,0,0,2.569462424201131,4.04864701906468,SHH;WNT7A
GO_Biological_Process_2023,Glucuronate Metabolic Process (GO:0019585),2/15,0.206867119876151,0.8956491517808324,0,0,2.569462424201131,4.04864701906468,UGT2B15;UGT2B7
GO_Biological_Process_2023,Intracellular Sterol Transport (GO:0032366),2/15,0.206867119876151,0.8956491517808324,0,0,2.569462424201131,4.04864701906468,GRAMD1C;GRAMD1B
GO_Biological_Process_2023,Nitric Oxide Biosynthetic Process (GO:0006809),2/15,0.206867119876151,0.8956491517808324,0,0,2.569462424201131,4.04864701906468,NQO1;MTARC1
GO_Biological_Process_2023,Polyol Biosynthetic Process (GO:0046173),2/15,0.206867119876151,0.8956491517808324,0,0,2.569462424201131,4.04864701906468,ISYNA1;ITPKA
GO_Biological_Process_2023,Positive Regulation Of Collagen Biosynthetic Process (GO:0032967),2/15,0.206867119876151,0.8956491517808324,0,0,2.569462424201131,4.04864701906468,CREB3L1;SCX
GO_Biological_Process_2023,Positive Regulation Of Secretion (GO:0051047),2/15,0.206867119876151,0.8956491517808324,0,0,2.569462424201131,4.04864701906468,SCIN;NPR1
GO_Biological_Process_2023,Protein Localization To Microtubule Organizing Center (GO:1905508),2/15,0.206867119876151,0.8956491517808324,0,0,2.569462424201131,4.04864701906468,STIL;CCDC14
GO_Biological_Process_2023,Regulation Of Carbohydrate Metabolic Process (GO:0006109),2/15,0.206867119876151,0.8956491517808324,0,0,2.569462424201131,4.04864701906468,RORC;PDK4
GO_Biological_Process_2023,Synapse Organization (GO:0050808),10/131,0.2072541840328507,0.8956491517808324,0,0,1.3821779550430917,2.1752845155251035,PPFIBP2;FZD5;SLITRK2;FLRT3;CHRNA7;DOK7;SLITRK6;SEMA3E;PCDHB9;SHANK2
GO_Biological_Process_2023,Regulation Of Reactive Oxygen Species Metabolic Process (GO:2000377),5/56,0.2088752581636875,0.8956491517808324,0,0,1.63845644829868,2.565852382161296,AKR1C3;NOXO1;BRCA1;FOXM1;PAX2
GO_Biological_Process_2023,Establishment Of Endothelial Barrier (GO:0061028),3/28,0.2090157293108119,0.8956491517808324,0,0,2.0046808510638296,3.13801869039044,CLDN3;F2RL1;TJP3
GO_Biological_Process_2023,Limb Development (GO:0060173),3/28,0.2090157293108119,0.8956491517808324,0,0,2.0046808510638296,3.13801869039044,SMOC1;IFT122;KREMEN2
GO_Biological_Process_2023,Negative Regulation Of Actin Filament Bundle Assembly (GO:0032232),3/28,0.2090157293108119,0.8956491517808324,0,0,2.0046808510638296,3.13801869039044,RHPN1;RHPN2;CGNL1
GO_Biological_Process_2023,Regulation Of Cilium Assembly (GO:1902017),6/71,0.2123224163676656,0.8956491517808324,0,0,1.5428923076923078,2.390942027299344,TBC1D8;KIF24;DCDC2;WDPCP;MAPK15;CDKL1
GO_Biological_Process_2023,Cell-Cell Junction Assembly (GO:0007043),6/71,0.2123224163676656,0.8956491517808324,0,0,1.5428923076923078,2.390942027299344,CDH4;GJB1;CDHR3;PRKCA;TLN2;CDH17
GO_Biological_Process_2023,Positive Regulation Of Transcription By RNA Polymerase II (GO:0045944),59/938,0.212590261549888,0.8956491517808324,0,0,1.1264178255480275,1.7441325430835048,ONECUT2;HNF4G;SCX;BRCA1;FOXM1;HOXC11;HOXC10;SHH;HNF4A;GPER1;MYB;MYBL2;NME2;RFX3;HNF1B;ETV1;PAX6;LMO7;HNF1A;EBF4;ETV4;POU5F1;PAX2;TOX3;MYCN;PAX8;TFR2;HOXB3;FOXC2;UHRF1;GATA6;LRP5;GATA5;GATA4;MUC1;EPCAM;E2F1;HOXC4;OTX1;E2F7;ZNF300;E2F8;ZBED3;FZD5;WNT7A;FOXJ1;HMGA2;NR2F2;SMARCA1;ESR1;SOX30;MEIS1;NFIB;TLX2;F2RL1;MELTF;BMPR1B;FOXA3;FOXA2
GO_Biological_Process_2023,Regulation Of Establishment Of Planar Polarity (GO:0090175),3/29,0.2240701446324271,0.8956491517808324,0,0,1.927475450081833,2.88311031980157,WNT7A;CELSR2;CELSR3
GO_Biological_Process_2023,RNA-mediated Gene Silencing (GO:0031047),3/29,0.2240701446324271,0.8956491517808324,0,0,1.927475450081833,2.88311031980157,PIWIL1;PIWIL4;MOV10L1
GO_Biological_Process_2023,Lipid Droplet Organization (GO:0034389),3/29,0.2240701446324271,0.8956491517808324,0,0,1.927475450081833,2.88311031980157,BSCL2;PRKAA2;SMIM22
GO_Biological_Process_2023,Negative Regulation Of Plasma Membrane Bounded Cell Projection Assembly (GO:0120033),3/29,0.2240701446324271,0.8956491517808324,0,0,1.927475450081833,2.88311031980157,ARHGAP44;KIF24;RAP1GAP
GO_Biological_Process_2023,Peptidyl-Tyrosine Dephosphorylation (GO:0035335),3/29,0.2240701446324271,0.8956491517808324,0,0,1.927475450081833,2.88311031980157,PTPRR;PTPRB;DUSP18
GO_Biological_Process_2023,Regulation Of Filopodium Assembly (GO:0051489),4/43,0.2241667701765933,0.8956491517808324,0,0,1.7136486701704092,2.562530234107282,ARHGAP44;DMTN;MYO3A;RAB17
GO_Biological_Process_2023,Ephrin Receptor Signaling Pathway (GO:0048013),4/43,0.2241667701765933,0.8956491517808324,0,0,1.7136486701704092,2.562530234107282,EFNA2;EPHA10;ARHGEF28;NGEF
GO_Biological_Process_2023,Glycolipid Biosynthetic Process (GO:0009247),4/43,0.2241667701765933,0.8956491517808324,0,0,1.7136486701704092,2.562530234107282,FUT6;PGAP4;PIGM;LARGE1
GO_Biological_Process_2023,Neurotransmitter Secretion (GO:0007269),4/43,0.2241667701765933,0.8956491517808324,0,0,1.7136486701704092,2.562530234107282,RIMS2;RPH3AL;DOC2A;CPLX1
GO_Biological_Process_2023,Apoptotic Nuclear Changes (GO:0030262),2/16,0.2281067836063239,0.8956491517808324,0,0,2.3858028596735417,3.526076843644708,ERN2;GPER1
GO_Biological_Process_2023,Regulation Of Presynapse Assembly (GO:1905606),2/16,0.2281067836063239,0.8956491517808324,0,0,2.3858028596735417,3.526076843644708,SLITRK2;WNT7A
GO_Biological_Process_2023,Regulation Of Presynapse Organization (GO:0099174),2/16,0.2281067836063239,0.8956491517808324,0,0,2.3858028596735417,3.526076843644708,SLITRK2;WNT7A
GO_Biological_Process_2023,Regulation Of Secretion (GO:0051046),2/16,0.2281067836063239,0.8956491517808324,0,0,2.3858028596735417,3.526076843644708,SCIN;ERBB3
GO_Biological_Process_2023,Regulation Of Stem Cell Proliferation (GO:0072091),2/16,0.2281067836063239,0.8956491517808324,0,0,2.3858028596735417,3.526076843644708,EPCAM;HMGA2
GO_Biological_Process_2023,Cellular Response To Fatty Acid (GO:0071398),2/16,0.2281067836063239,0.8956491517808324,0,0,2.3858028596735417,3.526076843644708,AKR1C3;PDK4
GO_Biological_Process_2023,Cellular Response To Nitrogen Compound (GO:1901699),2/16,0.2281067836063239,0.8956491517808324,0,0,2.3858028596735417,3.526076843644708,CPS1;TIMELESS
GO_Biological_Process_2023,Retinal Metabolic Process (GO:0042574),2/16,0.2281067836063239,0.8956491517808324,0,0,2.3858028596735417,3.526076843644708,AKR1C3;BCO1
GO_Biological_Process_2023,Ruffle Organization (GO:0031529),2/16,0.2281067836063239,0.8956491517808324,0,0,2.3858028596735417,3.526076843644708,CARMIL1;AIF1L
GO_Biological_Process_2023,"Synaptic Transmission, Cholinergic (GO:0007271)",2/16,0.2281067836063239,0.8956491517808324,0,0,2.3858028596735417,3.526076843644708,NQO1;CHRNA7
GO_Biological_Process_2023,Intraciliary Anterograde Transport (GO:0035720),2/16,0.2281067836063239,0.8956491517808324,0,0,2.3858028596735417,3.526076843644708,TTC26;IFT172
GO_Biological_Process_2023,Mesonephric Tubule Development (GO:0072164),2/16,0.2281067836063239,0.8956491517808324,0,0,2.3858028596735417,3.526076843644708,ROBO2;NPNT
GO_Biological_Process_2023,Negative Regulation Of ATP-dependent Activity (GO:0032780),2/16,0.2281067836063239,0.8956491517808324,0,0,2.3858028596735417,3.526076843644708,PAM16;TNNI3
GO_Biological_Process_2023,Negative Regulation Of Anoikis (GO:2000811),2/16,0.2281067836063239,0.8956491517808324,0,0,2.3858028596735417,3.526076843644708,CEACAM6;PDK4
GO_Biological_Process_2023,Negative Regulation Of Phosphatase Activity (GO:0010923),2/16,0.2281067836063239,0.8956491517808324,0,0,2.3858028596735417,3.526076843644708,FKBP1B;PPP1R1B
GO_Biological_Process_2023,Neuron Projection Organization (GO:0106027),2/16,0.2281067836063239,0.8956491517808324,0,0,2.3858028596735417,3.526076843644708,CHRNA7;PLS1
GO_Biological_Process_2023,Oligodendrocyte Development (GO:0014003),2/16,0.2281067836063239,0.8956491517808324,0,0,2.3858028596735417,3.526076843644708,MYRF;ZNF488
GO_Biological_Process_2023,Positive Regulation Of Collagen Metabolic Process (GO:0010714),2/16,0.2281067836063239,0.8956491517808324,0,0,2.3858028596735417,3.526076843644708,CREB3L1;SCX
GO_Biological_Process_2023,Positive Regulation Of Muscle Hypertrophy (GO:0014742),2/16,0.2281067836063239,0.8956491517808324,0,0,2.3858028596735417,3.526076843644708,PRKCA;PDE9A
GO_Biological_Process_2023,Positive Regulation Of Stem Cell Proliferation (GO:2000648),2/16,0.2281067836063239,0.8956491517808324,0,0,2.3858028596735417,3.526076843644708,EPCAM;HMGA2
GO_Biological_Process_2023,Positive Regulation Of Telomere Capping (GO:1904355),2/16,0.2281067836063239,0.8956491517808324,0,0,2.3858028596735417,3.526076843644708,NEK2;MAPK15
GO_Biological_Process_2023,Regulation Of Double-Strand Break Repair (GO:2000779),7/88,0.2295803994415635,0.8956491517808324,0,0,1.4445323140459558,2.125632169633932,RAD51AP1;ZCWPW1;RAD51;CHEK1;TIMELESS;SPIRE2;FOXM1
GO_Biological_Process_2023,Positive Regulation Of Cell Adhesion (GO:0045785),7/88,0.2295803994415635,0.8956491517808324,0,0,1.4445323140459558,2.125632169633932,MAGI1;EPB41L4B;FOXC2;MDK;AGR2;PRKCA;NPNT
GO_Biological_Process_2023,Renal System Development (GO:0072001),5/58,0.2296278089562619,0.8956491517808324,0,0,1.5764603371426655,2.3194390042600945,HELLS;PAX8;PCSK9;HNF1B;PAX2
GO_Biological_Process_2023,Peptidyl-Threonine Phosphorylation (GO:0018107),5/58,0.2296278089562619,0.8956491517808324,0,0,1.5764603371426655,2.3194390042600945,CHEK1;WNK3;PRKCA;CDC42BPA;TTBK1
GO_Biological_Process_2023,Positive Regulation Of Angiogenesis (GO:0045766),9/119,0.2311662732449292,0.8956491517808324,0,0,1.3679387457462324,2.003507750672756,FOXC2;MDK;CHRNA7;FGF18;GATA6;HMGA2;PRKCA;GATA4;BRCA1
GO_Biological_Process_2023,Regulation Of Insulin Receptor Signaling Pathway (GO:0046626),4/44,0.2364728858885674,0.8956491517808324,0,0,1.6707187222715174,2.4090456220548235,GRB7;ENPP1;VWA2;ERFE
GO_Biological_Process_2023,Embryonic Organ Morphogenesis (GO:0048562),4/44,0.2364728858885674,0.8956491517808324,0,0,1.6707187222715174,2.4090456220548235,HOXC4;HOXB3;HOXC9;DSCAML1
GO_Biological_Process_2023,DNA Geometric Change (GO:0032392),3/30,0.2393264152282248,0.8956491517808324,0,0,1.8559889676910957,2.653928559823372,RECQL4;MCM8;DNA2
GO_Biological_Process_2023,Nucleic Acid Metabolic Process (GO:0090304),3/30,0.2393264152282248,0.8956491517808324,0,0,1.8559889676910957,2.653928559823372,NT5E;ENPP1;DNA2
GO_Biological_Process_2023,Gland Development (GO:0048732),6/74,0.2401222260281687,0.8956491517808324,0,0,1.4745882352941178,2.1036582084867206,SHH;WNT10A;PAX8;MDK;PCSK9;COBL
GO_Biological_Process_2023,Chordate Embryonic Development (GO:0043009),5/59,0.2402203985077114,0.8956491517808324,0,0,1.5471843957634366,2.206591986992235,PTPRR;STIL;ALDH1A2;WDPCP;BRCA1
GO_Biological_Process_2023,Phospholipid Transport (GO:0015914),5/59,0.2402203985077114,0.8956491517808324,0,0,1.5471843957634366,2.206591986992235,PRELID2;ATP8B3;ABCA3;PLA2G10;ATP9A
GO_Biological_Process_2023,protein-DNA Complex Assembly (GO:0065004),5/59,0.2402203985077114,0.8956491517808324,0,0,1.5471843957634366,2.206591986992235,CHAF1B;CENPV;RAD51;DMC1;ASF1B
GO_Biological_Process_2023,Regulation Of Intracellular Signal Transduction (GO:1902531),20/297,0.2406923752429255,0.8956491517808324,0,0,1.2082652308552155,1.7208543706746129,ARHGAP11B;ARHGEF10;PLEKHG4;WWC1;ARHGEF28;FAM13A;ARHGAP29;GATA4;SEZ6L2;MOB3B;VAV2;ARHGAP44;FGD5;OBSCN;CHEK1;F2RL1;PIP5K1B;FBXL2;NGEF;MAP2K6
GO_Biological_Process_2023,Regulation Of Neuron Apoptotic Process (GO:0043523),8/105,0.242774974437232,0.8956491517808324,0,0,1.3786341812707126,1.95162252748464,TOX3;GRID2;ERBB3;MDK;TRIM2;PCSK9;SEMA3E;NFATC4
GO_Biological_Process_2023,Regulation Of Phosphatidylinositol 3-Kinase Signaling (GO:0014066),7/90,0.246642390529039,0.8956491517808324,0,0,1.4095742400205806,1.973144296780413,ERBB3;GPER1;PDGFC;F2RL1;SEMA3E;PIP5K1B;FBXL2
GO_Biological_Process_2023,Organic Hydroxy Compound Transport (GO:0015850),4/45,0.248933618884091,0.8956491517808324,0,0,1.6298829181725714,2.266464674123493,ABCC3;SLC22A3;SLC2A13;SLC16A8
GO_Biological_Process_2023,DNA Biosynthetic Process (GO:0071897),2/17,0.2494824909653603,0.8956491517808324,0,0,2.226631237082964,3.0913803125959864,RFC3;POLE
GO_Biological_Process_2023,Regulation Of Hematopoietic Progenitor Cell Differentiation (GO:1901532),2/17,0.2494824909653603,0.8956491517808324,0,0,2.226631237082964,3.0913803125959864,KITLG;MYB
GO_Biological_Process_2023,Regulation Of Leukocyte Chemotaxis (GO:0002688),2/17,0.2494824909653603,0.8956491517808324,0,0,2.226631237082964,3.0913803125959864,MDK;F2RL1
GO_Biological_Process_2023,Carbohydrate Derivative Transport (GO:1901264),2/17,0.2494824909653603,0.8956491517808324,0,0,2.226631237082964,3.0913803125959864,PLA2G10;SLC29A2
GO_Biological_Process_2023,Carboxylic Acid Biosynthetic Process (GO:0046394),2/17,0.2494824909653603,0.8956491517808324,0,0,2.226631237082964,3.0913803125959864,CARNS1;FADS1
GO_Biological_Process_2023,Regulation Of Receptor Recycling (GO:0001919),2/17,0.2494824909653603,0.8956491517808324,0,0,2.226631237082964,3.0913803125959864,PCSK9;BVES
GO_Biological_Process_2023,Diol Biosynthetic Process (GO:0034312),2/17,0.2494824909653603,0.8956491517808324,0,0,2.226631237082964,3.0913803125959864,DHFR;SPTSSB
GO_Biological_Process_2023,Embryo Development Ending In Birth Or Egg Hatching (GO:0009792),2/17,0.2494824909653603,0.8956491517808324,0,0,2.226631237082964,3.0913803125959864,CAMSAP3;CELF4
GO_Biological_Process_2023,Mesenchyme Development (GO:0060485),2/17,0.2494824909653603,0.8956491517808324,0,0,2.226631237082964,3.0913803125959864,HMGA2;GATA4
GO_Biological_Process_2023,Negative Regulation Of Rho Protein Signal Transduction (GO:0035024),2/17,0.2494824909653603,0.8956491517808324,0,0,2.226631237082964,3.0913803125959864,ITGA3;SCAI
GO_Biological_Process_2023,Negative Regulation Of Insulin Secretion (GO:0046676),2/17,0.2494824909653603,0.8956491517808324,0,0,2.226631237082964,3.0913803125959864,CHGA;CCN3
GO_Biological_Process_2023,Negative Regulation Of Striated Muscle Cell Differentiation (GO:0051154),2/17,0.2494824909653603,0.8956491517808324,0,0,2.226631237082964,3.0913803125959864,CCN3;SOX6
GO_Biological_Process_2023,Negative Regulation Of Vascular Associated Smooth Muscle Cell Proliferation (GO:1904706),2/17,0.2494824909653603,0.8956491517808324,0,0,2.226631237082964,3.0913803125959864,GPER1;PRKG1
GO_Biological_Process_2023,Neural Tube Development (GO:0021915),2/17,0.2494824909653603,0.8956491517808324,0,0,2.226631237082964,3.0913803125959864,STIL;WDPCP
GO_Biological_Process_2023,Positive Regulation Of Amyloid-Beta Formation (GO:1902004),2/17,0.2494824909653603,0.8956491517808324,0,0,2.226631237082964,3.0913803125959864,CHRNA7;SLC2A13
GO_Biological_Process_2023,Positive Regulation Of Cardiac Muscle Hypertrophy (GO:0010613),2/17,0.2494824909653603,0.8956491517808324,0,0,2.226631237082964,3.0913803125959864,PRKCA;PDE9A
GO_Biological_Process_2023,Positive Regulation Of Cell Adhesion Mediated By Integrin (GO:0033630),2/17,0.2494824909653603,0.8956491517808324,0,0,2.226631237082964,3.0913803125959864,FOXC2;PODXL
GO_Biological_Process_2023,Positive Regulation Of Leukocyte Adhesion To Vascular Endothelial Cell (GO:1904996),2/17,0.2494824909653603,0.8956491517808324,0,0,2.226631237082964,3.0913803125959864,MDK;FUT4
GO_Biological_Process_2023,Positive Regulation Of Peptidyl-Lysine Acetylation (GO:2000758),2/17,0.2494824909653603,0.8956491517808324,0,0,2.226631237082964,3.0913803125959864,PRKAA2;BRCA1
GO_Biological_Process_2023,Positive Regulation Of Transcription From RNA Polymerase II Promoter In Response To Stress (GO:0036003),2/17,0.2494824909653603,0.8956491517808324,0,0,2.226631237082964,3.0913803125959864,MUC1;CREB3L1
GO_Biological_Process_2023,Protein Localization To Centrosome (GO:0071539),2/17,0.2494824909653603,0.8956491517808324,0,0,2.226631237082964,3.0913803125959864,STIL;CCDC14
GO_Biological_Process_2023,Regulation Of DNA-templated DNA Replication (GO:0090329),2/17,0.2494824909653603,0.8956491517808324,0,0,2.226631237082964,3.0913803125959864,CDT1;MCM4
GO_Biological_Process_2023,Response To Retinoic Acid (GO:0032526),5/60,0.2509417311265885,0.8956491517808324,0,0,1.518973034070725,2.100032644992468,LTK;ALDH1A2;HSD17B2;GATA6;PAX2
GO_Biological_Process_2023,Positive Regulation Of GTPase Activity (GO:0043547),16/234,0.2515426630288857,0.8956491517808324,0,0,1.2276957255111696,1.6943952559639663,TBC1D8B;RAP1GAP2;DOCK6;ARHGAP11B;ARHGEF10;TBC1D8;ARHGAP29;FOXJ1;RAP1GAP;AGAP9;ARHGAP42;F2RL1;RGL3;RGS11;NGEF;RALGPS1
GO_Biological_Process_2023,C-terminal Protein Deglutamylation (GO:0035609),1/5,0.2525507983388458,0.8956491517808324,0,0,4.173672566371682,5.743569739590676,AGBL5
GO_Biological_Process_2023,DNA Double-Strand Break Processing Involved In Repair Via Single-Strand Annealing (GO:0010792),1/5,0.2525507983388458,0.8956491517808324,0,0,4.173672566371682,5.743569739590676,SLX1A
GO_Biological_Process_2023,DNA Methylation Involved In Embryo Development (GO:0043045),1/5,0.2525507983388458,0.8956491517808324,0,0,4.173672566371682,5.743569739590676,STPG4
GO_Biological_Process_2023,Regulation Of Enamel Mineralization (GO:0070173),1/5,0.2525507983388458,0.8956491517808324,0,0,4.173672566371682,5.743569739590676,CFTR
GO_Biological_Process_2023,Regulation Of Excitatory Synapse Assembly (GO:1904889),1/5,0.2525507983388458,0.8956491517808324,0,0,4.173672566371682,5.743569739590676,WNT7A
GO_Biological_Process_2023,L-ascorbic Acid Metabolic Process (GO:0019852),1/5,0.2525507983388458,0.8956491517808324,0,0,4.173672566371682,5.743569739590676,GSTO2
GO_Biological_Process_2023,L-phenylalanine Catabolic Process (GO:0006559),1/5,0.2525507983388458,0.8956491517808324,0,0,4.173672566371682,5.743569739590676,HGD
GO_Biological_Process_2023,L-phenylalanine Metabolic Process (GO:0006558),1/5,0.2525507983388458,0.8956491517808324,0,0,4.173672566371682,5.743569739590676,HGD
GO_Biological_Process_2023,Regulation Of Glomerular Filtration (GO:0003093),1/5,0.2525507983388458,0.8956491517808324,0,0,4.173672566371682,5.743569739590676,F2RL1
GO_Biological_Process_2023,Regulation Of Hepatocyte Proliferation (GO:2000345),1/5,0.2525507983388458,0.8956491517808324,0,0,4.173672566371682,5.743569739590676,MDK
GO_Biological_Process_2023,Regulation Of Hydrogen Peroxide Metabolic Process (GO:0010310),1/5,0.2525507983388458,0.8956491517808324,0,0,4.173672566371682,5.743569739590676,NOXO1
GO_Biological_Process_2023,T-helper 2 Cell Differentiation (GO:0045064),1/5,0.2525507983388458,0.8956491517808324,0,0,4.173672566371682,5.743569739590676,MYB
GO_Biological_Process_2023,Regulation Of Monoatomic Anion Transport (GO:0044070),1/5,0.2525507983388458,0.8956491517808324,0,0,4.173672566371682,5.743569739590676,PDZK1
GO_Biological_Process_2023,Regulation Of Neutrophil Extravasation (GO:2000389),1/5,0.2525507983388458,0.8956491517808324,0,0,4.173672566371682,5.743569739590676,MDK
GO_Biological_Process_2023,Basic Amino Acid Transport (GO:0015802),1/5,0.2525507983388458,0.8956491517808324,0,0,4.173672566371682,5.743569739590676,SLC3A1
GO_Biological_Process_2023,Bundle Of His cell-Purkinje Myocyte Adhesion Involved In Cell Communication (GO:0086073),1/5,0.2525507983388458,0.8956491517808324,0,0,4.173672566371682,5.743569739590676,DSG2
GO_Biological_Process_2023,Regulation Of Plasma Membrane Repair (GO:1905684),1/5,0.2525507983388458,0.8956491517808324,0,0,4.173672566371682,5.743569739590676,SYTL4
GO_Biological_Process_2023,Regulation Of Relaxation Of Cardiac Muscle (GO:1901897),1/5,0.2525507983388458,0.8956491517808324,0,0,4.173672566371682,5.743569739590676,CHGA
GO_Biological_Process_2023,Regulation Of Renal Sodium Excretion (GO:0035813),1/5,0.2525507983388458,0.8956491517808324,0,0,4.173672566371682,5.743569739590676,NPR1
GO_Biological_Process_2023,"Regulation Of Retrograde Transport, Endosome To Golgi (GO:1905279)",1/5,0.2525507983388458,0.8956491517808324,0,0,4.173672566371682,5.743569739590676,ATP9A
GO_Biological_Process_2023,Regulation Of Superoxide Metabolic Process (GO:0090322),1/5,0.2525507983388458,0.8956491517808324,0,0,4.173672566371682,5.743569739590676,DHFR
GO_Biological_Process_2023,Regulation Of T-Circle Formation (GO:1904429),1/5,0.2525507983388458,0.8956491517808324,0,0,4.173672566371682,5.743569739590676,SLX1A
GO_Biological_Process_2023,Cellular Response To Iron Ion (GO:0071281),1/5,0.2525507983388458,0.8956491517808324,0,0,4.173672566371682,5.743569739590676,TFR2
GO_Biological_Process_2023,Centromeric Sister Chromatid Cohesion (GO:0070601),1/5,0.2525507983388458,0.8956491517808324,0,0,4.173672566371682,5.743569739590676,SGO1
GO_Biological_Process_2023,Choline Metabolic Process (GO:0019695),1/5,0.2525507983388458,0.8956491517808324,0,0,4.173672566371682,5.743569739590676,CHDH
GO_Biological_Process_2023,Reproductive System Development (GO:0061458),1/5,0.2525507983388458,0.8956491517808324,0,0,4.173672566371682,5.743569739590676,SHH
GO_Biological_Process_2023,Response To Bile Acid (GO:1903412),1/5,0.2525507983388458,0.8956491517808324,0,0,4.173672566371682,5.743569739590676,FGFR4
GO_Biological_Process_2023,Response To Gonadotropin (GO:0034698),1/5,0.2525507983388458,0.8956491517808324,0,0,4.173672566371682,5.743569739590676,PAX8
GO_Biological_Process_2023,Response To Peptidoglycan (GO:0032494),1/5,0.2525507983388458,0.8956491517808324,0,0,4.173672566371682,5.743569739590676,INAVA
GO_Biological_Process_2023,Detection Of Molecule Of Bacterial Origin (GO:0032490),1/5,0.2525507983388458,0.8956491517808324,0,0,4.173672566371682,5.743569739590676,SSC5D
GO_Biological_Process_2023,Retinal Ganglion Cell Axon Guidance (GO:0031290),1/5,0.2525507983388458,0.8956491517808324,0,0,4.173672566371682,5.743569739590676,ROBO2
GO_Biological_Process_2023,Determination Of Liver Left/Right Asymmetry (GO:0071910),1/5,0.2525507983388458,0.8956491517808324,0,0,4.173672566371682,5.743569739590676,CCDC40
GO_Biological_Process_2023,Ruffle Assembly (GO:0097178),1/5,0.2525507983388458,0.8956491517808324,0,0,4.173672566371682,5.743569739590676,AIF1L
GO_Biological_Process_2023,Double-Strand Break Repair Via Single-Strand Annealing (GO:0045002),1/5,0.2525507983388458,0.8956491517808324,0,0,4.173672566371682,5.743569739590676,SLX1A
GO_Biological_Process_2023,Embryonic Hindlimb Morphogenesis (GO:0035116),1/5,0.2525507983388458,0.8956491517808324,0,0,4.173672566371682,5.743569739590676,WNT7A
GO_Biological_Process_2023,Equilibrioception (GO:0050957),1/5,0.2525507983388458,0.8956491517808324,0,0,4.173672566371682,5.743569739590676,USH1C
GO_Biological_Process_2023,Erythrose 4-Phosphate/Phosphoenolpyruvate Family Amino Acid Catabolic Process (GO:1902222),1/5,0.2525507983388458,0.8956491517808324,0,0,4.173672566371682,5.743569739590676,HGD
GO_Biological_Process_2023,Establishment Of Protein Localization To Telomere (GO:0070200),1/5,0.2525507983388458,0.8956491517808324,0,0,4.173672566371682,5.743569739590676,BRCA2
GO_Biological_Process_2023,tRNA Catabolic Process (GO:0016078),1/5,0.2525507983388458,0.8956491517808324,0,0,4.173672566371682,5.743569739590676,SLFN13
GO_Biological_Process_2023,Female Gonad Development (GO:0008585),1/5,0.2525507983388458,0.8956491517808324,0,0,4.173672566371682,5.743569739590676,NR2F2
GO_Biological_Process_2023,Thiamine Transmembrane Transport (GO:0071934),1/5,0.2525507983388458,0.8956491517808324,0,0,4.173672566371682,5.743569739590676,SLC44A4
GO_Biological_Process_2023,Gastrulation With Mouth Forming Second (GO:0001702),1/5,0.2525507983388458,0.8956491517808324,0,0,4.173672566371682,5.743569739590676,LRP5
GO_Biological_Process_2023,Transmembrane Receptor Protein Tyrosine Phosphatase Signaling Pathway (GO:0007185),1/5,0.2525507983388458,0.8956491517808324,0,0,4.173672566371682,5.743569739590676,PTPRU
GO_Biological_Process_2023,Type B Pancreatic Cell Proliferation (GO:0044342),1/5,0.2525507983388458,0.8956491517808324,0,0,4.173672566371682,5.743569739590676,CCN3
GO_Biological_Process_2023,Urea Cycle (GO:0000050),1/5,0.2525507983388458,0.8956491517808324,0,0,4.173672566371682,5.743569739590676,CPS1
GO_Biological_Process_2023,Heme Transport (GO:0015886),1/5,0.2525507983388458,0.8956491517808324,0,0,4.173672566371682,5.743569739590676,FLVCR1
GO_Biological_Process_2023,Hexose Catabolic Process (GO:0019320),1/5,0.2525507983388458,0.8956491517808324,0,0,4.173672566371682,5.743569739590676,LRP5
GO_Biological_Process_2023,Histamine Metabolic Process (GO:0001692),1/5,0.2525507983388458,0.8956491517808324,0,0,4.173672566371682,5.743569739590676,SLC22A3
GO_Biological_Process_2023,Inner Ear Auditory Receptor Cell Differentiation (GO:0042491),1/5,0.2525507983388458,0.8956491517808324,0,0,4.173672566371682,5.743569739590676,USH1C
GO_Biological_Process_2023,Intracellular Water Homeostasis (GO:0009992),1/5,0.2525507983388458,0.8956491517808324,0,0,4.173672566371682,5.743569739590676,AQP11
GO_Biological_Process_2023,Iron Coordination Entity Transport (GO:1901678),1/5,0.2525507983388458,0.8956491517808324,0,0,4.173672566371682,5.743569739590676,FLVCR1
GO_Biological_Process_2023,Leukocyte Chemotaxis Involved In Inflammatory Response (GO:0002232),1/5,0.2525507983388458,0.8956491517808324,0,0,4.173672566371682,5.743569739590676,MDK
GO_Biological_Process_2023,Lipid Droplet Disassembly (GO:1905691),1/5,0.2525507983388458,0.8956491517808324,0,0,4.173672566371682,5.743569739590676,PRKAA2
GO_Biological_Process_2023,Lipoprotein Metabolic Process (GO:0042157),1/5,0.2525507983388458,0.8956491517808324,0,0,4.173672566371682,5.743569739590676,NPC1L1
GO_Biological_Process_2023,Maintenance Of DNA Repeat Elements (GO:0043570),1/5,0.2525507983388458,0.8956491517808324,0,0,4.173672566371682,5.743569739590676,RMI2
GO_Biological_Process_2023,Mesenchymal Cell Differentiation Involved In Kidney Development (GO:0072161),1/5,0.2525507983388458,0.8956491517808324,0,0,4.173672566371682,5.743569739590676,PAX2
GO_Biological_Process_2023,Mitochondrial Protein Catabolic Process (GO:0035694),1/5,0.2525507983388458,0.8956491517808324,0,0,4.173672566371682,5.743569739590676,SPATA18
GO_Biological_Process_2023,Negative Regulation Of Cardiac Muscle Cell Apoptotic Process (GO:0010667),1/5,0.2525507983388458,0.8956491517808324,0,0,4.173672566371682,5.743569739590676,MDK
GO_Biological_Process_2023,Negative Regulation Of Cardiac Muscle Cell Differentiation (GO:2000726),1/5,0.2525507983388458,0.8956491517808324,0,0,4.173672566371682,5.743569739590676,SOX6
GO_Biological_Process_2023,Negative Regulation Of Cell Size (GO:0045792),1/5,0.2525507983388458,0.8956491517808324,0,0,4.173672566371682,5.743569739590676,DEPTOR
GO_Biological_Process_2023,Negative Regulation Of Insulin-Like Growth Factor Receptor Signaling Pathway (GO:0043569),1/5,0.2525507983388458,0.8956491517808324,0,0,4.173672566371682,5.743569739590676,CILP
GO_Biological_Process_2023,Negative Regulation Of Neuron Migration (GO:2001223),1/5,0.2525507983388458,0.8956491517808324,0,0,4.173672566371682,5.743569739590676,NEXMIF
GO_Biological_Process_2023,Nephron Tubule Development (GO:0072080),1/5,0.2525507983388458,0.8956491517808324,0,0,4.173672566371682,5.743569739590676,HNF1B
GO_Biological_Process_2023,Neuroblast Proliferation (GO:0007405),1/5,0.2525507983388458,0.8956491517808324,0,0,4.173672566371682,5.743569739590676,SHH
GO_Biological_Process_2023,Nucleobase Transport (GO:0015851),1/5,0.2525507983388458,0.8956491517808324,0,0,4.173672566371682,5.743569739590676,SLC29A2
GO_Biological_Process_2023,Nucleoside Transport (GO:0015858),1/5,0.2525507983388458,0.8956491517808324,0,0,4.173672566371682,5.743569739590676,SLC29A2
GO_Biological_Process_2023,"Nucleotide-Binding Domain, Leucine Rich Repeat Containing Receptor Signaling Pathway (GO:0035872)",1/5,0.2525507983388458,0.8956491517808324,0,0,4.173672566371682,5.743569739590676,MAP2K6
GO_Biological_Process_2023,"Nucleotide-Excision Repair, DNA Gap Filling (GO:0006297)",1/5,0.2525507983388458,0.8956491517808324,0,0,4.173672566371682,5.743569739590676,POLE
GO_Biological_Process_2023,Osmosensory Signaling Pathway (GO:0007231),1/5,0.2525507983388458,0.8956491517808324,0,0,4.173672566371682,5.743569739590676,WNK3
GO_Biological_Process_2023,Pericardium Morphogenesis (GO:0003344),1/5,0.2525507983388458,0.8956491517808324,0,0,4.173672566371682,5.743569739590676,FLRT3
GO_Biological_Process_2023,Photoreceptor Cell Differentiation (GO:0046530),1/5,0.2525507983388458,0.8956491517808324,0,0,4.173672566371682,5.743569739590676,RP1
GO_Biological_Process_2023,Plasma Membrane Raft Organization (GO:0044857),1/5,0.2525507983388458,0.8956491517808324,0,0,4.173672566371682,5.743569739590676,FA2H
GO_Biological_Process_2023,poly-N-acetyllactosamine Metabolic Process (GO:0030309),1/5,0.2525507983388458,0.8956491517808324,0,0,4.173672566371682,5.743569739590676,B3GNT3
GO_Biological_Process_2023,Polyamine Transport (GO:0015846),1/5,0.2525507983388458,0.8956491517808324,0,0,4.173672566371682,5.743569739590676,SLC22A3
GO_Biological_Process_2023,Positive Regulation Of Cell-Cell Adhesion Mediated By Integrin (GO:0033634),1/5,0.2525507983388458,0.8956491517808324,0,0,4.173672566371682,5.743569739590676,PODXL
GO_Biological_Process_2023,Positive Regulation Of Endothelial Cell Development (GO:1901552),1/5,0.2525507983388458,0.8956491517808324,0,0,4.173672566371682,5.743569739590676,PROC
GO_Biological_Process_2023,Positive Regulation Of Establishment Of Endothelial Barrier (GO:1903142),1/5,0.2525507983388458,0.8956491517808324,0,0,4.173672566371682,5.743569739590676,PROC
GO_Biological_Process_2023,Positive Regulation Of Microglial Cell Activation (GO:1903980),1/5,0.2525507983388458,0.8956491517808324,0,0,4.173672566371682,5.743569739590676,TTBK1
GO_Biological_Process_2023,Positive Regulation Of Necroptotic Process (GO:0060545),1/5,0.2525507983388458,0.8956491517808324,0,0,4.173672566371682,5.743569739590676,IGF2BP1
GO_Biological_Process_2023,Positive Regulation Of Programmed Necrotic Cell Death (GO:0062100),1/5,0.2525507983388458,0.8956491517808324,0,0,4.173672566371682,5.743569739590676,IGF2BP1
GO_Biological_Process_2023,Positive Regulation Of Pyruvate Dehydrogenase Activity (GO:1904184),1/5,0.2525507983388458,0.8956491517808324,0,0,4.173672566371682,5.743569739590676,PPM1H
GO_Biological_Process_2023,Positive Regulation Of Toll-Like Receptor 2 Signaling Pathway (GO:0034137),1/5,0.2525507983388458,0.8956491517808324,0,0,4.173672566371682,5.743569739590676,F2RL1
GO_Biological_Process_2023,Positive Regulation Of Urine Volume (GO:0035810),1/5,0.2525507983388458,0.8956491517808324,0,0,4.173672566371682,5.743569739590676,NPR1
GO_Biological_Process_2023,Positive Regulation Of Vascular Associated Smooth Muscle Cell Differentiation (GO:1905065),1/5,0.2525507983388458,0.8956491517808324,0,0,4.173672566371682,5.743569739590676,GPER1
GO_Biological_Process_2023,Prepulse Inhibition (GO:0060134),1/5,0.2525507983388458,0.8956491517808324,0,0,4.173672566371682,5.743569739590676,GRID2
GO_Biological_Process_2023,Proline Metabolic Process (GO:0006560),1/5,0.2525507983388458,0.8956491517808324,0,0,4.173672566371682,5.743569739590676,AOC1
GO_Biological_Process_2023,Protein C-linked Glycosylation Via 2'-alpha-mannosyl-L-tryptophan (GO:0018406),1/5,0.2525507983388458,0.8956491517808324,0,0,4.173672566371682,5.743569739590676,DPY19L2
GO_Biological_Process_2023,Protein C-linked Glycosylation Via Tryptophan (GO:0018317),1/5,0.2525507983388458,0.8956491517808324,0,0,4.173672566371682,5.743569739590676,DPY19L2
GO_Biological_Process_2023,Regulation Of cGMP-mediated Signaling (GO:0010752),1/5,0.2525507983388458,0.8956491517808324,0,0,4.173672566371682,5.743569739590676,PDZD3
GO_Biological_Process_2023,Regulation Of Protein Autophosphorylation (GO:0031952),3/31,0.2547491204285099,0.8956491517808324,0,0,1.7896086626139818,2.4472470021240804,TOM1L1;PDGFC;ENPP1
GO_Biological_Process_2023,Regulation Of Transmembrane Receptor Protein Serine/Threonine Kinase Signaling Pathway (GO:0090092),3/31,0.2547491204285099,0.8956491517808324,0,0,1.7896086626139818,2.4472470021240804,ITGA3;PCSK6;FOLR1
GO_Biological_Process_2023,Glutamine Family Amino Acid Metabolic Process (GO:0009064),3/31,0.2547491204285099,0.8956491517808324,0,0,1.7896086626139818,2.4472470021240804,CPS1;DDAH1;RIMKLA
GO_Biological_Process_2023,Non-Motile Cilium Assembly (GO:1905515),3/31,0.2547491204285099,0.8956491517808324,0,0,1.7896086626139818,2.4472470021240804,BBS1;IFT122;CC2D2A
GO_Biological_Process_2023,Organic Cation Transport (GO:0015695),3/31,0.2547491204285099,0.8956491517808324,0,0,1.7896086626139818,2.4472470021240804,SLC22A3;SLC44A4;PDZK1
GO_Biological_Process_2023,Positive Regulation Of Leukocyte Migration (GO:0002687),3/31,0.2547491204285099,0.8956491517808324,0,0,1.7896086626139818,2.4472470021240804,MDK;F2RL1;FUT4
GO_Biological_Process_2023,Regulation Of Epithelial Cell Proliferation (GO:0050678),7/91,0.2553171359439258,0.8956491517808324,0,0,1.3927194543297745,1.9014086141388895,EPB41L4B;UHRF1;TIE1;FGF18;NME2;AQP11;PAX2
GO_Biological_Process_2023,Regulation Of Actin Cytoskeleton Organization (GO:0032956),7/91,0.2553171359439258,0.8956491517808324,0,0,1.3927194543297745,1.9014086141388895,ARHGAP44;CARMIL1;DMTN;MDK;MYO3A;SEMA3E;SMIM22
GO_Biological_Process_2023,Wnt Signaling Pathway (GO:0016055),6/76,0.259227816024675,0.8956491517808324,0,0,1.432304761904762,1.933680186865464,WNT10A;FZD5;LRP5;FZD8;WNT7A;CELSR2
GO_Biological_Process_2023,Epithelial Cell Migration (GO:0010631),4/46,0.2615303913917053,0.8956491517808324,0,0,1.590991676173575,2.13384564541371,DPP4;PKN3;S100P;PRSS3
GO_Biological_Process_2023,Negative Regulation Of Cold-Induced Thermogenesis (GO:0120163),4/46,0.2615303913917053,0.8956491517808324,0,0,1.590991676173575,2.13384564541371,FOXC2;HOXC10;LGR4;MAP2K6
GO_Biological_Process_2023,BMP Signaling Pathway (GO:0030509),5/61,0.2617802014358797,0.8956491517808324,0,0,1.491769221009896,1.9993437777214205,BMP3;LEFTY1;SCX;SMAD6;BMPR1B
GO_Biological_Process_2023,Sphingolipid Biosynthetic Process (GO:0030148),6/77,0.2689284224493586,0.8956491517808324,0,0,1.412056338028169,1.854467740836487,FUT6;FA2H;ALDH3B1;SPTSSB;DEGS2;LARGE1
GO_Biological_Process_2023,Positive Regulation Of JNK Cascade (GO:0046330),6/77,0.2689284224493586,0.8956491517808324,0,0,1.412056338028169,1.854467740836487,SH3RF2;SEMA3A;DUSP19;WNT7A;F2RL1;SH3RF1
GO_Biological_Process_2023,Regulation Of Cholesterol Efflux (GO:0010874),3/32,0.2703041879281515,0.8956491517808324,0,0,1.7278063096111518,2.260328882837279,SHH;ABCA3;PLA2G10
GO_Biological_Process_2023,Female Gamete Generation (GO:0007292),3/32,0.2703041879281515,0.8956491517808324,0,0,1.7278063096111518,2.260328882837279,MCM8;MDK;DMC1
GO_Biological_Process_2023,Glycosphingolipid Metabolic Process (GO:0006687),3/32,0.2703041879281515,0.8956491517808324,0,0,1.7278063096111518,2.260328882837279,FUT6;UGT8;LARGE1
GO_Biological_Process_2023,Negative Regulation Of Fat Cell Differentiation (GO:0045599),3/32,0.2703041879281515,0.8956491517808324,0,0,1.7278063096111518,2.260328882837279,GPER1;E2F1;ENPP1
GO_Biological_Process_2023,Proteoglycan Biosynthetic Process (GO:0030166),3/32,0.2703041879281515,0.8956491517808324,0,0,1.7278063096111518,2.260328882837279,B3GAT1;FOXL1;BMPR1B
GO_Biological_Process_2023,Regulation Of Collagen Biosynthetic Process (GO:0032965),2/18,0.2709110153218967,0.8956491517808324,0,0,2.087356067316209,2.726013692526965,CREB3L1;SCX
GO_Biological_Process_2023,Regulation Of Exosomal Secretion (GO:1903541),2/18,0.2709110153218967,0.8956491517808324,0,0,2.087356067316209,2.726013692526965,SMPD3;ATP9A
GO_Biological_Process_2023,T-helper Cell Differentiation (GO:0042093),2/18,0.2709110153218967,0.8956491517808324,0,0,2.087356067316209,2.726013692526965,MYB;RORC
GO_Biological_Process_2023,Cell Junction Maintenance (GO:0034331),2/18,0.2709110153218967,0.8956491517808324,0,0,2.087356067316209,2.726013692526965,CLDN3;F2RL1
GO_Biological_Process_2023,Cellular Response To Inorganic Substance (GO:0071241),2/18,0.2709110153218967,0.8956491517808324,0,0,2.087356067316209,2.726013692526965,AOC1;TIMELESS
GO_Biological_Process_2023,Response To Cholesterol (GO:0070723),2/18,0.2709110153218967,0.8956491517808324,0,0,2.087356067316209,2.726013692526965,GRAMD1C;GRAMD1B
GO_Biological_Process_2023,Vesicle Transport Along Actin Filament (GO:0030050),2/18,0.2709110153218967,0.8956491517808324,0,0,2.087356067316209,2.726013692526965,MYO1A;MYO7B
GO_Biological_Process_2023,Negative Regulation Of Peptide Hormone Secretion (GO:0090278),2/18,0.2709110153218967,0.8956491517808324,0,0,2.087356067316209,2.726013692526965,CHGA;CCN3
GO_Biological_Process_2023,Neuron Fate Commitment (GO:0048663),2/18,0.2709110153218967,0.8956491517808324,0,0,2.087356067316209,2.726013692526965,SHH;PAX6
GO_Biological_Process_2023,Positive Regulation Of DNA Replication (GO:0045740),2/18,0.2709110153218967,0.8956491517808324,0,0,2.087356067316209,2.726013692526965,CDT1;DNA2
GO_Biological_Process_2023,Positive Regulation Of Epidermal Cell Differentiation (GO:0045606),2/18,0.2709110153218967,0.8956491517808324,0,0,2.087356067316209,2.726013692526965,NME2;ETV4
GO_Biological_Process_2023,Positive Regulation Of Glycolytic Process (GO:0045821),2/18,0.2709110153218967,0.8956491517808324,0,0,2.087356067316209,2.726013692526965,PRKAA2;SLC4A4
GO_Biological_Process_2023,Positive Regulation Of Macrophage Migration (GO:1905523),2/18,0.2709110153218967,0.8956491517808324,0,0,2.087356067316209,2.726013692526965,MDK;RARRES2
GO_Biological_Process_2023,Positive Regulation Of Nervous System Process (GO:0031646),2/18,0.2709110153218967,0.8956491517808324,0,0,2.087356067316209,2.726013692526965,RIMS2;MYRF
GO_Biological_Process_2023,Positive Regulation Of Neutrophil Chemotaxis (GO:0090023),2/18,0.2709110153218967,0.8956491517808324,0,0,2.087356067316209,2.726013692526965,MDK;MCU
GO_Biological_Process_2023,Pulmonary Valve Morphogenesis (GO:0003184),2/18,0.2709110153218967,0.8956491517808324,0,0,2.087356067316209,2.726013692526965,ROBO2;SMAD6
GO_Biological_Process_2023,Cell Junction Organization (GO:0034330),5/62,0.2727242413026151,0.8956491517808324,0,0,1.4655199277055873,1.90414139464411,OCLN;CLDN3;CHRNA7;SEMA3E;TJP3
GO_Biological_Process_2023,Negative Regulation Of Kinase Activity (GO:0033673),5/62,0.2727242413026151,0.8956491517808324,0,0,1.4655199277055873,1.90414139464411,DBNDD1;DEPTOR;CAMK2N1;CAMK2N2;DUSP19
GO_Biological_Process_2023,Phosphatidylinositol-Mediated Signaling (GO:0048015),5/62,0.2727242413026151,0.8956491517808324,0,0,1.4655199277055873,1.90414139464411,LTK;ERBB3;PLCE1;PLCH1;MUC5AC
GO_Biological_Process_2023,Negative Regulation Of Amide Metabolic Process (GO:0034249),7/93,0.2729247537795993,0.8956491517808324,0,0,1.3601857982289167,1.76628171258961,DHFR;GRB7;DAPK1;TRIM2;CHRNA7;IGF2BP1;IGF2BP3
GO_Biological_Process_2023,Insulin Receptor Signaling Pathway (GO:0008286),4/47,0.2742449072723679,0.8956491517808324,0,0,1.5539093291512762,2.0103449430241214,FOXC2;GRB7;RARRES2;PDK4
GO_Biological_Process_2023,Protein Monoubiquitination (GO:0006513),4/47,0.2742449072723679,0.8956491517808324,0,0,1.5539093291512762,2.0103449430241214,UHRF1;FANCA;FANCC;FANCB
GO_Biological_Process_2023,Cell-Matrix Adhesion (GO:0007160),8/109,0.2750037217530252,0.8956491517808324,0,0,1.3237526780282658,1.708925852227894,ITGA3;ITGA2B;ITGA7;VWA2;ITGB6;NPNT;MSLN;ADAMTS9
GO_Biological_Process_2023,Response To Lipid (GO:0033993),8/110,0.2832418404156516,0.8956491517808324,0,0,1.3107048696593508,1.6533941450906398,CPS1;ALDH1A2;PALM3;HSD17B2;GATA6;SMAD6;FGFR4;ESR1
GO_Biological_Process_2023,Protein Polymerization (GO:0051258),5/63,0.2837623521730317,0.8956491517808324,0,0,1.4401757824462549,1.8140715968801044,VIL1;DIAPH3;SPIRE2;COBL;ANG
GO_Biological_Process_2023,Regulation Of Lamellipodium Assembly (GO:0010591),3/33,0.2859589678530497,0.8956491517808324,0,0,1.6701241134751772,2.090839980847241,OCLN;DMTN;PLCE1
GO_Biological_Process_2023,Regulation Of Protein Polymerization (GO:0032271),3/33,0.2859589678530497,0.8956491517808324,0,0,1.6701241134751772,2.090839980847241,CAMSAP3;MAP2;TTBK1
GO_Biological_Process_2023,Regulation Of Sprouting Angiogenesis (GO:1903670),3/33,0.2859589678530497,0.8956491517808324,0,0,1.6701241134751772,2.090839980847241,SEMA6A;CREB3L1;FGF18
GO_Biological_Process_2023,Inositol Lipid-Mediated Signaling (GO:0048017),3/33,0.2859589678530497,0.8956491517808324,0,0,1.6701241134751772,2.090839980847241,PLCE1;PLCH1;MUC5AC
GO_Biological_Process_2023,Phosphatidic Acid Metabolic Process (GO:0046473),3/33,0.2859589678530497,0.8956491517808324,0,0,1.6701241134751772,2.090839980847241,ACP6;PLA2G10;MBOAT2
GO_Biological_Process_2023,Positive Regulation Of Cytokine Production Involved In Immune Response (GO:0002720),3/33,0.2859589678530497,0.8956491517808324,0,0,1.6701241134751772,2.090839980847241,FZD5;F2RL1;INAVA
GO_Biological_Process_2023,Positive Regulation Of Epidermal Growth Factor Receptor Signaling Pathway (GO:0045742),3/33,0.2859589678530497,0.8956491517808324,0,0,1.6701241134751772,2.090839980847241,BTC;GPER1;AGR2
GO_Biological_Process_2023,Cellular Response To Radiation (GO:0071478),4/48,0.2870592069043445,0.8956491517808324,0,0,1.518512543357264,1.895205073534849,RAD51AP1;RAD51;BRCA1;BRCA2
GO_Biological_Process_2023,Chloride Transmembrane Transport (GO:1902476),4/48,0.2870592069043445,0.8956491517808324,0,0,1.518512543357264,1.895205073534849,GLRB;ANO4;ANO5;CFTR
GO_Biological_Process_2023,Oligosaccharide Metabolic Process (GO:0009311),4/48,0.2870592069043445,0.8956491517808324,0,0,1.518512543357264,1.895205073534849,FUT6;ST6GALNAC1;B3GALT5;FUT4
GO_Biological_Process_2023,Cytoskeleton Organization (GO:0007010),8/111,0.2915430921635928,0.8956491517808324,0,0,1.2979104167927449,1.599762139351432,FGD5;SEMA6A;DIAPH3;DMTN;MDK;PLCE1;WDPCP;ANK1
GO_Biological_Process_2023,Regulation Of Cellular Response To Growth Factor Stimulus (GO:0090287),2/19,0.2923180924185309,0.8956491517808324,0,0,1.9644662116396605,2.416121966059982,ITGA3;PCSK6
GO_Biological_Process_2023,Regulation Of Granulocyte Chemotaxis (GO:0071622),2/19,0.2923180924185309,0.8956491517808324,0,0,1.9644662116396605,2.416121966059982,MDK;RARRES2
GO_Biological_Process_2023,Regulation Of Insulin-Like Growth Factor Receptor Signaling Pathway (GO:0043567),2/19,0.2923180924185309,0.8956491517808324,0,0,1.9644662116396605,2.416121966059982,CILP;MYORG
GO_Biological_Process_2023,Regulation Of Nuclear Division (GO:0051783),2/19,0.2923180924185309,0.8956491517808324,0,0,1.9644662116396605,2.416121966059982,L3MBTL1;NEK2
GO_Biological_Process_2023,Cellular Response To Catecholamine Stimulus (GO:0071870),2/19,0.2923180924185309,0.8956491517808324,0,0,1.9644662116396605,2.416121966059982,APLP1;ADCY6
GO_Biological_Process_2023,Regulation Of Transcription Involved In G1/S Transition Of Mitotic Cell Cycle (GO:0000083),2/19,0.2923180924185309,0.8956491517808324,0,0,1.9644662116396605,2.416121966059982,E2F1;E2F7
GO_Biological_Process_2023,Cyclic Nucleotide Biosynthetic Process (GO:0009190),2/19,0.2923180924185309,0.8956491517808324,0,0,1.9644662116396605,2.416121966059982,NPR1;ADCY6
GO_Biological_Process_2023,Dopaminergic Neuron Differentiation (GO:0071542),2/19,0.2923180924185309,0.8956491517808324,0,0,1.9644662116396605,2.416121966059982,SHH;FOXA2
GO_Biological_Process_2023,Embryonic Digestive Tract Development (GO:0048566),2/19,0.2923180924185309,0.8956491517808324,0,0,1.9644662116396605,2.416121966059982,PKDCC;RARRES2
GO_Biological_Process_2023,tRNA Metabolic Process (GO:0006399),2/19,0.2923180924185309,0.8956491517808324,0,0,1.9644662116396605,2.416121966059982,SLFN13;ANG
GO_Biological_Process_2023,Glycosphingolipid Biosynthetic Process (GO:0006688),2/19,0.2923180924185309,0.8956491517808324,0,0,1.9644662116396605,2.416121966059982,FUT6;LARGE1
GO_Biological_Process_2023,Negative Regulation Of Cyclin-Dependent Protein Serine/Threonine Kinase Activity (GO:0045736),2/19,0.2923180924185309,0.8956491517808324,0,0,1.9644662116396605,2.416121966059982,CDKN2A;NR2F2
GO_Biological_Process_2023,Negative Regulation Of Execution Phase Of Apoptosis (GO:1900118),2/19,0.2923180924185309,0.8956491517808324,0,0,1.9644662116396605,2.416121966059982,MTRNR2L12;MTRNR2L1
GO_Biological_Process_2023,Negative Regulation Of Protein Dephosphorylation (GO:0035308),2/19,0.2923180924185309,0.8956491517808324,0,0,1.9644662116396605,2.416121966059982,FKBP1B;PPP1R1B
GO_Biological_Process_2023,Neuron Apoptotic Process (GO:0051402),2/19,0.2923180924185309,0.8956491517808324,0,0,1.9644662116396605,2.416121966059982,ERBB3;CIT
GO_Biological_Process_2023,Positive Regulation Of Alpha-Beta T Cell Activation (GO:0046635),2/19,0.2923180924185309,0.8956491517808324,0,0,1.9644662116396605,2.416121966059982,SHH;IHH
GO_Biological_Process_2023,Positive Regulation Of Histone Methylation (GO:0031062),2/19,0.2923180924185309,0.8956491517808324,0,0,1.9644662116396605,2.416121966059982,FAM47E;BRCA1
GO_Biological_Process_2023,rRNA Catabolic Process (GO:0016075),2/19,0.2923180924185309,0.8956491517808324,0,0,1.9644662116396605,2.416121966059982,ERN2;SLFN13
GO_Biological_Process_2023,Extracellular Matrix Organization (GO:0030198),12/176,0.2937684004820466,0.8956491517808324,0,0,1.2231086117831689,1.498263498371853,COL27A1;MMP15;CREB3L1;SMOC1;APLP1;MMP28;SCX;NOXO1;COL9A2;CTSV;NPNT;ADAMTS9
GO_Biological_Process_2023,Regulation Of Cellular Response To Hypoxia (GO:1900037),1/6,0.2948295607430783,0.8956491517808324,0,0,3.3387610619469026,4.077822031625473,DDAH1
GO_Biological_Process_2023,CENP-A Containing Chromatin Assembly (GO:0034080),1/6,0.2948295607430783,0.8956491517808324,0,0,3.3387610619469026,4.077822031625473,OIP5
GO_Biological_Process_2023,DNA Strand Resection Involved In Replication Fork Processing (GO:0110025),1/6,0.2948295607430783,0.8956491517808324,0,0,3.3387610619469026,4.077822031625473,BRCA1
GO_Biological_Process_2023,Regulation Of Endothelial Cell Chemotaxis To Fibroblast Growth Factor (GO:2000544),1/6,0.2948295607430783,0.8956491517808324,0,0,3.3387610619469026,4.077822031625473,FGF18
GO_Biological_Process_2023,G-quadruplex DNA Unwinding (GO:0044806),1/6,0.2948295607430783,0.8956491517808324,0,0,3.3387610619469026,4.077822031625473,DNA2
GO_Biological_Process_2023,IRE1-mediated Unfolded Protein Response (GO:0036498),1/6,0.2948295607430783,0.8956491517808324,0,0,3.3387610619469026,4.077822031625473,ERN2
GO_Biological_Process_2023,Regulation Of Extracellular Matrix Assembly (GO:1901201),1/6,0.2948295607430783,0.8956491517808324,0,0,3.3387610619469026,4.077822031625473,TIE1
GO_Biological_Process_2023,Regulation Of Glial Cell Apoptotic Process (GO:0034350),1/6,0.2948295607430783,0.8956491517808324,0,0,3.3387610619469026,4.077822031625473,PRKCA
GO_Biological_Process_2023,SA Node Cell Action Potential (GO:0086015),1/6,0.2948295607430783,0.8956491517808324,0,0,3.3387610619469026,4.077822031625473,CACNA1D
GO_Biological_Process_2023,Adherens Junction Maintenance (GO:0034334),1/6,0.2948295607430783,0.8956491517808324,0,0,3.3387610619469026,4.077822031625473,INAVA
GO_Biological_Process_2023,Amino-Acid Betaine Metabolic Process (GO:0006577),1/6,0.2948295607430783,0.8956491517808324,0,0,3.3387610619469026,4.077822031625473,CPT1B
GO_Biological_Process_2023,Regulation Of Microtubule Binding (GO:1904526),1/6,0.2948295607430783,0.8956491517808324,0,0,3.3387610619469026,4.077822031625473,MAP2
GO_Biological_Process_2023,Regulation Of Mitotic Cytokinesis (GO:1902412),1/6,0.2948295607430783,0.8956491517808324,0,0,3.3387610619469026,4.077822031625473,DCDC1
GO_Biological_Process_2023,Auditory Receptor Cell Morphogenesis (GO:0002093),1/6,0.2948295607430783,0.8956491517808324,0,0,3.3387610619469026,4.077822031625473,PLS1
GO_Biological_Process_2023,Auditory Receptor Cell Stereocilium Organization (GO:0060088),1/6,0.2948295607430783,0.8956491517808324,0,0,3.3387610619469026,4.077822031625473,PLS1
GO_Biological_Process_2023,Axon Extension Involved In Axon Guidance (GO:0048846),1/6,0.2948295607430783,0.8956491517808324,0,0,3.3387610619469026,4.077822031625473,SEMA3A
GO_Biological_Process_2023,Cardiac Muscle Cell-Cardiac Muscle Cell Adhesion (GO:0086042),1/6,0.2948295607430783,0.8956491517808324,0,0,3.3387610619469026,4.077822031625473,DSG2
GO_Biological_Process_2023,Catecholamine Uptake (GO:0090493),1/6,0.2948295607430783,0.8956491517808324,0,0,3.3387610619469026,4.077822031625473,SLC22A3
GO_Biological_Process_2023,Regulation Of Pyruvate Dehydrogenase Activity (GO:1904182),1/6,0.2948295607430783,0.8956491517808324,0,0,3.3387610619469026,4.077822031625473,PPM1H
GO_Biological_Process_2023,Cellular Response To Gonadotropin Stimulus (GO:0071371),1/6,0.2948295607430783,0.8956491517808324,0,0,3.3387610619469026,4.077822031625473,PAX8
GO_Biological_Process_2023,Regulation Of Transforming Growth Factor Beta1 Production (GO:0032908),1/6,0.2948295607430783,0.8956491517808324,0,0,3.3387610619469026,4.077822031625473,GATA6
GO_Biological_Process_2023,Regulation Of Transforming Growth Factor Beta2 Production (GO:0032909),1/6,0.2948295607430783,0.8956491517808324,0,0,3.3387610619469026,4.077822031625473,GATA6
GO_Biological_Process_2023,Choline Transport (GO:0015871),1/6,0.2948295607430783,0.8956491517808324,0,0,3.3387610619469026,4.077822031625473,SLC44A4
GO_Biological_Process_2023,Chromatin Remodeling At Centromere (GO:0031055),1/6,0.2948295607430783,0.8956491517808324,0,0,3.3387610619469026,4.077822031625473,OIP5
GO_Biological_Process_2023,Cleavage Furrow Formation (GO:0036089),1/6,0.2948295607430783,0.8956491517808324,0,0,3.3387610619469026,4.077822031625473,SPIRE2
GO_Biological_Process_2023,Dendrite Arborization (GO:0140059),1/6,0.2948295607430783,0.8956491517808324,0,0,3.3387610619469026,4.077822031625473,SEMA3A
GO_Biological_Process_2023,Desmosome Organization (GO:0002934),1/6,0.2948295607430783,0.8956491517808324,0,0,3.3387610619469026,4.077822031625473,PRKCA
GO_Biological_Process_2023,Determination Of Digestive Tract Left/Right Asymmetry (GO:0071907),1/6,0.2948295607430783,0.8956491517808324,0,0,3.3387610619469026,4.077822031625473,CCDC40
GO_Biological_Process_2023,Retinal Rod Cell Differentiation (GO:0060221),1/6,0.2948295607430783,0.8956491517808324,0,0,3.3387610619469026,4.077822031625473,RP1
GO_Biological_Process_2023,Development Of Primary Female Sexual Characteristics (GO:0046545),1/6,0.2948295607430783,0.8956491517808324,0,0,3.3387610619469026,4.077822031625473,NR2F2
GO_Biological_Process_2023,Smooth Muscle Cell Migration (GO:0014909),1/6,0.2948295607430783,0.8956491517808324,0,0,3.3387610619469026,4.077822031625473,CCN3
GO_Biological_Process_2023,Excitatory Chemical Synaptic Transmission (GO:0098976),1/6,0.2948295607430783,0.8956491517808324,0,0,3.3387610619469026,4.077822031625473,GRIN2D
GO_Biological_Process_2023,Gap Junction Assembly (GO:0016264),1/6,0.2948295607430783,0.8956491517808324,0,0,3.3387610619469026,4.077822031625473,GJB1
GO_Biological_Process_2023,Glandular Epithelial Cell Development (GO:0002068),1/6,0.2948295607430783,0.8956491517808324,0,0,3.3387610619469026,4.077822031625473,PAX6
GO_Biological_Process_2023,Glomerular Epithelial Cell Development (GO:0072310),1/6,0.2948295607430783,0.8956491517808324,0,0,3.3387610619469026,4.077822031625473,PODXL
GO_Biological_Process_2023,Ureter Development (GO:0072189),1/6,0.2948295607430783,0.8956491517808324,0,0,3.3387610619469026,4.077822031625473,PAX2
GO_Biological_Process_2023,Vitamin A Metabolic Process (GO:0006776),1/6,0.2948295607430783,0.8956491517808324,0,0,3.3387610619469026,4.077822031625473,BCO1
GO_Biological_Process_2023,Hindlimb Morphogenesis (GO:0035137),1/6,0.2948295607430783,0.8956491517808324,0,0,3.3387610619469026,4.077822031625473,WNT7A
GO_Biological_Process_2023,Histidine Catabolic Process (GO:0006548),1/6,0.2948295607430783,0.8956491517808324,0,0,3.3387610619469026,4.077822031625473,CARNS1
GO_Biological_Process_2023,Histidine Metabolic Process (GO:0006547),1/6,0.2948295607430783,0.8956491517808324,0,0,3.3387610619469026,4.077822031625473,CARNS1
GO_Biological_Process_2023,Zinc Ion Import Into Organelle (GO:0062111),1/6,0.2948295607430783,0.8956491517808324,0,0,3.3387610619469026,4.077822031625473,SLC30A2
GO_Biological_Process_2023,Inner Ear Receptor Cell Differentiation (GO:0060113),1/6,0.2948295607430783,0.8956491517808324,0,0,3.3387610619469026,4.077822031625473,USH1C
GO_Biological_Process_2023,Inositol Metabolic Process (GO:0006020),1/6,0.2948295607430783,0.8956491517808324,0,0,3.3387610619469026,4.077822031625473,ISYNA1
GO_Biological_Process_2023,Intraciliary Transport Involved In Cilium Assembly (GO:0035735),1/6,0.2948295607430783,0.8956491517808324,0,0,3.3387610619469026,4.077822031625473,TTC26
GO_Biological_Process_2023,Lipid Hydroxylation (GO:0002933),1/6,0.2948295607430783,0.8956491517808324,0,0,3.3387610619469026,4.077822031625473,CYP3A5
GO_Biological_Process_2023,Long-Term Synaptic Depression (GO:0060292),1/6,0.2948295607430783,0.8956491517808324,0,0,3.3387610619469026,4.077822031625473,SHANK2
GO_Biological_Process_2023,Lymphocyte Migration Into Lymphoid Organs (GO:0097021),1/6,0.2948295607430783,0.8956491517808324,0,0,3.3387610619469026,4.077822031625473,FUT4
GO_Biological_Process_2023,Lymphoid Progenitor Cell Differentiation (GO:0002320),1/6,0.2948295607430783,0.8956491517808324,0,0,3.3387610619469026,4.077822031625473,SHH
GO_Biological_Process_2023,Mitotic Nuclear Membrane Disassembly (GO:0007077),1/6,0.2948295607430783,0.8956491517808324,0,0,3.3387610619469026,4.077822031625473,PRKCA
GO_Biological_Process_2023,Monoacylglycerol Biosynthetic Process (GO:0006640),1/6,0.2948295607430783,0.8956491517808324,0,0,3.3387610619469026,4.077822031625473,MOGAT2
GO_Biological_Process_2023,Monoacylglycerol Catabolic Process (GO:0052651),1/6,0.2948295607430783,0.8956491517808324,0,0,3.3387610619469026,4.077822031625473,MGLL
GO_Biological_Process_2023,Negative Regulation Of Cardiocyte Differentiation (GO:1905208),1/6,0.2948295607430783,0.8956491517808324,0,0,3.3387610619469026,4.077822031625473,SOX6
GO_Biological_Process_2023,Negative Regulation Of Catecholamine Secretion (GO:0033604),1/6,0.2948295607430783,0.8956491517808324,0,0,3.3387610619469026,4.077822031625473,CHGA
GO_Biological_Process_2023,Negative Regulation Of Dendritic Spine Development (GO:0061000),1/6,0.2948295607430783,0.8956491517808324,0,0,3.3387610619469026,4.077822031625473,NGEF
GO_Biological_Process_2023,Negative Regulation Of Digestive System Process (GO:0060457),1/6,0.2948295607430783,0.8956491517808324,0,0,3.3387610619469026,4.077822031625473,TFF2
GO_Biological_Process_2023,Negative Regulation Of Double-Strand Break Repair Via Nonhomologous End Joining (GO:2001033),1/6,0.2948295607430783,0.8956491517808324,0,0,3.3387610619469026,4.077822031625473,HMGA2
GO_Biological_Process_2023,Negative Regulation Of Heart Rate (GO:0010459),1/6,0.2948295607430783,0.8956491517808324,0,0,3.3387610619469026,4.077822031625473,FKBP1B
GO_Biological_Process_2023,Negative Regulation Of Hematopoietic Progenitor Cell Differentiation (GO:1901533),1/6,0.2948295607430783,0.8956491517808324,0,0,3.3387610619469026,4.077822031625473,MYB
GO_Biological_Process_2023,Negative Regulation Of Lipoprotein Particle Clearance (GO:0010985),1/6,0.2948295607430783,0.8956491517808324,0,0,3.3387610619469026,4.077822031625473,PCSK9
GO_Biological_Process_2023,Negative Regulation Of Low-Density Lipoprotein Receptor Activity (GO:1905598),1/6,0.2948295607430783,0.8956491517808324,0,0,3.3387610619469026,4.077822031625473,PCSK9
GO_Biological_Process_2023,Neuron Projection Extension Involved In Neuron Projection Guidance (GO:1902284),1/6,0.2948295607430783,0.8956491517808324,0,0,3.3387610619469026,4.077822031625473,SEMA3A
GO_Biological_Process_2023,"Neurotransmitter Receptor Transport, Postsynaptic Endosome To Lysosome (GO:0098943)",1/6,0.2948295607430783,0.8956491517808324,0,0,3.3387610619469026,4.077822031625473,CACNG4
GO_Biological_Process_2023,Norepinephrine Transport (GO:0015874),1/6,0.2948295607430783,0.8956491517808324,0,0,3.3387610619469026,4.077822031625473,SLC22A3
GO_Biological_Process_2023,Peptide Transport (GO:0015833),1/6,0.2948295607430783,0.8956491517808324,0,0,3.3387610619469026,4.077822031625473,CDH17
GO_Biological_Process_2023,Pharyngeal Arch Artery Morphogenesis (GO:0061626),1/6,0.2948295607430783,0.8956491517808324,0,0,3.3387610619469026,4.077822031625473,FOLR1
GO_Biological_Process_2023,Podocyte Development (GO:0072015),1/6,0.2948295607430783,0.8956491517808324,0,0,3.3387610619469026,4.077822031625473,PODXL
GO_Biological_Process_2023,Positive Regulation Of Endoplasmic Reticulum Stress-Induced Intrinsic Apoptotic Signaling Pathway (GO:1902237),1/6,0.2948295607430783,0.8956491517808324,0,0,3.3387610619469026,4.077822031625473,RNF183
GO_Biological_Process_2023,Positive Regulation Of Gastrulation (GO:2000543),1/6,0.2948295607430783,0.8956491517808324,0,0,3.3387610619469026,4.077822031625473,SCX
GO_Biological_Process_2023,Positive Regulation Of Hormone Metabolic Process (GO:0032352),1/6,0.2948295607430783,0.8956491517808324,0,0,3.3387610619469026,4.077822031625473,PAX8
GO_Biological_Process_2023,Positive Regulation Of Lamellipodium Morphogenesis (GO:2000394),1/6,0.2948295607430783,0.8956491517808324,0,0,3.3387610619469026,4.077822031625473,VIL1
GO_Biological_Process_2023,Positive Regulation Of Leukocyte Tethering Or Rolling (GO:1903238),1/6,0.2948295607430783,0.8956491517808324,0,0,3.3387610619469026,4.077822031625473,FUT4
GO_Biological_Process_2023,Positive Regulation Of Lipopolysaccharide-Mediated Signaling Pathway (GO:0031666),1/6,0.2948295607430783,0.8956491517808324,0,0,3.3387610619469026,4.077822031625473,PRKCA
GO_Biological_Process_2023,Positive Regulation Of Neurotransmitter Secretion (GO:0001956),1/6,0.2948295607430783,0.8956491517808324,0,0,3.3387610619469026,4.077822031625473,GPER1
GO_Biological_Process_2023,Positive Regulation Of Receptor Catabolic Process (GO:2000646),1/6,0.2948295607430783,0.8956491517808324,0,0,3.3387610619469026,4.077822031625473,PCSK9
GO_Biological_Process_2023,Positive Regulation Of Spindle Assembly (GO:1905832),1/6,0.2948295607430783,0.8956491517808324,0,0,3.3387610619469026,4.077822031625473,STIL
GO_Biological_Process_2023,Positive Regulation Of Striated Muscle Contraction (GO:0045989),1/6,0.2948295607430783,0.8956491517808324,0,0,3.3387610619469026,4.077822031625473,CHGA
GO_Biological_Process_2023,Positive Regulation Of Toll-Like Receptor 3 Signaling Pathway (GO:0034141),1/6,0.2948295607430783,0.8956491517808324,0,0,3.3387610619469026,4.077822031625473,F2RL1
GO_Biological_Process_2023,Protein Deglutamylation (GO:0035608),1/6,0.2948295607430783,0.8956491517808324,0,0,3.3387610619469026,4.077822031625473,AGBL5
GO_Biological_Process_2023,Receptor-Mediated Virion Attachment To Host Cell (GO:0046813),1/6,0.2948295607430783,0.8956491517808324,0,0,3.3387610619469026,4.077822031625473,DPP4
GO_Biological_Process_2023,Regulation Of Bile Acid Metabolic Process (GO:1904251),1/6,0.2948295607430783,0.8956491517808324,0,0,3.3387610619469026,4.077822031625473,FGFR4
GO_Biological_Process_2023,Response To Metal Ion (GO:0010038),5/64,0.294883135368836,0.8956491517808324,0,0,1.415690760755035,1.7288077962396962,ATP7B;SLC30A2;TFR2;ITPKA;MELTF
GO_Biological_Process_2023,Regulation Of Organelle Assembly (GO:1902115),6/80,0.2985252607671805,0.8956491517808324,0,0,1.3545945945945943,1.6375703861919473,STIL;TBC1D8;DCDC2;WDPCP;MAPK15;CDKL1
GO_Biological_Process_2023,Regulation Of Protein Localization To Plasma Membrane (GO:1903076),6/80,0.2985252607671805,0.8956491517808324,0,0,1.3545945945945943,1.6375703861919473,ITGA3;GPER1;WNK3;AGR2;MRAP2;PLS1
GO_Biological_Process_2023,Wound Healing (GO:0042060),6/80,0.2985252607671805,0.8956491517808324,0,0,1.3545945945945943,1.6375703861919473,EPB41L4B;ERBB3;WNT7A;GATA4;SYTL4;DCBLD2
GO_Biological_Process_2023,Cellular Response To Glucose Stimulus (GO:0071333),3/34,0.3016822877692063,0.8956491517808324,0,0,1.6161633493479752,1.9367791964203904,PRKAA2;GPER1;PAX2
GO_Biological_Process_2023,Embryonic Limb Morphogenesis (GO:0030326),3/34,0.3016822877692063,0.8956491517808324,0,0,1.6161633493479752,1.9367791964203904,SHH;WNT7A;WDPCP
GO_Biological_Process_2023,Sister Chromatid Segregation (GO:0000819),3/34,0.3016822877692063,0.8956491517808324,0,0,1.6161633493479752,1.9367791964203904,SGO1;NUSAP1;KNTC1
GO_Biological_Process_2023,Negative Regulation Of Ras Protein Signal Transduction (GO:0046580),3/34,0.3016822877692063,0.8956491517808324,0,0,1.6161633493479752,1.9367791964203904,ARHGAP44;ITGA3;SCAI
GO_Biological_Process_2023,Canonical Wnt Signaling Pathway (GO:0060070),5/65,0.3060753203079059,0.8956491517808324,0,0,1.3920219064535229,1.6480482306071536,WNT10A;FZD5;LRP5;FZD8;WNT7A
GO_Biological_Process_2023,Monocarboxylic Acid Metabolic Process (GO:0032787),7/97,0.3090059357907983,0.8956491517808324,0,0,1.2994563068406484,1.5260747199518077,LDHC;FA2H;GATM;VNN1;DECR2;CYP4F11;CPT1B
GO_Biological_Process_2023,Regulation Of Cold-Induced Thermogenesis (GO:0120161),10/146,0.3124175861317221,0.8956491517808324,0,0,1.2287479666264365,1.4295432859600028,BSCL2;FOXC2;MUC1;GATM;PDGFC;PRDM16;YBX2;HOXC10;LGR4;MAP2K6
GO_Biological_Process_2023,Intracellular Iron Ion Homeostasis (GO:0006879),4/50,0.3129172870793696,0.8956491517808324,0,0,1.4523359438293275,1.687347691558445,TFR2;SLC40A1;FLVCR1;ERFE
GO_Biological_Process_2023,Positive Regulation Of Transport (GO:0051050),4/50,0.3129172870793696,0.8956491517808324,0,0,1.4523359438293275,1.687347691558445,SCIN;TFR2;SYNGR3;KCTD7
GO_Biological_Process_2023,Actin Filament-Based Transport (GO:0099515),2/20,0.3136376745717842,0.8956491517808324,0,0,1.855230784371617,2.151171377324242,MYO1A;MYO7B
GO_Biological_Process_2023,Anterior/Posterior Axis Specification (GO:0009948),2/20,0.3136376745717842,0.8956491517808324,0,0,1.855230784371617,2.151171377324242,SHH;FZD5
GO_Biological_Process_2023,Calcium-Mediated Signaling Using Intracellular Calcium Source (GO:0035584),2/20,0.3136376745717842,0.8956491517808324,0,0,1.855230784371617,2.151171377324242,DMTN;FKBP1B
GO_Biological_Process_2023,Cell Projection Organization (GO:0030030),2/20,0.3136376745717842,0.8956491517808324,0,0,1.855230784371617,2.151171377324242,SCIN;NPHP1
GO_Biological_Process_2023,Regulation Of Smooth Muscle Contraction (GO:0006940),2/20,0.3136376745717842,0.8956491517808324,0,0,1.855230784371617,2.151171377324242,NMUR2;PLCE1
GO_Biological_Process_2023,Cellular Response To Estradiol Stimulus (GO:0071392),2/20,0.3136376745717842,0.8956491517808324,0,0,1.855230784371617,2.151171377324242,GPER1;ESR1
GO_Biological_Process_2023,Regulation Of Toll-Like Receptor Signaling Pathway (GO:0034121),2/20,0.3136376745717842,0.8956491517808324,0,0,1.855230784371617,2.151171377324242,SMPDL3B;LGR4
GO_Biological_Process_2023,Response To ATP (GO:0033198),2/20,0.3136376745717842,0.8956491517808324,0,0,1.855230784371617,2.151171377324242,NT5E;ENPP1
GO_Biological_Process_2023,Striated Muscle Cell Differentiation (GO:0051146),2/20,0.3136376745717842,0.8956491517808324,0,0,1.855230784371617,2.151171377324242,MYEF2;BVES
GO_Biological_Process_2023,Xenobiotic Transport (GO:0042908),2/20,0.3136376745717842,0.8956491517808324,0,0,1.855230784371617,2.151171377324242,ABCC3;SLC22A3
GO_Biological_Process_2023,Long-Term Memory (GO:0007616),2/20,0.3136376745717842,0.8956491517808324,0,0,1.855230784371617,2.151171377324242,CAMK2N1;NFATC4
GO_Biological_Process_2023,Monocarboxylic Acid Catabolic Process (GO:0072329),2/20,0.3136376745717842,0.8956491517808324,0,0,1.855230784371617,2.151171377324242,CYP2W1;FANCA
GO_Biological_Process_2023,Negative Regulation Of Cyclin-Dependent Protein Kinase Activity (GO:1904030),2/20,0.3136376745717842,0.8956491517808324,0,0,1.855230784371617,2.151171377324242,CDKN2A;NR2F2
GO_Biological_Process_2023,Negative Regulation Of Protein Localization To Plasma Membrane (GO:1903077),2/20,0.3136376745717842,0.8956491517808324,0,0,1.855230784371617,2.151171377324242,PKDCC;MRAP2
GO_Biological_Process_2023,Negative Regulation Of Viral Life Cycle (GO:1903901),2/20,0.3136376745717842,0.8956491517808324,0,0,1.855230784371617,2.151171377324242,TRIM15;TRIM31
GO_Biological_Process_2023,Phosphatidylglycerol Metabolic Process (GO:0046471),2/20,0.3136376745717842,0.8956491517808324,0,0,1.855230784371617,2.151171377324242,PLA2G10;MBOAT2
GO_Biological_Process_2023,Positive Regulation Of Epithelial Cell Differentiation (GO:0030858),2/20,0.3136376745717842,0.8956491517808324,0,0,1.855230784371617,2.151171377324242,FOXJ1;RFX3
GO_Biological_Process_2023,Pulmonary Valve Development (GO:0003177),2/20,0.3136376745717842,0.8956491517808324,0,0,1.855230784371617,2.151171377324242,ROBO2;SMAD6
GO_Biological_Process_2023,Regulation Of Cardiac Muscle Contraction By Calcium Ion Signaling (GO:0010882),2/20,0.3136376745717842,0.8956491517808324,0,0,1.855230784371617,2.151171377324242,FKBP1B;TNNI3
GO_Biological_Process_2023,Adenylate Cyclase-Modulating G Protein-Coupled Receptor Signaling Pathway (GO:0007188),11/163,0.316846566005593,0.8956491517808324,0,0,1.2093926221804512,1.390000463649011,RIMS2;GNAZ;ADGRG2;GPR37;PTGER1;CNR1;GPER1;ADGRG6;CACNA1D;TCP11;ADCY6
GO_Biological_Process_2023,Cellular Response To BMP Stimulus (GO:0071773),5/66,0.3173277905409941,0.8956491517808324,0,0,1.3691290801618965,1.5715137405093995,BMP3;LEFTY1;SCX;SMAD6;BMPR1B
GO_Biological_Process_2023,Peptidyl-Threonine Modification (GO:0018210),5/66,0.3173277905409941,0.8956491517808324,0,0,1.3691290801618965,1.5715137405093995,CHEK1;WNK3;PRKCA;CDC42BPA;TTBK1
GO_Biological_Process_2023,Regulation Of Postsynaptic Membrane Potential (GO:0060078),3/35,0.3174444910232524,0.8956491517808324,0,0,1.5655751329787233,1.7964227986771977,GRID2;FOXM1;GRIN2D
GO_Biological_Process_2023,Regulatory ncRNA Processing (GO:0070918),3/35,0.3174444910232524,0.8956491517808324,0,0,1.5655751329787233,1.7964227986771977,ANKRD34B;PIWIL1;MOV10L1
GO_Biological_Process_2023,Glutamate Receptor Signaling Pathway (GO:0007215),3/35,0.3174444910232524,0.8956491517808324,0,0,1.5655751329787233,1.7964227986771977,GRID2;HOMER2;GRIN2D
GO_Biological_Process_2023,Positive Regulation Of Mitotic Nuclear Division (GO:0045840),3/35,0.3174444910232524,0.8956491517808324,0,0,1.5655751329787233,1.7964227986771977,BTC;LRP5;NUSAP1
GO_Biological_Process_2023,Positive Regulation Of Substrate Adhesion-Dependent Cell Spreading (GO:1900026),3/35,0.3174444910232524,0.8956491517808324,0,0,1.5655751329787233,1.7964227986771977,CARMIL1;DMTN;MDK
GO_Biological_Process_2023,Negative Regulation Of Macromolecule Biosynthetic Process (GO:0010558),7/98,0.3181718342820105,0.8956491517808324,0,0,1.2851081303038598,1.4716591592514578,DHFR;GRB7;DAPK1;TRIM2;IGF2BP1;ENPP1;IGF2BP3
GO_Biological_Process_2023,SMAD Protein Signal Transduction (GO:0060395),4/51,0.3259272408623913,0.8956491517808324,0,0,1.4213596631992298,1.5934594690198012,BMP3;LEFTY1;BMP8B;SMAD6
GO_Biological_Process_2023,Regulation Of Substrate Adhesion-Dependent Cell Spreading (GO:1900024),4/51,0.3259272408623913,0.8956491517808324,0,0,1.4213596631992298,1.5934594690198012,CARMIL1;DMTN;MDK;MELTF
GO_Biological_Process_2023,Positive Regulation Of DNA Recombination (GO:0045911),4/51,0.3259272408623913,0.8956491517808324,0,0,1.4213596631992298,1.5934594690198012,RAD51AP1;ZCWPW1;TIMELESS;FANCB
GO_Biological_Process_2023,Positive Regulation Of Protein Localization To Cell Periphery (GO:1904377),4/51,0.3259272408623913,0.8956491517808324,0,0,1.4213596631992298,1.5934594690198012,ITGA3;GPER1;WNK3;PLS1
GO_Biological_Process_2023,Peptidyl-Tyrosine Phosphorylation (GO:0018108),5/67,0.3286296079560926,0.8956491517808324,0,0,1.3469747321377414,1.4989457744330197,LTK;PKDCC;ERBB4;FGFR4;TTBK1
GO_Biological_Process_2023,Plasma Membrane Bounded Cell Projection Organization (GO:0120036),9/132,0.3306923866028191,0.8956491517808324,0,0,1.2225120646928394,1.3527911183072523,CARMIL1;UNC5A;FAM161A;FLRT3;MAP2;WDPCP;MNS1;PPP1R9A;CFAP126
GO_Biological_Process_2023,"DNA Damage Response, Signal Transduction By P53 Class Mediator (GO:0030330)",3/36,0.3332174603240693,0.8956491517808324,0,0,1.518052869116699,1.6682793326632344,MUC1;FOXM1;E2F7
GO_Biological_Process_2023,Regulation Of Glucose Import (GO:0046324),3/36,0.3332174603240693,0.8956491517808324,0,0,1.518052869116699,1.6682793326632344,OCLN;ENPP1;ERFE
GO_Biological_Process_2023,Positive Regulation Of Double-Strand Break Repair Via Homologous Recombination (GO:1905168),3/36,0.3332174603240693,0.8956491517808324,0,0,1.518052869116699,1.6682793326632344,RAD51AP1;TIMELESS;FANCB
GO_Biological_Process_2023,Regulation Of Chaperone-Mediated Autophagy (GO:1904714),1/7,0.334718856386178,0.8956491517808324,0,0,2.7821533923303834,3.044967660122841,EEF1A2
GO_Biological_Process_2023,Regulation Of Extent Of Cell Growth (GO:0061387),1/7,0.334718856386178,0.8956491517808324,0,0,2.7821533923303834,3.044967660122841,OLFM1
GO_Biological_Process_2023,T Cell Apoptotic Process (GO:0070231),1/7,0.334718856386178,0.8956491517808324,0,0,2.7821533923303834,3.044967660122841,EBF4
GO_Biological_Process_2023,Regulation Of Lipase Activity (GO:0060191),1/7,0.334718856386178,0.8956491517808324,0,0,2.7821533923303834,3.044967660122841,PCSK6
GO_Biological_Process_2023,Aldehyde Catabolic Process (GO:0046185),1/7,0.334718856386178,0.8956491517808324,0,0,2.7821533923303834,3.044967660122841,ALDH3B1
GO_Biological_Process_2023,Regulation Of Mesenchymal Stem Cell Differentiation (GO:2000739),1/7,0.334718856386178,0.8956491517808324,0,0,2.7821533923303834,3.044967660122841,SOX6
GO_Biological_Process_2023,Amino-Acid Betaine Transport (GO:0015838),1/7,0.334718856386178,0.8956491517808324,0,0,2.7821533923303834,3.044967660122841,SLC6A20
GO_Biological_Process_2023,Arginine Catabolic Process (GO:0006527),1/7,0.334718856386178,0.8956491517808324,0,0,2.7821533923303834,3.044967660122841,DDAH1
GO_Biological_Process_2023,Axon Ensheathment In Central Nervous System (GO:0032291),1/7,0.334718856386178,0.8956491517808324,0,0,2.7821533923303834,3.044967660122841,MYRF
GO_Biological_Process_2023,Regulation Of Oxidative Stress-Induced Cell Death (GO:1903201),1/7,0.334718856386178,0.8956491517808324,0,0,2.7821533923303834,3.044967660122841,GATA4
GO_Biological_Process_2023,Regulation Of Phospholipase A2 Activity (GO:0032429),1/7,0.334718856386178,0.8956491517808324,0,0,2.7821533923303834,3.044967660122841,PLA2R1
GO_Biological_Process_2023,Regulation Of Positive Chemotaxis (GO:0050926),1/7,0.334718856386178,0.8956491517808324,0,0,2.7821533923303834,3.044967660122841,F2RL1
GO_Biological_Process_2023,Regulation Of Protein Glycosylation (GO:0060049),1/7,0.334718856386178,0.8956491517808324,0,0,2.7821533923303834,3.044967660122841,ALG10B
GO_Biological_Process_2023,Regulation Of Protein Localization To Cell Cortex (GO:1904776),1/7,0.334718856386178,0.8956491517808324,0,0,2.7821533923303834,3.044967660122841,MISP
GO_Biological_Process_2023,Catecholamine Transport (GO:0051937),1/7,0.334718856386178,0.8956491517808324,0,0,2.7821533923303834,3.044967660122841,SLC22A3
GO_Biological_Process_2023,Regulation Of Response To Wounding (GO:1903034),1/7,0.334718856386178,0.8956491517808324,0,0,2.7821533923303834,3.044967660122841,VIL1
GO_Biological_Process_2023,Cellular Biogenic Amine Catabolic Process (GO:0042402),1/7,0.334718856386178,0.8956491517808324,0,0,2.7821533923303834,3.044967660122841,CHDH
GO_Biological_Process_2023,Cellular Modified Amino Acid Biosynthetic Process (GO:0042398),1/7,0.334718856386178,0.8956491517808324,0,0,2.7821533923303834,3.044967660122841,GATM
GO_Biological_Process_2023,Regulation Of Transforming Growth Factor Beta Activation (GO:1901388),1/7,0.334718856386178,0.8956491517808324,0,0,2.7821533923303834,3.044967660122841,ITGB6
GO_Biological_Process_2023,Regulation Of Vascular Wound Healing (GO:0061043),1/7,0.334718856386178,0.8956491517808324,0,0,2.7821533923303834,3.044967660122841,FOXC2
GO_Biological_Process_2023,Response To Auditory Stimulus (GO:0010996),1/7,0.334718856386178,0.8956491517808324,0,0,2.7821533923303834,3.044967660122841,MDK
GO_Biological_Process_2023,Coronary Vasculature Development (GO:0060976),1/7,0.334718856386178,0.8956491517808324,0,0,2.7821533923303834,3.044967660122841,GATA6
GO_Biological_Process_2023,Response To Hydroperoxide (GO:0033194),1/7,0.334718856386178,0.8956491517808324,0,0,2.7821533923303834,3.044967660122841,DAPK1
GO_Biological_Process_2023,Dendritic Spine Maintenance (GO:0097062),1/7,0.334718856386178,0.8956491517808324,0,0,2.7821533923303834,3.044967660122841,ITGA3
GO_Biological_Process_2023,Dopamine Uptake (GO:0090494),1/7,0.334718856386178,0.8956491517808324,0,0,2.7821533923303834,3.044967660122841,SLC22A3
GO_Biological_Process_2023,Somatic Hypermutation Of Immunoglobulin Genes (GO:0016446),1/7,0.334718856386178,0.8956491517808324,0,0,2.7821533923303834,3.044967660122841,POLQ
GO_Biological_Process_2023,Store-Operated Calcium Entry (GO:0002115),1/7,0.334718856386178,0.8956491517808324,0,0,2.7821533923303834,3.044967660122841,CRACR2B
GO_Biological_Process_2023,Stress-Induced Premature Senescence (GO:0090400),1/7,0.334718856386178,0.8956491517808324,0,0,2.7821533923303834,3.044967660122841,PLA2R1
GO_Biological_Process_2023,Estrogen Biosynthetic Process (GO:0006703),1/7,0.334718856386178,0.8956491517808324,0,0,2.7821533923303834,3.044967660122841,HSD17B2
GO_Biological_Process_2023,Folic Acid Transport (GO:0015884),1/7,0.334718856386178,0.8956491517808324,0,0,2.7821533923303834,3.044967660122841,FOLR1
GO_Biological_Process_2023,Thyroid Gland Development (GO:0030878),1/7,0.334718856386178,0.8956491517808324,0,0,2.7821533923303834,3.044967660122841,PAX8
GO_Biological_Process_2023,Glucocorticoid Metabolic Process (GO:0008211),1/7,0.334718856386178,0.8956491517808324,0,0,2.7821533923303834,3.044967660122841,HSD11B2
GO_Biological_Process_2023,Hair Cell Differentiation (GO:0035315),1/7,0.334718856386178,0.8956491517808324,0,0,2.7821533923303834,3.044967660122841,USH1C
GO_Biological_Process_2023,Histone H2A K63-linked Deubiquitination (GO:0070537),1/7,0.334718856386178,0.8956491517808324,0,0,2.7821533923303834,3.044967660122841,BRCA1
GO_Biological_Process_2023,Kidney Mesenchyme Development (GO:0072074),1/7,0.334718856386178,0.8956491517808324,0,0,2.7821533923303834,3.044967660122841,PAX2
GO_Biological_Process_2023,Lactate Metabolic Process (GO:0006089),1/7,0.334718856386178,0.8956491517808324,0,0,2.7821533923303834,3.044967660122841,LDHC
GO_Biological_Process_2023,Lens Fiber Cell Development (GO:0070307),1/7,0.334718856386178,0.8956491517808324,0,0,2.7821533923303834,3.044967660122841,WNT7A
GO_Biological_Process_2023,Lymphocyte Apoptotic Process (GO:0070227),1/7,0.334718856386178,0.8956491517808324,0,0,2.7821533923303834,3.044967660122841,EBF4
GO_Biological_Process_2023,Mammary Gland Epithelial Cell Differentiation (GO:0060644),1/7,0.334718856386178,0.8956491517808324,0,0,2.7821533923303834,3.044967660122841,ERBB4
GO_Biological_Process_2023,Mitral Valve Development (GO:0003174),1/7,0.334718856386178,0.8956491517808324,0,0,2.7821533923303834,3.044967660122841,SMAD6
GO_Biological_Process_2023,Multi-Ciliated Epithelial Cell Differentiation (GO:1903251),1/7,0.334718856386178,0.8956491517808324,0,0,2.7821533923303834,3.044967660122841,PLK4
GO_Biological_Process_2023,"Negative Regulation Of Complement Activation, Classical Pathway (GO:0045959)",1/7,0.334718856386178,0.8956491517808324,0,0,2.7821533923303834,3.044967660122841,C4BPB
GO_Biological_Process_2023,Negative Regulation Of Glial Cell Apoptotic Process (GO:0034351),1/7,0.334718856386178,0.8956491517808324,0,0,2.7821533923303834,3.044967660122841,PRKCA
GO_Biological_Process_2023,Negative Regulation Of Glucose Import (GO:0046325),1/7,0.334718856386178,0.8956491517808324,0,0,2.7821533923303834,3.044967660122841,ENPP1
GO_Biological_Process_2023,Negative Regulation Of Inflammatory Response To Wounding (GO:0106015),1/7,0.334718856386178,0.8956491517808324,0,0,2.7821533923303834,3.044967660122841,MDK
GO_Biological_Process_2023,Negative Regulation Of Macrophage Migration (GO:1905522),1/7,0.334718856386178,0.8956491517808324,0,0,2.7821533923303834,3.044967660122841,C5
GO_Biological_Process_2023,Negative Regulation Of miRNA-mediated Gene Silencing (GO:0060965),1/7,0.334718856386178,0.8956491517808324,0,0,2.7821533923303834,3.044967660122841,POU5F1
GO_Biological_Process_2023,Negative Regulation Of Phospholipase Activity (GO:0010519),1/7,0.334718856386178,0.8956491517808324,0,0,2.7821533923303834,3.044967660122841,PLA2R1
GO_Biological_Process_2023,Neuron Fate Specification (GO:0048665),1/7,0.334718856386178,0.8956491517808324,0,0,2.7821533923303834,3.044967660122841,MNX1
GO_Biological_Process_2023,Neurotransmitter Receptor Diffusion Trapping (GO:0099628),1/7,0.334718856386178,0.8956491517808324,0,0,2.7821533923303834,3.044967660122841,CACNG4
GO_Biological_Process_2023,Osteoblast Development (GO:0002076),1/7,0.334718856386178,0.8956491517808324,0,0,2.7821533923303834,3.044967660122841,LRP5
GO_Biological_Process_2023,Platelet Activating Factor Metabolic Process (GO:0046469),1/7,0.334718856386178,0.8956491517808324,0,0,2.7821533923303834,3.044967660122841,PLA2G10
GO_Biological_Process_2023,Positive Regulation Of CoA-transferase Activity (GO:1905920),1/7,0.334718856386178,0.8956491517808324,0,0,2.7821533923303834,3.044967660122841,CHRNA7
GO_Biological_Process_2023,Positive Regulation Of DNA Demethylation (GO:1901537),1/7,0.334718856386178,0.8956491517808324,0,0,2.7821533923303834,3.044967660122841,STPG4
GO_Biological_Process_2023,Positive Regulation Of Astrocyte Differentiation (GO:0048711),1/7,0.334718856386178,0.8956491517808324,0,0,2.7821533923303834,3.044967660122841,TTBK1
GO_Biological_Process_2023,Positive Regulation Of Extracellular Matrix Disassembly (GO:0090091),1/7,0.334718856386178,0.8956491517808324,0,0,2.7821533923303834,3.044967660122841,MELTF
GO_Biological_Process_2023,Positive Regulation Of Fibroblast Migration (GO:0010763),1/7,0.334718856386178,0.8956491517808324,0,0,2.7821533923303834,3.044967660122841,DMTN
GO_Biological_Process_2023,Positive Regulation Of Insulin-Like Growth Factor Receptor Signaling Pathway (GO:0043568),1/7,0.334718856386178,0.8956491517808324,0,0,2.7821533923303834,3.044967660122841,MYORG
GO_Biological_Process_2023,Positive Regulation Of Isomerase Activity (GO:0010912),1/7,0.334718856386178,0.8956491517808324,0,0,2.7821533923303834,3.044967660122841,UHRF1
GO_Biological_Process_2023,Positive Regulation Of Meiotic Nuclear Division (GO:0045836),1/7,0.334718856386178,0.8956491517808324,0,0,2.7821533923303834,3.044967660122841,RAD51AP1
GO_Biological_Process_2023,Positive Regulation Of Myeloid Cell Apoptotic Process (GO:0033034),1/7,0.334718856386178,0.8956491517808324,0,0,2.7821533923303834,3.044967660122841,CDKN2A
GO_Biological_Process_2023,Positive Regulation Of Oligodendrocyte Differentiation (GO:0048714),1/7,0.334718856386178,0.8956491517808324,0,0,2.7821533923303834,3.044967660122841,MDK
GO_Biological_Process_2023,Positive Regulation Of Plasminogen Activation (GO:0010756),1/7,0.334718856386178,0.8956491517808324,0,0,2.7821533923303834,3.044967660122841,MELTF
GO_Biological_Process_2023,Positive Regulation Of Tooth Mineralization (GO:0070172),1/7,0.334718856386178,0.8956491517808324,0,0,2.7821533923303834,3.044967660122841,CFTR
GO_Biological_Process_2023,Postsynaptic Neurotransmitter Receptor Diffusion Trapping (GO:0098970),1/7,0.334718856386178,0.8956491517808324,0,0,2.7821533923303834,3.044967660122841,CACNG4
GO_Biological_Process_2023,Proximal/Distal Pattern Formation (GO:0009954),1/7,0.334718856386178,0.8956491517808324,0,0,2.7821533923303834,3.044967660122841,HOXC9
GO_Biological_Process_2023,Purine Nucleotide Catabolic Process (GO:0006195),1/7,0.334718856386178,0.8956491517808324,0,0,2.7821533923303834,3.044967660122841,SARM1
GO_Biological_Process_2023,Pyrimidine Nucleobase Catabolic Process (GO:0006208),1/7,0.334718856386178,0.8956491517808324,0,0,2.7821533923303834,3.044967660122841,CRMP1
GO_Biological_Process_2023,"Regulation Of CD4-positive, Alpha-Beta T Cell Activation (GO:2000514)",1/7,0.334718856386178,0.8956491517808324,0,0,2.7821533923303834,3.044967660122841,SH3RF1
GO_Biological_Process_2023,Regulation Of CoA-transferase Activity (GO:1905918),1/7,0.334718856386178,0.8956491517808324,0,0,2.7821533923303834,3.044967660122841,CHRNA7
GO_Biological_Process_2023,Regulation Of DNA-templated Transcription In Response To Stress (GO:0043620),1/7,0.334718856386178,0.8956491517808324,0,0,2.7821533923303834,3.044967660122841,MUC1
GO_Biological_Process_2023,Regulation Of Golgi To Plasma Membrane Protein Transport (GO:0042996),1/7,0.334718856386178,0.8956491517808324,0,0,2.7821533923303834,3.044967660122841,PKDCC
GO_Biological_Process_2023,Regulation Of Alpha-Beta T Cell Proliferation (GO:0046640),1/7,0.334718856386178,0.8956491517808324,0,0,2.7821533923303834,3.044967660122841,SH3RF1
GO_Biological_Process_2023,DNA Replication Initiation (GO:0006270),2/21,0.3348112401934415,0.8956491517808324,0,0,1.7574938231317887,1.923029298226786,ORC1;MCM10
GO_Biological_Process_2023,Regulation Of Steroid Metabolic Process (GO:0019218),2/21,0.3348112401934415,0.8956491517808324,0,0,1.7574938231317887,1.923029298226786,RORC;FMO5
GO_Biological_Process_2023,Response To Cadmium Ion (GO:0046686),2/21,0.3348112401934415,0.8956491517808324,0,0,1.7574938231317887,1.923029298226786,MT1G;MT1H
GO_Biological_Process_2023,Skin Epidermis Development (GO:0098773),2/21,0.3348112401934415,0.8956491517808324,0,0,1.7574938231317887,1.923029298226786,FA2H;GATA6
GO_Biological_Process_2023,Negative Regulation Of Reactive Oxygen Species Metabolic Process (GO:2000378),2/21,0.3348112401934415,0.8956491517808324,0,0,1.7574938231317887,1.923029298226786,BRCA1;PAX2
GO_Biological_Process_2023,Negative Regulation Of Tumor Necrosis Factor-Mediated Signaling Pathway (GO:0010804),2/21,0.3348112401934415,0.8956491517808324,0,0,1.7574938231317887,1.923029298226786,F2RL1;CCDC3
GO_Biological_Process_2023,Positive Regulation Of G2/M Transition Of Mitotic Cell Cycle (GO:0010971),2/21,0.3348112401934415,0.8956491517808324,0,0,1.7574938231317887,1.923029298226786,CDC7;DBF4B
GO_Biological_Process_2023,Positive Regulation Of Amyloid Precursor Protein Catabolic Process (GO:1902993),2/21,0.3348112401934415,0.8956491517808324,0,0,1.7574938231317887,1.923029298226786,CHRNA7;SLC2A13
GO_Biological_Process_2023,Positive Regulation Of Granulocyte Chemotaxis (GO:0071624),2/21,0.3348112401934415,0.8956491517808324,0,0,1.7574938231317887,1.923029298226786,MDK;MCU
GO_Biological_Process_2023,Positive Regulation Of Transcription Regulatory Region DNA Binding (GO:2000679),2/21,0.3348112401934415,0.8956491517808324,0,0,1.7574938231317887,1.923029298226786,PAX6;H1-0
GO_Biological_Process_2023,Regulation Of Anoikis (GO:2000209),2/21,0.3348112401934415,0.8956491517808324,0,0,1.7574938231317887,1.923029298226786,CEACAM6;PDK4
GO_Biological_Process_2023,Negative Regulation Of Protein Phosphorylation (GO:0001933),10/149,0.3348863942119394,0.8956491517808324,0,0,1.20203569526181,1.3149836888943327,DBNDD1;OCLN;DEPTOR;DMTN;CAMK2N1;CAMK2N2;DUSP19;ENPP1;SMAD6;ZBED3
GO_Biological_Process_2023,DNA Damage Response (GO:0006974),24/384,0.3355315227022399,0.8956491517808324,0,0,1.1146642577536887,1.2172572533534287,POLQ;RMI2;RFC3;MCM8;XRCC2;XRCC3;FANCA;FANCC;MCM10;BRCA1;MAPK15;NPAS2;RECQL4;RAD51AP1;RAD51;EXO1;CHEK1;PCLAF;TIMELESS;E2F1;NUPR2;SLX1A;SPATA18;MAP2K6
GO_Biological_Process_2023,Positive Regulation Of Double-Strand Break Repair (GO:2000781),6/84,0.3388457950391665,0.8956491517808324,0,0,1.2848547008547009,1.3904828075112874,RAD51AP1;ZCWPW1;TIMELESS;SPIRE2;FANCB;FOXM1
GO_Biological_Process_2023,Regulation Of Peptide Hormone Secretion (GO:0090276),4/52,0.3389693952491807,0.8956491517808324,0,0,1.3916740609287193,1.5055762579049408,PAX8;TFR2;HNF4A;RFX3
GO_Biological_Process_2023,Cardiac Muscle Tissue Development (GO:0048738),4/52,0.3389693952491807,0.8956491517808324,0,0,1.3916740609287193,1.5055762579049408,GATA6;GATA5;GATA4;ADAMTS9
GO_Biological_Process_2023,Cellular Response To Ionizing Radiation (GO:0071479),4/52,0.3389693952491807,0.8956491517808324,0,0,1.3916740609287193,1.5055762579049408,RAD51AP1;RAD51;BRCA1;BRCA2
GO_Biological_Process_2023,Skin Development (GO:0043588),5/68,0.3399700348912109,0.8956491517808324,0,0,1.325523696749274,1.4301045975251694,WNT10A;ITGA3;DACT2;GATA6;AKR1C3
GO_Biological_Process_2023,Telomere Maintenance (GO:0000723),5/68,0.3399700348912109,0.8956491517808324,0,0,1.325523696749274,1.4301045975251694,RECQL4;RAD51;XRCC3;SLX1A;DNA2
GO_Biological_Process_2023,Phosphate-Containing Compound Metabolic Process (GO:0006796),12/184,0.3476535865335852,0.8956491517808324,0,0,1.1657210549286114,1.2316411070942186,CERKL;SLC22A3;PTPRB;CYP2W1;ACP6;HKDC1;PLA2G10;ENPP1;MBOAT2;DUSP18;ALPG;XYLB
GO_Biological_Process_2023,Regulation Of Sodium Ion Transmembrane Transporter Activity (GO:2000649),3/37,0.3489746283536341,0.8956491517808324,0,0,1.4733260325406758,1.551052905502524,WNK2;WNK3;PCSK9
GO_Biological_Process_2023,Muscle Cell Differentiation (GO:0042692),3/37,0.3489746283536341,0.8956491517808324,0,0,1.4733260325406758,1.551052905502524,LBX2;GATA6;BVES
GO_Biological_Process_2023,Negative Regulation Of Smooth Muscle Cell Proliferation (GO:0048662),3/37,0.3489746283536341,0.8956491517808324,0,0,1.4733260325406758,1.551052905502524,GPER1;ANG;PRKG1
GO_Biological_Process_2023,Positive Regulation Of Signaling (GO:0023056),3/37,0.3489746283536341,0.8956491517808324,0,0,1.4733260325406758,1.551052905502524,RIMS2;GATA6;BVES
GO_Biological_Process_2023,Regulation Of Monoatomic Ion Transmembrane Transporter Activity (GO:0032412),5/69,0.3513385541424721,0.8956491517808324,0,0,1.3047430062166965,1.3647676803892057,DAPK1;WNK3;CACNA1D;PDZK1;CACNG4
GO_Biological_Process_2023,Response To Molecule Of Bacterial Origin (GO:0002237),5/69,0.3513385541424721,0.8956491517808324,0,0,1.3047430062166965,1.3647676803892057,FZD5;CPS1;PALM3;SMAD6;INAVA
GO_Biological_Process_2023,Establishment Of Protein Localization To Membrane (GO:0090150),5/69,0.3513385541424721,0.8956491517808324,0,0,1.3047430062166965,1.3647676803892057,REEP1;RAB3IP;ZDHHC23;AQP11;ZDHHC15
GO_Biological_Process_2023,Positive Regulation Of Phosphatidylinositol 3-Kinase Signaling (GO:0014068),5/69,0.3513385541424721,0.8956491517808324,0,0,1.3047430062166965,1.3647676803892057,ERBB3;GPER1;PDGFC;F2RL1;SEMA3E
GO_Biological_Process_2023,Actin Cytoskeleton Reorganization (GO:0031532),4/53,0.352028095143068,0.8956491517808324,0,0,1.36320011589374,1.4232412982464686,DMTN;THSD7A;CDC42BPA;MCU
GO_Biological_Process_2023,Protein Homotetramerization (GO:0051289),4/53,0.352028095143068,0.8956491517808324,0,0,1.36320011589374,1.4232412982464686,ALDH1A2;AQP5;TK1;ACACB
GO_Biological_Process_2023,Regulation Of Dopamine Secretion (GO:0014059),2/22,0.3557871549114532,0.8956491517808324,0,0,1.6695305580159434,1.7253306207184531,SYT8;SYT17
GO_Biological_Process_2023,NAD Metabolic Process (GO:0019674),2/22,0.3557871549114532,0.8956491517808324,0,0,1.6695305580159434,1.7253306207184531,SARM1;NMNAT2
GO_Biological_Process_2023,Acetylcholine Receptor Signaling Pathway (GO:0095500),2/22,0.3557871549114532,0.8956491517808324,0,0,1.6695305580159434,1.7253306207184531,SLURP2;CHRNA7
GO_Biological_Process_2023,Regulation Of Mononuclear Cell Migration (GO:0071675),2/22,0.3557871549114532,0.8956491517808324,0,0,1.6695305580159434,1.7253306207184531,MDK;RARRES2
GO_Biological_Process_2023,Regulation Of Regulatory T Cell Differentiation (GO:0045589),2/22,0.3557871549114532,0.8956491517808324,0,0,1.6695305580159434,1.7253306207184531,MDK;FANCA
GO_Biological_Process_2023,Cellular Response To Cadmium Ion (GO:0071276),2/22,0.3557871549114532,0.8956491517808324,0,0,1.6695305580159434,1.7253306207184531,MT1G;MT1H
GO_Biological_Process_2023,Regulation Of Telomere Capping (GO:1904353),2/22,0.3557871549114532,0.8956491517808324,0,0,1.6695305580159434,1.7253306207184531,NEK2;MAPK15
GO_Biological_Process_2023,Negative Regulation Of G Protein-Coupled Receptor Signaling Pathway (GO:0045744),2/22,0.3557871549114532,0.8956491517808324,0,0,1.6695305580159434,1.7253306207184531,APLP1;MRAP2
GO_Biological_Process_2023,Negative Regulation Of Myeloid Cell Differentiation (GO:0045638),2/22,0.3557871549114532,0.8956491517808324,0,0,1.6695305580159434,1.7253306207184531,MEIS1;MYB
GO_Biological_Process_2023,Oxoacid Metabolic Process (GO:0043436),2/22,0.3557871549114532,0.8956491517808324,0,0,1.6695305580159434,1.7253306207184531,MTARC1;ENPP1
GO_Biological_Process_2023,peptidyl-L-cysteine S-palmitoylation (GO:0018230),2/22,0.3557871549114532,0.8956491517808324,0,0,1.6695305580159434,1.7253306207184531,ZDHHC23;ZDHHC15
GO_Biological_Process_2023,peptidyl-S-diacylglycerol-L-cysteine Biosynthetic Process From Peptidyl-Cysteine (GO:0018231),2/22,0.3557871549114532,0.8956491517808324,0,0,1.6695305580159434,1.7253306207184531,ZDHHC23;ZDHHC15
GO_Biological_Process_2023,Peptidyl-Glutamic Acid Modification (GO:0018200),2/22,0.3557871549114532,0.8956491517808324,0,0,1.6695305580159434,1.7253306207184531,AGBL5;TTLL7
GO_Biological_Process_2023,Positive Regulation Of Protein Autophosphorylation (GO:0031954),2/22,0.3557871549114532,0.8956491517808324,0,0,1.6695305580159434,1.7253306207184531,TOM1L1;PDGFC
GO_Biological_Process_2023,"Positive Regulation Of Synaptic Transmission, Glutamatergic (GO:0051968)",2/22,0.3557871549114532,0.8956491517808324,0,0,1.6695305580159434,1.7253306207184531,CACNG4;GRIN2D
GO_Biological_Process_2023,Protein Peptidyl-Prolyl Isomerization (GO:0000413),2/22,0.3557871549114532,0.8956491517808324,0,0,1.6695305580159434,1.7253306207184531,FKBP1B;PPIL6
GO_Biological_Process_2023,Cellular Response To Organic Cyclic Compound (GO:0071407),10/152,0.3576386533484332,0.8956491517808324,0,0,1.176452111419633,1.2096658844912542,AOC1;DMTN;RAD51;GPER1;RORC;BRCA1;ESR1;FOLR1;CFTR;ADCY6
GO_Biological_Process_2023,Negative Regulation Of Angiogenesis (GO:0016525),6/86,0.35923357953094,0.8956491517808324,0,0,1.2526,1.2823899127854486,SEMA6A;NPR1;CREB3L1;SEMA3E;ADAMTS9;AMOT
GO_Biological_Process_2023,Regulation Of Intracellular Transport (GO:0032386),3/38,0.3646909774748905,0.8956491517808324,0,0,1.4311550151975685,1.443613106621341,MAP2;WWC1;ATP9A
GO_Biological_Process_2023,Regulation Of Neurotransmitter Secretion (GO:0046928),3/38,0.3646909774748905,0.8956491517808324,0,0,1.4311550151975685,1.443613106621341,RIMS2;GPER1;CPLX1
GO_Biological_Process_2023,Response To Peptide (GO:1901652),3/38,0.3646909774748905,0.8956491517808324,0,0,1.4311550151975685,1.443613106621341,CHRNA7;REG1A;INAVA
GO_Biological_Process_2023,Response To Transforming Growth Factor Beta (GO:0071559),3/38,0.3646909774748905,0.8956491517808324,0,0,1.4311550151975685,1.443613106621341,WNT10A;WNT7A;SOX6
GO_Biological_Process_2023,Import Into Cell (GO:0098657),3/38,0.3646909774748905,0.8956491517808324,0,0,1.4311550151975685,1.443613106621341,SLC6A14;SLC6A20;SLC29A2
GO_Biological_Process_2023,Positive Regulation Of Protein Tyrosine Kinase Activity (GO:0061098),3/38,0.3646909774748905,0.8956491517808324,0,0,1.4311550151975685,1.443613106621341,BTC;ERBB3;DOK7
GO_Biological_Process_2023,Regulation Of Exocytosis (GO:0017157),4/54,0.3650882354124236,0.8956491517808324,0,0,1.3358651286601595,1.3460393630322989,RIMS2;SYTL4;CPLX1;CFTR
GO_Biological_Process_2023,Monoatomic Anion Transmembrane Transport (GO:0098656),4/54,0.3650882354124236,0.8956491517808324,0,0,1.3358651286601595,1.3460393630322989,GLRB;ANO4;ANO5;CFTR
GO_Biological_Process_2023,Negative Regulation Of Neuron Projection Development (GO:0010977),4/54,0.3650882354124236,0.8956491517808324,0,0,1.3358651286601595,1.3460393630322989,SEMA3A;CRMP1;NGEF;ADCY6
GO_Biological_Process_2023,Peptidyl-Tyrosine Modification (GO:0018212),4/54,0.3650882354124236,0.8956491517808324,0,0,1.3358651286601595,1.3460393630322989,PKDCC;ERBB4;FGFR4;TTBK1
GO_Biological_Process_2023,Negative Regulation Of Cellular Biosynthetic Process (GO:0031327),9/137,0.3710017342564219,0.8956491517808324,0,0,1.1744443516042782,1.164518584305465,DHFR;GRB7;DAPK1;TRIM2;IGF2BP1;AKR1C3;IGF2BP3;BRCA1;ERFE
GO_Biological_Process_2023,Protein Localization To Plasma Membrane (GO:0072659),9/137,0.3710017342564219,0.8956491517808324,0,0,1.1744443516042782,1.164518584305465,TSPAN15;PDZD3;FYB2;WNK3;ZDHHC23;WDR72;PDZK1;ANK1;MRAP2
GO_Biological_Process_2023,Cdc42 Protein Signal Transduction (GO:0032488),1/8,0.3723536173239217,0.8956491517808324,0,0,2.3845764854614413,2.35575003668214,RHOBTB1
GO_Biological_Process_2023,"Regulation Of Complement Activation, Classical Pathway (GO:0030450)",1/8,0.3723536173239217,0.8956491517808324,0,0,2.3845764854614413,2.35575003668214,C4BPB
GO_Biological_Process_2023,"DNA Damage Response, Signal Transduction By P53 Class Mediator Resulting In Transcription Of P21 Class Mediator (GO:0006978)",1/8,0.3723536173239217,0.8956491517808324,0,0,2.3845764854614413,2.35575003668214,MUC1
GO_Biological_Process_2023,GMP Metabolic Process (GO:0046037),1/8,0.3723536173239217,0.8956491517808324,0,0,2.3845764854614413,2.35575003668214,PRTFDC1
GO_Biological_Process_2023,Regulation Of Epidermis Development (GO:0045682),1/8,0.3723536173239217,0.8956491517808324,0,0,2.3845764854614413,2.35575003668214,NME2
GO_Biological_Process_2023,Regulation Of Fertilization (GO:0080154),1/8,0.3723536173239217,0.8956491517808324,0,0,2.3845764854614413,2.35575003668214,CFAP69
GO_Biological_Process_2023,N-acylphosphatidylethanolamine Metabolic Process (GO:0070292),1/8,0.3723536173239217,0.8956491517808324,0,0,2.3845764854614413,2.35575003668214,NAPEPLD
GO_Biological_Process_2023,Regulation Of Generation Of Precursor Metabolites And Energy (GO:0043467),1/8,0.3723536173239217,0.8956491517808324,0,0,2.3845764854614413,2.35575003668214,PRDM16
GO_Biological_Process_2023,Regulation Of Glucan Biosynthetic Process (GO:0010962),1/8,0.3723536173239217,0.8956491517808324,0,0,2.3845764854614413,2.35575003668214,PPP1R3E
GO_Biological_Process_2023,Schwann Cell Development (GO:0014044),1/8,0.3723536173239217,0.8956491517808324,0,0,2.3845764854614413,2.35575003668214,ARHGEF10
GO_Biological_Process_2023,T-helper 17 Cell Differentiation (GO:0072539),1/8,0.3723536173239217,0.8956491517808324,0,0,2.3845764854614413,2.35575003668214,RORC
GO_Biological_Process_2023,Regulation Of Lysosomal Protein Catabolic Process (GO:1905165),1/8,0.3723536173239217,0.8956491517808324,0,0,2.3845764854614413,2.35575003668214,MGAT3
GO_Biological_Process_2023,Regulation Of Neutrophil Migration (GO:1902622),1/8,0.3723536173239217,0.8956491517808324,0,0,2.3845764854614413,2.35575003668214,FUT4
GO_Biological_Process_2023,Regulation Of Organ Growth (GO:0046620),1/8,0.3723536173239217,0.8956491517808324,0,0,2.3845764854614413,2.35575003668214,WWC1
GO_Biological_Process_2023,Box C/D snoRNP Assembly (GO:0000492),1/8,0.3723536173239217,0.8956491517808324,0,0,2.3845764854614413,2.35575003668214,PIH1D2
GO_Biological_Process_2023,Brown Fat Cell Differentiation (GO:0050873),1/8,0.3723536173239217,0.8956491517808324,0,0,2.3845764854614413,2.35575003668214,PRDM16
GO_Biological_Process_2023,Bundle Of His Cell To Purkinje Myocyte Communication (GO:0086069),1/8,0.3723536173239217,0.8956491517808324,0,0,2.3845764854614413,2.35575003668214,DSG2
GO_Biological_Process_2023,Regulation Of Protein Localization To Early Endosome (GO:1902965),1/8,0.3723536173239217,0.8956491517808324,0,0,2.3845764854614413,2.35575003668214,MGAT3
GO_Biological_Process_2023,Cellular Response To Hydroxyurea (GO:0072711),1/8,0.3723536173239217,0.8956491517808324,0,0,2.3845764854614413,2.35575003668214,TIMELESS
GO_Biological_Process_2023,Regulation Of Toll-Like Receptor 3 Signaling Pathway (GO:0034139),1/8,0.3723536173239217,0.8956491517808324,0,0,2.3845764854614413,2.35575003668214,F2RL1
GO_Biological_Process_2023,Regulation Of Type B Pancreatic Cell Development (GO:2000074),1/8,0.3723536173239217,0.8956491517808324,0,0,2.3845764854614413,2.35575003668214,RFX3
GO_Biological_Process_2023,Cellular Response To Sterol Depletion (GO:0071501),1/8,0.3723536173239217,0.8956491517808324,0,0,2.3845764854614413,2.35575003668214,NPC1L1
GO_Biological_Process_2023,Regulation Of Urine Volume (GO:0035809),1/8,0.3723536173239217,0.8956491517808324,0,0,2.3845764854614413,2.35575003668214,NPR1
GO_Biological_Process_2023,Cilium Movement Involved In Cell Motility (GO:0060294),1/8,0.3723536173239217,0.8956491517808324,0,0,2.3845764854614413,2.35575003668214,TEKT2
GO_Biological_Process_2023,Commissural Neuron Axon Guidance (GO:0071679),1/8,0.3723536173239217,0.8956491517808324,0,0,2.3845764854614413,2.35575003668214,NFIB
GO_Biological_Process_2023,Sensory Organ Morphogenesis (GO:0090596),1/8,0.3723536173239217,0.8956491517808324,0,0,2.3845764854614413,2.35575003668214,WDPCP
GO_Biological_Process_2023,Embryonic Forelimb Morphogenesis (GO:0035115),1/8,0.3723536173239217,0.8956491517808324,0,0,2.3845764854614413,2.35575003668214,WNT7A
GO_Biological_Process_2023,Serotonin Uptake (GO:0051610),1/8,0.3723536173239217,0.8956491517808324,0,0,2.3845764854614413,2.35575003668214,SLC22A3
GO_Biological_Process_2023,Endochondral Ossification (GO:0001958),1/8,0.3723536173239217,0.8956491517808324,0,0,2.3845764854614413,2.35575003668214,SCX
GO_Biological_Process_2023,Somite Development (GO:0061053),1/8,0.3723536173239217,0.8956491517808324,0,0,2.3845764854614413,2.35575003668214,SHH
GO_Biological_Process_2023,Sympathetic Ganglion Development (GO:0061549),1/8,0.3723536173239217,0.8956491517808324,0,0,2.3845764854614413,2.35575003668214,SEMA3A
GO_Biological_Process_2023,Glycerol Transmembrane Transport (GO:0015793),1/8,0.3723536173239217,0.8956491517808324,0,0,2.3845764854614413,2.35575003668214,AQP11
GO_Biological_Process_2023,Vascular Associated Smooth Muscle Cell Differentiation (GO:0035886),1/8,0.3723536173239217,0.8956491517808324,0,0,2.3845764854614413,2.35575003668214,GATA6
GO_Biological_Process_2023,Inner Ear Receptor Cell Development (GO:0060119),1/8,0.3723536173239217,0.8956491517808324,0,0,2.3845764854614413,2.35575003668214,USH1C
GO_Biological_Process_2023,Intermembrane Lipid Transfer (GO:0120009),1/8,0.3723536173239217,0.8956491517808324,0,0,2.3845764854614413,2.35575003668214,GLTPD2
GO_Biological_Process_2023,Lactation (GO:0007595),1/8,0.3723536173239217,0.8956491517808324,0,0,2.3845764854614413,2.35575003668214,ERBB4
GO_Biological_Process_2023,Manganese Ion Transport (GO:0006828),1/8,0.3723536173239217,0.8956491517808324,0,0,2.3845764854614413,2.35575003668214,SLC41A2
GO_Biological_Process_2023,Membrane Lipid Catabolic Process (GO:0046466),1/8,0.3723536173239217,0.8956491517808324,0,0,2.3845764854614413,2.35575003668214,SMPDL3B
GO_Biological_Process_2023,Mitochondrial Fragmentation Involved In Apoptotic Process (GO:0043653),1/8,0.3723536173239217,0.8956491517808324,0,0,2.3845764854614413,2.35575003668214,ERBB4
GO_Biological_Process_2023,Monocyte Activation (GO:0042117),1/8,0.3723536173239217,0.8956491517808324,0,0,2.3845764854614413,2.35575003668214,MT1G
GO_Biological_Process_2023,Negative Regulation Of Alpha-Beta T Cell Differentiation (GO:0046639),1/8,0.3723536173239217,0.8956491517808324,0,0,2.3845764854614413,2.35575003668214,IHH
GO_Biological_Process_2023,Negative Regulation Of Cytoplasmic Translation (GO:2000766),1/8,0.3723536173239217,0.8956491517808324,0,0,2.3845764854614413,2.35575003668214,NMNAT2
GO_Biological_Process_2023,Negative Regulation Of Platelet Aggregation (GO:0090331),1/8,0.3723536173239217,0.8956491517808324,0,0,2.3845764854614413,2.35575003668214,PRKG1
GO_Biological_Process_2023,Negative Regulation Of Smooth Muscle Cell Differentiation (GO:0051151),1/8,0.3723536173239217,0.8956491517808324,0,0,2.3845764854614413,2.35575003668214,SHH
GO_Biological_Process_2023,Neuronal Action Potential (GO:0019228),1/8,0.3723536173239217,0.8956491517808324,0,0,2.3845764854614413,2.35575003668214,GPER1
GO_Biological_Process_2023,Neurotransmitter Reuptake (GO:0098810),1/8,0.3723536173239217,0.8956491517808324,0,0,2.3845764854614413,2.35575003668214,SLC22A3
GO_Biological_Process_2023,Nicotinamide Nucleotide Biosynthetic Process (GO:0019359),1/8,0.3723536173239217,0.8956491517808324,0,0,2.3845764854614413,2.35575003668214,NMNAT2
GO_Biological_Process_2023,Nuclear Membrane Disassembly (GO:0051081),1/8,0.3723536173239217,0.8956491517808324,0,0,2.3845764854614413,2.35575003668214,PRKCA
GO_Biological_Process_2023,p38MAPK Cascade (GO:0038066),1/8,0.3723536173239217,0.8956491517808324,0,0,2.3845764854614413,2.35575003668214,MAP2K6
GO_Biological_Process_2023,Peripheral Nervous System Axon Ensheathment (GO:0032292),1/8,0.3723536173239217,0.8956491517808324,0,0,2.3845764854614413,2.35575003668214,ARHGEF10
GO_Biological_Process_2023,Phosphatidylglycerol Acyl-Chain Remodeling (GO:0036148),1/8,0.3723536173239217,0.8956491517808324,0,0,2.3845764854614413,2.35575003668214,MBOAT2
GO_Biological_Process_2023,"Phototransduction, Visible Light (GO:0007603)",1/8,0.3723536173239217,0.8956491517808324,0,0,2.3845764854614413,2.35575003668214,RP1
GO_Biological_Process_2023,Positive Regulation Of Actin Cytoskeleton Reorganization (GO:2000251),1/8,0.3723536173239217,0.8956491517808324,0,0,2.3845764854614413,2.35575003668214,BAIAP2L2
GO_Biological_Process_2023,Positive Regulation Of Epithelial Cell Proliferation Involved In Wound Healing (GO:0060054),1/8,0.3723536173239217,0.8956491517808324,0,0,2.3845764854614413,2.35575003668214,WNT7A
GO_Biological_Process_2023,Positive Regulation Of Inositol Phosphate Biosynthetic Process (GO:0060732),1/8,0.3723536173239217,0.8956491517808324,0,0,2.3845764854614413,2.35575003668214,GPER1
GO_Biological_Process_2023,Positive Regulation Of Megakaryocyte Differentiation (GO:0045654),1/8,0.3723536173239217,0.8956491517808324,0,0,2.3845764854614413,2.35575003668214,SCIN
GO_Biological_Process_2023,Positive Regulation Of Membrane Invagination (GO:1905155),1/8,0.3723536173239217,0.8956491517808324,0,0,2.3845764854614413,2.35575003668214,F2RL1
GO_Biological_Process_2023,Positive Regulation Of Mitochondrial Calcium Ion Concentration (GO:0051561),1/8,0.3723536173239217,0.8956491517808324,0,0,2.3845764854614413,2.35575003668214,MCU
GO_Biological_Process_2023,Positive Regulation Of Peptide Secretion (GO:0002793),1/8,0.3723536173239217,0.8956491517808324,0,0,2.3845764854614413,2.35575003668214,TFR2
GO_Biological_Process_2023,Positive Regulation Of Protein Localization To Early Endosome (GO:1902966),1/8,0.3723536173239217,0.8956491517808324,0,0,2.3845764854614413,2.35575003668214,MGAT3
GO_Biological_Process_2023,Positive Regulation Of Protein Localization To Endosome (GO:1905668),1/8,0.3723536173239217,0.8956491517808324,0,0,2.3845764854614413,2.35575003668214,MGAT3
GO_Biological_Process_2023,Proline Transport (GO:0015824),1/8,0.3723536173239217,0.8956491517808324,0,0,2.3845764854614413,2.35575003668214,SLC6A20
GO_Biological_Process_2023,"Regulation Of CD8-positive, Alpha-Beta T Cell Proliferation (GO:2000564)",1/8,0.3723536173239217,0.8956491517808324,0,0,2.3845764854614413,2.35575003668214,SH3RF1
GO_Biological_Process_2023,Regulation Of DNA Demethylation (GO:1901535),1/8,0.3723536173239217,0.8956491517808324,0,0,2.3845764854614413,2.35575003668214,STPG4
GO_Biological_Process_2023,Positive Regulation Of Vasculature Development (GO:1904018),7/104,0.3739364128670585,0.8956491517808324,0,0,1.2052316836042118,1.1855496657875093,CHRNA7;FGF18;GATA6;HMGA2;PRKCA;GATA4;BRCA1
GO_Biological_Process_2023,Positive Regulation Of Cell-Substrate Adhesion (GO:0010811),5/71,0.3741190113063265,0.8956491517808324,0,0,1.265070778836321,1.243793958403441,CARMIL1;DMTN;MDK;AGR2;NPNT
GO_Biological_Process_2023,Regulation Of Cellular Response To Transforming Growth Factor Beta Stimulus (GO:1903844),2/23,0.3765200810584617,0.8956491517808324,0,0,1.5899447467206549,1.5530324257480517,ITGA3;FOLR1
GO_Biological_Process_2023,Regulation Of Extracellular Matrix Organization (GO:1903053),2/23,0.3765200810584617,0.8956491517808324,0,0,1.5899447467206549,1.5530324257480517,TIE1;FGFR4
GO_Biological_Process_2023,Regulation Of Lipid Catabolic Process (GO:0050994),2/23,0.3765200810584617,0.8956491517808324,0,0,1.5899447467206549,1.5530324257480517,BSCL2;RARRES2
GO_Biological_Process_2023,Endocrine System Development (GO:0035270),2/23,0.3765200810584617,0.8956491517808324,0,0,1.5899447467206549,1.5530324257480517,PAX8;MDK
GO_Biological_Process_2023,Hepaticobiliary System Development (GO:0061008),2/23,0.3765200810584617,0.8956491517808324,0,0,1.5899447467206549,1.5530324257480517,COBL;PCSK9
GO_Biological_Process_2023,Lymphocyte Activation Involved In Immune Response (GO:0002285),2/23,0.3765200810584617,0.8956491517808324,0,0,1.5899447467206549,1.5530324257480517,MDK;F2RL1
GO_Biological_Process_2023,Negative Regulation Of Oxidative Stress-Induced Cell Death (GO:1903202),2/23,0.3765200810584617,0.8956491517808324,0,0,1.5899447467206549,1.5530324257480517,GPR37;GATA4
GO_Biological_Process_2023,Negative Regulation Of Protein Depolymerization (GO:1901880),2/23,0.3765200810584617,0.8956491517808324,0,0,1.5899447467206549,1.5530324257480517,PLEKHH2;TRIM54
GO_Biological_Process_2023,Positive Regulation Of Epithelial Cell Apoptotic Process (GO:1904037),2/23,0.3765200810584617,0.8956491517808324,0,0,1.5899447467206549,1.5530324257480517,GPER1;PLA2R1
GO_Biological_Process_2023,Positive Regulation Of Lamellipodium Assembly (GO:0010592),2/23,0.3765200810584617,0.8956491517808324,0,0,1.5899447467206549,1.5530324257480517,OCLN;PLCE1
GO_Biological_Process_2023,Protein Localization To Cell Junction (GO:1902414),2/23,0.3765200810584617,0.8956491517808324,0,0,1.5899447467206549,1.5530324257480517,CGNL1;TJP3
GO_Biological_Process_2023,Regulation Of Cell Junction Assembly (GO:1901888),2/23,0.3765200810584617,0.8956491517808324,0,0,1.5899447467206549,1.5530324257480517,CLDN3;RAB17
GO_Biological_Process_2023,Ceramide Metabolic Process (GO:0006672),4/55,0.3781352802692448,0.8956491517808324,0,0,1.3096021017102493,1.2735923172466213,FUT6;FA2H;SPTSSB;DEGS2
GO_Biological_Process_2023,Negative Regulation Of Neuron Death (GO:1901215),6/88,0.3796928760413163,0.8956491517808324,0,0,1.221918699186992,1.1832969943149485,CHGA;TOX3;ERBB3;MDK;SEMA3E;NFATC4
GO_Biological_Process_2023,Retina Homeostasis (GO:0001895),3/39,0.3803430293946485,0.8956491517808324,0,0,1.3913268321513002,1.3449702214820551,PIGR;IGKC;SLC28A2
GO_Biological_Process_2023,Fibroblast Growth Factor Receptor Signaling Pathway (GO:0008543),3/39,0.3803430293946485,0.8956491517808324,0,0,1.3913268321513002,1.3449702214820551,FLRT3;FGF18;FGFR4
GO_Biological_Process_2023,Vesicle Cytoskeletal Trafficking (GO:0099518),3/39,0.3803430293946485,0.8956491517808324,0,0,1.3913268321513002,1.3449702214820551,MYO1A;MYO7B;CDR2L
GO_Biological_Process_2023,Neuron Projection Extension (GO:1990138),3/39,0.3803430293946485,0.8956491517808324,0,0,1.3913268321513002,1.3449702214820551,FLRT3;SPAG6;SEMA3A
GO_Biological_Process_2023,Odontogenesis (GO:0042476),3/39,0.3803430293946485,0.8956491517808324,0,0,1.3913268321513002,1.3449702214820551,WNT10A;EDA;AQP5
GO_Biological_Process_2023,Positive Regulation Of Stress-Activated MAPK Cascade (GO:0032874),7/105,0.3833050848295822,0.8956491517808324,0,0,1.1928698525673616,1.1438715791213845,SH3RF2;SEMA3A;DUSP19;WNT7A;F2RL1;INAVA;SH3RF1
GO_Biological_Process_2023,Response To Ionizing Radiation (GO:0010212),5/72,0.3855111726472113,0.8956491517808324,0,0,1.2461228493412158,1.1877857379642722,RAD51AP1;RAD51;FANCD2;BRCA1;BRCA2
GO_Biological_Process_2023,Second-Messenger-Mediated Signaling (GO:0019932),5/72,0.3855111726472113,0.8956491517808324,0,0,1.2461228493412158,1.1877857379642722,DDAH1;PLCE1;NMUR2;PPP1R9A;MCU
GO_Biological_Process_2023,Organic Anion Transport (GO:0015711),6/89,0.3899312834200376,0.8956491517808324,0,0,1.2071325301204818,1.1368590101988785,SLC22A3;SLC44A4;ABCC6;CYB5RL;SLC4A4;CFTR
GO_Biological_Process_2023,Positive Regulation Of DNA Repair (GO:0045739),6/89,0.3899312834200376,0.8956491517808324,0,0,1.2071325301204818,1.1368590101988785,ZCWPW1;TIMELESS;SPIRE2;BRCA1;FOXM1;NPAS2
GO_Biological_Process_2023,Protein Phosphorylation (GO:0006468),30/500,0.3950943197169617,0.8956491517808324,0,0,1.0666705316250218,0.9905430648438224,LTK;PRKAA2;PKDCC;EPHA10;PKN3;TTBK1;LIPE;STK36;ERBB4;CHEK1;PDK4;MAP3K21;NEK2;CLSPN;STK32B;PRKG1;PLK4;DAPK1;PRKCA;CDC7;CDC42BPA;MAPK15;ERN2;WNK2;MYO3A;WNK3;BMPR1B;FGFR4;CDKL1;NEK11
GO_Biological_Process_2023,Regulation Of Cytosolic Calcium Ion Concentration (GO:0051480),3/40,0.3959088268662617,0.8956491517808324,0,0,1.35365152386429,1.2542546920411235,GPER1;WBP2NL;FKBP1B
GO_Biological_Process_2023,Notch Signaling Pathway (GO:0007219),3/40,0.3959088268662617,0.8956491517808324,0,0,1.35365152386429,1.2542546920411235,SORBS2;DTX4;DLL3
GO_Biological_Process_2023,Regulation Of Microtubule Polymerization (GO:0031113),3/40,0.3959088268662617,0.8956491517808324,0,0,1.35365152386429,1.2542546920411235,CAMSAP3;OCLN;MAP2
GO_Biological_Process_2023,Regulation Of Small Molecule Metabolic Process (GO:0062012),3/40,0.3959088268662617,0.8956491517808324,0,0,1.35365152386429,1.2542546920411235,RORC;PDK4;FMO5
GO_Biological_Process_2023,Establishment Or Maintenance Of Epithelial Cell Apical/Basal Polarity (GO:0045197),3/40,0.3959088268662617,0.8956491517808324,0,0,1.35365152386429,1.2542546920411235,CAMSAP3;SYNE4;PARD3B
GO_Biological_Process_2023,Water-Soluble Vitamin Metabolic Process (GO:0006767),3/40,0.3959088268662617,0.8956491517808324,0,0,1.35365152386429,1.2542546920411235,DHFR;VNN1;GSTO2
GO_Biological_Process_2023,Negative Regulation Of Cell-Cell Adhesion (GO:0022408),3/40,0.3959088268662617,0.8956491517808324,0,0,1.35365152386429,1.2542546920411235,EPCAM;PODXL;NEXMIF
GO_Biological_Process_2023,Nucleic Acid-Templated Transcription (GO:0097659),3/40,0.3959088268662617,0.8956491517808324,0,0,1.35365152386429,1.2542546920411235,PAX8;E2F1;SCX
GO_Biological_Process_2023,Positive Regulation Of Secretion By Cell (GO:1903532),5/73,0.3968919007192033,0.8956491517808324,0,0,1.2277322118900846,1.1345366873546108,GPER1;PLA2G10;ANG;SYTL4;CFTR
GO_Biological_Process_2023,Regulation Of Rho Protein Signal Transduction (GO:0035023),5/73,0.3968919007192033,0.8956491517808324,0,0,1.2277322118900846,1.1345366873546108,ITGA3;ARHGEF28;F2RL1;EPS8L3;SCAI
GO_Biological_Process_2023,Regulation Of Cytokine Production Involved In Immune Response (GO:0002718),2/24,0.3969704317326077,0.8956491517808324,0,0,1.517594009179483,1.4020952108712452,F2RL1;INAVA
GO_Biological_Process_2023,Regulation Of Cytoplasmic Translation (GO:2000765),2/24,0.3969704317326077,0.8956491517808324,0,0,1.517594009179483,1.4020952108712452,IGF2BP1;NMNAT2
GO_Biological_Process_2023,Regulation Of Endoplasmic Reticulum Stress-Induced Intrinsic Apoptotic Signaling Pathway (GO:1902235),2/24,0.3969704317326077,0.8956491517808324,0,0,1.517594009179483,1.4020952108712452,CREB3L1;RNF183
GO_Biological_Process_2023,Regulation Of Execution Phase Of Apoptosis (GO:1900117),2/24,0.3969704317326077,0.8956491517808324,0,0,1.517594009179483,1.4020952108712452,MTRNR2L12;MTRNR2L1
GO_Biological_Process_2023,Response To Hexose (GO:0009746),2/24,0.3969704317326077,0.8956491517808324,0,0,1.517594009179483,1.4020952108712452,HNF4A;ZBED3
GO_Biological_Process_2023,Response To Purine-Containing Compound (GO:0014074),2/24,0.3969704317326077,0.8956491517808324,0,0,1.517594009179483,1.4020952108712452,NT5E;ENPP1
GO_Biological_Process_2023,Gliogenesis (GO:0042063),2/24,0.3969704317326077,0.8956491517808324,0,0,1.517594009179483,1.4020952108712452,NFIB;PAX2
GO_Biological_Process_2023,Lipid Translocation (GO:0034204),2/24,0.3969704317326077,0.8956491517808324,0,0,1.517594009179483,1.4020952108712452,ATP8B3;ATP9A
GO_Biological_Process_2023,Negative Regulation Of Cell Junction Assembly (GO:1901889),2/24,0.3969704317326077,0.8956491517808324,0,0,1.517594009179483,1.4020952108712452,ROBO2;DMTN
GO_Biological_Process_2023,Neuromuscular Junction Development (GO:0007528),2/24,0.3969704317326077,0.8956491517808324,0,0,1.517594009179483,1.4020952108712452,PPFIBP2;DOK7
GO_Biological_Process_2023,Positive Regulation Of ERBB Signaling Pathway (GO:1901186),2/24,0.3969704317326077,0.8956491517808324,0,0,1.517594009179483,1.4020952108712452,GPER1;AGR2
GO_Biological_Process_2023,Positive Regulation Of Cell Cycle G2/M Phase Transition (GO:1902751),2/24,0.3969704317326077,0.8956491517808324,0,0,1.517594009179483,1.4020952108712452,CDC7;DBF4B
GO_Biological_Process_2023,Negative Regulation Of Translation (GO:0017148),7/107,0.4020563084737484,0.8956491517808324,0,0,1.168887900355872,1.0650475571381377,DHFR;GRB7;DAPK1;TRIM2;IGF2BP1;IGF2BP3;NMNAT2
GO_Biological_Process_2023,Protein Localization To Membrane (GO:0072657),12/192,0.4030828073512411,0.8956491517808324,0,0,1.1134346142389038,1.011681455580924,PIGR;ANO1;TSPAN15;PDZD3;FYB2;WNK3;ZDHHC23;WDR72;PDZK1;ANK1;MRAP2;ZDHHC15
GO_Biological_Process_2023,Striated Muscle Contraction (GO:0006941),4/57,0.4041348754124488,0.8956491517808324,0,0,1.2600492206726823,1.141612918703812,TNNT1;TNNC2;TNNI2;TNNI3
GO_Biological_Process_2023,Membrane Lipid Biosynthetic Process (GO:0046467),4/57,0.4041348754124488,0.8956491517808324,0,0,1.2600492206726823,1.141612918703812,FA2H;ALDH3B1;SPTSSB;DEGS2
GO_Biological_Process_2023,Positive Regulation Of Macromolecule Metabolic Process (GO:0010604),22/364,0.4048327488953012,0.8956491517808324,0,0,1.074657638987761,0.9717927669260265,UHRF1;CHRNA7;SCX;GATA5;WNT7A;HMGA2;PAX6;BRCA1;TTBK1;EPB41L4B;OLFM1;OCLN;CLDN3;MYCN;GPER1;PLA2G10;FGF18;AGR2;E2F1;BMPR1B;FGFR4;BVES
GO_Biological_Process_2023,Proteolysis (GO:0006508),20/330,0.4073321150283729,0.8956491517808324,0,0,1.0777271275514648,0.9679352055673278,CPM;TMPRSS5;TMPRSS4;ADAM22;IHH;CTSV;MMEL1;PCSK6;PCSK4;DPP4;SHH;CAPN8;CAPN9;PROC;MMP15;CAPN5;FBXL2;PRSS3;CTSE;ADAMTS9
GO_Biological_Process_2023,Regulation Of Cellular Response To Oxidative Stress (GO:1900407),1/9,0.4078611626763599,0.8956491517808324,0,0,2.0863938053097346,1.8711373226033117,DHFR
GO_Biological_Process_2023,"DNA Damage Response, Signal Transduction Resulting In Transcription (GO:0042772)",1/9,0.4078611626763599,0.8956491517808324,0,0,2.0863938053097346,1.8711373226033117,MUC1
GO_Biological_Process_2023,Regulation Of Hair Cycle (GO:0042634),1/9,0.4078611626763599,0.8956491517808324,0,0,2.0863938053097346,1.8711373226033117,EPS8L3
GO_Biological_Process_2023,Regulation Of Histone Methylation (GO:0031060),1/9,0.4078611626763599,0.8956491517808324,0,0,2.0863938053097346,1.8711373226033117,FAM47E
GO_Biological_Process_2023,Regulation Of Inflammatory Response To Wounding (GO:0106014),1/9,0.4078611626763599,0.8956491517808324,0,0,2.0863938053097346,1.8711373226033117,MDK
GO_Biological_Process_2023,Regulation Of Long-Term Synaptic Depression (GO:1900452),1/9,0.4078611626763599,0.8956491517808324,0,0,2.0863938053097346,1.8711373226033117,GRID2
GO_Biological_Process_2023,Adrenal Gland Development (GO:0030325),1/9,0.4078611626763599,0.8956491517808324,0,0,2.0863938053097346,1.8711373226033117,MDK
GO_Biological_Process_2023,Alpha-Linolenic Acid Metabolic Process (GO:0036109),1/9,0.4078611626763599,0.8956491517808324,0,0,2.0863938053097346,1.8711373226033117,FADS1
GO_Biological_Process_2023,Apical Protein Localization (GO:0045176),1/9,0.4078611626763599,0.8956491517808324,0,0,2.0863938053097346,1.8711373226033117,SHROOM3
GO_Biological_Process_2023,Arachidonate Transport (GO:1903963),1/9,0.4078611626763599,0.8956491517808324,0,0,2.0863938053097346,1.8711373226033117,NMUR2
GO_Biological_Process_2023,Arachidonic Acid Secretion (GO:0050482),1/9,0.4078611626763599,0.8956491517808324,0,0,2.0863938053097346,1.8711373226033117,NMUR2
GO_Biological_Process_2023,cAMP Biosynthetic Process (GO:0006171),1/9,0.4078611626763599,0.8956491517808324,0,0,2.0863938053097346,1.8711373226033117,ADCY6
GO_Biological_Process_2023,cGMP Biosynthetic Process (GO:0006182),1/9,0.4078611626763599,0.8956491517808324,0,0,2.0863938053097346,1.8711373226033117,NPR1
GO_Biological_Process_2023,Calcium Import Into The Mitochondrion (GO:0036444),1/9,0.4078611626763599,0.8956491517808324,0,0,2.0863938053097346,1.8711373226033117,MCU
GO_Biological_Process_2023,Camera-Type Eye Morphogenesis (GO:0048593),1/9,0.4078611626763599,0.8956491517808324,0,0,2.0863938053097346,1.8711373226033117,IFT122
GO_Biological_Process_2023,Regulation Of Protein Acetylation (GO:1901983),1/9,0.4078611626763599,0.8956491517808324,0,0,2.0863938053097346,1.8711373226033117,FAM161A
GO_Biological_Process_2023,Carbohydrate Phosphorylation (GO:0046835),1/9,0.4078611626763599,0.8956491517808324,0,0,2.0863938053097346,1.8711373226033117,HKDC1
GO_Biological_Process_2023,Carnitine Metabolic Process (GO:0009437),1/9,0.4078611626763599,0.8956491517808324,0,0,2.0863938053097346,1.8711373226033117,CPT1B
GO_Biological_Process_2023,Cell Differentiation In Spinal Cord (GO:0021515),1/9,0.4078611626763599,0.8956491517808324,0,0,2.0863938053097346,1.8711373226033117,SOX6
GO_Biological_Process_2023,Regulation Of Sequestering Of Calcium Ion (GO:0051282),1/9,0.4078611626763599,0.8956491517808324,0,0,2.0863938053097346,1.8711373226033117,FKBP1B
GO_Biological_Process_2023,Regulation Of Store-Operated Calcium Entry (GO:2001256),1/9,0.4078611626763599,0.8956491517808324,0,0,2.0863938053097346,1.8711373226033117,HOMER2
GO_Biological_Process_2023,Cellular Response To Prostaglandin Stimulus (GO:0071379),1/9,0.4078611626763599,0.8956491517808324,0,0,2.0863938053097346,1.8711373226033117,AKR1C3
GO_Biological_Process_2023,Response To Hydroxyurea (GO:0072710),1/9,0.4078611626763599,0.8956491517808324,0,0,2.0863938053097346,1.8711373226033117,TIMELESS
GO_Biological_Process_2023,Response To Laminar Fluid Shear Stress (GO:0034616),1/9,0.4078611626763599,0.8956491517808324,0,0,2.0863938053097346,1.8711373226033117,SMAD6
GO_Biological_Process_2023,Dicarboxylic Acid Biosynthetic Process (GO:0043650),1/9,0.4078611626763599,0.8956491517808324,0,0,2.0863938053097346,1.8711373226033117,GLS2
GO_Biological_Process_2023,Serine Family Amino Acid Catabolic Process (GO:0009071),1/9,0.4078611626763599,0.8956491517808324,0,0,2.0863938053097346,1.8711373226033117,AOC1
GO_Biological_Process_2023,Serotonin Transport (GO:0006837),1/9,0.4078611626763599,0.8956491517808324,0,0,2.0863938053097346,1.8711373226033117,SLC22A3
GO_Biological_Process_2023,Endodermal Cell Fate Commitment (GO:0001711),1/9,0.4078611626763599,0.8956491517808324,0,0,2.0863938053097346,1.8711373226033117,POU5F1
GO_Biological_Process_2023,Skeletal Muscle Tissue Regeneration (GO:0043403),1/9,0.4078611626763599,0.8956491517808324,0,0,2.0863938053097346,1.8711373226033117,LARGE1
GO_Biological_Process_2023,Smooth Muscle Tissue Development (GO:0048745),1/9,0.4078611626763599,0.8956491517808324,0,0,2.0863938053097346,1.8711373226033117,SHH
GO_Biological_Process_2023,Excitatory Synapse Assembly (GO:1904861),1/9,0.4078611626763599,0.8956491517808324,0,0,2.0863938053097346,1.8711373226033117,WNT7A
GO_Biological_Process_2023,Forelimb Morphogenesis (GO:0035136),1/9,0.4078611626763599,0.8956491517808324,0,0,2.0863938053097346,1.8711373226033117,WNT7A
GO_Biological_Process_2023,Toxin Transport (GO:1901998),1/9,0.4078611626763599,0.8956491517808324,0,0,2.0863938053097346,1.8711373226033117,SLC22A3
GO_Biological_Process_2023,Transferrin Transport (GO:0033572),1/9,0.4078611626763599,0.8956491517808324,0,0,2.0863938053097346,1.8711373226033117,TFR2
GO_Biological_Process_2023,Glycerolipid Metabolic Process (GO:0046486),1/9,0.4078611626763599,0.8956491517808324,0,0,2.0863938053097346,1.8711373226033117,GAL3ST1
GO_Biological_Process_2023,"Wound Healing, Spreading Of Epidermal Cells (GO:0035313)",1/9,0.4078611626763599,0.8956491517808324,0,0,2.0863938053097346,1.8711373226033117,WNT7A
GO_Biological_Process_2023,Histone Ubiquitination (GO:0016574),1/9,0.4078611626763599,0.8956491517808324,0,0,2.0863938053097346,1.8711373226033117,UHRF1
GO_Biological_Process_2023,Homocysteine Metabolic Process (GO:0050667),1/9,0.4078611626763599,0.8956491517808324,0,0,2.0863938053097346,1.8711373226033117,CPS1
GO_Biological_Process_2023,Homologous Recombination (GO:0035825),1/9,0.4078611626763599,0.8956491517808324,0,0,2.0863938053097346,1.8711373226033117,BRCA1
GO_Biological_Process_2023,Intestinal Cholesterol Absorption (GO:0030299),1/9,0.4078611626763599,0.8956491517808324,0,0,2.0863938053097346,1.8711373226033117,NPC1L1
GO_Biological_Process_2023,Iron Ion Transmembrane Transport (GO:0034755),1/9,0.4078611626763599,0.8956491517808324,0,0,2.0863938053097346,1.8711373226033117,SLC40A1
GO_Biological_Process_2023,Kinetochore Assembly (GO:0051382),1/9,0.4078611626763599,0.8956491517808324,0,0,2.0863938053097346,1.8711373226033117,KNTC1
GO_Biological_Process_2023,Leukotriene D4 Biosynthetic Process (GO:1901750),1/9,0.4078611626763599,0.8956491517808324,0,0,2.0863938053097346,1.8711373226033117,GGT6
GO_Biological_Process_2023,Lung Epithelium Development (GO:0060428),1/9,0.4078611626763599,0.8956491517808324,0,0,2.0863938053097346,1.8711373226033117,FOXJ1
GO_Biological_Process_2023,Microtubule Anchoring (GO:0034453),1/9,0.4078611626763599,0.8956491517808324,0,0,2.0863938053097346,1.8711373226033117,CAMSAP3
GO_Biological_Process_2023,Mitral Valve Morphogenesis (GO:0003183),1/9,0.4078611626763599,0.8956491517808324,0,0,2.0863938053097346,1.8711373226033117,SMAD6
GO_Biological_Process_2023,Motor Neuron Axon Guidance (GO:0008045),1/9,0.4078611626763599,0.8956491517808324,0,0,2.0863938053097346,1.8711373226033117,SEMA3A
GO_Biological_Process_2023,Muscle Cell Migration (GO:0014812),1/9,0.4078611626763599,0.8956491517808324,0,0,2.0863938053097346,1.8711373226033117,CCN3
GO_Biological_Process_2023,Myelin Maintenance (GO:0043217),1/9,0.4078611626763599,0.8956491517808324,0,0,2.0863938053097346,1.8711373226033117,MYRF
GO_Biological_Process_2023,Negative Regulation Of Extracellular Matrix Organization (GO:1903054),1/9,0.4078611626763599,0.8956491517808324,0,0,2.0863938053097346,1.8711373226033117,DPP4
GO_Biological_Process_2023,Negative Regulation Of Protein Autophosphorylation (GO:0031953),1/9,0.4078611626763599,0.8956491517808324,0,0,2.0863938053097346,1.8711373226033117,ENPP1
GO_Biological_Process_2023,Negative Regulation Of Receptor Binding (GO:1900121),1/9,0.4078611626763599,0.8956491517808324,0,0,2.0863938053097346,1.8711373226033117,PCSK9
GO_Biological_Process_2023,Negative Regulation Of Sodium Ion Transmembrane Transport (GO:1902306),1/9,0.4078611626763599,0.8956491517808324,0,0,2.0863938053097346,1.8711373226033117,PCSK9
GO_Biological_Process_2023,Negative Regulation Of Transcription By Competitive Promoter Binding (GO:0010944),1/9,0.4078611626763599,0.8956491517808324,0,0,2.0863938053097346,1.8711373226033117,MUC1
GO_Biological_Process_2023,Negative Regulation Of Transforming Growth Factor Beta Production (GO:0071635),1/9,0.4078611626763599,0.8956491517808324,0,0,2.0863938053097346,1.8711373226033117,GATA6
GO_Biological_Process_2023,Negative Regulation Of Vascular Endothelial Growth Factor Signaling Pathway (GO:1900747),1/9,0.4078611626763599,0.8956491517808324,0,0,2.0863938053097346,1.8711373226033117,SEMA6A
GO_Biological_Process_2023,Neuron Projection Regeneration (GO:0031102),1/9,0.4078611626763599,0.8956491517808324,0,0,2.0863938053097346,1.8711373226033117,FOLR1
GO_Biological_Process_2023,Ornithine Metabolic Process (GO:0006591),1/9,0.4078611626763599,0.8956491517808324,0,0,2.0863938053097346,1.8711373226033117,HNF4A
GO_Biological_Process_2023,Peptidyl-Amino Acid Modification (GO:0018193),1/9,0.4078611626763599,0.8956491517808324,0,0,2.0863938053097346,1.8711373226033117,METAP1D
GO_Biological_Process_2023,Phosphatidylcholine Catabolic Process (GO:0034638),1/9,0.4078611626763599,0.8956491517808324,0,0,2.0863938053097346,1.8711373226033117,PLA2G10
GO_Biological_Process_2023,Phosphatidylethanolamine Acyl-Chain Remodeling (GO:0036152),1/9,0.4078611626763599,0.8956491517808324,0,0,2.0863938053097346,1.8711373226033117,MBOAT2
GO_Biological_Process_2023,Pinocytosis (GO:0006907),1/9,0.4078611626763599,0.8956491517808324,0,0,2.0863938053097346,1.8711373226033117,CARMIL1
GO_Biological_Process_2023,Positive Regulation Of RIG-I Signaling Pathway (GO:1900246),1/9,0.4078611626763599,0.8956491517808324,0,0,2.0863938053097346,1.8711373226033117,TRIM15
GO_Biological_Process_2023,Positive Regulation Of RNA Biosynthetic Process (GO:1902680),1/9,0.4078611626763599,0.8956491517808324,0,0,2.0863938053097346,1.8711373226033117,GINS2
GO_Biological_Process_2023,Positive Regulation Of Acrosome Reaction (GO:2000344),1/9,0.4078611626763599,0.8956491517808324,0,0,2.0863938053097346,1.8711373226033117,PLA2G10
GO_Biological_Process_2023,Positive Regulation Of Cardiocyte Differentiation (GO:1905209),1/9,0.4078611626763599,0.8956491517808324,0,0,2.0863938053097346,1.8711373226033117,GPER1
GO_Biological_Process_2023,Positive Regulation Of Keratinocyte Migration (GO:0051549),1/9,0.4078611626763599,0.8956491517808324,0,0,2.0863938053097346,1.8711373226033117,EPB41L4B
GO_Biological_Process_2023,Positive Regulation Of Leukocyte Apoptotic Process (GO:2000108),1/9,0.4078611626763599,0.8956491517808324,0,0,2.0863938053097346,1.8711373226033117,CDKN2A
GO_Biological_Process_2023,Positive Regulation Of Myoblast Fusion (GO:1901741),1/9,0.4078611626763599,0.8956491517808324,0,0,2.0863938053097346,1.8711373226033117,SCGB3A1
GO_Biological_Process_2023,"Positive Regulation Of Phagocytosis, Engulfment (GO:0060100)",1/9,0.4078611626763599,0.8956491517808324,0,0,2.0863938053097346,1.8711373226033117,F2RL1
GO_Biological_Process_2023,Positive Regulation Of Receptor Recycling (GO:0001921),1/9,0.4078611626763599,0.8956491517808324,0,0,2.0863938053097346,1.8711373226033117,BVES
GO_Biological_Process_2023,Positive Regulation Of Smooth Muscle Contraction (GO:0045987),1/9,0.4078611626763599,0.8956491517808324,0,0,2.0863938053097346,1.8711373226033117,GPER1
GO_Biological_Process_2023,Postsynapse Assembly (GO:0099068),1/9,0.4078611626763599,0.8956491517808324,0,0,2.0863938053097346,1.8711373226033117,WNT7A
GO_Biological_Process_2023,Primary Alcohol Catabolic Process (GO:0034310),1/9,0.4078611626763599,0.8956491517808324,0,0,2.0863938053097346,1.8711373226033117,AKR1C3
GO_Biological_Process_2023,Protein K6-linked Ubiquitination (GO:0085020),1/9,0.4078611626763599,0.8956491517808324,0,0,2.0863938053097346,1.8711373226033117,BRCA1
GO_Biological_Process_2023,Quinone Metabolic Process (GO:1901661),1/9,0.4078611626763599,0.8956491517808324,0,0,2.0863938053097346,1.8711373226033117,NQO1
GO_Biological_Process_2023,"Regulation Of CD8-positive, Alpha-Beta T Cell Activation (GO:2001185)",1/9,0.4078611626763599,0.8956491517808324,0,0,2.0863938053097346,1.8711373226033117,SH3RF1
GO_Biological_Process_2023,Regulation Of PERK-mediated Unfolded Protein Response (GO:1903897),1/9,0.4078611626763599,0.8956491517808324,0,0,2.0863938053097346,1.8711373226033117,AGR2
GO_Biological_Process_2023,Regulation Of Actin Filament Length (GO:0030832),1/9,0.4078611626763599,0.8956491517808324,0,0,2.0863938053097346,1.8711373226033117,MYO3A
GO_Biological_Process_2023,Regulation Of Animal Organ Morphogenesis (GO:2000027),1/9,0.4078611626763599,0.8956491517808324,0,0,2.0863938053097346,1.8711373226033117,SHH
GO_Biological_Process_2023,Regulation Of Attachment Of Spindle Microtubules To Kinetochore (GO:0051988),1/9,0.4078611626763599,0.8956491517808324,0,0,2.0863938053097346,1.8711373226033117,NEK2
GO_Biological_Process_2023,Regulation Of Bile Acid Biosynthetic Process (GO:0070857),1/9,0.4078611626763599,0.8956491517808324,0,0,2.0863938053097346,1.8711373226033117,FGFR4
GO_Biological_Process_2023,Regulation Of Cardiac Muscle Cell Differentiation (GO:2000725),1/9,0.4078611626763599,0.8956491517808324,0,0,2.0863938053097346,1.8711373226033117,SOX6
GO_Biological_Process_2023,Negative Regulation Of Neuron Apoptotic Process (GO:0043524),5/74,0.4082520187656751,0.8956491517808324,0,0,1.209874636394059,1.0838911191154534,TOX3;ERBB3;MDK;SEMA3E;NFATC4
GO_Biological_Process_2023,Regulation Of Cell Growth (GO:0001558),14/227,0.4083193753861213,0.8956491517808324,0,0,1.0977761525884642,0.983284278139592,SLC44A4;CDKN2A;NPR1;TMEM97;BRCA1;IL17RB;DCBLD2;GNG4;HNF4A;PLCE1;ENPP1;SCGB3A1;CCN3;MELTF
GO_Biological_Process_2023,Synaptic Vesicle Exocytosis (GO:0016079),3/41,0.4113679080273651,0.8956491517808324,0,0,1.3179591265397537,1.1707000100582898,RIMS2;CPLX1;SYT8
GO_Biological_Process_2023,Protein Localization To Cell Periphery (GO:1990778),9/142,0.4117233690731226,0.8956491517808324,0,0,1.129990752281774,1.0027578496021854,TSPAN15;PDZD3;FYB2;WNK3;ZDHHC23;WDR72;PDZK1;ANK1;MRAP2
GO_Biological_Process_2023,Muscle Organ Development (GO:0007517),4/58,0.4170613207820399,0.8956491517808324,0,0,1.2366492490716092,1.081476994085388,ITGA7;LARGE1;SOX6;BVES
GO_Biological_Process_2023,Regulation Of Glycogen Biosynthetic Process (GO:0005979),2/25,0.417103866053705,0.8956491517808324,0,0,1.4515346401201523,1.2692509329803443,PPP1R3E;ENPP1
GO_Biological_Process_2023,Regulation Of Keratinocyte Proliferation (GO:0010837),2/25,0.417103866053705,0.8956491517808324,0,0,1.4515346401201523,1.2692509329803443,EPB41L4B;MDK
GO_Biological_Process_2023,Cardiac Conduction System Development (GO:0003161),2/25,0.417103866053705,0.8956491517808324,0,0,1.4515346401201523,1.2692509329803443,GATA6;GATA4
GO_Biological_Process_2023,Cellular Response To Steroid Hormone Stimulus (GO:0071383),2/25,0.417103866053705,0.8956491517808324,0,0,1.4515346401201523,1.2692509329803443,GPER1;AKR1C3
GO_Biological_Process_2023,Ventricular Cardiac Muscle Tissue Development (GO:0003229),2/25,0.417103866053705,0.8956491517808324,0,0,1.4515346401201523,1.2692509329803443,TNNI3;DSG2
GO_Biological_Process_2023,Lamellipodium Assembly (GO:0030032),2/25,0.417103866053705,0.8956491517808324,0,0,1.4515346401201523,1.2692509329803443,CARMIL1;DMTN
GO_Biological_Process_2023,Mismatch Repair (GO:0006298),2/25,0.417103866053705,0.8956491517808324,0,0,1.4515346401201523,1.2692509329803443,MCM8;EXO1
GO_Biological_Process_2023,Mitotic Cell Cycle Checkpoint Signaling (GO:0007093),2/25,0.417103866053705,0.8956491517808324,0,0,1.4515346401201523,1.2692509329803443,CHEK1;BRCA1
GO_Biological_Process_2023,Negative Regulation Of Protein Localization To Membrane (GO:1905476),2/25,0.417103866053705,0.8956491517808324,0,0,1.4515346401201523,1.2692509329803443,DMTN;MRAP2
GO_Biological_Process_2023,Negative Regulation Of Response To Endoplasmic Reticulum Stress (GO:1903573),2/25,0.417103866053705,0.8956491517808324,0,0,1.4515346401201523,1.2692509329803443,CREB3L1;AQP11
GO_Biological_Process_2023,Negative Regulation Of Response To Wounding (GO:1903035),2/25,0.417103866053705,0.8956491517808324,0,0,1.4515346401201523,1.2692509329803443,CLDN3;MDK
GO_Biological_Process_2023,Negative Regulation Of Smoothened Signaling Pathway (GO:0045879),2/25,0.417103866053705,0.8956491517808324,0,0,1.4515346401201523,1.2692509329803443,ENPP1;IFT122
GO_Biological_Process_2023,Negative Regulation Of Transposition (GO:0010529),2/25,0.417103866053705,0.8956491517808324,0,0,1.4515346401201523,1.2692509329803443,PIWIL1;PIWIL4
GO_Biological_Process_2023,Organophosphate Ester Transport (GO:0015748),2/25,0.417103866053705,0.8956491517808324,0,0,1.4515346401201523,1.2692509329803443,PRELID2;SLC44A4
GO_Biological_Process_2023,Phosphatidylethanolamine Metabolic Process (GO:0046337),2/25,0.417103866053705,0.8956491517808324,0,0,1.4515346401201523,1.2692509329803443,PLA2G10;NAPEPLD
GO_Biological_Process_2023,Positive Regulation Of Glucose Import (GO:0046326),2/25,0.417103866053705,0.8956491517808324,0,0,1.4515346401201523,1.2692509329803443,OCLN;ERFE
GO_Biological_Process_2023,Positive Regulation Of Peptidase Activity (GO:0010952),2/25,0.417103866053705,0.8956491517808324,0,0,1.4515346401201523,1.2692509329803443,CLDN3;CTSV
GO_Biological_Process_2023,Positive Regulation Of Release Of Cytochrome C From Mitochondria (GO:0090200),2/25,0.417103866053705,0.8956491517808324,0,0,1.4515346401201523,1.2692509329803443,BIK;GPER1
GO_Biological_Process_2023,Proteoglycan Metabolic Process (GO:0006029),2/25,0.417103866053705,0.8956491517808324,0,0,1.4515346401201523,1.2692509329803443,FOXL1;BMPR1B
GO_Biological_Process_2023,Regulation Of Cell Cycle Phase Transition (GO:1901987),2/25,0.417103866053705,0.8956491517808324,0,0,1.4515346401201523,1.2692509329803443,DBF4B;NEK11
GO_Biological_Process_2023,Regulation Of Stress Fiber Assembly (GO:0051492),5/75,0.4195826537207714,0.8956491517808324,0,0,1.1925272773407765,1.0357036716729189,ARHGEF10;CARMIL1;RHPN1;RHPN2;CGNL1
GO_Biological_Process_2023,Regulation Of BMP Signaling Pathway (GO:0030510),5/75,0.4195826537207714,0.8956491517808324,0,0,1.1925272773407765,1.0357036716729189,ITGA3;CAPN5;KCP;PCSK6;SMAD6
GO_Biological_Process_2023,Steroid Metabolic Process (GO:0008202),6/92,0.4205985756101417,0.8956491517808324,0,0,1.1648372093023256,1.008838019481125,HSD11B2;UGT2B15;HSD17B2;AKR1C3;RDH5;CYP3A5
GO_Biological_Process_2023,Cellular Response To Salt (GO:1902075),7/109,0.4207906530134411,0.8956491517808324,0,0,1.1458464168585585,0.9918673808260222,AOC1;PRKAA2;DMTN;ITPKA;AKR1C3;SYT8;SYT17
GO_Biological_Process_2023,Extracellular Structure Organization (GO:0043062),7/109,0.4207906530134411,0.8956491517808324,0,0,1.1458464168585585,0.9918673808260222,MMP15;SMOC1;APLP1;MMP28;COL9A2;NPNT;ADAMTS9
GO_Biological_Process_2023,Positive Regulation Of Wnt Signaling Pathway (GO:0030177),7/109,0.4207906530134411,0.8956491517808324,0,0,1.1458464168585585,0.9918673808260222,LBX2;WNK2;LGR6;LYPD6;LGR4;ATP6V1C2;ZBED3
GO_Biological_Process_2023,Regulation Of Wnt Signaling Pathway (GO:0030111),7/109,0.4207906530134411,0.8956491517808324,0,0,1.1458464168585585,0.9918673808260222,ITGA3;DCDC2;FOXL1;LGR6;FOLR1;ATP6V1C2;SOX30
GO_Biological_Process_2023,Ceramide Biosynthetic Process (GO:0046513),3/42,0.4267012750079359,0.8956491517808324,0,0,1.2840971085651938,1.0936283978911006,FA2H;SPTSSB;DEGS2
GO_Biological_Process_2023,Substantia Nigra Development (GO:0021762),3/42,0.4267012750079359,0.8956491517808324,0,0,1.2840971085651938,1.0936283978911006,CCDC14;SYNGR3;TTBK1
GO_Biological_Process_2023,Modulation By Host Of Symbiont Process (GO:0051851),3/42,0.4267012750079359,0.8956491517808324,0,0,1.2840971085651938,1.0936283978911006,ST6GALNAC1;NAPEPLD;HMGA2
GO_Biological_Process_2023,Microtubule Cytoskeleton Organization Involved In Mitosis (GO:1902850),4/59,0.42992247449452,0.8956491517808324,0,0,1.214100185528757,1.0248831310566506,CEP126;STIL;NUSAP1;EFHC1
GO_Biological_Process_2023,External Encapsulating Structure Organization (GO:0045229),7/110,0.4301386276397758,0.8956491517808324,0,0,1.1346612306948138,0.9572543743076946,MMP15;SMOC1;APLP1;MMP28;COL9A2;NPNT;ADAMTS9
GO_Biological_Process_2023,Regulation Of JNK Cascade (GO:0046328),7/110,0.4301386276397758,0.8956491517808324,0,0,1.1346612306948138,0.9572543743076946,SH3RF2;MECOM;SEMA3A;DUSP19;WNT7A;F2RL1;SH3RF1
GO_Biological_Process_2023,Positive Regulation Of Protein Secretion (GO:0050714),5/76,0.4308752442518541,0.8956491517808324,0,0,1.1756685762889951,0.989838506449632,GPER1;F2RL1;ANG;SYTL4;MCU
GO_Biological_Process_2023,Regulation Of Ras Protein Signal Transduction (GO:0046578),5/76,0.4308752442518541,0.8956491517808324,0,0,1.1756685762889951,0.989838506449632,ARHGEF28;PLCE1;EPS8L3;FOXM1;RALGPS1
GO_Biological_Process_2023,Negative Regulation Of Intracellular Signal Transduction (GO:1902532),14/231,0.4340619856362432,0.8956491517808324,0,0,1.0773096138851186,0.8990880555425718,PRKAA2;WWC1;ESR1;CIT;PBLD;PDZD3;DEPTOR;CILP;VEPH1;GPER1;CCN3;TRIM15;CGNL1;SHANK2
GO_Biological_Process_2023,Positive Regulation Of Phosphorylation (GO:0042327),14/231,0.4340619856362432,0.8956491517808324,0,0,1.0773096138851186,0.8990880555425718,LTK;CHRNA7;RARRES2;TIE1;PIFO;MST1R;MOB3B;CLDN3;ERBB3;ERBB4;GPER1;FGF18;ANG;FGFR4
GO_Biological_Process_2023,Protein Autophosphorylation (GO:0046777),10/162,0.4344524013796144,0.8956491517808324,0,0,1.098467064181417,0.9157578162419554,LTK;DAPK1;ERBB4;WNK2;WNK3;MYO3A;MAP3K21;NEK2;FGFR4;MAPK15
GO_Biological_Process_2023,Regulation Of GTPase Activity (GO:0043087),13/214,0.436001588288357,0.8956491517808324,0,0,1.0799490917505497,0.8964758847826179,DOCK6;ARHGAP11B;RAP1GAP;VAV2;ARHGAP44;FGD5;F2RL1;RGL3;RGS11;BVES;NGEF;RALGPS1;PRKG1
GO_Biological_Process_2023,Fc Receptor Signaling Pathway (GO:0038093),2/26,0.4368908237019367,0.8956491517808324,0,0,1.390980218482433,1.1518316969856277,PIGR;VAV2
GO_Biological_Process_2023,Regulation Of Epidermal Growth Factor-Activated Receptor Activity (GO:0007176),2/26,0.4368908237019367,0.8956491517808324,0,0,1.390980218482433,1.1518316969856277,BTC;GPRC5A
GO_Biological_Process_2023,Regulation Of Fatty Acid Biosynthetic Process (GO:0042304),2/26,0.4368908237019367,0.8956491517808324,0,0,1.390980218482433,1.1518316969856277,PDK4;BRCA1
GO_Biological_Process_2023,Regulation Of Keratinocyte Differentiation (GO:0045616),2/26,0.4368908237019367,0.8956491517808324,0,0,1.390980218482433,1.1518316969856277,NME2;ETV4
GO_Biological_Process_2023,Antigen Processing And Presentation Of Exogenous Peptide Antigen Via MHC Class II (GO:0019886),2/26,0.4368908237019367,0.8956491517808324,0,0,1.390980218482433,1.1518316969856277,CTSV;CTSE
GO_Biological_Process_2023,Regulation Of Myeloid Cell Differentiation (GO:0045637),2/26,0.4368908237019367,0.8956491517808324,0,0,1.390980218482433,1.1518316969856277,L3MBTL1;MEIS1
GO_Biological_Process_2023,Camera-Type Eye Development (GO:0043010),2/26,0.4368908237019367,0.8956491517808324,0,0,1.390980218482433,1.1518316969856277,IFT122;PAX2
GO_Biological_Process_2023,Cardiac Muscle Cell Development (GO:0055013),2/26,0.4368908237019367,0.8956491517808324,0,0,1.390980218482433,1.1518316969856277,SORBS2;ALPK3
GO_Biological_Process_2023,Spindle Assembly Checkpoint Signaling (GO:0071173),2/26,0.4368908237019367,0.8956491517808324,0,0,1.390980218482433,1.1518316969856277,KNTC1;SPC24
GO_Biological_Process_2023,Establishment Or Maintenance Of Apical/Basal Cell Polarity (GO:0035088),2/26,0.4368908237019367,0.8956491517808324,0,0,1.390980218482433,1.1518316969856277,FOXJ1;PARD3B
GO_Biological_Process_2023,Telomere Maintenance Via Telomere Lengthening (GO:0010833),2/26,0.4368908237019367,0.8956491517808324,0,0,1.390980218482433,1.1518316969856277,RAD51;SLX1A
GO_Biological_Process_2023,Meiosis I (GO:0007127),2/26,0.4368908237019367,0.8956491517808324,0,0,1.390980218482433,1.1518316969856277,ZCWPW1;MOV10L1
GO_Biological_Process_2023,Mitotic Spindle Assembly Checkpoint Signaling (GO:0007094),2/26,0.4368908237019367,0.8956491517808324,0,0,1.390980218482433,1.1518316969856277,KNTC1;SPC24
GO_Biological_Process_2023,Mitotic Spindle Checkpoint Signaling (GO:0071174),2/26,0.4368908237019367,0.8956491517808324,0,0,1.390980218482433,1.1518316969856277,KNTC1;SPC24
GO_Biological_Process_2023,Negative Regulation Of Insulin Receptor Signaling Pathway (GO:0046627),2/26,0.4368908237019367,0.8956491517808324,0,0,1.390980218482433,1.1518316969856277,GRB7;ENPP1
GO_Biological_Process_2023,Nucleic Acid Phosphodiester Bond Hydrolysis (GO:0090305),2/26,0.4368908237019367,0.8956491517808324,0,0,1.390980218482433,1.1518316969856277,ENPP1;DNA2
GO_Biological_Process_2023,Regulation Of Chromatin Binding (GO:0035561),1/10,0.4413616275824871,0.8956491517808324,0,0,1.8544739429695185,1.5167570328351194,CDT1
GO_Biological_Process_2023,Actin Filament Depolymerization (GO:0030042),1/10,0.4413616275824871,0.8956491517808324,0,0,1.8544739429695185,1.5167570328351194,VIL1
GO_Biological_Process_2023,Regulation Of Lamellipodium Morphogenesis (GO:2000392),1/10,0.4413616275824871,0.8956491517808324,0,0,1.8544739429695185,1.5167570328351194,VIL1
GO_Biological_Process_2023,Regulation Of Long-Term Neuronal Synaptic Plasticity (GO:0048169),1/10,0.4413616275824871,0.8956491517808324,0,0,1.8544739429695185,1.5167570328351194,SYP
GO_Biological_Process_2023,Regulation Of Low-Density Lipoprotein Particle Clearance (GO:0010988),1/10,0.4413616275824871,0.8956491517808324,0,0,1.8544739429695185,1.5167570328351194,PCSK9
GO_Biological_Process_2023,Alpha-Amino Acid Biosynthetic Process (GO:1901607),1/10,0.4413616275824871,0.8956491517808324,0,0,1.8544739429695185,1.5167570328351194,CPS1
GO_Biological_Process_2023,Arginine Metabolic Process (GO:0006525),1/10,0.4413616275824871,0.8956491517808324,0,0,1.8544739429695185,1.5167570328351194,DDAH1
GO_Biological_Process_2023,Atrial Septum Morphogenesis (GO:0060413),1/10,0.4413616275824871,0.8956491517808324,0,0,1.8544739429695185,1.5167570328351194,GATA4
GO_Biological_Process_2023,Regulation Of Opsonization (GO:1903027),1/10,0.4413616275824871,0.8956491517808324,0,0,1.8544739429695185,1.5167570328351194,C4BPB
GO_Biological_Process_2023,Regulation Of Peptidyl-Lysine Acetylation (GO:2000756),1/10,0.4413616275824871,0.8956491517808324,0,0,1.8544739429695185,1.5167570328351194,PRKAA2
GO_Biological_Process_2023,"Regulation Of Phagocytosis, Engulfment (GO:0060099)",1/10,0.4413616275824871,0.8956491517808324,0,0,1.8544739429695185,1.5167570328351194,F2RL1
GO_Biological_Process_2023,calcineurin-NFAT Signaling Cascade (GO:0033173),1/10,0.4413616275824871,0.8956491517808324,0,0,1.8544739429695185,1.5167570328351194,NFATC4
GO_Biological_Process_2023,Cell Proliferation In Forebrain (GO:0021846),1/10,0.4413616275824871,0.8956491517808324,0,0,1.8544739429695185,1.5167570328351194,WNT7A
GO_Biological_Process_2023,Regulation Of Respiratory Burst (GO:0060263),1/10,0.4413616275824871,0.8956491517808324,0,0,1.8544739429695185,1.5167570328351194,NOXO1
GO_Biological_Process_2023,Regulation Of Smooth Muscle Cell Apoptotic Process (GO:0034391),1/10,0.4413616275824871,0.8956491517808324,0,0,1.8544739429695185,1.5167570328351194,CDKN2A
GO_Biological_Process_2023,Regulation Of Toll-Like Receptor 2 Signaling Pathway (GO:0034135),1/10,0.4413616275824871,0.8956491517808324,0,0,1.8544739429695185,1.5167570328351194,F2RL1
GO_Biological_Process_2023,Removal Of Superoxide Radicals (GO:0019430),1/10,0.4413616275824871,0.8956491517808324,0,0,1.8544739429695185,1.5167570328351194,NQO1
GO_Biological_Process_2023,Response To Sterol (GO:0036314),1/10,0.4413616275824871,0.8956491517808324,0,0,1.8544739429695185,1.5167570328351194,RORC
GO_Biological_Process_2023,Diol Metabolic Process (GO:0034311),1/10,0.4413616275824871,0.8956491517808324,0,0,1.8544739429695185,1.5167570328351194,DEGS2
GO_Biological_Process_2023,Embryonic Appendage Morphogenesis (GO:0035113),1/10,0.4413616275824871,0.8956491517808324,0,0,1.8544739429695185,1.5167570328351194,SHH
GO_Biological_Process_2023,Signal Release (GO:0023061),1/10,0.4413616275824871,0.8956491517808324,0,0,1.8544739429695185,1.5167570328351194,SLC44A4
GO_Biological_Process_2023,Small Nucleolar Ribonucleoprotein Complex Assembly (GO:0000491),1/10,0.4413616275824871,0.8956491517808324,0,0,1.8544739429695185,1.5167570328351194,PIH1D2
GO_Biological_Process_2023,Establishment Of Endothelial Intestinal Barrier (GO:0090557),1/10,0.4413616275824871,0.8956491517808324,0,0,1.8544739429695185,1.5167570328351194,TJP3
GO_Biological_Process_2023,Establishment Of Epithelial Cell Apical/Basal Polarity (GO:0045198),1/10,0.4413616275824871,0.8956491517808324,0,0,1.8544739429695185,1.5167570328351194,SYNE4
GO_Biological_Process_2023,Fatty Acid Homeostasis (GO:0055089),1/10,0.4413616275824871,0.8956491517808324,0,0,1.8544739429695185,1.5167570328351194,PRKAA2
GO_Biological_Process_2023,Glycine Transport (GO:0015816),1/10,0.4413616275824871,0.8956491517808324,0,0,1.8544739429695185,1.5167570328351194,SLC6A20
GO_Biological_Process_2023,Hematopoietic Stem Cell Proliferation (GO:0071425),1/10,0.4413616275824871,0.8956491517808324,0,0,1.8544739429695185,1.5167570328351194,MECOM
GO_Biological_Process_2023,Inositol Phosphate Biosynthetic Process (GO:0032958),1/10,0.4413616275824871,0.8956491517808324,0,0,1.8544739429695185,1.5167570328351194,ITPKA
GO_Biological_Process_2023,Lens Fiber Cell Differentiation (GO:0070306),1/10,0.4413616275824871,0.8956491517808324,0,0,1.8544739429695185,1.5167570328351194,WNT7A
GO_Biological_Process_2023,Microtubule Anchoring At Centrosome (GO:0034454),1/10,0.4413616275824871,0.8956491517808324,0,0,1.8544739429695185,1.5167570328351194,CCDC68
GO_Biological_Process_2023,Monoamine Transport (GO:0015844),1/10,0.4413616275824871,0.8956491517808324,0,0,1.8544739429695185,1.5167570328351194,SLC22A3
GO_Biological_Process_2023,Monocyte Differentiation (GO:0030224),1/10,0.4413616275824871,0.8956491517808324,0,0,1.8544739429695185,1.5167570328351194,MT1G
GO_Biological_Process_2023,Negative Regulation Of Activin Receptor Signaling Pathway (GO:0032926),1/10,0.4413616275824871,0.8956491517808324,0,0,1.8544739429695185,1.5167570328351194,DACT2
GO_Biological_Process_2023,Negative Regulation Of Alpha-Beta T Cell Activation (GO:0046636),1/10,0.4413616275824871,0.8956491517808324,0,0,1.8544739429695185,1.5167570328351194,IHH
GO_Biological_Process_2023,Negative Regulation Of Exocytosis (GO:0045920),1/10,0.4413616275824871,0.8956491517808324,0,0,1.8544739429695185,1.5167570328351194,ATP9A
GO_Biological_Process_2023,Negative Regulation Of Hemostasis (GO:1900047),1/10,0.4413616275824871,0.8956491517808324,0,0,1.8544739429695185,1.5167570328351194,PROC
GO_Biological_Process_2023,Negative Regulation Of Homotypic Cell-Cell Adhesion (GO:0034111),1/10,0.4413616275824871,0.8956491517808324,0,0,1.8544739429695185,1.5167570328351194,PRKG1
GO_Biological_Process_2023,Negative Regulation Of Pathway-Restricted SMAD Protein Phosphorylation (GO:0060394),1/10,0.4413616275824871,0.8956491517808324,0,0,1.8544739429695185,1.5167570328351194,SMAD6
GO_Biological_Process_2023,Negative Regulation Of Response To Cytokine Stimulus (GO:0060761),1/10,0.4413616275824871,0.8956491517808324,0,0,1.8544739429695185,1.5167570328351194,PALM3
GO_Biological_Process_2023,Negative Regulation Of Sodium Ion Transmembrane Transporter Activity (GO:2000650),1/10,0.4413616275824871,0.8956491517808324,0,0,1.8544739429695185,1.5167570328351194,PCSK9
GO_Biological_Process_2023,Nuclear Pore Complex Assembly (GO:0051292),1/10,0.4413616275824871,0.8956491517808324,0,0,1.8544739429695185,1.5167570328351194,NDC1
GO_Biological_Process_2023,Omega-Hydroxylase P450 Pathway (GO:0097267),1/10,0.4413616275824871,0.8956491517808324,0,0,1.8544739429695185,1.5167570328351194,CYP4F11
GO_Biological_Process_2023,Positive Regulation Of Actin Nucleation (GO:0051127),1/10,0.4413616275824871,0.8956491517808324,0,0,1.8544739429695185,1.5167570328351194,SCIN
GO_Biological_Process_2023,Positive Regulation Of Bone Resorption (GO:0045780),1/10,0.4413616275824871,0.8956491517808324,0,0,1.8544739429695185,1.5167570328351194,PRKCA
GO_Biological_Process_2023,Positive Regulation Of Epidermal Growth Factor-Activated Receptor Activity (GO:0045741),1/10,0.4413616275824871,0.8956491517808324,0,0,1.8544739429695185,1.5167570328351194,BTC
GO_Biological_Process_2023,Positive Regulation Of Lipid Localization (GO:1905954),1/10,0.4413616275824871,0.8956491517808324,0,0,1.8544739429695185,1.5167570328351194,PLA2G10
GO_Biological_Process_2023,Positive Regulation Of Macrophage Differentiation (GO:0045651),1/10,0.4413616275824871,0.8956491517808324,0,0,1.8544739429695185,1.5167570328351194,PRKCA
GO_Biological_Process_2023,Positive Regulation Of Non-Canonical Wnt Signaling Pathway (GO:2000052),1/10,0.4413616275824871,0.8956491517808324,0,0,1.8544739429695185,1.5167570328351194,LBX2
GO_Biological_Process_2023,Positive Regulation Of Toll-Like Receptor 4 Signaling Pathway (GO:0034145),1/10,0.4413616275824871,0.8956491517808324,0,0,1.8544739429695185,1.5167570328351194,F2RL1
GO_Biological_Process_2023,Positive Regulation Of Transcription From RNA Polymerase II Promoter In Response To Endoplasmic Reticulum Stress (GO:1990440),1/10,0.4413616275824871,0.8956491517808324,0,0,1.8544739429695185,1.5167570328351194,CREB3L1
GO_Biological_Process_2023,Positive Regulation Of Transforming Growth Factor Beta Production (GO:0071636),1/10,0.4413616275824871,0.8956491517808324,0,0,1.8544739429695185,1.5167570328351194,GATA6
GO_Biological_Process_2023,Protein Localization To Condensed Chromosome (GO:1903083),1/10,0.4413616275824871,0.8956491517808324,0,0,1.8544739429695185,1.5167570328351194,MTBP
GO_Biological_Process_2023,Receptor-Mediated Endocytosis Of Virus By Host Cell (GO:0019065),1/10,0.4413616275824871,0.8956491517808324,0,0,1.8544739429695185,1.5167570328351194,DPP4
GO_Biological_Process_2023,Regulation Of Chromosome Organization (GO:0033044),3/43,0.4418913574076249,0.8956491517808324,0,0,1.2519281914893616,1.022438768116613,CENPV;RMI2;SHCBP1L
GO_Biological_Process_2023,Intracellular Steroid Hormone Receptor Signaling Pathway (GO:0030518),3/43,0.4418913574076249,0.8956491517808324,0,0,1.2519281914893616,1.022438768116613,GPER1;SCGB2A1;ESR1
GO_Biological_Process_2023,Positive Regulation Of Cell Division (GO:0051781),3/43,0.4418913574076249,0.8956491517808324,0,0,1.2519281914893616,1.022438768116613,SHH;CENPV;CIT
GO_Biological_Process_2023,Regulation Of Cellular Component Size (GO:0032535),3/43,0.4418913574076249,0.8956491517808324,0,0,1.2519281914893616,1.022438768116613,RAP1GAP2;MYO3A;VAV2
GO_Biological_Process_2023,Actomyosin Structure Organization (GO:0031032),5/77,0.4421215473868262,0.8956491517808324,0,0,1.159278172488652,0.9461685768418384,TMOD1;EPB41L4B;OBSCN;TNNT1;CDC42BPA
GO_Biological_Process_2023,Protein Homooligomerization (GO:0051260),8/129,0.4465110534536355,0.8956491517808324,0,0,1.103773098915979,0.8899624516793586,POLQ;PEG10;ALDH1A2;AQP11;AQP5;TK1;FOXM1;ACACB
GO_Biological_Process_2023,Cellular Response To Nutrient Levels (GO:0031669),5/78,0.4533136441691524,0.8956491517808324,0,0,1.1433368208472223,0.904574960860602,PRKAA2;PDK4;PCSK9;NUPR2;FADS1
GO_Biological_Process_2023,Regulation Of Pathway-Restricted SMAD Protein Phosphorylation (GO:0060393),4/61,0.4554034079371489,0.8956491517808324,0,0,1.171375644079142,0.9213708637475536,BMP3;LEFTY1;BMP8B;SMAD6
GO_Biological_Process_2023,GPI Anchor Metabolic Process (GO:0006505),2/27,0.45630609458849,0.8956491517808324,0,0,1.3352701505757307,1.0476415230181542,PGAP4;PIGM
GO_Biological_Process_2023,T Cell Activation Involved In Immune Response (GO:0002286),2/27,0.45630609458849,0.8956491517808324,0,0,1.3352701505757307,1.0476415230181542,MDK;F2RL1
GO_Biological_Process_2023,Amino Acid Import Across Plasma Membrane (GO:0089718),2/27,0.45630609458849,0.8956491517808324,0,0,1.3352701505757307,1.0476415230181542,SLC6A14;SLC6A20
GO_Biological_Process_2023,Regulation Of Microtubule Polymerization Or Depolymerization (GO:0031110),2/27,0.45630609458849,0.8956491517808324,0,0,1.3352701505757307,1.0476415230181542,CAMSAP3;MAP2
GO_Biological_Process_2023,Cell Surface Receptor Signaling Pathway Involved In Cell-Cell Signaling (GO:1905114),2/27,0.45630609458849,0.8956491517808324,0,0,1.3352701505757307,1.0476415230181542,LRP5;CELSR2
GO_Biological_Process_2023,In Utero Embryonic Development (GO:0001701),2/27,0.45630609458849,0.8956491517808324,0,0,1.3352701505757307,1.0476415230181542,PTPRR;STIL
GO_Biological_Process_2023,Myeloid Cell Development (GO:0061515),2/27,0.45630609458849,0.8956491517808324,0,0,1.3352701505757307,1.0476415230181542,DMTN;MYB
GO_Biological_Process_2023,Negative Regulation Of NIK/NF-kappaB Signaling (GO:1901223),2/27,0.45630609458849,0.8956491517808324,0,0,1.3352701505757307,1.0476415230181542,CCN3;TRIM15
GO_Biological_Process_2023,Negative Regulation Of Cellular Response To Insulin Stimulus (GO:1900077),2/27,0.45630609458849,0.8956491517808324,0,0,1.3352701505757307,1.0476415230181542,GRB7;ENPP1
GO_Biological_Process_2023,Negative Regulation Of Neurogenesis (GO:0050768),2/27,0.45630609458849,0.8956491517808324,0,0,1.3352701505757307,1.0476415230181542,WNT7A;PAX6
GO_Biological_Process_2023,Peptidyl-Proline Modification (GO:0018208),2/27,0.45630609458849,0.8956491517808324,0,0,1.3352701505757307,1.0476415230181542,FKBP1B;PPIL6
GO_Biological_Process_2023,Regulation Of Catecholamine Secretion (GO:0050433),2/27,0.45630609458849,0.8956491517808324,0,0,1.3352701505757307,1.0476415230181542,SYT8;SYT17
GO_Biological_Process_2023,Cellular Response To Ketone (GO:1901655),3/44,0.4569219713980326,0.8956491517808324,0,0,1.2213284898806436,0.9565965551048784,AKR1C3;ADCY6;CFTR
GO_Biological_Process_2023,Regulation Of Transport (GO:0051049),3/44,0.4569219713980326,0.8956491517808324,0,0,1.2213284898806436,0.9565965551048784,CLDN10;CLDN3;WWC1
GO_Biological_Process_2023,Extracellular Matrix Disassembly (GO:0022617),3/44,0.4569219713980326,0.8956491517808324,0,0,1.2213284898806436,0.9565965551048784,MMP15;NOXO1;CTSV
GO_Biological_Process_2023,Synaptic Vesicle Recycling (GO:0036465),3/44,0.4569219713980326,0.8956491517808324,0,0,1.2213284898806436,0.9565965551048784,WNT7A;SYT8;DNM1
GO_Biological_Process_2023,Negative Regulation Of Immune System Process (GO:0002683),3/44,0.4569219713980326,0.8956491517808324,0,0,1.2213284898806436,0.9565965551048784,GPER1;SMPDL3B;LGR4
GO_Biological_Process_2023,Positive Regulation Of Chemotaxis (GO:0050921),3/44,0.4569219713980326,0.8956491517808324,0,0,1.2213284898806436,0.9565965551048784,MDK;RARRES2;F2RL1
GO_Biological_Process_2023,Positive Regulation Of Osteoblast Differentiation (GO:0045669),3/44,0.4569219713980326,0.8956491517808324,0,0,1.2213284898806436,0.9565965551048784,LRP5;NPNT;BMPR1B
GO_Biological_Process_2023,Regulation Of Cell-Substrate Adhesion (GO:0010810),3/44,0.4569219713980326,0.8956491517808324,0,0,1.2213284898806436,0.9565965551048784,DMTN;AGR2;NPNT
GO_Biological_Process_2023,Positive Regulation Of Supramolecular Fiber Organization (GO:1902905),6/96,0.4611345725782874,0.8956491517808324,0,0,1.1128296296296296,0.8614028724379776,VIL1;CARMIL1;BAIAP2L2;OCLN;SCIN;F2RL1
GO_Biological_Process_2023,Positive Regulation Of Protein Localization To Membrane (GO:1905477),5/79,0.4644439433319829,0.8956491517808324,0,0,1.1278263165474534,0.8649462538559721,ITGA3;GPER1;WNK3;PDZK1;PLS1
GO_Biological_Process_2023,Response To Endoplasmic Reticulum Stress (GO:0034976),7/114,0.4672886058539477,0.8956491517808324,0,0,1.0920111750424053,0.8308110701240317,ERN2;TMEM238L;CREB3L1;ERP27;ANKS4B;RNF183;CFTR
GO_Biological_Process_2023,Phosphorylation (GO:0016310),25/429,0.4678636708723477,0.8956491517808324,0,0,1.0331248992892057,0.7847392826418303,CERKL;LTK;PRKAA2;EPHA10;PKN3;TTBK1;LIPE;STK36;CHEK1;PDK4;MAP3K21;NEK2;XYLB;PRKG1;PLK4;DAPK1;PRKCA;CDC42BPA;ERN2;WNK2;HKDC1;WNK3;BMPR1B;CDKL1;NEK11
GO_Biological_Process_2023,Fat Cell Differentiation (GO:0045444),4/62,0.4680019660839964,0.8956491517808324,0,0,1.1511183183918243,0.8740243192447544,BSCL2;PRDM16;HMGA2;SMAD6
GO_Biological_Process_2023,Protein Lipidation (GO:0006497),4/62,0.4680019660839964,0.8956491517808324,0,0,1.1511183183918243,0.8740243192447544,PGAP4;ZDHHC23;PIGM;ZDHHC15
GO_Biological_Process_2023,Negative Regulation Of Apoptotic Process (GO:0043066),28/482,0.4694745795080213,0.8956491517808324,0,0,1.0296707817286457,0.77857642384485,LTK;PRKAA2;GATA6;SCX;GATA4;SEMA3E;MTRNR2L1;SH3RF1;RNF157;SHH;ERBB3;MDK;ERBB4;PDK4;STIL;MTRNR2L12;NME2;HMGA2;PRKCA;SMAD6;PAX2;NFATC4;TOX3;SH3RF2;PROC;PAX7;CEACAM6;WNK3
GO_Biological_Process_2023,Chromosome Organization (GO:0051276),3/45,0.4717782760225928,0.8956491517808324,0,0,1.1921859169199596,0.8956250896542599,CENPV;H1-1;H1-0
GO_Biological_Process_2023,Triglyceride Metabolic Process (GO:0006641),3/45,0.4717782760225928,0.8956491517808324,0,0,1.1921859169199596,0.8956250896542599,LIPE;CPS1;MOGAT2
GO_Biological_Process_2023,Mitotic Nuclear Division (GO:0140014),3/45,0.4717782760225928,0.8956491517808324,0,0,1.1921859169199596,0.8956250896542599,SGO1;NUSAP1;KNTC1
GO_Biological_Process_2023,Regulation Of Apoptotic Signaling Pathway (GO:2001233),3/45,0.4717782760225928,0.8956491517808324,0,0,1.1921859169199596,0.8956250896542599,DEPTOR;GATA4;CTSV
GO_Biological_Process_2023,Epithelial Cell Differentiation (GO:0030855),8/132,0.4723469510234541,0.8956491517808324,0,0,1.0768965616292765,0.8077171099496233,VIL1;UPK1B;ERBB4;CDHR2;GATA6;PAX2;E2F7;E2F8
GO_Biological_Process_2023,AMP Metabolic Process (GO:0046033),1/11,0.4729683683529155,0.8956491517808324,0,0,1.6689380530973452,1.2495785932269945,NT5E
GO_Biological_Process_2023,DNA Methylation-Dependent Heterochromatin Formation (GO:0006346),1/11,0.4729683683529155,0.8956491517808324,0,0,1.6689380530973452,1.2495785932269945,HELLS
GO_Biological_Process_2023,Regulation Of Endocytic Recycling (GO:2001135),1/11,0.4729683683529155,0.8956491517808324,0,0,1.6689380530973452,1.2495785932269945,ATP9A
GO_Biological_Process_2023,Regulation Of Epithelial Cell Apoptotic Process (GO:1904035),1/11,0.4729683683529155,0.8956491517808324,0,0,1.6689380530973452,1.2495785932269945,MDK
GO_Biological_Process_2023,Regulation Of Fatty Acid Metabolic Process (GO:0019217),1/11,0.4729683683529155,0.8956491517808324,0,0,1.6689380530973452,1.2495785932269945,PDK4
GO_Biological_Process_2023,Regulation Of Glycogen Metabolic Process (GO:0070873),1/11,0.4729683683529155,0.8956491517808324,0,0,1.6689380530973452,1.2495785932269945,PPP1R3E
GO_Biological_Process_2023,Regulation Of Homotypic Cell-Cell Adhesion (GO:0034110),1/11,0.4729683683529155,0.8956491517808324,0,0,1.6689380530973452,1.2495785932269945,PRKCA
GO_Biological_Process_2023,Regulation Of Keratinocyte Migration (GO:0051547),1/11,0.4729683683529155,0.8956491517808324,0,0,1.6689380530973452,1.2495785932269945,EPB41L4B
GO_Biological_Process_2023,Regulation Of Leukocyte Tethering Or Rolling (GO:1903236),1/11,0.4729683683529155,0.8956491517808324,0,0,1.6689380530973452,1.2495785932269945,FUT4
GO_Biological_Process_2023,Regulation Of Lipid Kinase Activity (GO:0043550),1/11,0.4729683683529155,0.8956491517808324,0,0,1.6689380530973452,1.2495785932269945,EEF1A2
GO_Biological_Process_2023,Regulation Of Mesenchymal Cell Proliferation (GO:0010464),1/11,0.4729683683529155,0.8956491517808324,0,0,1.6689380530973452,1.2495785932269945,LRP5
GO_Biological_Process_2023,Regulation Of Microtubule-Based Movement (GO:0060632),1/11,0.4729683683529155,0.8956491517808324,0,0,1.6689380530973452,1.2495785932269945,MAP2
GO_Biological_Process_2023,Regulation Of Muscle System Process (GO:0090257),1/11,0.4729683683529155,0.8956491517808324,0,0,1.6689380530973452,1.2495785932269945,TNNC2
GO_Biological_Process_2023,Regulation Of Phospholipase C Activity (GO:1900274),1/11,0.4729683683529155,0.8956491517808324,0,0,1.6689380530973452,1.2495785932269945,ESR1
GO_Biological_Process_2023,Calcineurin-Mediated Signaling (GO:0097720),1/11,0.4729683683529155,0.8956491517808324,0,0,1.6689380530973452,1.2495785932269945,NFATC4
GO_Biological_Process_2023,Carbon Dioxide Transport (GO:0015670),1/11,0.4729683683529155,0.8956491517808324,0,0,1.6689380530973452,1.2495785932269945,AQP5
GO_Biological_Process_2023,Regulation Of Pseudopodium Assembly (GO:0031272),1/11,0.4729683683529155,0.8956491517808324,0,0,1.6689380530973452,1.2495785932269945,F2RL1
GO_Biological_Process_2023,Cell Differentiation In Hindbrain (GO:0021533),1/11,0.4729683683529155,0.8956491517808324,0,0,1.6689380530973452,1.2495785932269945,GRID2
GO_Biological_Process_2023,Cellular Response To Superoxide (GO:0071451),1/11,0.4729683683529155,0.8956491517808324,0,0,1.6689380530973452,1.2495785932269945,NQO1
GO_Biological_Process_2023,Central Nervous System Myelination (GO:0022010),1/11,0.4729683683529155,0.8956491517808324,0,0,1.6689380530973452,1.2495785932269945,MYRF
GO_Biological_Process_2023,Regulation Of Ventricular Cardiac Muscle Cell Action Potential (GO:0098911),1/11,0.4729683683529155,0.8956491517808324,0,0,1.6689380530973452,1.2495785932269945,DSG2
GO_Biological_Process_2023,Central Nervous System Projection Neuron Axonogenesis (GO:0021952),1/11,0.4729683683529155,0.8956491517808324,0,0,1.6689380530973452,1.2495785932269945,NFIB
GO_Biological_Process_2023,Digestive System Development (GO:0055123),1/11,0.4729683683529155,0.8956491517808324,0,0,1.6689380530973452,1.2495785932269945,COBL
GO_Biological_Process_2023,Skeletal Muscle Fiber Development (GO:0048741),1/11,0.4729683683529155,0.8956491517808324,0,0,1.6689380530973452,1.2495785932269945,MYORG
GO_Biological_Process_2023,Smooth Muscle Cell Differentiation (GO:0051145),1/11,0.4729683683529155,0.8956491517808324,0,0,1.6689380530973452,1.2495785932269945,GATA6
GO_Biological_Process_2023,Sphingoid Metabolic Process (GO:0046519),1/11,0.4729683683529155,0.8956491517808324,0,0,1.6689380530973452,1.2495785932269945,DEGS2
GO_Biological_Process_2023,Erythrocyte Development (GO:0048821),1/11,0.4729683683529155,0.8956491517808324,0,0,1.6689380530973452,1.2495785932269945,DMTN
GO_Biological_Process_2023,Fatty Acid Beta-Oxidation Using acyl-CoA Oxidase (GO:0033540),1/11,0.4729683683529155,0.8956491517808324,0,0,1.6689380530973452,1.2495785932269945,DECR2
GO_Biological_Process_2023,Ganglion Development (GO:0061548),1/11,0.4729683683529155,0.8956491517808324,0,0,1.6689380530973452,1.2495785932269945,SEMA3A
GO_Biological_Process_2023,Glutamine Family Amino Acid Biosynthetic Process (GO:0009084),1/11,0.4729683683529155,0.8956491517808324,0,0,1.6689380530973452,1.2495785932269945,GLS2
GO_Biological_Process_2023,Tyrosine Metabolic Process (GO:0006570),1/11,0.4729683683529155,0.8956491517808324,0,0,1.6689380530973452,1.2495785932269945,FANCA
GO_Biological_Process_2023,Heterocycle Biosynthetic Process (GO:0018130),1/11,0.4729683683529155,0.8956491517808324,0,0,1.6689380530973452,1.2495785932269945,MOCOS
GO_Biological_Process_2023,Intestinal Lipid Absorption (GO:0098856),1/11,0.4729683683529155,0.8956491517808324,0,0,1.6689380530973452,1.2495785932269945,NPC1L1
GO_Biological_Process_2023,Intracellular Copper Ion Homeostasis (GO:0006878),1/11,0.4729683683529155,0.8956491517808324,0,0,1.6689380530973452,1.2495785932269945,ATP7B
GO_Biological_Process_2023,Leukotriene D4 Metabolic Process (GO:1901748),1/11,0.4729683683529155,0.8956491517808324,0,0,1.6689380530973452,1.2495785932269945,GGT6
GO_Biological_Process_2023,Magnesium Ion Transport (GO:0015693),1/11,0.4729683683529155,0.8956491517808324,0,0,1.6689380530973452,1.2495785932269945,SLC41A2
GO_Biological_Process_2023,Melanocyte Differentiation (GO:0030318),1/11,0.4729683683529155,0.8956491517808324,0,0,1.6689380530973452,1.2495785932269945,ENPP1
GO_Biological_Process_2023,Negative Regulation Of calcineurin-NFAT Signaling Cascade (GO:0070885),1/11,0.4729683683529155,0.8956491517808324,0,0,1.6689380530973452,1.2495785932269945,HOMER2
GO_Biological_Process_2023,Negative Regulation Of Calcineurin-Mediated Signaling (GO:0106057),1/11,0.4729683683529155,0.8956491517808324,0,0,1.6689380530973452,1.2495785932269945,HOMER2
GO_Biological_Process_2023,Negative Regulation Of Cellular Response To Vascular Endothelial Growth Factor Stimulus (GO:1902548),1/11,0.4729683683529155,0.8956491517808324,0,0,1.6689380530973452,1.2495785932269945,SEMA6A
GO_Biological_Process_2023,Negative Regulation Of Glucose Transmembrane Transport (GO:0010829),1/11,0.4729683683529155,0.8956491517808324,0,0,1.6689380530973452,1.2495785932269945,ENPP1
GO_Biological_Process_2023,Negative Regulation Of Heart Contraction (GO:0045822),1/11,0.4729683683529155,0.8956491517808324,0,0,1.6689380530973452,1.2495785932269945,FKBP1B
GO_Biological_Process_2023,Negative Regulation Of Microtubule Polymerization (GO:0031115),1/11,0.4729683683529155,0.8956491517808324,0,0,1.6689380530973452,1.2495785932269945,MAP2
GO_Biological_Process_2023,Negative Regulation Of Myotube Differentiation (GO:0010832),1/11,0.4729683683529155,0.8956491517808324,0,0,1.6689380530973452,1.2495785932269945,CCN3
GO_Biological_Process_2023,"Negative Regulation Of Nuclear-Transcribed mRNA Catabolic Process, Deadenylation-Dependent Decay (GO:1900152)",1/11,0.4729683683529155,0.8956491517808324,0,0,1.6689380530973452,1.2495785932269945,IGF2BP1
GO_Biological_Process_2023,Negative Regulation Of Release Of Sequestered Calcium Ion Into Cytosol (GO:0051280),1/11,0.4729683683529155,0.8956491517808324,0,0,1.6689380530973452,1.2495785932269945,FKBP1B
GO_Biological_Process_2023,Negative Regulation Of Ryanodine-Sensitive Calcium-Release Channel Activity (GO:0060315),1/11,0.4729683683529155,0.8956491517808324,0,0,1.6689380530973452,1.2495785932269945,FKBP1B
GO_Biological_Process_2023,Negative Regulation Of Vascular Permeability (GO:0043116),1/11,0.4729683683529155,0.8956491517808324,0,0,1.6689380530973452,1.2495785932269945,DDAH1
GO_Biological_Process_2023,Neurotransmitter Biosynthetic Process (GO:0042136),1/11,0.4729683683529155,0.8956491517808324,0,0,1.6689380530973452,1.2495785932269945,SLC44A4
GO_Biological_Process_2023,Podocyte Differentiation (GO:0072112),1/11,0.4729683683529155,0.8956491517808324,0,0,1.6689380530973452,1.2495785932269945,PODXL
GO_Biological_Process_2023,Polyamine Metabolic Process (GO:0006595),1/11,0.4729683683529155,0.8956491517808324,0,0,1.6689380530973452,1.2495785932269945,AOC1
GO_Biological_Process_2023,Positive Regulation Of Behavior (GO:0048520),1/11,0.4729683683529155,0.8956491517808324,0,0,1.6689380530973452,1.2495785932269945,NPAS2
GO_Biological_Process_2023,Positive Regulation Of Circadian Rhythm (GO:0042753),1/11,0.4729683683529155,0.8956491517808324,0,0,1.6689380530973452,1.2495785932269945,RORC
GO_Biological_Process_2023,Positive Regulation Of Coagulation (GO:0050820),1/11,0.4729683683529155,0.8956491517808324,0,0,1.6689380530973452,1.2495785932269945,DMTN
GO_Biological_Process_2023,Positive Regulation Of Hemostasis (GO:1900048),1/11,0.4729683683529155,0.8956491517808324,0,0,1.6689380530973452,1.2495785932269945,DMTN
GO_Biological_Process_2023,Positive Regulation Of Keratinocyte Proliferation (GO:0010838),1/11,0.4729683683529155,0.8956491517808324,0,0,1.6689380530973452,1.2495785932269945,MDK
GO_Biological_Process_2023,Positive Regulation Of Lipid Transport (GO:0032370),1/11,0.4729683683529155,0.8956491517808324,0,0,1.6689380530973452,1.2495785932269945,ABCA3
GO_Biological_Process_2023,Positive Regulation Of Mitotic Cell Cycle Spindle Assembly Checkpoint (GO:0090267),1/11,0.4729683683529155,0.8956491517808324,0,0,1.6689380530973452,1.2495785932269945,XRCC3
GO_Biological_Process_2023,Positive Regulation Of Myelination (GO:0031643),1/11,0.4729683683529155,0.8956491517808324,0,0,1.6689380530973452,1.2495785932269945,MYRF
GO_Biological_Process_2023,Positive Regulation Of Platelet Aggregation (GO:1901731),1/11,0.4729683683529155,0.8956491517808324,0,0,1.6689380530973452,1.2495785932269945,DMTN
GO_Biological_Process_2023,Positive Regulation Of Protein Maturation (GO:1903319),1/11,0.4729683683529155,0.8956491517808324,0,0,1.6689380530973452,1.2495785932269945,TFR2
GO_Biological_Process_2023,Positive Regulation Of Pseudopodium Assembly (GO:0031274),1/11,0.4729683683529155,0.8956491517808324,0,0,1.6689380530973452,1.2495785932269945,F2RL1
GO_Biological_Process_2023,Positive Regulation Of Spindle Checkpoint (GO:0090232),1/11,0.4729683683529155,0.8956491517808324,0,0,1.6689380530973452,1.2495785932269945,XRCC3
GO_Biological_Process_2023,Post-Transcriptional Gene Silencing (GO:0016441),1/11,0.4729683683529155,0.8956491517808324,0,0,1.6689380530973452,1.2495785932269945,MOV10L1
GO_Biological_Process_2023,Presynapse Organization (GO:0099172),1/11,0.4729683683529155,0.8956491517808324,0,0,1.6689380530973452,1.2495785932269945,WNT7A
GO_Biological_Process_2023,Protein Polyglutamylation (GO:0018095),1/11,0.4729683683529155,0.8956491517808324,0,0,1.6689380530973452,1.2495785932269945,TTLL7
GO_Biological_Process_2023,Pyrimidine Nucleobase Metabolic Process (GO:0006206),1/11,0.4729683683529155,0.8956491517808324,0,0,1.6689380530973452,1.2495785932269945,CRMP1
GO_Biological_Process_2023,"Regulation Of CD4-positive, Alpha-Beta T Cell Differentiation (GO:0043370)",1/11,0.4729683683529155,0.8956491517808324,0,0,1.6689380530973452,1.2495785932269945,SH3RF1
GO_Biological_Process_2023,Regulation Of Amyloid Precursor Protein Catabolic Process (GO:1902991),1/11,0.4729683683529155,0.8956491517808324,0,0,1.6689380530973452,1.2495785932269945,CHRNA7
GO_Biological_Process_2023,Regulation Of Chemotaxis (GO:0050920),2/28,0.4753284221051734,0.8956491517808324,0,0,1.2838454725080055,0.9548591700820332,RARRES2;F2RL1
GO_Biological_Process_2023,Regulation Of Glucose Metabolic Process (GO:0010906),2/28,0.4753284221051734,0.8956491517808324,0,0,1.2838454725080055,0.9548591700820332,RORC;PDK4
GO_Biological_Process_2023,Regulation Of Lipid Biosynthetic Process (GO:0046890),2/28,0.4753284221051734,0.8956491517808324,0,0,1.2838454725080055,0.9548591700820332,GPER1;PDK4
GO_Biological_Process_2023,Antigen Processing And Presentation Of Peptide Antigen Via MHC Class II (GO:0002495),2/28,0.4753284221051734,0.8956491517808324,0,0,1.2838454725080055,0.9548591700820332,CTSV;CTSE
GO_Biological_Process_2023,Regulation Of Monoatomic Ion Transport (GO:0043269),2/28,0.4753284221051734,0.8956491517808324,0,0,1.2838454725080055,0.9548591700820332,CLDN10;PDZK1
GO_Biological_Process_2023,Regulation Of Nitric-Oxide Synthase Activity (GO:0050999),2/28,0.4753284221051734,0.8956491517808324,0,0,1.2838454725080055,0.9548591700820332,DHFR;DDAH1
GO_Biological_Process_2023,Regulation Of Protein Targeting To Membrane (GO:0090313),2/28,0.4753284221051734,0.8956491517808324,0,0,1.2838454725080055,0.9548591700820332,DMTN;PDZK1
GO_Biological_Process_2023,Cellular Response To Osmotic Stress (GO:0071470),2/28,0.4753284221051734,0.8956491517808324,0,0,1.2838454725080055,0.9548591700820332,WNK3;AQP5
GO_Biological_Process_2023,Mucosal Immune Response (GO:0002385),2/28,0.4753284221051734,0.8956491517808324,0,0,1.2838454725080055,0.9548591700820332,PIGR;RAB17
GO_Biological_Process_2023,Negative Regulation Of G2/M Transition Of Mitotic Cell Cycle (GO:0010972),2/28,0.4753284221051734,0.8956491517808324,0,0,1.2838454725080055,0.9548591700820332,CHEK1;BRCA1
GO_Biological_Process_2023,Negative Regulation Of Mitotic Metaphase/Anaphase Transition (GO:0045841),2/28,0.4753284221051734,0.8956491517808324,0,0,1.2838454725080055,0.9548591700820332,KNTC1;SPC24
GO_Biological_Process_2023,Negative Regulation Of Signaling (GO:0023057),2/28,0.4753284221051734,0.8956491517808324,0,0,1.2838454725080055,0.9548591700820332,ERBB3;PCSK9
GO_Biological_Process_2023,Negative Regulation Of Wound Healing (GO:0061045),2/28,0.4753284221051734,0.8956491517808324,0,0,1.2838454725080055,0.9548591700820332,CLDN3;PROC
GO_Biological_Process_2023,Positive Regulation Of Fibroblast Proliferation (GO:0048146),2/28,0.4753284221051734,0.8956491517808324,0,0,1.2838454725080055,0.9548591700820332,PDGFC;E2F1
GO_Biological_Process_2023,Protein Depolymerization (GO:0051261),2/28,0.4753284221051734,0.8956491517808324,0,0,1.2838454725080055,0.9548591700820332,VIL1;KIF24
GO_Biological_Process_2023,Regulation Of Cytokinesis (GO:0032465),5/80,0.4755051843642496,0.8956491517808324,0,0,1.112729425695678,0.8271780120648361,CENPV;E2F7;DCDC1;CIT;E2F8
GO_Biological_Process_2023,Inorganic Anion Transmembrane Transport (GO:0098661),4/63,0.4804927820605991,0.8956491517808324,0,0,1.1315476817108567,0.8293600344124028,GLRB;ANO4;ANO5;CFTR
GO_Biological_Process_2023,Positive Regulation Of Cold-Induced Thermogenesis (GO:0120162),6/98,0.481142841277543,0.8956491517808324,0,0,1.0885217391304347,0.7963528008834743,BSCL2;MUC1;GATM;PDGFC;PRDM16;YBX2
GO_Biological_Process_2023,Negative Regulation Of Cell Population Proliferation (GO:0008285),22/379,0.4811526343826022,0.8956491517808324,0,0,1.0286704402229785,0.752545186956369,PTPRU;CDKN2A;TGFB1I1;GATA6;SMAD6;NUDT6;CLDN3;SCIN;DDAH1;CLMN;ERBB4;WNK2;HNF4A;GPER1;ALDH1A2;E2F1;AQP11;CCN3;NUPR2;ANG;BMPR1B;E2F7
GO_Biological_Process_2023,Amino Acid Transport (GO:0006865),3/46,0.4864467265402982,0.8956491517808324,0,0,1.1643988124690747,0.839098255699235,SLC6A14;SLC3A1;SLC6A20
GO_Biological_Process_2023,Cellular Component Disassembly (GO:0022411),3/46,0.4864467265402982,0.8956491517808324,0,0,1.1643988124690747,0.839098255699235,MMP15;NOXO1;CTSV
GO_Biological_Process_2023,Myofibril Assembly (GO:0030239),3/46,0.4864467265402982,0.8956491517808324,0,0,1.1643988124690747,0.839098255699235,TMOD1;OBSCN;TNNT1
GO_Biological_Process_2023,Negative Regulation Of Cellular Metabolic Process (GO:0031324),3/46,0.4864467265402982,0.8956491517808324,0,0,1.1643988124690747,0.839098255699235,HMGA2;BRCA1;PAX2
GO_Biological_Process_2023,Positive Regulation Of Blood Vessel Endothelial Cell Migration (GO:0043536),3/46,0.4864467265402982,0.8956491517808324,0,0,1.1643988124690747,0.839098255699235,FOXC2;FGF18;PRKCA
GO_Biological_Process_2023,Positive Regulation Of Peptide Hormone Secretion (GO:0090277),3/46,0.4864467265402982,0.8956491517808324,0,0,1.1643988124690747,0.839098255699235,TFR2;GPER1;MCU
GO_Biological_Process_2023,Cytoskeleton-Dependent Cytokinesis (GO:0061640),5/81,0.4864904391570512,0.8956491517808324,0,0,1.098029821445265,0.7911722442575653,NUSAP1;EFHC1;SPIRE2;SEPTIN3;CIT
GO_Biological_Process_2023,Cellular Response To Insulin Stimulus (GO:0032869),6/99,0.4910627566506717,0.8956491517808324,0,0,1.0767598566308243,0.7657736770339718,GRB7;FOXC2;RARRES2;PDK4;ENPP1;PCSK9
GO_Biological_Process_2023,Positive Regulation Of T Cell Differentiation (GO:0045582),4/64,0.4928667529950261,0.8956491517808324,0,0,1.112629399585921,0.7872035688826676,SHH;VNN1;MDK;IHH
GO_Biological_Process_2023,Protein N-linked Glycosylation (GO:0006487),4/64,0.4928667529950261,0.8956491517808324,0,0,1.112629399585921,0.7872035688826676,FUT6;GAL3ST1;MGAT3;ALG10B
GO_Biological_Process_2023,Regulation Of Angiogenesis (GO:0045765),12/205,0.4934869774151513,0.8956491517808324,0,0,1.0377140952089905,0.7328947206257803,SEMA6A;NPR1;CHRNA7;FGF18;GATA6;HMGA2;PRKCA;GATA4;SEMA3E;BRCA1;TSPAN12;AMOT
GO_Biological_Process_2023,Regulation Of Developmental Growth (GO:0048638),2/29,0.4939401375588872,0.8956491517808324,0,0,1.2362300298527047,0.8719636614095415,OLFM1;AGR2
GO_Biological_Process_2023,Regulation Of Monoatomic Ion Transmembrane Transport (GO:0034765),2/29,0.4939401375588872,0.8956491517808324,0,0,1.2362300298527047,0.8719636614095415,WNK3;GRIN2D
GO_Biological_Process_2023,Defense Response To Fungus (GO:0050832),2/29,0.4939401375588872,0.8956491517808324,0,0,1.2362300298527047,0.8719636614095415,RARRES2;IGF2BP1
GO_Biological_Process_2023,Sarcomere Organization (GO:0045214),2/29,0.4939401375588872,0.8956491517808324,0,0,1.2362300298527047,0.8719636614095415,OBSCN;TNNT1
GO_Biological_Process_2023,Heterotypic Cell-Cell Adhesion (GO:0034113),2/29,0.4939401375588872,0.8956491517808324,0,0,1.2362300298527047,0.8719636614095415,ITGA7;DSG2
GO_Biological_Process_2023,Modified Amino Acid Transport (GO:0072337),2/29,0.4939401375588872,0.8956491517808324,0,0,1.2362300298527047,0.8719636614095415,SLC6A20;FOLR1
GO_Biological_Process_2023,Morphogenesis Of An Epithelium (GO:0002009),2/29,0.4939401375588872,0.8956491517808324,0,0,1.2362300298527047,0.8719636614095415,WNT10A;TIMELESS
GO_Biological_Process_2023,Negative Regulation Of DNA Binding (GO:0043392),2/29,0.4939401375588872,0.8956491517808324,0,0,1.2362300298527047,0.8719636614095415,E2F1;HMGA2
GO_Biological_Process_2023,Phosphatidic Acid Biosynthetic Process (GO:0006654),2/29,0.4939401375588872,0.8956491517808324,0,0,1.2362300298527047,0.8719636614095415,ACP6;MBOAT2
GO_Biological_Process_2023,Positive Regulation Of Calcium Ion Transport (GO:0051928),2/29,0.4939401375588872,0.8956491517808324,0,0,1.2362300298527047,0.8719636614095415,WNK3;CACNA1D
GO_Biological_Process_2023,Cellular Response To Oxidative Stress (GO:0034599),7/117,0.4947692739778299,0.8956491517808324,0,0,1.0620592041410546,0.7473325498330287,NQO1;PRKAA2;DAPK1;ALDH3B1;MGAT3;FANCC;PLA2R1
GO_Biological_Process_2023,Protein Maturation (GO:0051604),7/117,0.4947692739778299,0.8956491517808324,0,0,1.0620592041410546,0.7473325498330287,CPM;TSPAN15;DUOXA2;TMPRSS4;MMEL1;PCSK6;PCSK4
GO_Biological_Process_2023,Regulation Of Cellular Component Organization (GO:0051128),9/153,0.500616893462349,0.8956491517808324,0,0,1.0430592691622105,0.7217074719244839,CAMSAP3;SLITRK2;CTTNBP2;PIFO;PLCE1;TMEM97;MELTF;RAB17;IL17RB
GO_Biological_Process_2023,Positive Regulation Of Epithelial To Mesenchymal Transition (GO:0010718),3/47,0.5009150254672267,0.8956491517808324,0,0,1.1378747582205029,0.7866342148252589,OLFM1;MDK;TGFB1I1
GO_Biological_Process_2023,Regulation Of Chemokine (C-X-C Motif) Ligand 2 Production (GO:2000341),1/12,0.5027883443501289,0.8956491517808324,0,0,1.517135961383749,1.0431614228974042,F2RL1
GO_Biological_Process_2023,C-terminal Protein Amino Acid Modification (GO:0018410),1/12,0.5027883443501289,0.8956491517808324,0,0,1.517135961383749,1.0431614228974042,AGBL5
GO_Biological_Process_2023,G Protein-Coupled Glutamate Receptor Signaling Pathway (GO:0007216),1/12,0.5027883443501289,0.8956491517808324,0,0,1.517135961383749,1.0431614228974042,HOMER2
GO_Biological_Process_2023,Regulation Of Leukocyte Adhesion To Vascular Endothelial Cell (GO:1904994),1/12,0.5027883443501289,0.8956491517808324,0,0,1.517135961383749,1.0431614228974042,MDK
GO_Biological_Process_2023,Adult Locomotory Behavior (GO:0008344),1/12,0.5027883443501289,0.8956491517808324,0,0,1.517135961383749,1.0431614228974042,FOXA2
GO_Biological_Process_2023,Alanine Transport (GO:0032328),1/12,0.5027883443501289,0.8956491517808324,0,0,1.517135961383749,1.0431614228974042,SLC6A14
GO_Biological_Process_2023,Regulation Of Monooxygenase Activity (GO:0032768),1/12,0.5027883443501289,0.8956491517808324,0,0,1.517135961383749,1.0431614228974042,DDAH1
GO_Biological_Process_2023,Attachment Of Mitotic Spindle Microtubules To Kinetochore (GO:0051315),1/12,0.5027883443501289,0.8956491517808324,0,0,1.517135961383749,1.0431614228974042,CDT1
GO_Biological_Process_2023,"Base-Excision Repair, Gap-Filling (GO:0006287)",1/12,0.5027883443501289,0.8956491517808324,0,0,1.517135961383749,1.0431614228974042,POLE
GO_Biological_Process_2023,Biogenic Amine Metabolic Process (GO:0006576),1/12,0.5027883443501289,0.8956491517808324,0,0,1.517135961383749,1.0431614228974042,SLC22A3
GO_Biological_Process_2023,cAMP Metabolic Process (GO:0046058),1/12,0.5027883443501289,0.8956491517808324,0,0,1.517135961383749,1.0431614228974042,ADCY6
GO_Biological_Process_2023,Calcium Ion Import (GO:0070509),1/12,0.5027883443501289,0.8956491517808324,0,0,1.517135961383749,1.0431614228974042,CACNA1D
GO_Biological_Process_2023,Cardiac Right Ventricle Morphogenesis (GO:0003215),1/12,0.5027883443501289,0.8956491517808324,0,0,1.517135961383749,1.0431614228974042,GATA4
GO_Biological_Process_2023,Cell Projection Assembly (GO:0030031),1/12,0.5027883443501289,0.8956491517808324,0,0,1.517135961383749,1.0431614228974042,SCIN
GO_Biological_Process_2023,Regulation Of Sensory Perception (GO:0051931),1/12,0.5027883443501289,0.8956491517808324,0,0,1.517135961383749,1.0431614228974042,MGLL
GO_Biological_Process_2023,Regulation Of Transcription From RNA Polymerase II Promoter In Response To Stress (GO:0043618),1/12,0.5027883443501289,0.8956491517808324,0,0,1.517135961383749,1.0431614228974042,MUC1
GO_Biological_Process_2023,Regulation Of Vascular Associated Smooth Muscle Cell Migration (GO:1904752),1/12,0.5027883443501289,0.8956491517808324,0,0,1.517135961383749,1.0431614228974042,PRKG1
GO_Biological_Process_2023,Relaxation Of Cardiac Muscle (GO:0055119),1/12,0.5027883443501289,0.8956491517808324,0,0,1.517135961383749,1.0431614228974042,CHGA
GO_Biological_Process_2023,Response To Interleukin-6 (GO:0070741),1/12,0.5027883443501289,0.8956491517808324,0,0,1.517135961383749,1.0431614228974042,FOXA2
GO_Biological_Process_2023,Response To Iron Ion (GO:0010039),1/12,0.5027883443501289,0.8956491517808324,0,0,1.517135961383749,1.0431614228974042,TFR2
GO_Biological_Process_2023,Defense Response To Tumor Cell (GO:0002357),1/12,0.5027883443501289,0.8956491517808324,0,0,1.517135961383749,1.0431614228974042,DAPK1
GO_Biological_Process_2023,Response To Muramyl Dipeptide (GO:0032495),1/12,0.5027883443501289,0.8956491517808324,0,0,1.517135961383749,1.0431614228974042,INAVA
GO_Biological_Process_2023,Detection Of Bacterium (GO:0016045),1/12,0.5027883443501289,0.8956491517808324,0,0,1.517135961383749,1.0431614228974042,SSC5D
GO_Biological_Process_2023,Secretion (GO:0046903),1/12,0.5027883443501289,0.8956491517808324,0,0,1.517135961383749,1.0431614228974042,NPR1
GO_Biological_Process_2023,Semaphorin-Plexin Signaling Pathway Involved In Neuron Projection Guidance (GO:1902285),1/12,0.5027883443501289,0.8956491517808324,0,0,1.517135961383749,1.0431614228974042,SEMA3A
GO_Biological_Process_2023,Sodium Ion Export Across Plasma Membrane (GO:0036376),1/12,0.5027883443501289,0.8956491517808324,0,0,1.517135961383749,1.0431614228974042,SLC4A4
GO_Biological_Process_2023,Sphingomyelin Metabolic Process (GO:0006684),1/12,0.5027883443501289,0.8956491517808324,0,0,1.517135961383749,1.0431614228974042,SMPD3
GO_Biological_Process_2023,Synaptic Membrane Adhesion (GO:0099560),1/12,0.5027883443501289,0.8956491517808324,0,0,1.517135961383749,1.0431614228974042,SLITRK2
GO_Biological_Process_2023,Eye Photoreceptor Cell Differentiation (GO:0001754),1/12,0.5027883443501289,0.8956491517808324,0,0,1.517135961383749,1.0431614228974042,DZANK1
GO_Biological_Process_2023,Fatty Acid Transmembrane Transport (GO:1902001),1/12,0.5027883443501289,0.8956491517808324,0,0,1.517135961383749,1.0431614228974042,CPT1B
GO_Biological_Process_2023,Glucose Import (GO:0046323),1/12,0.5027883443501289,0.8956491517808324,0,0,1.517135961383749,1.0431614228974042,HNF1A
GO_Biological_Process_2023,Granulocyte Activation (GO:0036230),1/12,0.5027883443501289,0.8956491517808324,0,0,1.517135961383749,1.0431614228974042,F2RL1
GO_Biological_Process_2023,Icosanoid Secretion (GO:0032309),1/12,0.5027883443501289,0.8956491517808324,0,0,1.517135961383749,1.0431614228974042,NMUR2
GO_Biological_Process_2023,Ionotropic Glutamate Receptor Signaling Pathway (GO:0035235),1/12,0.5027883443501289,0.8956491517808324,0,0,1.517135961383749,1.0431614228974042,GRIN2D
GO_Biological_Process_2023,Low-Density Lipoprotein Particle Remodeling (GO:0034374),1/12,0.5027883443501289,0.8956491517808324,0,0,1.517135961383749,1.0431614228974042,PLA2G10
GO_Biological_Process_2023,Mesoderm Morphogenesis (GO:0048332),1/12,0.5027883443501289,0.8956491517808324,0,0,1.517135961383749,1.0431614228974042,SCX
GO_Biological_Process_2023,Microtubule Anchoring At Microtubule Organizing Center (GO:0072393),1/12,0.5027883443501289,0.8956491517808324,0,0,1.517135961383749,1.0431614228974042,CCDC68
GO_Biological_Process_2023,Morphogenesis Of A Polarized Epithelium (GO:0001738),1/12,0.5027883443501289,0.8956491517808324,0,0,1.517135961383749,1.0431614228974042,WDPCP
GO_Biological_Process_2023,Myelination In Peripheral Nervous System (GO:0022011),1/12,0.5027883443501289,0.8956491517808324,0,0,1.517135961383749,1.0431614228974042,ARHGEF10
GO_Biological_Process_2023,Negative Regulation By Host Of Viral Transcription (GO:0043922),1/12,0.5027883443501289,0.8956491517808324,0,0,1.517135961383749,1.0431614228974042,HMGA2
GO_Biological_Process_2023,Negative Regulation Of JUN Kinase Activity (GO:0043508),1/12,0.5027883443501289,0.8956491517808324,0,0,1.517135961383749,1.0431614228974042,DUSP19
GO_Biological_Process_2023,Negative Regulation Of Cell Cycle Phase Transition (GO:1901988),1/12,0.5027883443501289,0.8956491517808324,0,0,1.517135961383749,1.0431614228974042,SUSD2
GO_Biological_Process_2023,Negative Regulation Of Coagulation (GO:0050819),1/12,0.5027883443501289,0.8956491517808324,0,0,1.517135961383749,1.0431614228974042,PROC
GO_Biological_Process_2023,Negative Regulation Of Complement Activation (GO:0045916),1/12,0.5027883443501289,0.8956491517808324,0,0,1.517135961383749,1.0431614228974042,C4BPB
GO_Biological_Process_2023,Negative Regulation Of Epidermal Growth Factor-Activated Receptor Activity (GO:0007175),1/12,0.5027883443501289,0.8956491517808324,0,0,1.517135961383749,1.0431614228974042,GPRC5A
GO_Biological_Process_2023,Negative Regulation Of Intrinsic Apoptotic Signaling Pathway In Response To DNA Damage By P53 Class Mediator (GO:1902166),1/12,0.5027883443501289,0.8956491517808324,0,0,1.517135961383749,1.0431614228974042,MUC1
GO_Biological_Process_2023,Negative Regulation Of Mitochondrial Membrane Permeability (GO:0035795),1/12,0.5027883443501289,0.8956491517808324,0,0,1.517135961383749,1.0431614228974042,ARHGAP11B
GO_Biological_Process_2023,Negative Regulation Of Mononuclear Cell Migration (GO:0071676),1/12,0.5027883443501289,0.8956491517808324,0,0,1.517135961383749,1.0431614228974042,CCN3
GO_Biological_Process_2023,Nucleotide Metabolic Process (GO:0009117),1/12,0.5027883443501289,0.8956491517808324,0,0,1.517135961383749,1.0431614228974042,NMNAT2
GO_Biological_Process_2023,Phosphatidylcholine Acyl-Chain Remodeling (GO:0036151),1/12,0.5027883443501289,0.8956491517808324,0,0,1.517135961383749,1.0431614228974042,MBOAT2
GO_Biological_Process_2023,Phospholipid Homeostasis (GO:0055091),1/12,0.5027883443501289,0.8956491517808324,0,0,1.517135961383749,1.0431614228974042,HNF4A
GO_Biological_Process_2023,Positive Regulation By Symbiont Of Entry Into Host (GO:0075294),1/12,0.5027883443501289,0.8956491517808324,0,0,1.517135961383749,1.0431614228974042,TMPRSS4
GO_Biological_Process_2023,Positive Regulation Of Cellular Extravasation (GO:0002693),1/12,0.5027883443501289,0.8956491517808324,0,0,1.517135961383749,1.0431614228974042,MDK
GO_Biological_Process_2023,Positive Regulation Of Histone H3-K4 Methylation (GO:0051571),1/12,0.5027883443501289,0.8956491517808324,0,0,1.517135961383749,1.0431614228974042,BRCA1
GO_Biological_Process_2023,Positive Regulation Of Insulin Receptor Signaling Pathway (GO:0046628),1/12,0.5027883443501289,0.8956491517808324,0,0,1.517135961383749,1.0431614228974042,ERFE
GO_Biological_Process_2023,Positive Regulation Of Integrin-Mediated Signaling Pathway (GO:2001046),1/12,0.5027883443501289,0.8956491517808324,0,0,1.517135961383749,1.0431614228974042,DMTN
GO_Biological_Process_2023,Positive Regulation Of Myeloid Leukocyte Mediated Immunity (GO:0002888),1/12,0.5027883443501289,0.8956491517808324,0,0,1.517135961383749,1.0431614228974042,F2RL1
GO_Biological_Process_2023,Positive Regulation Of Neuroinflammatory Response (GO:0150078),1/12,0.5027883443501289,0.8956491517808324,0,0,1.517135961383749,1.0431614228974042,TTBK1
GO_Biological_Process_2023,Positive Regulation Of Reactive Oxygen Species Biosynthetic Process (GO:1903428),1/12,0.5027883443501289,0.8956491517808324,0,0,1.517135961383749,1.0431614228974042,DUOXA2
GO_Biological_Process_2023,Positive Regulation Of Regulated Secretory Pathway (GO:1903307),1/12,0.5027883443501289,0.8956491517808324,0,0,1.517135961383749,1.0431614228974042,RAB15
GO_Biological_Process_2023,Positive Regulation Of Ruffle Assembly (GO:1900029),1/12,0.5027883443501289,0.8956491517808324,0,0,1.517135961383749,1.0431614228974042,EPS8L3
GO_Biological_Process_2023,Positive Regulation Of Sodium Ion Transport (GO:0010765),1/12,0.5027883443501289,0.8956491517808324,0,0,1.517135961383749,1.0431614228974042,WNK3
GO_Biological_Process_2023,Positive Regulation Of Vascular Endothelial Cell Proliferation (GO:1905564),1/12,0.5027883443501289,0.8956491517808324,0,0,1.517135961383749,1.0431614228974042,MDK
GO_Biological_Process_2023,Positive Regulation Of Viral Entry Into Host Cell (GO:0046598),1/12,0.5027883443501289,0.8956491517808324,0,0,1.517135961383749,1.0431614228974042,TMPRSS4
GO_Biological_Process_2023,Regulation Of DNA-templated DNA Replication Initiation (GO:0030174),1/12,0.5027883443501289,0.8956491517808324,0,0,1.517135961383749,1.0431614228974042,MCM4
GO_Biological_Process_2023,Regulation Of Acrosome Reaction (GO:0060046),1/12,0.5027883443501289,0.8956491517808324,0,0,1.517135961383749,1.0431614228974042,PLA2G10
GO_Biological_Process_2023,Regulation Of Actin Filament Organization (GO:0110053),1/12,0.5027883443501289,0.8956491517808324,0,0,1.517135961383749,1.0431614228974042,VIL1
GO_Biological_Process_2023,Fatty Acid Biosynthetic Process (GO:0006633),4/65,0.5051153657795845,0.8981534619485013,0,0,1.0943313890060655,0.7473937892359218,ACSM3;DECR2;ACACB;FADS1
GO_Biological_Process_2023,Monocarboxylic Acid Biosynthetic Process (GO:0072330),4/65,0.5051153657795845,0.8981534619485013,0,0,1.0943313890060655,0.7473937892359218,GATM;ACSM3;ALDH1A2;ACACB
GO_Biological_Process_2023,Regulation Of Cell-Matrix Adhesion (GO:0001952),4/65,0.5051153657795845,0.8981534619485013,0,0,1.0943313890060655,0.7473937892359218,CAMSAP3;CDKN2A;NEXMIF;SEMA3E
GO_Biological_Process_2023,Regulation Of Epithelial To Mesenchymal Transition (GO:0010717),5/83,0.5082069423689324,0.8997382682615909,0,0,1.0697613517329323,0.7240856727825322,OLFM1;MDK;TGFB1I1;IL17RD;FOXA2
GO_Biological_Process_2023,Calcium Ion Transmembrane Import Into Cytosol (GO:0097553),5/83,0.5082069423689324,0.8997382682615909,0,0,1.0697613517329323,0.7240856727825322,SCN8A;PLCE1;CACNA1D;PLCH1;GRIN2D
GO_Biological_Process_2023,Phospholipase C-activating G Protein-Coupled Receptor Signaling Pathway (GO:0007200),5/83,0.5082069423689324,0.8997382682615909,0,0,1.0697613517329323,0.7240856727825322,ANO1;PLCE1;F2RL1;NMUR2;ESR1
GO_Biological_Process_2023,GPI Anchor Biosynthetic Process (GO:0006506),2/30,0.5121268226966316,0.8997382682615909,0,0,1.1920156902442112,0.7976766166153467,PGAP4;PIGM
GO_Biological_Process_2023,Intrinsic Apoptotic Signaling Pathway In Response To Endoplasmic Reticulum Stress (GO:0070059),2/30,0.5121268226966316,0.8997382682615909,0,0,1.1920156902442112,0.7976766166153467,ERN2;TMEM238L
GO_Biological_Process_2023,Lamellipodium Organization (GO:0097581),2/30,0.5121268226966316,0.8997382682615909,0,0,1.1920156902442112,0.7976766166153467,CARMIL1;DMTN
GO_Biological_Process_2023,Negative Regulation Of Epithelial To Mesenchymal Transition (GO:0010719),2/30,0.5121268226966316,0.8997382682615909,0,0,1.1920156902442112,0.7976766166153467,IL17RD;FOXA2
GO_Biological_Process_2023,Positive Regulation Of Cell Communication (GO:0010647),2/30,0.5121268226966316,0.8997382682615909,0,0,1.1920156902442112,0.7976766166153467,RIMS2;GATA6
GO_Biological_Process_2023,Positive Regulation Of Interleukin-10 Production (GO:0032733),2/30,0.5121268226966316,0.8997382682615909,0,0,1.1920156902442112,0.7976766166153467,F2RL1;INAVA
GO_Biological_Process_2023,Protein Palmitoylation (GO:0018345),2/30,0.5121268226966316,0.8997382682615909,0,0,1.1920156902442112,0.7976766166153467,ZDHHC23;ZDHHC15
GO_Biological_Process_2023,Regulation Of Cell Migration Involved In Sprouting Angiogenesis (GO:0090049),2/30,0.5121268226966316,0.8997382682615909,0,0,1.1920156902442112,0.7976766166153467,FOXC2;CARD10
GO_Biological_Process_2023,Protein Localization To Organelle (GO:0033365),8/137,0.5147291704062633,0.8997382682615909,0,0,1.0348802694885653,0.6872788885700403,BBS1;TTC26;OBSCN;PRKAA2;SARM1;IFT122;CNTLN;FSIP2
GO_Biological_Process_2023,Regulation Of DNA Binding (GO:0051101),3/48,0.5151720728446876,0.8997382682615909,0,0,1.112529550827423,0.7378900219207546,CDT1;E2F1;HMGA2
GO_Biological_Process_2023,Regulation Of Cell Cycle (GO:0051726),17/298,0.5209517787693057,0.8997382682615909,0,0,1.00946223093977,0.6582680966048374,L3MBTL1;CDT1;CNTD1;CDKN2A;HMGA2;BRCA1;LIN9;FOXM1;NUDT6;MECOM;GPER1;CHEK1;PCLAF;NUPR2;HOXC9;MAP2K6;SMIM22
GO_Biological_Process_2023,Erythrocyte Differentiation (GO:0030218),3/49,0.5292079147100939,0.8997382682615909,0,0,1.088286308973173,0.6925569928140005,DMTN;MYB;FLVCR1
GO_Biological_Process_2023,Positive Regulation Of Pathway-Restricted SMAD Protein Phosphorylation (GO:0010862),3/49,0.5292079147100939,0.8997382682615909,0,0,1.088286308973173,0.6925569928140005,BMP3;LEFTY1;BMP8B
GO_Biological_Process_2023,Regulation Of Osteoblast Differentiation (GO:0045667),5/85,0.5295446750239209,0.8997382682615909,0,0,1.0429063055062169,0.6630149033317242,SMOC1;LRP5;NPNT;SMAD6;BMPR1B
GO_Biological_Process_2023,Mitotic Spindle Organization (GO:0007052),5/85,0.5295446750239209,0.8997382682615909,0,0,1.0429063055062169,0.6630149033317242,CEP126;ARHGEF10;STIL;EFHC1;MISP
GO_Biological_Process_2023,Positive Regulation Of Canonical Wnt Signaling Pathway (GO:0090263),5/85,0.5295446750239209,0.8997382682615909,0,0,1.0429063055062169,0.6630149033317242,WNK2;LGR6;LYPD6;LGR4;ZBED3
GO_Biological_Process_2023,Regulation Of Centrosome Duplication (GO:0010824),2/31,0.5298769992336069,0.8997382682615909,0,0,1.1508506154363032,0.7309171674206902,STIL;XRCC3
GO_Biological_Process_2023,acyl-CoA Metabolic Process (GO:0006637),2/31,0.5298769992336069,0.8997382682615909,0,0,1.1508506154363032,0.7309171674206902,ACSM3;ACACB
GO_Biological_Process_2023,Antigen Processing And Presentation Of Exogenous Peptide Antigen (GO:0002478),2/31,0.5298769992336069,0.8997382682615909,0,0,1.1508506154363032,0.7309171674206902,CTSV;CTSE
GO_Biological_Process_2023,Regulation Of Response To Biotic Stimulus (GO:0002831),2/31,0.5298769992336069,0.8997382682615909,0,0,1.1508506154363032,0.7309171674206902,DAPK1;GATA6
GO_Biological_Process_2023,Cellular Response To cAMP (GO:0071320),2/31,0.5298769992336069,0.8997382682615909,0,0,1.1508506154363032,0.7309171674206902,DMTN;CFTR
GO_Biological_Process_2023,Central Nervous System Neuron Differentiation (GO:0021953),2/31,0.5298769992336069,0.8997382682615909,0,0,1.1508506154363032,0.7309171674206902,GRID2;MAP2
GO_Biological_Process_2023,Response To Estradiol (GO:0032355),2/31,0.5298769992336069,0.8997382682615909,0,0,1.1508506154363032,0.7309171674206902,GPER1;ESR1
GO_Biological_Process_2023,Negative Regulation Of Developmental Growth (GO:0048640),2/31,0.5298769992336069,0.8997382682615909,0,0,1.1508506154363032,0.7309171674206902,MAP2;WWC1
GO_Biological_Process_2023,Negative Regulation Of Microtubule Polymerization Or Depolymerization (GO:0031111),2/31,0.5298769992336069,0.8997382682615909,0,0,1.1508506154363032,0.7309171674206902,MAP2;TRIM54
GO_Biological_Process_2023,Phospholipid Translocation (GO:0045332),2/31,0.5298769992336069,0.8997382682615909,0,0,1.1508506154363032,0.7309171674206902,ATP8B3;ATP9A
GO_Biological_Process_2023,Positive Regulation Of G1/S Transition Of Mitotic Cell Cycle (GO:1900087),2/31,0.5298769992336069,0.8997382682615909,0,0,1.1508506154363032,0.7309171674206902,MTBP;STIL
GO_Biological_Process_2023,Positive Regulation Of Glucose Transmembrane Transport (GO:0010828),2/31,0.5298769992336069,0.8997382682615909,0,0,1.1508506154363032,0.7309171674206902,OCLN;ERFE
GO_Biological_Process_2023,Presynaptic Endocytosis (GO:0140238),2/31,0.5298769992336069,0.8997382682615909,0,0,1.1508506154363032,0.7309171674206902,SYT8;DNM1
GO_Biological_Process_2023,Regulation Of Cell Morphogenesis (GO:0022604),2/31,0.5298769992336069,0.8997382682615909,0,0,1.1508506154363032,0.7309171674206902,VIL1;CLDN3
GO_Biological_Process_2023,ERBB2 Signaling Pathway (GO:0038128),1/13,0.5309224789810276,0.8997382682615909,0,0,1.3906342182890856,0.8804651185317924,PTPRR
GO_Biological_Process_2023,Regulation Of Flagellated Sperm Motility (GO:1901317),1/13,0.5309224789810276,0.8997382682615909,0,0,1.3906342182890856,0.8804651185317924,CFAP69
GO_Biological_Process_2023,N-terminal Protein Amino Acid Modification (GO:0031365),1/13,0.5309224789810276,0.8997382682615909,0,0,1.3906342182890856,0.8804651185317924,METAP1D
GO_Biological_Process_2023,Regulation Of Humoral Immune Response (GO:0002920),1/13,0.5309224789810276,0.8997382682615909,0,0,1.3906342182890856,0.8804651185317924,GATA6
GO_Biological_Process_2023,Regulation Of Immune Effector Process (GO:0002697),1/13,0.5309224789810276,0.8997382682615909,0,0,1.3906342182890856,0.8804651185317924,C4BPB
GO_Biological_Process_2023,T Cell Differentiation In Thymus (GO:0033077),1/13,0.5309224789810276,0.8997382682615909,0,0,1.3906342182890856,0.8804651185317924,SHH
GO_Biological_Process_2023,Regulation Of Intrinsic Apoptotic Signaling Pathway In Response To DNA Damage By P53 Class Mediator (GO:1902165),1/13,0.5309224789810276,0.8997382682615909,0,0,1.3906342182890856,0.8804651185317924,MUC1
GO_Biological_Process_2023,Antigen Processing And Presentation Of Endogenous Peptide Antigen Via MHC Class I Via ER Pathway (GO:0002484),1/13,0.5309224789810276,0.8997382682615909,0,0,1.3906342182890856,0.8804651185317924,ULBP3
GO_Biological_Process_2023,"Antigen Processing And Presentation Of Endogenous Peptide Antigen Via MHC Class I Via ER Pathway, TAP-independent (GO:0002486)",1/13,0.5309224789810276,0.8997382682615909,0,0,1.3906342182890856,0.8804651185317924,ULBP3
GO_Biological_Process_2023,Antigen Processing And Presentation Of Endogenous Peptide Antigen Via MHC Class Ib (GO:0002476),1/13,0.5309224789810276,0.8997382682615909,0,0,1.3906342182890856,0.8804651185317924,ULBP3
GO_Biological_Process_2023,Antigen Processing And Presentation Of Peptide Antigen Via MHC Class Ib (GO:0002428),1/13,0.5309224789810276,0.8997382682615909,0,0,1.3906342182890856,0.8804651185317924,ULBP3
GO_Biological_Process_2023,Regulation Of Myoblast Fusion (GO:1901739),1/13,0.5309224789810276,0.8997382682615909,0,0,1.3906342182890856,0.8804651185317924,SCGB3A1
GO_Biological_Process_2023,Atrial Septum Development (GO:0003283),1/13,0.5309224789810276,0.8997382682615909,0,0,1.3906342182890856,0.8804651185317924,GATA4
GO_Biological_Process_2023,Cardiocyte Differentiation (GO:0035051),1/13,0.5309224789810276,0.8997382682615909,0,0,1.3906342182890856,0.8804651185317924,GATA6
GO_Biological_Process_2023,Regulation Of Response To Endoplasmic Reticulum Stress (GO:1905897),1/13,0.5309224789810276,0.8997382682615909,0,0,1.3906342182890856,0.8804651185317924,AQP11
GO_Biological_Process_2023,Regulation Of Short-Term Neuronal Synaptic Plasticity (GO:0048172),1/13,0.5309224789810276,0.8997382682615909,0,0,1.3906342182890856,0.8804651185317924,SYP
GO_Biological_Process_2023,Cellular Response To Arsenic-Containing Substance (GO:0071243),1/13,0.5309224789810276,0.8997382682615909,0,0,1.3906342182890856,0.8804651185317924,GSTO2
GO_Biological_Process_2023,Secondary Palate Development (GO:0062009),1/13,0.5309224789810276,0.8997382682615909,0,0,1.3906342182890856,0.8804651185317924,WNT7A
GO_Biological_Process_2023,Embryonic Hemopoiesis (GO:0035162),1/13,0.5309224789810276,0.8997382682615909,0,0,1.3906342182890856,0.8804651185317924,KITLG
GO_Biological_Process_2023,Endothelial Cell Differentiation (GO:0045446),1/13,0.5309224789810276,0.8997382682615909,0,0,1.3906342182890856,0.8804651185317924,TIE1
GO_Biological_Process_2023,Sphingoid Biosynthetic Process (GO:0046520),1/13,0.5309224789810276,0.8997382682615909,0,0,1.3906342182890856,0.8804651185317924,SPTSSB
GO_Biological_Process_2023,Sphingosine Biosynthetic Process (GO:0046512),1/13,0.5309224789810276,0.8997382682615909,0,0,1.3906342182890856,0.8804651185317924,SPTSSB
GO_Biological_Process_2023,Ether Lipid Metabolic Process (GO:0046485),1/13,0.5309224789810276,0.8997382682615909,0,0,1.3906342182890856,0.8804651185317924,LIPE
GO_Biological_Process_2023,Suppression Of Viral Release By Host (GO:0044790),1/13,0.5309224789810276,0.8997382682615909,0,0,1.3906342182890856,0.8804651185317924,TRIM15
GO_Biological_Process_2023,Thymus Development (GO:0048538),1/13,0.5309224789810276,0.8997382682615909,0,0,1.3906342182890856,0.8804651185317924,SHH
GO_Biological_Process_2023,Glomerular Filtration (GO:0003094),1/13,0.5309224789810276,0.8997382682615909,0,0,1.3906342182890856,0.8804651185317924,TBC1D8B
GO_Biological_Process_2023,Immune Response-Regulating Cell Surface Receptor Signaling Pathway (GO:0002768),1/13,0.5309224789810276,0.8997382682615909,0,0,1.3906342182890856,0.8804651185317924,PIGR
GO_Biological_Process_2023,Intraciliary Retrograde Transport (GO:0035721),1/13,0.5309224789810276,0.8997382682615909,0,0,1.3906342182890856,0.8804651185317924,IFT122
GO_Biological_Process_2023,Membrane Depolarization During Action Potential (GO:0086010),1/13,0.5309224789810276,0.8997382682615909,0,0,1.3906342182890856,0.8804651185317924,CACNA1D
GO_Biological_Process_2023,Negative Regulation Of Cell Activation (GO:0050866),1/13,0.5309224789810276,0.8997382682615909,0,0,1.3906342182890856,0.8804651185317924,GPER1
GO_Biological_Process_2023,Negative Regulation Of Fibroblast Growth Factor Receptor Signaling Pathway (GO:0040037),1/13,0.5309224789810276,0.8997382682615909,0,0,1.3906342182890856,0.8804651185317924,CREB3L1
GO_Biological_Process_2023,Negative Regulation Of Receptor Internalization (GO:0002091),1/13,0.5309224789810276,0.8997382682615909,0,0,1.3906342182890856,0.8804651185317924,PCSK9
GO_Biological_Process_2023,Negative Regulation Of Viral Transcription (GO:0032897),1/13,0.5309224789810276,0.8997382682615909,0,0,1.3906342182890856,0.8804651185317924,TRIM31
GO_Biological_Process_2023,Neuromuscular Process Controlling Balance (GO:0050885),1/13,0.5309224789810276,0.8997382682615909,0,0,1.3906342182890856,0.8804651185317924,USH1C
GO_Biological_Process_2023,Peptidyl-Methionine Modification (GO:0018206),1/13,0.5309224789810276,0.8997382682615909,0,0,1.3906342182890856,0.8804651185317924,METAP1D
GO_Biological_Process_2023,Peptidyl-Tyrosine Autophosphorylation (GO:0038083),1/13,0.5309224789810276,0.8997382682615909,0,0,1.3906342182890856,0.8804651185317924,LTK
GO_Biological_Process_2023,Positive Regulation Of Brown Fat Cell Differentiation (GO:0090336),1/13,0.5309224789810276,0.8997382682615909,0,0,1.3906342182890856,0.8804651185317924,NAPEPLD
GO_Biological_Process_2023,Positive Regulation Of Cardiac Muscle Cell Proliferation (GO:0060045),1/13,0.5309224789810276,0.8997382682615909,0,0,1.3906342182890856,0.8804651185317924,ERBB4
GO_Biological_Process_2023,Positive Regulation Of Cellular Response To Insulin Stimulus (GO:1900078),1/13,0.5309224789810276,0.8997382682615909,0,0,1.3906342182890856,0.8804651185317924,ERFE
GO_Biological_Process_2023,Positive Regulation Of Cyclase Activity (GO:0031281),1/13,0.5309224789810276,0.8997382682615909,0,0,1.3906342182890856,0.8804651185317924,CACNA1D
GO_Biological_Process_2023,Positive Regulation Of Glycogen Biosynthetic Process (GO:0045725),1/13,0.5309224789810276,0.8997382682615909,0,0,1.3906342182890856,0.8804651185317924,PPP1R3E
GO_Biological_Process_2023,Positive Regulation Of Glycoprotein Biosynthetic Process (GO:0010560),1/13,0.5309224789810276,0.8997382682615909,0,0,1.3906342182890856,0.8804651185317924,ALG10B
GO_Biological_Process_2023,Positive Regulation Of Leukocyte Degranulation (GO:0043302),1/13,0.5309224789810276,0.8997382682615909,0,0,1.3906342182890856,0.8804651185317924,F2RL1
GO_Biological_Process_2023,Positive Regulation Of Potassium Ion Transmembrane Transporter Activity (GO:1901018),1/13,0.5309224789810276,0.8997382682615909,0,0,1.3906342182890856,0.8804651185317924,LRRC26
GO_Biological_Process_2023,Positive Regulation Of Superoxide Anion Generation (GO:0032930),1/13,0.5309224789810276,0.8997382682615909,0,0,1.3906342182890856,0.8804651185317924,F2RL1
GO_Biological_Process_2023,Protein Localization To Synapse (GO:0035418),1/13,0.5309224789810276,0.8997382682615909,0,0,1.3906342182890856,0.8804651185317924,ZDHHC15
GO_Biological_Process_2023,Purine Ribonucleoside Bisphosphate Metabolic Process (GO:0034035),1/13,0.5309224789810276,0.8997382682615909,0,0,1.3906342182890856,0.8804651185317924,ENPP1
GO_Biological_Process_2023,Regulation Of Cell Projection Organization (GO:0031344),1/13,0.5309224789810276,0.8997382682615909,0,0,1.3906342182890856,0.8804651185317924,PIFO
GO_Biological_Process_2023,Positive Regulation Of DNA-templated Transcription (GO:0045893),70/1243,0.5334941575379101,0.9031416294391316,0,0,0.9953131766987826,0.6253623948590238,ONECUT2;TGFB1I1;RORC;HNF4G;SCX;BRCA1;FOXM1;BRCA2;HOXC11;HOXC10;SHH;MECOM;HNF4A;GPER1;MYB;MYBL2;NME2;RFX3;HNF1B;ETV1;PAX6;LMO7;HNF1A;EBF4;ETV4;POU5F1;PAX2;TOX3;MYCN;PAX8;TFR2;HOXB3;FOXC2;MYRF;UHRF1;GATA6;LRP5;GATA5;GATA4;NPAS2;NPAS3;EPCAM;ERBB4;WBP2NL;PRDM16;E2F1;HOXC4;TNNI2;OTX1;E2F7;ZNF300;E2F8;ZBED3;FZD5;WNT7A;FOXJ1;HMGA2;NR2F2;SMARCA1;ESR1;SOX30;MEIS1;NFIB;LHX2;TLX2;F2RL1;MELTF;BMPR1B;FOXA3;FOXA2
GO_Biological_Process_2023,Regulation Of Cell Differentiation (GO:0045595),11/193,0.5335482856994255,0.9031416294391316,0,0,1.008423273155416,0.633497253183459,PTPRR;SHH;LTK;SCIN;MDK;SMOC1;PLEKHB1;RORC;MBOAT2;FADS1;KLK6
GO_Biological_Process_2023,Regulation Of Mitotic Cell Cycle Phase Transition (GO:1901990),5/86,0.5400577001006535,0.9136314475386994,0,0,1.0299760980637238,0.634546946398653,CDKN2A;E2F1;KNTC1;TM4SF5;NEK11
GO_Biological_Process_2023,Regulation Of Epithelial Cell Migration (GO:0010632),3/50,0.5430136916722871,0.9150325754695908,0,0,1.0650746944318696,0.6503567028620989,VIL1;PTPRR;PTPRG
GO_Biological_Process_2023,Negative Regulation Of Cell Projection Organization (GO:0031345),3/50,0.5430136916722871,0.9150325754695908,0,0,1.0650746944318696,0.6503567028620989,SEMA3A;CRMP1;ADCY6
GO_Biological_Process_2023,Positive Regulation Of Fat Cell Differentiation (GO:0045600),3/50,0.5430136916722871,0.9150325754695908,0,0,1.0650746944318696,0.6503567028620989,RARRES2;LRP5;NAPEPLD
GO_Biological_Process_2023,Negative Regulation Of Osteoblast Differentiation (GO:0045668),2/32,0.5471818430650659,0.9150325754695908,0,0,1.1124298789489224,0.6707663992403723,LRP5;SMAD6
GO_Biological_Process_2023,Phosphatidylinositol 3-Kinase Signaling (GO:0014065),2/32,0.5471818430650659,0.9150325754695908,0,0,1.1124298789489224,0.6707663992403723,LTK;ERBB3
GO_Biological_Process_2023,Positive Regulation Of Telomere Maintenance Via Telomerase (GO:0032212),2/32,0.5471818430650659,0.9150325754695908,0,0,1.1124298789489224,0.6707663992403723,NEK2;MAPK15
GO_Biological_Process_2023,Purine Ribonucleoside Triphosphate Metabolic Process (GO:0009205),2/32,0.5471818430650659,0.9150325754695908,0,0,1.1124298789489224,0.6707663992403723,NT5E;ENPP1
GO_Biological_Process_2023,Regulation Of Cell Motility (GO:2000145),7/123,0.5482708665446112,0.9150325754695908,0,0,1.0068029819609767,0.6050743279103451,CAMSAP3;TMSB15A;ERBB4;DUOXA2;FGF18;MGAT3;AMOT
GO_Biological_Process_2023,Negative Regulation Of MAPK Cascade (GO:0043409),6/105,0.5490984889890511,0.9150325754695908,0,0,1.0111784511784512,0.6061786859766989,PTPRR;SEMA6A;PSCA;WNK2;GPER1;FOXM1
GO_Biological_Process_2023,Regulation Of Stress-Activated MAPK Cascade (GO:0032872),3/51,0.5565815867629047,0.9150325754695908,0,0,1.0428302304964538,0.6110375220902924,F2RL1;FOXM1;INAVA
GO_Biological_Process_2023,Positive Regulation Of Actin Filament Bundle Assembly (GO:0032233),3/51,0.5565815867629047,0.9150325754695908,0,0,1.0428302304964538,0.6110375220902924,VIL1;ARHGEF10;CARMIL1
GO_Biological_Process_2023,2-Oxoglutarate Metabolic Process (GO:0006103),1/14,0.5574659998245508,0.9150325754695908,0,0,1.2835942818243704,0.7500731505071455,ADHFE1
GO_Biological_Process_2023,Regulation Of Exit From Mitosis (GO:0007096),1/14,0.5574659998245508,0.9150325754695908,0,0,1.2835942818243704,0.7500731505071455,KNTC1
GO_Biological_Process_2023,"RNA Phosphodiester Bond Hydrolysis, Endonucleolytic (GO:0090502)",1/14,0.5574659998245508,0.9150325754695908,0,0,1.2835942818243704,0.7500731505071455,NYNRIN
GO_Biological_Process_2023,Regulation Of Histone H3-K4 Methylation (GO:0051569),1/14,0.5574659998245508,0.9150325754695908,0,0,1.2835942818243704,0.7500731505071455,BRCA1
GO_Biological_Process_2023,Regulation Of Macrophage Differentiation (GO:0045649),1/14,0.5574659998245508,0.9150325754695908,0,0,1.2835942818243704,0.7500731505071455,PRKCA
GO_Biological_Process_2023,Regulation Of Microglial Cell Activation (GO:1903978),1/14,0.5574659998245508,0.9150325754695908,0,0,1.2835942818243704,0.7500731505071455,TTBK1
GO_Biological_Process_2023,Aorta Development (GO:0035904),1/14,0.5574659998245508,0.9150325754695908,0,0,1.2835942818243704,0.7500731505071455,ROBO2
GO_Biological_Process_2023,Regulation Of Non-Canonical Wnt Signaling Pathway (GO:2000050),1/14,0.5574659998245508,0.9150325754695908,0,0,1.2835942818243704,0.7500731505071455,LBX2
GO_Biological_Process_2023,Cardiac Cell Development (GO:0055006),1/14,0.5574659998245508,0.9150325754695908,0,0,1.2835942818243704,0.7500731505071455,ALPK3
GO_Biological_Process_2023,Regulation Of Superoxide Anion Generation (GO:0032928),1/14,0.5574659998245508,0.9150325754695908,0,0,1.2835942818243704,0.7500731505071455,F2RL1
GO_Biological_Process_2023,Ceramide Transport (GO:0035627),1/14,0.5574659998245508,0.9150325754695908,0,0,1.2835942818243704,0.7500731505071455,GLTPD2
GO_Biological_Process_2023,Copper Ion Homeostasis (GO:0055070),1/14,0.5574659998245508,0.9150325754695908,0,0,1.2835942818243704,0.7500731505071455,ATP7B
GO_Biological_Process_2023,Serine Family Amino Acid Metabolic Process (GO:0009069),1/14,0.5574659998245508,0.9150325754695908,0,0,1.2835942818243704,0.7500731505071455,AOC1
GO_Biological_Process_2023,Establishment Of Protein Localization To Chromosome (GO:0070199),1/14,0.5574659998245508,0.9150325754695908,0,0,1.2835942818243704,0.7500731505071455,BRCA2
GO_Biological_Process_2023,Striated Muscle Cell Development (GO:0055002),1/14,0.5574659998245508,0.9150325754695908,0,0,1.2835942818243704,0.7500731505071455,TMOD1
GO_Biological_Process_2023,Striated Muscle Tissue Development (GO:0014706),1/14,0.5574659998245508,0.9150325754695908,0,0,1.2835942818243704,0.7500731505071455,GATA5
GO_Biological_Process_2023,Synaptic Vesicle Membrane Organization (GO:0048499),1/14,0.5574659998245508,0.9150325754695908,0,0,1.2835942818243704,0.7500731505071455,SYP
GO_Biological_Process_2023,Genitalia Development (GO:0048806),1/14,0.5574659998245508,0.9150325754695908,0,0,1.2835942818243704,0.7500731505071455,SHH
GO_Biological_Process_2023,Ubiquinone Metabolic Process (GO:0006743),1/14,0.5574659998245508,0.9150325754695908,0,0,1.2835942818243704,0.7500731505071455,NQO1
GO_Biological_Process_2023,Mammary Gland Epithelium Development (GO:0061180),1/14,0.5574659998245508,0.9150325754695908,0,0,1.2835942818243704,0.7500731505071455,ERBB4
GO_Biological_Process_2023,Membrane Raft Organization (GO:0031579),1/14,0.5574659998245508,0.9150325754695908,0,0,1.2835942818243704,0.7500731505071455,FA2H
GO_Biological_Process_2023,Mitochondrial Calcium Ion Transmembrane Transport (GO:0006851),1/14,0.5574659998245508,0.9150325754695908,0,0,1.2835942818243704,0.7500731505071455,MCU
GO_Biological_Process_2023,Myotube Cell Development (GO:0014904),1/14,0.5574659998245508,0.9150325754695908,0,0,1.2835942818243704,0.7500731505071455,MYORG
GO_Biological_Process_2023,Negative Regulation Of Chondrocyte Differentiation (GO:0032331),1/14,0.5574659998245508,0.9150325754695908,0,0,1.2835942818243704,0.7500731505071455,RFLNA
GO_Biological_Process_2023,Negative Regulation Of Cilium Assembly (GO:1902018),1/14,0.5574659998245508,0.9150325754695908,0,0,1.2835942818243704,0.7500731505071455,KIF24
GO_Biological_Process_2023,Negative Regulation Of Fatty Acid Biosynthetic Process (GO:0045717),1/14,0.5574659998245508,0.9150325754695908,0,0,1.2835942818243704,0.7500731505071455,BRCA1
GO_Biological_Process_2023,Negative Regulation Of Peptidyl-Threonine Phosphorylation (GO:0010801),1/14,0.5574659998245508,0.9150325754695908,0,0,1.2835942818243704,0.7500731505071455,DMTN
GO_Biological_Process_2023,Negative Regulation Of Single Stranded Viral RNA Replication Via Double Stranded DNA Intermediate (GO:0045869),1/14,0.5574659998245508,0.9150325754695908,0,0,1.2835942818243704,0.7500731505071455,HMGA2
GO_Biological_Process_2023,Negative Regulation Of Smooth Muscle Cell Migration (GO:0014912),1/14,0.5574659998245508,0.9150325754695908,0,0,1.2835942818243704,0.7500731505071455,PRKG1
GO_Biological_Process_2023,Nuclear Pore Organization (GO:0006999),1/14,0.5574659998245508,0.9150325754695908,0,0,1.2835942818243704,0.7500731505071455,NDC1
GO_Biological_Process_2023,Odontogenesis Of Dentin-Containing Tooth (GO:0042475),1/14,0.5574659998245508,0.9150325754695908,0,0,1.2835942818243704,0.7500731505071455,EDA
GO_Biological_Process_2023,Pancreas Development (GO:0031016),1/14,0.5574659998245508,0.9150325754695908,0,0,1.2835942818243704,0.7500731505071455,CCDC40
GO_Biological_Process_2023,Polarized Epithelial Cell Differentiation (GO:0030859),1/14,0.5574659998245508,0.9150325754695908,0,0,1.2835942818243704,0.7500731505071455,SYNE4
GO_Biological_Process_2023,Positive Regulation Of Cytoplasmic Translation (GO:2000767),1/14,0.5574659998245508,0.9150325754695908,0,0,1.2835942818243704,0.7500731505071455,IGF2BP1
GO_Biological_Process_2023,Positive Regulation Of Endothelial Cell Chemotaxis (GO:2001028),1/14,0.5574659998245508,0.9150325754695908,0,0,1.2835942818243704,0.7500731505071455,FGF18
GO_Biological_Process_2023,Positive Regulation Of Exosomal Secretion (GO:1903543),1/14,0.5574659998245508,0.9150325754695908,0,0,1.2835942818243704,0.7500731505071455,SMPD3
GO_Biological_Process_2023,Positive Regulation Of Glycogen Metabolic Process (GO:0070875),1/14,0.5574659998245508,0.9150325754695908,0,0,1.2835942818243704,0.7500731505071455,PPP1R3E
GO_Biological_Process_2023,Positive Regulation Of Heterotypic Cell-Cell Adhesion (GO:0034116),1/14,0.5574659998245508,0.9150325754695908,0,0,1.2835942818243704,0.7500731505071455,CEACAM6
GO_Biological_Process_2023,Positive Regulation Of Long-Term Synaptic Potentiation (GO:1900273),1/14,0.5574659998245508,0.9150325754695908,0,0,1.2835942818243704,0.7500731505071455,CHRNA7
GO_Biological_Process_2023,Positive Regulation Of Lyase Activity (GO:0051349),1/14,0.5574659998245508,0.9150325754695908,0,0,1.2835942818243704,0.7500731505071455,CACNA1D
GO_Biological_Process_2023,Positive Regulation Of Type I Interferon-Mediated Signaling Pathway (GO:0060340),1/14,0.5574659998245508,0.9150325754695908,0,0,1.2835942818243704,0.7500731505071455,IGF2BP1
GO_Biological_Process_2023,Regulation Of Bone Remodeling (GO:0046850),1/14,0.5574659998245508,0.9150325754695908,0,0,1.2835942818243704,0.7500731505071455,MDK
GO_Biological_Process_2023,Response To Calcium Ion (GO:0051592),6/106,0.5584835825650312,0.9156751563916572,0,0,1.0010133333333333,0.5831203536151878,PRKAA2;DMTN;ITPKA;AKR1C3;SYT8;SYT17
GO_Biological_Process_2023,Positive Regulation Of Cell Growth (GO:0030307),6/106,0.5584835825650312,0.9156751563916572,0,0,1.0010133333333333,0.5831203536151878,RIMS2;RNF157;SLC44A4;ISLR2;RASAL1;SYT17
GO_Biological_Process_2023,Positive Regulation Of Developmental Process (GO:0051094),13/233,0.5605817586193805,0.9172720793176496,0,0,0.985676532769556,0.5704900408724095,SCX;COBL;PAX2;ZDHHC15;VIL1;SHH;MDK;AGR2;SOX6;BMPR1B;MCU;ZBED3;FOXA2
GO_Biological_Process_2023,Positive Regulation Of Plasma Membrane Bounded Cell Projection Assembly (GO:0120034),5/88,0.5607472966119676,0.9172720793176496,0,0,1.0050503969697615,0.5814065051357749,OCLN;MYO3A;PLCE1;F2RL1;EPS8L3
GO_Biological_Process_2023,Carboxylic Acid Metabolic Process (GO:0019752),2/33,0.5640349211390404,0.9172720793176496,0,0,1.076487899654276,0.6164390754617285,GSTO2;CYP4F3
GO_Biological_Process_2023,Epithelial Tube Morphogenesis (GO:0060562),2/33,0.5640349211390404,0.9172720793176496,0,0,1.076487899654276,0.6164390754617285,SHH;PODXL
GO_Biological_Process_2023,Vasculogenesis (GO:0001570),2/33,0.5640349211390404,0.9172720793176496,0,0,1.076487899654276,0.6164390754617285,SHH;TNNI3
GO_Biological_Process_2023,ncRNA Catabolic Process (GO:0034661),2/33,0.5640349211390404,0.9172720793176496,0,0,1.076487899654276,0.6164390754617285,ERN2;SLFN13
GO_Biological_Process_2023,Positive Regulation Of Reproductive Process (GO:2000243),2/33,0.5640349211390404,0.9172720793176496,0,0,1.076487899654276,0.6164390754617285,PLA2G10;CFAP69
GO_Biological_Process_2023,Positive Regulation Of Small Molecule Metabolic Process (GO:0062013),2/33,0.5640349211390404,0.9172720793176496,0,0,1.076487899654276,0.6164390754617285,PRKAA2;SLC4A4
GO_Biological_Process_2023,Positive Regulation Of Telomerase Activity (GO:0051973),2/33,0.5640349211390404,0.9172720793176496,0,0,1.076487899654276,0.6164390754617285,NEK2;MAPK15
GO_Biological_Process_2023,Regulation Of NLRP3 Inflammasome Complex Assembly (GO:1900225),2/33,0.5640349211390404,0.9172720793176496,0,0,1.076487899654276,0.6164390754617285,FBXL2;TRIM31
GO_Biological_Process_2023,Regulation Of Amyloid-Beta Formation (GO:1902003),2/33,0.5640349211390404,0.9172720793176496,0,0,1.076487899654276,0.6164390754617285,CHRNA7;SLC2A13
GO_Biological_Process_2023,Negative Regulation Of Epithelial Cell Proliferation (GO:0050680),4/70,0.5642200254070916,0.9172720793176496,0,0,1.0111586136430857,0.5786971847837119,NFIB;AQP11;NR2F2;BRCA2
GO_Biological_Process_2023,Positive Regulation Of Protein Polymerization (GO:0032273),4/70,0.5642200254070916,0.9172720793176496,0,0,1.0111586136430857,0.5786971847837119,CARMIL1;BAIAP2L2;OCLN;TTBK1
GO_Biological_Process_2023,Monoatomic Ion Transport (GO:0006811),6/107,0.5677762866555841,0.9172720793176496,0,0,0.991049504950495,0.5609615703505525,SLC9A2;SLC15A1;PDZD3;GLRB;CHRNA7;AQP11
GO_Biological_Process_2023,Rho Protein Signal Transduction (GO:0007266),3/52,0.5699047737962968,0.9172720793176496,0,0,1.0214937038645244,0.5743716043026168,ARHGAP29;EPS8L3;RHOBTB1
GO_Biological_Process_2023,Cell Cycle G1/S Phase Transition (GO:0044843),3/52,0.5699047737962968,0.9172720793176496,0,0,1.0214937038645244,0.5743716043026168,E2F1;CDC7;POLE
GO_Biological_Process_2023,Sprouting Angiogenesis (GO:0002040),3/52,0.5699047737962968,0.9172720793176496,0,0,1.0214937038645244,0.5743716043026168,SEMA3E;E2F7;E2F8
GO_Biological_Process_2023,Negative Regulation Of Response To Stimulus (GO:0048585),3/52,0.5699047737962968,0.9172720793176496,0,0,1.0214937038645244,0.5743716043026168,DDAH1;ERBB3;AQP11
GO_Biological_Process_2023,Neurotransmitter Transport (GO:0006836),3/52,0.5699047737962968,0.9172720793176496,0,0,1.0214937038645244,0.5743716043026168,SLC22A3;SLC28A2;SLC29A2
GO_Biological_Process_2023,Positive Regulation Of Telomere Maintenance (GO:0032206),3/52,0.5699047737962968,0.9172720793176496,0,0,1.0214937038645244,0.5743716043026168,NEK2;SLX1A;MAPK15
GO_Biological_Process_2023,Cellular Response To Chemical Stress (GO:0062197),5/89,0.5709149104857401,0.9172720793176496,0,0,0.99303264822803,0.5566097929770908,NQO1;PRKAA2;ALDH3B1;MGAT3;FANCC
GO_Biological_Process_2023,Regulation Of Cell Adhesion (GO:0030155),8/144,0.5719715000674862,0.9172720793176496,0,0,0.981247708344246,0.5481898439944421,EPB41L4B;ERBB3;PODXL;MDK;DACT2;ADAM22;PRKCA;CELSR2
GO_Biological_Process_2023,Lipid Biosynthetic Process (GO:0008610),4/71,0.5755693326751224,0.9172720793176496,0,0,0.996013720218782,0.5501935809221729,PRKAA2;ACSM3;ACACB;FADS1
GO_Biological_Process_2023,Glycerophospholipid Biosynthetic Process (GO:0046474),6/108,0.5769732281119012,0.9172720793176496,0,0,0.981281045751634,0.5396647468989335,SLC44A3;MUC1;SLC44A4;ACP6;MBOAT2;PIP5K1B
GO_Biological_Process_2023,Positive Regulation Of Metabolic Process (GO:0009893),6/108,0.5769732281119012,0.9172720793176496,0,0,0.981281045751634,0.5396647468989335,BSCL2;MUC1;GATM;PDGFC;PRDM16;YBX2
GO_Biological_Process_2023,Negative Regulation Of Cell Migration (GO:0030336),9/163,0.5778530272876069,0.9172720793176496,0,0,0.974807278283214,0.5346191322020627,PTPRU;PTPRR;SHH;CLDN3;NEXMIF;SRGAP1;MAPK15;SCAI;PTPRG
GO_Biological_Process_2023,ATP Metabolic Process (GO:0046034),2/34,0.5804319497307892,0.9172720793176496,0,0,1.0427922940655447,0.5672609798744224,NT5E;ENPP1
GO_Biological_Process_2023,Apoptotic Mitochondrial Changes (GO:0008637),2/34,0.5804319497307892,0.9172720793176496,0,0,1.0427922940655447,0.5672609798744224,ERBB4;BIK
GO_Biological_Process_2023,Regulation Of Neuronal Synaptic Plasticity (GO:0048168),2/34,0.5804319497307892,0.9172720793176496,0,0,1.0427922940655447,0.5672609798744224,SYP;GRIN2D
GO_Biological_Process_2023,Cellular Response To Vascular Endothelial Growth Factor Stimulus (GO:0035924),2/34,0.5804319497307892,0.9172720793176496,0,0,1.0427922940655447,0.5672609798744224,SEMA6A;MT1G
GO_Biological_Process_2023,Response To Estrogen (GO:0043627),2/34,0.5804319497307892,0.9172720793176496,0,0,1.0427922940655447,0.5672609798744224,BRCA1;ESR1
GO_Biological_Process_2023,Establishment Of Mitotic Spindle Localization (GO:0040001),2/34,0.5804319497307892,0.9172720793176496,0,0,1.0427922940655447,0.5672609798744224,NUSAP1;MISP
GO_Biological_Process_2023,Superoxide Metabolic Process (GO:0006801),2/34,0.5804319497307892,0.9172720793176496,0,0,1.0427922940655447,0.5672609798744224,NQO1;NOXO1
GO_Biological_Process_2023,Negative Regulation Of Mitotic Cell Cycle (GO:0045930),2/34,0.5804319497307892,0.9172720793176496,0,0,1.0427922940655447,0.5672609798744224,TOM1L1;CHEK1
GO_Biological_Process_2023,Positive Regulation Of Carbohydrate Metabolic Process (GO:0045913),2/34,0.5804319497307892,0.9172720793176496,0,0,1.0427922940655447,0.5672609798744224,PRKAA2;SLC4A4
GO_Biological_Process_2023,Regulation Of DNA Biosynthetic Process (GO:2000278),2/34,0.5804319497307892,0.9172720793176496,0,0,1.0427922940655447,0.5672609798744224,TOM1L1;FGFR4
GO_Biological_Process_2023,Regulation Of calcineurin-NFAT Signaling Cascade (GO:0070884),2/34,0.5804319497307892,0.9172720793176496,0,0,1.0427922940655447,0.5672609798744224,HOMER2;LMCD1
GO_Biological_Process_2023,3'-Phosphoadenosine 5'-Phosphosulfate Metabolic Process (GO:0050427),1/15,0.5825087598123655,0.9172720793176496,0,0,1.1918457648546144,0.6440866276005416,ENPP1
GO_Biological_Process_2023,DNA Alkylation (GO:0006305),1/15,0.5825087598123655,0.9172720793176496,0,0,1.1918457648546144,0.6440866276005416,HELLS
GO_Biological_Process_2023,T Cell Homeostasis (GO:0043029),1/15,0.5825087598123655,0.9172720793176496,0,0,1.1918457648546144,0.6440866276005416,LGALS2
GO_Biological_Process_2023,Regulation Of Lipoprotein Lipase Activity (GO:0051004),1/15,0.5825087598123655,0.9172720793176496,0,0,1.1918457648546144,0.6440866276005416,PCSK6
GO_Biological_Process_2023,Regulation Of miRNA-mediated Gene Silencing (GO:0060964),1/15,0.5825087598123655,0.9172720793176496,0,0,1.1918457648546144,0.6440866276005416,POU5F1
GO_Biological_Process_2023,Amyloid-Beta Metabolic Process (GO:0050435),1/15,0.5825087598123655,0.9172720793176496,0,0,1.1918457648546144,0.6440866276005416,MGAT3
GO_Biological_Process_2023,Cellular Response To Corticosteroid Stimulus (GO:0071384),1/15,0.5825087598123655,0.9172720793176496,0,0,1.1918457648546144,0.6440866276005416,GPER1
GO_Biological_Process_2023,Cellular Response To Estrogen Stimulus (GO:0071391),1/15,0.5825087598123655,0.9172720793176496,0,0,1.1918457648546144,0.6440866276005416,ESR1
GO_Biological_Process_2023,Dendritic Spine Morphogenesis (GO:0060997),1/15,0.5825087598123655,0.9172720793176496,0,0,1.1918457648546144,0.6440866276005416,WNT7A
GO_Biological_Process_2023,Sphingolipid Catabolic Process (GO:0030149),1/15,0.5825087598123655,0.9172720793176496,0,0,1.1918457648546144,0.6440866276005416,SMPD3
GO_Biological_Process_2023,Sympathetic Nervous System Development (GO:0048485),1/15,0.5825087598123655,0.9172720793176496,0,0,1.1918457648546144,0.6440866276005416,SEMA3A
GO_Biological_Process_2023,Gas Transport (GO:0015669),1/15,0.5825087598123655,0.9172720793176496,0,0,1.1918457648546144,0.6440866276005416,AQP5
GO_Biological_Process_2023,Keratan Sulfate Biosynthetic Process (GO:0018146),1/15,0.5825087598123655,0.9172720793176496,0,0,1.1918457648546144,0.6440866276005416,B3GNT3
GO_Biological_Process_2023,Melanosome Transport (GO:0032402),1/15,0.5825087598123655,0.9172720793176496,0,0,1.1918457648546144,0.6440866276005416,RAB17
GO_Biological_Process_2023,Mitotic Chromosome Condensation (GO:0007076),1/15,0.5825087598123655,0.9172720793176496,0,0,1.1918457648546144,0.6440866276005416,NUSAP1
GO_Biological_Process_2023,Negative Regulation Of DNA Replication (GO:0008156),1/15,0.5825087598123655,0.9172720793176496,0,0,1.1918457648546144,0.6440866276005416,CDT1
GO_Biological_Process_2023,Negative Regulation Of Cell-Substrate Junction Organization (GO:0150118),1/15,0.5825087598123655,0.9172720793176496,0,0,1.1918457648546144,0.6440866276005416,DMTN
GO_Biological_Process_2023,Negative Regulation Of Endoplasmic Reticulum Stress-Induced Intrinsic Apoptotic Signaling Pathway (GO:1902236),1/15,0.5825087598123655,0.9172720793176496,0,0,1.1918457648546144,0.6440866276005416,CREB3L1
GO_Biological_Process_2023,Negative Regulation Of Focal Adhesion Assembly (GO:0051895),1/15,0.5825087598123655,0.9172720793176496,0,0,1.1918457648546144,0.6440866276005416,DMTN
GO_Biological_Process_2023,Negative Regulation Of Gluconeogenesis (GO:0045721),1/15,0.5825087598123655,0.9172720793176496,0,0,1.1918457648546144,0.6440866276005416,ERFE
GO_Biological_Process_2023,Negative Regulation Of Platelet Activation (GO:0010544),1/15,0.5825087598123655,0.9172720793176496,0,0,1.1918457648546144,0.6440866276005416,PRKG1
GO_Biological_Process_2023,Negative Regulation Of Synaptic Transmission (GO:0050805),1/15,0.5825087598123655,0.9172720793176496,0,0,1.1918457648546144,0.6440866276005416,SHANK2
GO_Biological_Process_2023,Negative Regulation Of Telomere Maintenance (GO:0032205),1/15,0.5825087598123655,0.9172720793176496,0,0,1.1918457648546144,0.6440866276005416,SLX1A
GO_Biological_Process_2023,Oogenesis (GO:0048477),1/15,0.5825087598123655,0.9172720793176496,0,0,1.1918457648546144,0.6440866276005416,MDK
GO_Biological_Process_2023,Pigment Granule Transport (GO:0051904),1/15,0.5825087598123655,0.9172720793176496,0,0,1.1918457648546144,0.6440866276005416,RAB17
GO_Biological_Process_2023,Platelet-Derived Growth Factor Receptor Signaling Pathway (GO:0048008),1/15,0.5825087598123655,0.9172720793176496,0,0,1.1918457648546144,0.6440866276005416,PDGFC
GO_Biological_Process_2023,"Positive Regulation Of DNA Damage Response, Signal Transduction By P53 Class Mediator (GO:0043517)",1/15,0.5825087598123655,0.9172720793176496,0,0,1.1918457648546144,0.6440866276005416,PLA2R1
GO_Biological_Process_2023,Positive Regulation Of Cell Activation (GO:0050867),1/15,0.5825087598123655,0.9172720793176496,0,0,1.1918457648546144,0.6440866276005416,TTBK1
GO_Biological_Process_2023,Positive Regulation Of Endothelial Cell Apoptotic Process (GO:2000353),1/15,0.5825087598123655,0.9172720793176496,0,0,1.1918457648546144,0.6440866276005416,GPER1
GO_Biological_Process_2023,Positive Regulation Of Syncytium Formation By Plasma Membrane Fusion (GO:0060143),1/15,0.5825087598123655,0.9172720793176496,0,0,1.1918457648546144,0.6440866276005416,SCGB3A1
GO_Biological_Process_2023,Presynapse Assembly (GO:0099054),1/15,0.5825087598123655,0.9172720793176496,0,0,1.1918457648546144,0.6440866276005416,WNT7A
GO_Biological_Process_2023,"Protein Localization To Chromosome, Telomeric Region (GO:0070198)",1/15,0.5825087598123655,0.9172720793176496,0,0,1.1918457648546144,0.6440866276005416,BRCA2
GO_Biological_Process_2023,Receptor Catabolic Process (GO:0032801),1/15,0.5825087598123655,0.9172720793176496,0,0,1.1918457648546144,0.6440866276005416,PCSK9
GO_Biological_Process_2023,Regulation Of Rac Protein Signal Transduction (GO:0035020),1/15,0.5825087598123655,0.9172720793176496,0,0,1.1918457648546144,0.6440866276005416,ARHGAP44
GO_Biological_Process_2023,Regulation Of Amyloid Fibril Formation (GO:1905906),1/15,0.5825087598123655,0.9172720793176496,0,0,1.1918457648546144,0.6440866276005416,CHRNA7
GO_Biological_Process_2023,Regulation Of Bicellular Tight Junction Assembly (GO:2000810),1/15,0.5825087598123655,0.9172720793176496,0,0,1.1918457648546144,0.6440866276005416,NPHP1
GO_Biological_Process_2023,Blood Vessel Morphogenesis (GO:0048514),3/53,0.5829773659663284,0.9172720793176496,0,0,1.0010106382978723,0.5401522641865485,SHH;LRP5;TNNI3
GO_Biological_Process_2023,mRNA Stabilization (GO:0048255),3/53,0.5829773659663284,0.9172720793176496,0,0,1.0010106382978723,0.5401522641865485,E2F1;IGF2BP1;IGF2BP3
GO_Biological_Process_2023,Positive Regulation Of MAPK Cascade (GO:0043410),17/310,0.587673087828612,0.9241633236014464,0,0,0.9674940717275016,0.5143048124867469,GPR37;WWC1;CHRNA7;DUSP19;PRKCA;GATA4;MST1R;NPNT;INAVA;DOK4;ERBB4;GPER1;PDGFC;FGF18;PLCE1;F2RL1;FGFR4
GO_Biological_Process_2023,Organic Substance Transport (GO:0071702),11/201,0.5884431152754263,0.924877008157239,0,0,0.9655498120300752,0.5120069434600448,NDC1;SLC22A3;PDZD3;ABCA3;CHRNA7;FLVCR1;NMUR2;AQP11;CACNA1D;AQP5;SLC29A2
GO_Biological_Process_2023,Adenylate Cyclase-Activating G Protein-Coupled Receptor Signaling Pathway (GO:0007189),6/110,0.5950673432490584,0.9263043134810954,0,0,0.9623076923076924,0.4995153485271501,ADGRG2;PTGER1;GPER1;ADGRG6;TCP11;ADCY6
GO_Biological_Process_2023,Dephosphorylation (GO:0016311),8/147,0.5955526810069709,0.9263043134810954,0,0,0.9599159496979442,0.4974912514094077,PTPRU;PTPRB;PTPRR;ACP6;PPM1H;DUSP18;ALPG;PTPRG
GO_Biological_Process_2023,Endoplasmic Reticulum Organization (GO:0007029),3/54,0.5957943648474823,0.9263043134810954,0,0,0.9813308302044222,0.5081916862641866,REEP1;SPTSSB;MAPK15
GO_Biological_Process_2023,Positive Regulation Of Leukocyte Chemotaxis (GO:0002690),3/54,0.5957943648474823,0.9263043134810954,0,0,0.9813308302044222,0.5081916862641866,MDK;RARRES2;F2RL1
GO_Biological_Process_2023,Regulation Of Sodium Ion Transport (GO:0002028),2/35,0.5963705722103027,0.9263043134810954,0,0,1.0111388463912825,0.5226506318490239,NKAIN4;WNK3
GO_Biological_Process_2023,Skeletal Muscle Organ Development (GO:0060538),2/35,0.5963705722103027,0.9263043134810954,0,0,1.0111388463912825,0.5226506318490239,LARGE1;BVES
GO_Biological_Process_2023,Negative Regulation Of Cell Cycle G1/S Phase Transition (GO:1902807),2/35,0.5963705722103027,0.9263043134810954,0,0,1.0111388463912825,0.5226506318490239,SUSD2;E2F7
GO_Biological_Process_2023,Neutral Amino Acid Transport (GO:0015804),2/35,0.5963705722103027,0.9263043134810954,0,0,1.0111388463912825,0.5226506318490239,SLC6A14;SLC6A20
GO_Biological_Process_2023,Positive Regulation Of Cell Development (GO:0010720),2/35,0.5963705722103027,0.9263043134810954,0,0,1.0111388463912825,0.5226506318490239,GPER1;RFX3
GO_Biological_Process_2023,Positive Regulation Of Telomere Maintenance Via Telomere Lengthening (GO:1904358),2/35,0.5963705722103027,0.9263043134810954,0,0,1.0111388463912825,0.5226506318490239,NEK2;MAPK15
GO_Biological_Process_2023,Regulation Of G2/M Transition Of Mitotic Cell Cycle (GO:0010389),2/35,0.5963705722103027,0.9263043134810954,0,0,1.0111388463912825,0.5226506318490239,CDC7;DBF4B
GO_Biological_Process_2023,Regulation Of Cardiac Muscle Contraction (GO:0055117),2/35,0.5963705722103027,0.9263043134810954,0,0,1.0111388463912825,0.5226506318490239,CHGA;TNNI3
GO_Biological_Process_2023,Monocarboxylic Acid Transport (GO:0015718),4/73,0.5977554312095277,0.9263043134810954,0,0,0.9670408806244616,0.4976136943281436,ABCC3;CRABP1;SLC16A8;SLC16A13
GO_Biological_Process_2023,Protein Tetramerization (GO:0051262),4/73,0.5977554312095277,0.9263043134810954,0,0,0.9670408806244616,0.4976136943281436,ALDH1A2;AQP5;TK1;ACACB
GO_Biological_Process_2023,Regulation Of Establishment Of Endothelial Barrier (GO:1903140),1/16,0.6061355405137835,0.9263043134810954,0,0,1.112330383480826,0.5568900459590732,PROC
GO_Biological_Process_2023,Regulation Of Fatty Acid Oxidation (GO:0046320),1/16,0.6061355405137835,0.9263043134810954,0,0,1.112330383480826,0.5568900459590732,PDK4
GO_Biological_Process_2023,acetyl-CoA Metabolic Process (GO:0006084),1/16,0.6061355405137835,0.9263043134810954,0,0,1.112330383480826,0.5568900459590732,ACACB
GO_Biological_Process_2023,"Alternative mRNA Splicing, Via Spliceosome (GO:0000380)",1/16,0.6061355405137835,0.9263043134810954,0,0,1.112330383480826,0.5568900459590732,CELF4
GO_Biological_Process_2023,Antifungal Innate Immune Response (GO:0061760),1/16,0.6061355405137835,0.9263043134810954,0,0,1.112330383480826,0.5568900459590732,RARRES2
GO_Biological_Process_2023,Autonomic Nervous System Development (GO:0048483),1/16,0.6061355405137835,0.9263043134810954,0,0,1.112330383480826,0.5568900459590732,SEMA3A
GO_Biological_Process_2023,Regulation Of Plasminogen Activation (GO:0010755),1/16,0.6061355405137835,0.9263043134810954,0,0,1.112330383480826,0.5568900459590732,MELTF
GO_Biological_Process_2023,Regulation Of Protein Kinase C Signaling (GO:0090036),1/16,0.6061355405137835,0.9263043134810954,0,0,1.112330383480826,0.5568900459590732,SEZ6L2
GO_Biological_Process_2023,Cell Communication By Electrical Coupling Involved In Cardiac Conduction (GO:0086064),1/16,0.6061355405137835,0.9263043134810954,0,0,1.112330383480826,0.5568900459590732,FKBP1B
GO_Biological_Process_2023,Regulation Of Steroid Biosynthetic Process (GO:0050810),1/16,0.6061355405137835,0.9263043134810954,0,0,1.112330383480826,0.5568900459590732,FGFR4
GO_Biological_Process_2023,Regulation Of Transforming Growth Factor Beta Production (GO:0071634),1/16,0.6061355405137835,0.9263043134810954,0,0,1.112330383480826,0.5568900459590732,ITGB6
GO_Biological_Process_2023,Dicarboxylic Acid Catabolic Process (GO:0043649),1/16,0.6061355405137835,0.9263043134810954,0,0,1.112330383480826,0.5568900459590732,ASPA
GO_Biological_Process_2023,Endoplasmic Reticulum Tubular Network Organization (GO:0071786),1/16,0.6061355405137835,0.9263043134810954,0,0,1.112330383480826,0.5568900459590732,REEP1
GO_Biological_Process_2023,Establishment Of Melanosome Localization (GO:0032401),1/16,0.6061355405137835,0.9263043134810954,0,0,1.112330383480826,0.5568900459590732,RAB17
GO_Biological_Process_2023,Extrinsic Apoptotic Signaling Pathway In Absence Of Ligand (GO:0097192),1/16,0.6061355405137835,0.9263043134810954,0,0,1.112330383480826,0.5568900459590732,ERBB3
GO_Biological_Process_2023,Heart Process (GO:0003015),1/16,0.6061355405137835,0.9263043134810954,0,0,1.112330383480826,0.5568900459590732,TNNI3
GO_Biological_Process_2023,Innate Immune Response-Activating Signaling Pathway (GO:0002758),1/16,0.6061355405137835,0.9263043134810954,0,0,1.112330383480826,0.5568900459590732,INAVA
GO_Biological_Process_2023,Male Meiosis I (GO:0007141),1/16,0.6061355405137835,0.9263043134810954,0,0,1.112330383480826,0.5568900459590732,MOV10L1
GO_Biological_Process_2023,Membrane Depolarization During Cardiac Muscle Cell Action Potential (GO:0086012),1/16,0.6061355405137835,0.9263043134810954,0,0,1.112330383480826,0.5568900459590732,CACNA1D
GO_Biological_Process_2023,"Mitochondrial Electron Transport, Cytochrome C To Oxygen (GO:0006123)",1/16,0.6061355405137835,0.9263043134810954,0,0,1.112330383480826,0.5568900459590732,COX6A2
GO_Biological_Process_2023,Negative Regulation Of RNA Biosynthetic Process (GO:1902679),1/16,0.6061355405137835,0.9263043134810954,0,0,1.112330383480826,0.5568900459590732,HMGA2
GO_Biological_Process_2023,Negative Regulation Of Amyloid-Beta Formation (GO:1902430),1/16,0.6061355405137835,0.9263043134810954,0,0,1.112330383480826,0.5568900459590732,CHRNA7
GO_Biological_Process_2023,Negative Regulation Of Biosynthetic Process (GO:0009890),1/16,0.6061355405137835,0.9263043134810954,0,0,1.112330383480826,0.5568900459590732,GPER1
GO_Biological_Process_2023,Negative Regulation Of Chemokine Production (GO:0032682),1/16,0.6061355405137835,0.9263043134810954,0,0,1.112330383480826,0.5568900459590732,F2RL1
GO_Biological_Process_2023,Negative Regulation Of Intrinsic Apoptotic Signaling Pathway By P53 Class Mediator (GO:1902254),1/16,0.6061355405137835,0.9263043134810954,0,0,1.112330383480826,0.5568900459590732,MUC1
GO_Biological_Process_2023,Negative Regulation Of Viral-Induced Cytoplasmic Pattern Recognition Receptor Signaling Pathway (GO:0039532),1/16,0.6061355405137835,0.9263043134810954,0,0,1.112330383480826,0.5568900459590732,F2RL1
GO_Biological_Process_2023,Nuclear Migration (GO:0007097),1/16,0.6061355405137835,0.9263043134810954,0,0,1.112330383480826,0.5568900459590732,CLMN
GO_Biological_Process_2023,Pharyngeal System Development (GO:0060037),1/16,0.6061355405137835,0.9263043134810954,0,0,1.112330383480826,0.5568900459590732,FOLR1
GO_Biological_Process_2023,Positive Regulation Of Cardiac Muscle Tissue Growth (GO:0055023),1/16,0.6061355405137835,0.9263043134810954,0,0,1.112330383480826,0.5568900459590732,ERBB4
GO_Biological_Process_2023,Positive Regulation Of Cell Migration Involved In Sprouting Angiogenesis (GO:0090050),1/16,0.6061355405137835,0.9263043134810954,0,0,1.112330383480826,0.5568900459590732,FOXC2
GO_Biological_Process_2023,Positive Regulation Of Homotypic Cell-Cell Adhesion (GO:0034112),1/16,0.6061355405137835,0.9263043134810954,0,0,1.112330383480826,0.5568900459590732,DMTN
GO_Biological_Process_2023,Positive Regulation Of Positive Chemotaxis (GO:0050927),1/16,0.6061355405137835,0.9263043134810954,0,0,1.112330383480826,0.5568900459590732,F2RL1
GO_Biological_Process_2023,Positive Regulation Of Smooth Muscle Cell Migration (GO:0014911),1/16,0.6061355405137835,0.9263043134810954,0,0,1.112330383480826,0.5568900459590732,MDK
GO_Biological_Process_2023,Prostanoid Metabolic Process (GO:0006692),1/16,0.6061355405137835,0.9263043134810954,0,0,1.112330383480826,0.5568900459590732,AKR1C3
GO_Biological_Process_2023,Protein Kinase A Signaling (GO:0010737),1/16,0.6061355405137835,0.9263043134810954,0,0,1.112330383480826,0.5568900459590732,TCP11
GO_Biological_Process_2023,Protein Localization To Mitochondrion (GO:0070585),1/16,0.6061355405137835,0.9263043134810954,0,0,1.112330383480826,0.5568900459590732,SARM1
GO_Biological_Process_2023,Regulation Of Golgi Organization (GO:1903358),1/16,0.6061355405137835,0.9263043134810954,0,0,1.112330383480826,0.5568900459590732,CAMSAP3
GO_Biological_Process_2023,Regulation Of NMDA Receptor Activity (GO:2000310),1/16,0.6061355405137835,0.9263043134810954,0,0,1.112330383480826,0.5568900459590732,DAPK1
GO_Biological_Process_2023,Regulation Of Cardiac Muscle Contraction By Regulation Of The Release Of Sequestered Calcium Ion (GO:0010881),1/16,0.6061355405137835,0.9263043134810954,0,0,1.112330383480826,0.5568900459590732,FKBP1B
GO_Biological_Process_2023,Regulation Of Cytokine Production (GO:0001817),9/167,0.6072187383689872,0.9272863872318684,0,0,0.9499255398361875,0.4738857377726772,BTNL9;HHLA2;ZBTB26;ZBTB37;IGF2BP1;IGF2BP3;PLA2R1;DTX4;LGR4
GO_Biological_Process_2023,Transmembrane Receptor Protein Serine/Threonine Kinase Signaling Pathway (GO:0007178),7/130,0.6074122112602598,0.9272863872318684,0,0,0.9491508260278332,0.4731968876373023,BMP3;LEFTY1;TGFB1I1;SCX;BMP8B;SMAD6;BMPR1B
GO_Biological_Process_2023,Cellular Response To Fibroblast Growth Factor Stimulus (GO:0044344),3/55,0.6083516106987427,0.9276231141387494,0,0,0.962407937806874,0.478318917341706,FLRT3;FGF18;FGFR4
GO_Biological_Process_2023,Response To Peptide Hormone (GO:0043434),3/55,0.6083516106987427,0.9276231141387494,0,0,0.962407937806874,0.478318917341706,GPER1;REG1A;ZBED3
GO_Biological_Process_2023,Regulation Of Cell Cycle G1/S Phase Transition (GO:1902806),4/74,0.6085841900964992,0.9276231141387494,0,0,0.9531753073900368,0.4733659396016591,CDKN2A;SUSD2;E2F1;TM4SF5
GO_Biological_Process_2023,Regulation Of Endothelial Cell Proliferation (GO:0001936),5/93,0.6103139203074023,0.9297751129683082,0,0,0.947692959793315,0.4679535646597643,TIE1;FGF18;PRKCA;ANG;NR2F2
GO_Biological_Process_2023,Regulation Of Peptidyl-Threonine Phosphorylation (GO:0010799),2/36,0.6118501553447399,0.9306613127318586,0,0,0.9813473662272704,0.4821044309813155,DMTN;WNK3
GO_Biological_Process_2023,Negative Regulation Of Sequestering Of Calcium Ion (GO:0051283),2/36,0.6118501553447399,0.9306613127318586,0,0,0.9813473662272704,0.4821044309813155,PLCE1;PLCH1
GO_Biological_Process_2023,Positive Regulation Of Phospholipase C Activity (GO:0010863),2/36,0.6118501553447399,0.9306613127318586,0,0,0.9813473662272704,0.4821044309813155,ANG;ESR1
GO_Biological_Process_2023,Neuron Development (GO:0048666),8/150,0.6184758817947545,0.9316508049685124,0,0,0.9394855329662748,0.4514200577191344,ROBO2;RP1;SLC44A4;UNC5A;FLRT3;MAP2;ETV1;PPP1R9A
GO_Biological_Process_2023,Cellular Response To Hormone Stimulus (GO:0032870),5/94,0.6198294271483963,0.9316508049685124,0,0,0.9369948310615284,0.4481748936907127,ROBO2;PAX8;GPER1;AKR1C3;ESR1
GO_Biological_Process_2023,Nucleotide-Excision Repair (GO:0006289),3/56,0.6206457334878867,0.9316508049685124,0,0,0.944199116820554,0.4503781041142423,FANCC;BRCA2;POLE
GO_Biological_Process_2023,Regulation Of Phosphoprotein Phosphatase Activity (GO:0043666),2/37,0.6268716019817535,0.9316508049685124,0,0,0.9532582563583448,0.4451845136446158,FKBP1B;PPP1R1B
GO_Biological_Process_2023,Calcium Ion Import Across Plasma Membrane (GO:0098703),2/37,0.6268716019817535,0.9316508049685124,0,0,0.9532582563583448,0.4451845136446158,SCN8A;CACNA1D
GO_Biological_Process_2023,Regulation Of Vascular Associated Smooth Muscle Cell Proliferation (GO:1904705),2/37,0.6268716019817535,0.9316508049685124,0,0,0.9532582563583448,0.4451845136446158,GPER1;PRKG1
GO_Biological_Process_2023,Synaptic Vesicle Cycle (GO:0099504),2/37,0.6268716019817535,0.9316508049685124,0,0,0.9532582563583448,0.4451845136446158,WNT7A;CPLX1
GO_Biological_Process_2023,Ventricular Septum Development (GO:0003281),2/37,0.6268716019817535,0.9316508049685124,0,0,0.9532582563583448,0.4451845136446158,ROBO2;GATA4
GO_Biological_Process_2023,Muscle Tissue Development (GO:0060537),2/37,0.6268716019817535,0.9316508049685124,0,0,0.9532582563583448,0.4451845136446158,SHH;BVES
GO_Biological_Process_2023,Negative Regulation Of Endothelial Cell Migration (GO:0010596),2/37,0.6268716019817535,0.9316508049685124,0,0,0.9532582563583448,0.4451845136446158,NR2F2;ADAMTS9
GO_Biological_Process_2023,Protein Acylation (GO:0043543),2/37,0.6268716019817535,0.9316508049685124,0,0,0.9532582563583448,0.4451845136446158,ZDHHC23;ZDHHC15
GO_Biological_Process_2023,Regulation Of ERK1 And ERK2 Cascade (GO:0070372),13/244,0.6278353486710014,0.9316508049685124,0,0,0.9381858451625892,0.4367042427519871,PTPRR;SEMA6A;PSCA;CHRNA7;PRKCA;GATA4;NPNT;ERBB4;WNK2;GPER1;PDGFC;F2RL1;FGFR4
GO_Biological_Process_2023,Regulation Of Cellular Respiration (GO:0043457),1/17,0.6284263378471368,0.9316508049685124,0,0,1.042754424778761,0.4843974501035678,PRDM16
GO_Biological_Process_2023,"DNA Damage Response, Signal Transduction By P53 Class Mediator Resulting In Cell Cycle Arrest (GO:0006977)",1/17,0.6284263378471368,0.9316508049685124,0,0,1.042754424778761,0.4843974501035678,MUC1
GO_Biological_Process_2023,NAD Biosynthetic Process (GO:0009435),1/17,0.6284263378471368,0.9316508049685124,0,0,1.042754424778761,0.4843974501035678,NMNAT2
GO_Biological_Process_2023,Regulation Of Glucose Transmembrane Transport (GO:0010827),1/17,0.6284263378471368,0.9316508049685124,0,0,1.042754424778761,0.4843974501035678,OCLN
GO_Biological_Process_2023,Amyloid Precursor Protein Metabolic Process (GO:0042982),1/17,0.6284263378471368,0.9316508049685124,0,0,1.042754424778761,0.4843974501035678,KLK6
GO_Biological_Process_2023,Androgen Receptor Signaling Pathway (GO:0030521),1/17,0.6284263378471368,0.9316508049685124,0,0,1.042754424778761,0.4843974501035678,SCGB2A1
GO_Biological_Process_2023,Regulation Of Mitotic Cell Cycle Spindle Assembly Checkpoint (GO:0090266),1/17,0.6284263378471368,0.9316508049685124,0,0,1.042754424778761,0.4843974501035678,XRCC3
GO_Biological_Process_2023,Aorta Morphogenesis (GO:0035909),1/17,0.6284263378471368,0.9316508049685124,0,0,1.042754424778761,0.4843974501035678,ADAMTS9
GO_Biological_Process_2023,cGMP-mediated Signaling (GO:0019934),1/17,0.6284263378471368,0.9316508049685124,0,0,1.042754424778761,0.4843974501035678,PDE9A
GO_Biological_Process_2023,Regulation Of Single Stranded Viral RNA Replication Via Double Stranded DNA Intermediate (GO:0045091),1/17,0.6284263378471368,0.9316508049685124,0,0,1.042754424778761,0.4843974501035678,HMGA2
GO_Biological_Process_2023,Cellular Response To Alkaloid (GO:0071312),1/17,0.6284263378471368,0.9316508049685124,0,0,1.042754424778761,0.4843974501035678,RAD51
GO_Biological_Process_2023,Regulation Of Telomere Maintenance Via Telomere Lengthening (GO:1904356),1/17,0.6284263378471368,0.9316508049685124,0,0,1.042754424778761,0.4843974501035678,SLX1A
GO_Biological_Process_2023,Regulation Of Tubulin Deacetylation (GO:0090043),1/17,0.6284263378471368,0.9316508049685124,0,0,1.042754424778761,0.4843974501035678,PRKAA2
GO_Biological_Process_2023,Cellular Response To Unfolded Protein (GO:0034620),1/17,0.6284263378471368,0.9316508049685124,0,0,1.042754424778761,0.4843974501035678,PACRG
GO_Biological_Process_2023,Central Nervous System Neuron Development (GO:0021954),1/17,0.6284263378471368,0.9316508049685124,0,0,1.042754424778761,0.4843974501035678,MAP2
GO_Biological_Process_2023,Regulation Of Viral Transcription (GO:0046782),1/17,0.6284263378471368,0.9316508049685124,0,0,1.042754424778761,0.4843974501035678,TRIM31
GO_Biological_Process_2023,Detection Of Visible Light (GO:0009584),1/17,0.6284263378471368,0.9316508049685124,0,0,1.042754424778761,0.4843974501035678,RP1
GO_Biological_Process_2023,Embryonic Heart Tube Development (GO:0035050),1/17,0.6284263378471368,0.9316508049685124,0,0,1.042754424778761,0.4843974501035678,IFT122
GO_Biological_Process_2023,Epoxygenase P450 Pathway (GO:0019373),1/17,0.6284263378471368,0.9316508049685124,0,0,1.042754424778761,0.4843974501035678,CYP2C18
GO_Biological_Process_2023,Sulfur Amino Acid Metabolic Process (GO:0000096),1/17,0.6284263378471368,0.9316508049685124,0,0,1.042754424778761,0.4843974501035678,CPS1
GO_Biological_Process_2023,Facultative Heterochromatin Formation (GO:0140718),1/17,0.6284263378471368,0.9316508049685124,0,0,1.042754424778761,0.4843974501035678,HELLS
GO_Biological_Process_2023,Triglyceride Biosynthetic Process (GO:0019432),1/17,0.6284263378471368,0.9316508049685124,0,0,1.042754424778761,0.4843974501035678,MOGAT2
GO_Biological_Process_2023,Intracellular Estrogen Receptor Signaling Pathway (GO:0030520),1/17,0.6284263378471368,0.9316508049685124,0,0,1.042754424778761,0.4843974501035678,ESR1
GO_Biological_Process_2023,Intracellular Zinc Ion Homeostasis (GO:0006882),1/17,0.6284263378471368,0.9316508049685124,0,0,1.042754424778761,0.4843974501035678,SLC30A2
GO_Biological_Process_2023,Keratan Sulfate Metabolic Process (GO:0042339),1/17,0.6284263378471368,0.9316508049685124,0,0,1.042754424778761,0.4843974501035678,B3GNT3
GO_Biological_Process_2023,Leukocyte Tethering Or Rolling (GO:0050901),1/17,0.6284263378471368,0.9316508049685124,0,0,1.042754424778761,0.4843974501035678,PODXL2
GO_Biological_Process_2023,Microtubule Depolymerization (GO:0007019),1/17,0.6284263378471368,0.9316508049685124,0,0,1.042754424778761,0.4843974501035678,KIF24
GO_Biological_Process_2023,Negative Regulation Of Cellular Senescence (GO:2000773),1/17,0.6284263378471368,0.9316508049685124,0,0,1.042754424778761,0.4843974501035678,HMGA2
GO_Biological_Process_2023,Negative Regulation Of Interleukin-8 Production (GO:0032717),1/17,0.6284263378471368,0.9316508049685124,0,0,1.042754424778761,0.4843974501035678,SSC5D
GO_Biological_Process_2023,Negative Regulation Of Leukocyte Activation (GO:0002695),1/17,0.6284263378471368,0.9316508049685124,0,0,1.042754424778761,0.4843974501035678,GPER1
GO_Biological_Process_2023,Peptidyl-Threonine Dephosphorylation (GO:0035970),1/17,0.6284263378471368,0.9316508049685124,0,0,1.042754424778761,0.4843974501035678,DUSP18
GO_Biological_Process_2023,Positive Regulation Of Glial Cell Differentiation (GO:0045687),1/17,0.6284263378471368,0.9316508049685124,0,0,1.042754424778761,0.4843974501035678,MDK
GO_Biological_Process_2023,Positive Regulation Of Macrophage Activation (GO:0043032),1/17,0.6284263378471368,0.9316508049685124,0,0,1.042754424778761,0.4843974501035678,TTBK1
GO_Biological_Process_2023,Positive Regulation Of Macrophage Derived Foam Cell Differentiation (GO:0010744),1/17,0.6284263378471368,0.9316508049685124,0,0,1.042754424778761,0.4843974501035678,PLA2G10
GO_Biological_Process_2023,Positive Regulation Of Nitric-Oxide Synthase Activity (GO:0051000),1/17,0.6284263378471368,0.9316508049685124,0,0,1.042754424778761,0.4843974501035678,DHFR
GO_Biological_Process_2023,Positive Regulation Of Stem Cell Differentiation (GO:2000738),1/17,0.6284263378471368,0.9316508049685124,0,0,1.042754424778761,0.4843974501035678,SOX6
GO_Biological_Process_2023,Regulation Of Adenylate Cyclase Activity (GO:0045761),1/17,0.6284263378471368,0.9316508049685124,0,0,1.042754424778761,0.4843974501035678,CACNA1D
GO_Biological_Process_2023,Regulation Of Brown Fat Cell Differentiation (GO:0090335),1/17,0.6284263378471368,0.9316508049685124,0,0,1.042754424778761,0.4843974501035678,NAPEPLD
GO_Biological_Process_2023,Positive Regulation Of Transmembrane Receptor Protein Serine/Threonine Kinase Signaling Pathway (GO:0090100),5/95,0.6292056699179651,0.9323336294377144,0,0,0.9265344385237814,0.4292607151993166,BMP3;LEFTY1;TGFB1I1;BMP8B;KCP
GO_Biological_Process_2023,Positive Regulation Of Interleukin-1 Beta Production (GO:0032731),3/57,0.6326741050312871,0.9365241686318396,0,0,0.9266646966115052,0.4242269418612971,FZD5;F2RL1;INAVA
GO_Biological_Process_2023,Regulation Of Calcium Ion Transport (GO:0051924),3/57,0.6326741050312871,0.9365241686318396,0,0,0.9266646966115052,0.4242269418612971,HOMER2;WNK3;CACNA1D
GO_Biological_Process_2023,Vesicle-Mediated Transport (GO:0016192),22/411,0.6365035853632776,0.9366964624704988,0,0,0.9424178432595196,0.4257516118929497,TBC1D8B;RPH3AL;ARL14;DOC2A;RAB3IP;RASEF;RASSF9;SYP;SYTL4;ANK1;CPLX1;RHOBTB1;DNM1;ARL17A;RAB36;SPIRE2;AP1S3;RAB17;BVES;STEAP2;ATP9A;SPTBN2
GO_Biological_Process_2023,Intracellular Monoatomic Cation Homeostasis (GO:0030003),10/190,0.637853413814913,0.9366964624704988,0,0,0.9262067598374468,0.4164658880520405,ATP7B;SLC30A2;TFR2;CHRNA7;TMPRSS4;SLC40A1;FLVCR1;ATP13A4;TNNI3;ERFE
GO_Biological_Process_2023,Regulation Of Protein Metabolic Process (GO:0051246),5/96,0.6384403387121156,0.9366964624704988,0,0,0.9163039447231276,0.4111703638538106,SHH;UHRF1;CHRNA7;PLA2G10;WNT7A
GO_Biological_Process_2023,Cellular Response To Transforming Growth Factor Beta Stimulus (GO:0071560),5/96,0.6384403387121156,0.9366964624704988,0,0,0.9163039447231276,0.4111703638538106,LEFTY1;WNT10A;WNT7A;SOX6;SMAD6
GO_Biological_Process_2023,Chloride Transport (GO:0006821),4/77,0.6399744886715351,0.9366964624704988,0,0,0.9138578599992708,0.4078794049793895,GLRB;ANO4;ANO5;CFTR
GO_Biological_Process_2023,Monoatomic Cation Homeostasis (GO:0055080),4/77,0.6399744886715351,0.9366964624704988,0,0,0.9138578599992708,0.4078794049793895,TFR2;SLC40A1;TMTC2;NEO1
GO_Biological_Process_2023,Negative Regulation Of Blood Vessel Morphogenesis (GO:2000181),4/77,0.6399744886715351,0.9366964624704988,0,0,0.9138578599992708,0.4078794049793895,SEMA6A;NPR1;SEMA3E;AMOT
GO_Biological_Process_2023,G2/M Transition Of Mitotic Cell Cycle (GO:0000086),2/38,0.6414371799768559,0.9366964624704988,0,0,0.9267296525932488,0.4115087664069272,USH1C;FOXM1
GO_Biological_Process_2023,Response To cAMP (GO:0051591),2/38,0.6414371799768559,0.9366964624704988,0,0,0.9267296525932488,0.4115087664069272,DMTN;CFTR
GO_Biological_Process_2023,Fatty Acid Transport (GO:0015908),2/38,0.6414371799768559,0.9366964624704988,0,0,0.9267296525932488,0.4115087664069272,CRABP1;CPT1B
GO_Biological_Process_2023,Negative Regulation Of Epithelial Cell Apoptotic Process (GO:1904036),2/38,0.6414371799768559,0.9366964624704988,0,0,0.9267296525932488,0.4115087664069272,PRKAA2;MDK
GO_Biological_Process_2023,Positive Regulation Of Axonogenesis (GO:0050772),2/38,0.6414371799768559,0.9366964624704988,0,0,0.9267296525932488,0.4115087664069272,ROBO2;ISLR2
GO_Biological_Process_2023,Positive Regulation Of Bone Mineralization (GO:0030501),2/38,0.6414371799768559,0.9366964624704988,0,0,0.9267296525932488,0.4115087664069272,PKDCC;BMPR1B
GO_Biological_Process_2023,Positive Regulation Of Production Of Molecular Mediator Of Immune Response (GO:0002702),2/38,0.6414371799768559,0.9366964624704988,0,0,0.9267296525932488,0.4115087664069272,F2RL1;INAVA
GO_Biological_Process_2023,Inorganic Anion Transport (GO:0015698),3/58,0.6444347927255807,0.9366964624704988,0,0,0.9097678916827852,0.3997353052657209,ENPP1;ANO4;ANO5
GO_Biological_Process_2023,Memory (GO:0007613),3/58,0.6444347927255807,0.9366964624704988,0,0,0.9097678916827852,0.3997353052657209,CAMK2N1;CHRNA7;NFATC4
GO_Biological_Process_2023,Positive Regulation Of Mitochondrion Organization (GO:0010822),3/58,0.6444347927255807,0.9366964624704988,0,0,0.9097678916827852,0.3997353052657209,BIK;GPER1;MCU
GO_Biological_Process_2023,Regulation Of Bone Mineralization (GO:0030500),3/58,0.6444347927255807,0.9366964624704988,0,0,0.9097678916827852,0.3997353052657209,PKDCC;ENPP1;BMPR1B
GO_Biological_Process_2023,Regulation Of Mitochondrial Membrane Permeability (GO:0046902),1/18,0.6494566322795547,0.9366964624704988,0,0,0.9813638729828216,0.4235755054998872,ARHGAP11B
GO_Biological_Process_2023,Regulation Of Nervous System Process (GO:0031644),1/18,0.6494566322795547,0.9366964624704988,0,0,0.9813638729828216,0.4235755054998872,CHRNA7
GO_Biological_Process_2023,Regulation Of Oligodendrocyte Differentiation (GO:0048713),1/18,0.6494566322795547,0.9366964624704988,0,0,0.9813638729828216,0.4235755054998872,MDK
GO_Biological_Process_2023,Regulation Of Oxidative Stress-Induced Intrinsic Apoptotic Signaling Pathway (GO:1902175),1/18,0.6494566322795547,0.9366964624704988,0,0,0.9813638729828216,0.4235755054998872,VNN1
GO_Biological_Process_2023,Cardiac Atrium Morphogenesis (GO:0003209),1/18,0.6494566322795547,0.9366964624704988,0,0,0.9813638729828216,0.4235755054998872,GATA4
GO_Biological_Process_2023,Cardiac Muscle Cell Contraction (GO:0086003),1/18,0.6494566322795547,0.9366964624704988,0,0,0.9813638729828216,0.4235755054998872,CACNA1D
GO_Biological_Process_2023,Regulation Of Synaptic Vesicle Exocytosis (GO:2000300),1/18,0.6494566322795547,0.9366964624704988,0,0,0.9813638729828216,0.4235755054998872,RIMS2
GO_Biological_Process_2023,Regulation Of Vascular Endothelial Cell Proliferation (GO:1905562),1/18,0.6494566322795547,0.9366964624704988,0,0,0.9813638729828216,0.4235755054998872,MDK
GO_Biological_Process_2023,Renal Absorption (GO:0070293),1/18,0.6494566322795547,0.9366964624704988,0,0,0.9813638729828216,0.4235755054998872,HNF1A
GO_Biological_Process_2023,Energy Reserve Metabolic Process (GO:0006112),1/18,0.6494566322795547,0.9366964624704988,0,0,0.9813638729828216,0.4235755054998872,MRAP2
GO_Biological_Process_2023,Glucose 6-Phosphate Metabolic Process (GO:0051156),1/18,0.6494566322795547,0.9366964624704988,0,0,0.9813638729828216,0.4235755054998872,HKDC1
GO_Biological_Process_2023,Glycerolipid Catabolic Process (GO:0046503),1/18,0.6494566322795547,0.9366964624704988,0,0,0.9813638729828216,0.4235755054998872,MGLL
GO_Biological_Process_2023,Vesicle-Mediated Transport In Synapse (GO:0099003),1/18,0.6494566322795547,0.9366964624704988,0,0,0.9813638729828216,0.4235755054998872,CPLX1
GO_Biological_Process_2023,Icosanoid Biosynthetic Process (GO:0046456),1/18,0.6494566322795547,0.9366964624704988,0,0,0.9813638729828216,0.4235755054998872,FADS1
GO_Biological_Process_2023,Intracellular Sodium Ion Homeostasis (GO:0006883),1/18,0.6494566322795547,0.9366964624704988,0,0,0.9813638729828216,0.4235755054998872,TMPRSS4
GO_Biological_Process_2023,Melanosome Assembly (GO:1903232),1/18,0.6494566322795547,0.9366964624704988,0,0,0.9813638729828216,0.4235755054998872,AP1S3
GO_Biological_Process_2023,Melanosome Localization (GO:0032400),1/18,0.6494566322795547,0.9366964624704988,0,0,0.9813638729828216,0.4235755054998872,RAB17
GO_Biological_Process_2023,ncRNA-mediated Post-Transcriptional Gene Silencing (GO:0035194),1/18,0.6494566322795547,0.9366964624704988,0,0,0.9813638729828216,0.4235755054998872,MOV10L1
GO_Biological_Process_2023,Negative Regulation Of Amyloid Precursor Protein Catabolic Process (GO:1902992),1/18,0.6494566322795547,0.9366964624704988,0,0,0.9813638729828216,0.4235755054998872,CHRNA7
GO_Biological_Process_2023,Negative Regulation Of Lipid Catabolic Process (GO:0050995),1/18,0.6494566322795547,0.9366964624704988,0,0,0.9813638729828216,0.4235755054998872,BSCL2
GO_Biological_Process_2023,Negative Regulation Of Viral Entry Into Host Cell (GO:0046597),1/18,0.6494566322795547,0.9366964624704988,0,0,0.9813638729828216,0.4235755054998872,TRIM31
GO_Biological_Process_2023,Neuromuscular Synaptic Transmission (GO:0007274),1/18,0.6494566322795547,0.9366964624704988,0,0,0.9813638729828216,0.4235755054998872,RIMBP2
GO_Biological_Process_2023,Neutrophil Activation (GO:0042119),1/18,0.6494566322795547,0.9366964624704988,0,0,0.9813638729828216,0.4235755054998872,F2RL1
GO_Biological_Process_2023,Nitric Oxide Mediated Signal Transduction (GO:0007263),1/18,0.6494566322795547,0.9366964624704988,0,0,0.9813638729828216,0.4235755054998872,DDAH1
GO_Biological_Process_2023,Positive Regulation Of Cation Transmembrane Transport (GO:1904064),1/18,0.6494566322795547,0.9366964624704988,0,0,0.9813638729828216,0.4235755054998872,PDZK1
GO_Biological_Process_2023,Positive Regulation Of Cyclin-Dependent Protein Kinase Activity (GO:1904031),1/18,0.6494566322795547,0.9366964624704988,0,0,0.9813638729828216,0.4235755054998872,TTBK1
GO_Biological_Process_2023,Positive Regulation Of Extracellular Matrix Organization (GO:1903055),1/18,0.6494566322795547,0.9366964624704988,0,0,0.9813638729828216,0.4235755054998872,MELTF
GO_Biological_Process_2023,Positive Regulation Of Phosphoprotein Phosphatase Activity (GO:0032516),1/18,0.6494566322795547,0.9366964624704988,0,0,0.9813638729828216,0.4235755054998872,PPP1R14D
GO_Biological_Process_2023,Positive Regulation Of Response To Endoplasmic Reticulum Stress (GO:1905898),1/18,0.6494566322795547,0.9366964624704988,0,0,0.9813638729828216,0.4235755054998872,RNF183
GO_Biological_Process_2023,Positive Regulation Of Stress-Activated Protein Kinase Signaling Cascade (GO:0070304),1/18,0.6494566322795547,0.9366964624704988,0,0,0.9813638729828216,0.4235755054998872,INAVA
GO_Biological_Process_2023,Protein Import Into Mitochondrial Matrix (GO:0030150),1/18,0.6494566322795547,0.9366964624704988,0,0,0.9813638729828216,0.4235755054998872,PAM16
GO_Biological_Process_2023,"Protein Localization To Chromosome, Centromeric Region (GO:0071459)",1/18,0.6494566322795547,0.9366964624704988,0,0,0.9813638729828216,0.4235755054998872,MTBP
GO_Biological_Process_2023,Regulation Of RIG-I Signaling Pathway (GO:0039535),1/18,0.6494566322795547,0.9366964624704988,0,0,0.9813638729828216,0.4235755054998872,TRIM15
GO_Biological_Process_2023,Regulation Of T Cell Cytokine Production (GO:0002724),1/18,0.6494566322795547,0.9366964624704988,0,0,0.9813638729828216,0.4235755054998872,FZD5
GO_Biological_Process_2023,Long-Chain Fatty Acid Metabolic Process (GO:0001676),4/78,0.6500642559808536,0.9366964624704988,0,0,0.901460466677858,0.3882446587873742,PLA2G10;CYP4F11;FADS1;MGLL
GO_Biological_Process_2023,Positive Regulation Of Response To External Stimulus (GO:0032103),8/155,0.6550898116227719,0.9366964624704988,0,0,0.9072879374367736,0.383767315361385,LGALS2;MDK;CAMK2N1;RARRES2;NAPEPLD;IGF2BP1;F2RL1;PRKCA
GO_Biological_Process_2023,Regulation Of Protein Tyrosine Kinase Activity (GO:0061097),2/39,0.6555503647247379,0.9366964624704988,0,0,0.9016350274100496,0.3807425698164157,ERBB3;DOK7
GO_Biological_Process_2023,Release Of Sequestered Calcium Ion Into Cytosol (GO:0051209),2/39,0.6555503647247379,0.9366964624704988,0,0,0.9016350274100496,0.3807425698164157,PLCE1;PLCH1
GO_Biological_Process_2023,Vitamin Transport (GO:0051180),2/39,0.6555503647247379,0.9366964624704988,0,0,0.9016350274100496,0.3807425698164157,NPC1L1;FOLR1
GO_Biological_Process_2023,Negative Regulation Of Protein Secretion (GO:0050709),2/39,0.6555503647247379,0.9366964624704988,0,0,0.9016350274100496,0.3807425698164157,CHGA;CCN3
GO_Biological_Process_2023,Nuclear Transport (GO:0051169),2/39,0.6555503647247379,0.9366964624704988,0,0,0.9016350274100496,0.3807425698164157,NDC1;NUP43
GO_Biological_Process_2023,Positive Regulation Of Cytokinesis (GO:0032467),2/39,0.6555503647247379,0.9366964624704988,0,0,0.9016350274100496,0.3807425698164157,CENPV;CIT
GO_Biological_Process_2023,Positive Regulation Of Intrinsic Apoptotic Signaling Pathway (GO:2001244),2/39,0.6555503647247379,0.9366964624704988,0,0,0.9016350274100496,0.3807425698164157,VNN1;RNF183
GO_Biological_Process_2023,Positive Regulation Of Pattern Recognition Receptor Signaling Pathway (GO:0062208),2/39,0.6555503647247379,0.9366964624704988,0,0,0.9016350274100496,0.3807425698164157,F2RL1;TRIM15
GO_Biological_Process_2023,Mitotic Cytokinesis (GO:0000281),3/59,0.6559265142873119,0.9366964624704988,0,0,0.8934745440729484,0.3767840382024657,NUSAP1;EFHC1;CIT
GO_Biological_Process_2023,Negative Regulation Of Cytokine-Mediated Signaling Pathway (GO:0001960),3/59,0.6559265142873119,0.9366964624704988,0,0,0.8934745440729484,0.3767840382024657,PALM3;F2RL1;CCDC3
GO_Biological_Process_2023,Negative Regulation Of Protein-Containing Complex Assembly (GO:0031333),3/59,0.6559265142873119,0.9366964624704988,0,0,0.8934745440729484,0.3767840382024657,FBXL2;SMAD6;TRIM31
GO_Biological_Process_2023,Regulation Of Neuron Projection Development (GO:0010975),9/174,0.6560166967436749,0.9366964624704988,0,0,0.9092853670393778,0.3833265574582606,ARHGAP44;LTK;MDK;SEMA3A;CRMP1;RAB17;ADCY6;LZTS3;ZDHHC15
GO_Biological_Process_2023,Protein Modification Process (GO:0036211),38/711,0.666086729568197,0.9366964624704988,0,0,0.939992305485808,0.3819521422493149,PTPRU;ST6GALNAC1;PTPRR;C17ORF97;LTK;PRKAA2;EPHA10;PKN3;PPM1H;TTBK1;FUT4;PTPRG;FUT6;LIPE;STK36;CHEK1;PDK4;MAP3K21;NEK2;LARGE1;PRKG1;PLK4;METAP1D;DAPK1;PRKCA;B3GALT5;CDC42BPA;ERN2;PTPRB;MMP15;WNK2;WNK3;AQP11;FBXL2;BMPR1B;ALG10B;CDKL1;NEK11
GO_Biological_Process_2023,Regulation Of Extrinsic Apoptotic Signaling Pathway (GO:2001236),3/60,0.6671485940299392,0.9366964624704988,0,0,0.8777528928704741,0.3552638811279211,DEPTOR;GPER1;SH3RF1
GO_Biological_Process_2023,Regulation Of Cytokine-Mediated Signaling Pathway (GO:0001959),2/40,0.6692156960559925,0.9366964624704988,0,0,0.8778611719733346,0.3525919347382903,PALM3;IGF2BP1
GO_Biological_Process_2023,Regulation Of Glycolytic Process (GO:0006110),2/40,0.6692156960559925,0.9366964624704988,0,0,0.8778611719733346,0.3525919347382903,PRKAA2;SLC4A4
GO_Biological_Process_2023,Regulation Of Microtubule Cytoskeleton Organization (GO:0070507),2/40,0.6692156960559925,0.9366964624704988,0,0,0.8778611719733346,0.3525919347382903,CAMSAP3;PRKAA2
GO_Biological_Process_2023,Cell Cycle G2/M Phase Transition (GO:0044839),2/40,0.6692156960559925,0.9366964624704988,0,0,0.8778611719733346,0.3525919347382903,USH1C;FOXM1
GO_Biological_Process_2023,Cyclic-Nucleotide-Mediated Signaling (GO:0019935),2/40,0.6692156960559925,0.9366964624704988,0,0,0.8778611719733346,0.3525919347382903,ADGRG6;PDE9A
GO_Biological_Process_2023,Synaptic Vesicle Endocytosis (GO:0048488),2/40,0.6692156960559925,0.9366964624704988,0,0,0.8778611719733346,0.3525919347382903,SYT8;DNM1
GO_Biological_Process_2023,Positive Regulation Of Monoatomic Ion Transport (GO:0043270),2/40,0.6692156960559925,0.9366964624704988,0,0,0.8778611719733346,0.3525919347382903,WNK3;CACNA1D
GO_Biological_Process_2023,Regulation Of Fibroblast Growth Factor Receptor Signaling Pathway (GO:0040036),1/19,0.6692976432695188,0.9366964624704988,0,0,0.9267944936086528,0.3721324658901887,CREB3L1
GO_Biological_Process_2023,NADP Metabolic Process (GO:0006739),1/19,0.6692976432695188,0.9366964624704988,0,0,0.9267944936086528,0.3721324658901887,FMO5
GO_Biological_Process_2023,Regulation Of Integrin-Mediated Signaling Pathway (GO:2001044),1/19,0.6692976432695188,0.9366964624704988,0,0,0.9267944936086528,0.3721324658901887,DMTN
GO_Biological_Process_2023,Calcium-Independent Cell-Cell Adhesion Via Plasma Membrane Cell-Adhesion Molecules (GO:0016338),1/19,0.6692976432695188,0.9366964624704988,0,0,0.9267944936086528,0.3721324658901887,CLDN10
GO_Biological_Process_2023,Cardiac Epithelial To Mesenchymal Transition (GO:0060317),1/19,0.6692976432695188,0.9366964624704988,0,0,0.9267944936086528,0.3721324658901887,OLFM1
GO_Biological_Process_2023,Cardiac Ventricle Development (GO:0003231),1/19,0.6692976432695188,0.9366964624704988,0,0,0.9267944936086528,0.3721324658901887,GATA4
GO_Biological_Process_2023,Regulation Of Tissue Remodeling (GO:0034103),1/19,0.6692976432695188,0.9366964624704988,0,0,0.9267944936086528,0.3721324658901887,MDK
GO_Biological_Process_2023,Regulation Of Vascular Endothelial Growth Factor Signaling Pathway (GO:1900746),1/19,0.6692976432695188,0.9366964624704988,0,0,0.9267944936086528,0.3721324658901887,SEMA6A
GO_Biological_Process_2023,Response To Fatty Acid (GO:0070542),1/19,0.6692976432695188,0.9366964624704988,0,0,0.9267944936086528,0.3721324658901887,PDK4
GO_Biological_Process_2023,Sphingosine Metabolic Process (GO:0006670),1/19,0.6692976432695188,0.9366964624704988,0,0,0.9267944936086528,0.3721324658901887,SPTSSB
GO_Biological_Process_2023,Steroid Hormone Biosynthetic Process (GO:0120178),1/19,0.6692976432695188,0.9366964624704988,0,0,0.9267944936086528,0.3721324658901887,HSD17B2
GO_Biological_Process_2023,Establishment Of Epithelial Cell Polarity (GO:0090162),1/19,0.6692976432695188,0.9366964624704988,0,0,0.9267944936086528,0.3721324658901887,SYNE4
GO_Biological_Process_2023,Establishment Of Skin Barrier (GO:0061436),1/19,0.6692976432695188,0.9366964624704988,0,0,0.9267944936086528,0.3721324658901887,FA2H
GO_Biological_Process_2023,Superoxide Anion Generation (GO:0042554),1/19,0.6692976432695188,0.9366964624704988,0,0,0.9267944936086528,0.3721324658901887,NOXO1
GO_Biological_Process_2023,Eye Morphogenesis (GO:0048592),1/19,0.6692976432695188,0.9366964624704988,0,0,0.9267944936086528,0.3721324658901887,IFT122
GO_Biological_Process_2023,Gastrulation (GO:0007369),1/19,0.6692976432695188,0.9366964624704988,0,0,0.9267944936086528,0.3721324658901887,LRP5
GO_Biological_Process_2023,Heme Biosynthetic Process (GO:0006783),1/19,0.6692976432695188,0.9366964624704988,0,0,0.9267944936086528,0.3721324658901887,FLVCR1
GO_Biological_Process_2023,Xenobiotic Catabolic Process (GO:0042178),1/19,0.6692976432695188,0.9366964624704988,0,0,0.9267944936086528,0.3721324658901887,CYP3A5
GO_Biological_Process_2023,Insulin Secretion (GO:0030073),1/19,0.6692976432695188,0.9366964624704988,0,0,0.9267944936086528,0.3721324658901887,RIMS2
GO_Biological_Process_2023,Leukocyte Adhesion To Vascular Endothelial Cell (GO:0061756),1/19,0.6692976432695188,0.9366964624704988,0,0,0.9267944936086528,0.3721324658901887,PODXL2
GO_Biological_Process_2023,Leukotriene Biosynthetic Process (GO:0019370),1/19,0.6692976432695188,0.9366964624704988,0,0,0.9267944936086528,0.3721324658901887,GGT6
GO_Biological_Process_2023,Linoleic Acid Metabolic Process (GO:0043651),1/19,0.6692976432695188,0.9366964624704988,0,0,0.9267944936086528,0.3721324658901887,FADS1
GO_Biological_Process_2023,Mitotic Sister Chromatid Cohesion (GO:0007064),1/19,0.6692976432695188,0.9366964624704988,0,0,0.9267944936086528,0.3721324658901887,SGO1
GO_Biological_Process_2023,Multicellular Organismal-Level Water Homeostasis (GO:0050891),1/19,0.6692976432695188,0.9366964624704988,0,0,0.9267944936086528,0.3721324658901887,CFTR
GO_Biological_Process_2023,Negative Regulation Of Calcium Ion Transmembrane Transport (GO:1903170),1/19,0.6692976432695188,0.9366964624704988,0,0,0.9267944936086528,0.3721324658901887,FKBP1B
GO_Biological_Process_2023,Negative Regulation Of Fatty Acid Metabolic Process (GO:0045922),1/19,0.6692976432695188,0.9366964624704988,0,0,0.9267944936086528,0.3721324658901887,BRCA1
GO_Biological_Process_2023,Negative Regulation Of Peptidyl-Serine Phosphorylation (GO:0033137),1/19,0.6692976432695188,0.9366964624704988,0,0,0.9267944936086528,0.3721324658901887,DMTN
GO_Biological_Process_2023,Nucleotide Biosynthetic Process (GO:0009165),1/19,0.6692976432695188,0.9366964624704988,0,0,0.9267944936086528,0.3721324658901887,NMNAT2
GO_Biological_Process_2023,Pore Complex Assembly (GO:0046931),1/19,0.6692976432695188,0.9366964624704988,0,0,0.9267944936086528,0.3721324658901887,NDC1
GO_Biological_Process_2023,Positive Regulation Of Activated T Cell Proliferation (GO:0042104),1/19,0.6692976432695188,0.9366964624704988,0,0,0.9267944936086528,0.3721324658901887,HHLA2
GO_Biological_Process_2023,Positive Regulation Of Axon Extension (GO:0045773),1/19,0.6692976432695188,0.9366964624704988,0,0,0.9267944936086528,0.3721324658901887,ISLR2
GO_Biological_Process_2023,Positive Regulation Of calcineurin-NFAT Signaling Cascade (GO:0070886),1/19,0.6692976432695188,0.9366964624704988,0,0,0.9267944936086528,0.3721324658901887,LMCD1
GO_Biological_Process_2023,Positive Regulation Of Calcineurin-Mediated Signaling (GO:0106058),1/19,0.6692976432695188,0.9366964624704988,0,0,0.9267944936086528,0.3721324658901887,LMCD1
GO_Biological_Process_2023,Positive Regulation Of Hormone Secretion (GO:0046887),1/19,0.6692976432695188,0.9366964624704988,0,0,0.9267944936086528,0.3721324658901887,TFR2
GO_Biological_Process_2023,Positive Regulation Of Mitochondrial Fission (GO:0090141),1/19,0.6692976432695188,0.9366964624704988,0,0,0.9267944936086528,0.3721324658901887,MCU
GO_Biological_Process_2023,Protein Insertion Into Membrane (GO:0051205),1/19,0.6692976432695188,0.9366964624704988,0,0,0.9267944936086528,0.3721324658901887,REEP1
GO_Biological_Process_2023,Purine Ribonucleotide Transport (GO:0015868),1/19,0.6692976432695188,0.9366964624704988,0,0,0.9267944936086528,0.3721324658901887,ABCC6
GO_Biological_Process_2023,Receptor Clustering (GO:0043113),1/19,0.6692976432695188,0.9366964624704988,0,0,0.9267944936086528,0.3721324658901887,PIGR
GO_Biological_Process_2023,Regulation Of Autophagy Of Mitochondrion (GO:1903146),1/19,0.6692976432695188,0.9366964624704988,0,0,0.9267944936086528,0.3721324658901887,FZD5
GO_Biological_Process_2023,Calcium Ion Transmembrane Transport (GO:0070588),4/80,0.6696723479858365,0.936772653208308,0,0,0.8776444216130388,0.3519062042439627,MCOLN3;CACNA1D;MCU;GRIN2D
GO_Biological_Process_2023,Regulation Of Protein Kinase Activity (GO:0045859),6/119,0.6710519145059979,0.9382537523566176,0,0,0.8852389380530974,0.3531295813718929,DBNDD1;DEPTOR;CAMK2N1;CAMK2N2;DUSP19;PLCE1
GO_Biological_Process_2023,Protein Complex Oligomerization (GO:0051259),5/100,0.6739259197724864,0.941821937570245,0,0,0.8775357576890717,0.3463063987011435,POLQ;PEG10;AQP11;FOXM1;MCU
GO_Biological_Process_2023,Intracellular Calcium Ion Homeostasis (GO:0006874),7/139,0.676960316614932,0.9449779231719324,0,0,0.8840113771163594,0.3448905185875396,CHRNA7;GPER1;WBP2NL;FKBP1B;ATP13A4;TNNI3;MCU
GO_Biological_Process_2023,Activation Of Protein Kinase Activity (GO:0032147),4/81,0.6791882827919264,0.9449779231719324,0,0,0.8662003480104633,0.3350955776145723,TOM1L1;CARD10;ANG;CLSPN
GO_Biological_Process_2023,Hemopoiesis (GO:0030097),5/101,0.682426797892688,0.9449779231719324,0,0,0.8683485050325637,0.3317959755045306,L3MBTL1;KITLG;MEIS1;MECOM;MYB
GO_Biological_Process_2023,Regulation Of Chemokine Production (GO:0032642),2/41,0.6824386464751252,0.9449779231719324,0,0,0.8553064886102973,0.3267977707896172,C5;F2RL1
GO_Biological_Process_2023,Regulation Of Heart Rate By Cardiac Conduction (GO:0086091),2/41,0.6824386464751252,0.9449779231719324,0,0,0.8553064886102973,0.3267977707896172,CACNA1D;DSG2
GO_Biological_Process_2023,Regulation Of Microtubule-Based Process (GO:0032886),2/41,0.6824386464751252,0.9449779231719324,0,0,0.8553064886102973,0.3267977707896172,CAMSAP3;PRKAA2
GO_Biological_Process_2023,Regulation Of Release Of Cytochrome C From Mitochondria (GO:0090199),2/41,0.6824386464751252,0.9449779231719324,0,0,0.8553064886102973,0.3267977707896172,BIK;GPER1
GO_Biological_Process_2023,Cellular Response To Retinoic Acid (GO:0071300),2/41,0.6824386464751252,0.9449779231719324,0,0,0.8553064886102973,0.3267977707896172,LTK;PAX2
GO_Biological_Process_2023,Detection Of Chemical Stimulus Involved In Sensory Perception Of Bitter Taste (GO:0001580),2/41,0.6824386464751252,0.9449779231719324,0,0,0.8553064886102973,0.3267977707896172,PIGR;TAS2R4
GO_Biological_Process_2023,Negative Regulation Of mRNA Catabolic Process (GO:1902373),2/41,0.6824386464751252,0.9449779231719324,0,0,0.8553064886102973,0.3267977707896172,E2F1;IGF2BP1
GO_Biological_Process_2023,Positive Regulation Of Actin Filament Polymerization (GO:0030838),2/41,0.6824386464751252,0.9449779231719324,0,0,0.8553064886102973,0.3267977707896172,CARMIL1;BAIAP2L2
GO_Biological_Process_2023,Positive Regulation Of Ossification (GO:0045778),2/41,0.6824386464751252,0.9449779231719324,0,0,0.8553064886102973,0.3267977707896172,PKDCC;BMPR1B
GO_Biological_Process_2023,DNA Methylation (GO:0006306),1/20,0.6880165696500299,0.9449779231719324,0,0,0.8779692594317653,0.3283098947240883,HELLS
GO_Biological_Process_2023,Fc-gamma Receptor Signaling Pathway Involved In Phagocytosis (GO:0038096),1/20,0.6880165696500299,0.9449779231719324,0,0,0.8779692594317653,0.3283098947240883,VAV2
GO_Biological_Process_2023,Regulation Of Fibroblast Migration (GO:0010762),1/20,0.6880165696500299,0.9449779231719324,0,0,0.8779692594317653,0.3283098947240883,DMTN
GO_Biological_Process_2023,Adenine Nucleotide Transport (GO:0051503),1/20,0.6880165696500299,0.9449779231719324,0,0,0.8779692594317653,0.3283098947240883,ABCC6
GO_Biological_Process_2023,Regulation Of Meiotic Cell Cycle (GO:0051445),1/20,0.6880165696500299,0.9449779231719324,0,0,0.8779692594317653,0.3283098947240883,CNTD1
GO_Biological_Process_2023,Regulation Of Necroptotic Process (GO:0060544),1/20,0.6880165696500299,0.9449779231719324,0,0,0.8779692594317653,0.3283098947240883,IGF2BP1
GO_Biological_Process_2023,Regulation Of Protein Localization To Cell Periphery (GO:1904375),1/20,0.6880165696500299,0.9449779231719324,0,0,0.8779692594317653,0.3283098947240883,MISP
GO_Biological_Process_2023,Regulation Of Spindle Organization (GO:0090224),1/20,0.6880165696500299,0.9449779231719324,0,0,0.8779692594317653,0.3283098947240883,STIL
GO_Biological_Process_2023,Endothelial Cell Development (GO:0001885),1/20,0.6880165696500299,0.9449779231719324,0,0,0.8779692594317653,0.3283098947240883,F2RL1
GO_Biological_Process_2023,Stress-Activated Protein Kinase Signaling Cascade (GO:0031098),1/20,0.6880165696500299,0.9449779231719324,0,0,0.8779692594317653,0.3283098947240883,MAP2K6
GO_Biological_Process_2023,Transport Along Microtubule (GO:0010970),1/20,0.6880165696500299,0.9449779231719324,0,0,0.8779692594317653,0.3283098947240883,CAMSAP3
GO_Biological_Process_2023,Glutamate Metabolic Process (GO:0006536),1/20,0.6880165696500299,0.9449779231719324,0,0,0.8779692594317653,0.3283098947240883,GLS2
GO_Biological_Process_2023,Leukotriene Metabolic Process (GO:0006691),1/20,0.6880165696500299,0.9449779231719324,0,0,0.8779692594317653,0.3283098947240883,CYP4F3
GO_Biological_Process_2023,Limb Morphogenesis (GO:0035108),1/20,0.6880165696500299,0.9449779231719324,0,0,0.8779692594317653,0.3283098947240883,SHH
GO_Biological_Process_2023,Negative Regulation Of B Cell Activation (GO:0050869),1/20,0.6880165696500299,0.9449779231719324,0,0,0.8779692594317653,0.3283098947240883,FOXJ1
GO_Biological_Process_2023,Negative Regulation Of Microtubule Depolymerization (GO:0007026),1/20,0.6880165696500299,0.9449779231719324,0,0,0.8779692594317653,0.3283098947240883,TRIM54
GO_Biological_Process_2023,Negative Regulation Of Phosphate Metabolic Process (GO:0045936),1/20,0.6880165696500299,0.9449779231719324,0,0,0.8779692594317653,0.3283098947240883,CDKN2A
GO_Biological_Process_2023,Negative Regulation Of Protein Localization To Cell Periphery (GO:1904376),1/20,0.6880165696500299,0.9449779231719324,0,0,0.8779692594317653,0.3283098947240883,MRAP2
GO_Biological_Process_2023,Negative Regulation Of Small GTPase Mediated Signal Transduction (GO:0051058),1/20,0.6880165696500299,0.9449779231719324,0,0,0.8779692594317653,0.3283098947240883,CGNL1
GO_Biological_Process_2023,Positive Regulation Of Lipid Storage (GO:0010884),1/20,0.6880165696500299,0.9449779231719324,0,0,0.8779692594317653,0.3283098947240883,PLA2G10
GO_Biological_Process_2023,Positive Regulation Of Phospholipase Activity (GO:0010518),1/20,0.6880165696500299,0.9449779231719324,0,0,0.8779692594317653,0.3283098947240883,ESR1
GO_Biological_Process_2023,Positive Regulation Of Protein Processing (GO:0010954),1/20,0.6880165696500299,0.9449779231719324,0,0,0.8779692594317653,0.3283098947240883,MELTF
GO_Biological_Process_2023,Regulation Of Calcium Ion Import (GO:0090279),1/20,0.6880165696500299,0.9449779231719324,0,0,0.8779692594317653,0.3283098947240883,WNK3
GO_Biological_Process_2023,Regulation Of Cardiac Muscle Cell Proliferation (GO:0060043),1/20,0.6880165696500299,0.9449779231719324,0,0,0.8779692594317653,0.3283098947240883,ERBB4
GO_Biological_Process_2023,Sodium Ion Transmembrane Transport (GO:0035725),4/82,0.6885111033885383,0.9449779231719324,0,0,0.8550497121925693,0.3191249318600565,SLC9A2;SLC6A14;SLC6A20;SLC4A4
GO_Biological_Process_2023,Positive Regulation Of ERK1 And ERK2 Cascade (GO:0070374),9/179,0.6886455412116333,0.9449779231719324,0,0,0.8823057565272098,0.3291252761175552,ERBB4;CHRNA7;GPER1;PDGFC;F2RL1;PRKCA;GATA4;NPNT;FGFR4
GO_Biological_Process_2023,Regulation Of Embryonic Development (GO:0045995),3/62,0.6887839084453197,0.9449779231719324,0,0,0.8479084024522178,0.3161237292069965,WDPCP;ZBED3;FOXA2
GO_Biological_Process_2023,Sensory Perception Of Light Stimulus (GO:0050953),5/102,0.6907773625596458,0.9472685351556324,0,0,0.8593506802658805,0.3179062168468242,USH1C;E2F1;PAX6;NXNL2;PAX2
GO_Biological_Process_2023,Fatty Acid Metabolic Process (GO:0006631),6/122,0.6942506455553581,0.9493625549191784,0,0,0.8622068965517241,0.3146384573200462,FA2H;ACSM3;DECR2;CYP4F11;CPT1B;ACACB
GO_Biological_Process_2023,Amino Acid Transmembrane Transport (GO:0003333),2/42,0.6952255017561982,0.9493625549191784,0,0,0.8338795394154118,0.3031310755392845,SLC6A14;SLC6A20
GO_Biological_Process_2023,Cardiac Ventricle Morphogenesis (GO:0003208),2/42,0.6952255017561982,0.9493625549191784,0,0,0.8338795394154118,0.3031310755392845,GATA4;TNNI3
GO_Biological_Process_2023,Collagen Fibril Organization (GO:0030199),2/42,0.6952255017561982,0.9493625549191784,0,0,0.8338795394154118,0.3031310755392845,COL27A1;SCX
GO_Biological_Process_2023,Sensory Perception Of Bitter Taste (GO:0050913),2/42,0.6952255017561982,0.9493625549191784,0,0,0.8338795394154118,0.3031310755392845,PIGR;TAS2R4
GO_Biological_Process_2023,Skeletal Muscle Tissue Development (GO:0007519),2/42,0.6952255017561982,0.9493625549191784,0,0,0.8338795394154118,0.3031310755392845,BVES;MYORG
GO_Biological_Process_2023,Lipid Modification (GO:0030258),2/42,0.6952255017561982,0.9493625549191784,0,0,0.8338795394154118,0.3031310755392845,MBOAT2;CYP3A5
GO_Biological_Process_2023,Lysosome Localization (GO:0032418),2/42,0.6952255017561982,0.9493625549191784,0,0,0.8338795394154118,0.3031310755392845,CHGA;SYTL4
GO_Biological_Process_2023,Monoatomic Cation Transport (GO:0006812),2/42,0.6952255017561982,0.9493625549191784,0,0,0.8338795394154118,0.3031310755392845,ANO1;GRIN2D
GO_Biological_Process_2023,Regulation Of Cell Division (GO:0051302),4/83,0.6976404192688112,0.94939495900872,0,0,0.8441813709523435,0.3039487415321729,SHH;SUSD2;EFHC1;POU5F1
GO_Biological_Process_2023,G1/S Transition Of Mitotic Cell Cycle (GO:0000082),3/63,0.6991984542718903,0.94939495900872,0,0,0.8337322695035461,0.2983266353998538,E2F1;CDC7;POLE
GO_Biological_Process_2023,Positive Regulation Of Mitotic Cell Cycle Phase Transition (GO:1901992),3/63,0.6991984542718903,0.94939495900872,0,0,0.8337322695035461,0.2983266353998538,STIL;CDC7;DBF4B
GO_Biological_Process_2023,Regulation Of Cellular Catabolic Process (GO:0031329),3/63,0.6991984542718903,0.94939495900872,0,0,0.8337322695035461,0.2983266353998538,DAPK1;FBXL2;MAPK15
GO_Biological_Process_2023,Positive Regulation Of Epithelial Cell Proliferation (GO:0050679),6/123,0.7017367813081963,0.94939495900872,0,0,0.8547920227920228,0.3027646851913225,MDK;NME2;WNT7A;PRKCA;ANG;PAX2
GO_Biological_Process_2023,Regulation Of Lipid Storage (GO:0010883),1/21,0.7056768165401928,0.94939495900872,0,0,0.8340265486725664,0.2907399144510165,PLA2G10
GO_Biological_Process_2023,Regulation Of Lipopolysaccharide-Mediated Signaling Pathway (GO:0031664),1/21,0.7056768165401928,0.94939495900872,0,0,0.8340265486725664,0.2907399144510165,PRKCA
GO_Biological_Process_2023,Aminoglycan Biosynthetic Process (GO:0006023),1/21,0.7056768165401928,0.94939495900872,0,0,0.8340265486725664,0.2907399144510165,B3GNT3
GO_Biological_Process_2023,Antigen Processing And Presentation Of Endogenous Peptide Antigen (GO:0002483),1/21,0.7056768165401928,0.94939495900872,0,0,0.8340265486725664,0.2907399144510165,ULBP3
GO_Biological_Process_2023,Regulation Of Neurotransmitter Transport (GO:0051588),1/21,0.7056768165401928,0.94939495900872,0,0,0.8340265486725664,0.2907399144510165,CPLX1
GO_Biological_Process_2023,Regulation Of Transferase Activity (GO:0051338),1/21,0.7056768165401928,0.94939495900872,0,0,0.8340265486725664,0.2907399144510165,SPTSSB
GO_Biological_Process_2023,Endocardial Cushion Morphogenesis (GO:0003203),1/21,0.7056768165401928,0.94939495900872,0,0,0.8340265486725664,0.2907399144510165,GATA5
GO_Biological_Process_2023,Sodium Ion Import Across Plasma Membrane (GO:0098719),1/21,0.7056768165401928,0.94939495900872,0,0,0.8340265486725664,0.2907399144510165,SLC9A2
GO_Biological_Process_2023,Zinc Ion Transmembrane Transport (GO:0071577),1/21,0.7056768165401928,0.94939495900872,0,0,0.8340265486725664,0.2907399144510165,SLC30A2
GO_Biological_Process_2023,Lipid Catabolic Process (GO:0016042),1/21,0.7056768165401928,0.94939495900872,0,0,0.8340265486725664,0.2907399144510165,LIPE
GO_Biological_Process_2023,Mitochondrial Calcium Ion Homeostasis (GO:0051560),1/21,0.7056768165401928,0.94939495900872,0,0,0.8340265486725664,0.2907399144510165,MCU
GO_Biological_Process_2023,Modulation By Host Of Viral Genome Replication (GO:0044827),1/21,0.7056768165401928,0.94939495900872,0,0,0.8340265486725664,0.2907399144510165,FBXL2
GO_Biological_Process_2023,Negative Regulation Of Biomineral Tissue Development (GO:0070168),1/21,0.7056768165401928,0.94939495900872,0,0,0.8340265486725664,0.2907399144510165,ENPP1
GO_Biological_Process_2023,Negative Regulation Of Interleukin-2 Production (GO:0032703),1/21,0.7056768165401928,0.94939495900872,0,0,0.8340265486725664,0.2907399144510165,HOMER2
GO_Biological_Process_2023,Negative Regulation Of Osteoclast Differentiation (GO:0045671),1/21,0.7056768165401928,0.94939495900872,0,0,0.8340265486725664,0.2907399144510165,LRRC17
GO_Biological_Process_2023,Plasma Membrane Repair (GO:0001778),1/21,0.7056768165401928,0.94939495900872,0,0,0.8340265486725664,0.2907399144510165,SYTL4
GO_Biological_Process_2023,Porphyrin-Containing Compound Biosynthetic Process (GO:0006779),1/21,0.7056768165401928,0.94939495900872,0,0,0.8340265486725664,0.2907399144510165,FLVCR1
GO_Biological_Process_2023,Positive Regulation Of T Cell Cytokine Production (GO:0002726),1/21,0.7056768165401928,0.94939495900872,0,0,0.8340265486725664,0.2907399144510165,FZD5
GO_Biological_Process_2023,Positive Regulation Of Blood Coagulation (GO:0030194),1/21,0.7056768165401928,0.94939495900872,0,0,0.8340265486725664,0.2907399144510165,DMTN
GO_Biological_Process_2023,Positive Regulation Of Heart Contraction (GO:0045823),1/21,0.7056768165401928,0.94939495900872,0,0,0.8340265486725664,0.2907399144510165,CHGA
GO_Biological_Process_2023,Positive Regulation Of Signal Transduction By P53 Class Mediator (GO:1901798),1/21,0.7056768165401928,0.94939495900872,0,0,0.8340265486725664,0.2907399144510165,PLA2R1
GO_Biological_Process_2023,Purine Nucleotide Biosynthetic Process (GO:0006164),1/21,0.7056768165401928,0.94939495900872,0,0,0.8340265486725664,0.2907399144510165,NMNAT2
GO_Biological_Process_2023,Regulation Of Cell-Substrate Junction Assembly (GO:0090109),1/21,0.7056768165401928,0.94939495900872,0,0,0.8340265486725664,0.2907399144510165,CAMSAP3
GO_Biological_Process_2023,Regulation Of Cysteine-Type Endopeptidase Activity Involved In Apoptotic Process (GO:0043281),4/84,0.7065761315183284,0.94939495900872,0,0,0.8335847382431233,0.2895242556800566,DAPK1;GPER1;SH3RF1;PAX2
GO_Biological_Process_2023,Purine Ribonucleotide Metabolic Process (GO:0009150),4/84,0.7065761315183284,0.94939495900872,0,0,0.8335847382431233,0.2895242556800566,NT5E;ACSM3;ENPP1;PDE9A
GO_Biological_Process_2023,Positive Regulation Of Inflammatory Response (GO:0050729),5/104,0.7070250224599242,0.94939495900872,0,0,0.8419003534456465,0.2918777779188082,LGALS2;MDK;CAMK2N1;NAPEPLD;IGF2BP1
GO_Biological_Process_2023,SCF-dependent Proteasomal Ubiquitin-Dependent Protein Catabolic Process (GO:0031146),2/43,0.7075832515005162,0.94939495900872,0,0,0.8134978072544233,0.281388880483565,FBXL16;FBXL2
GO_Biological_Process_2023,Regulation Of Primary Metabolic Process (GO:0080090),2/43,0.7075832515005162,0.94939495900872,0,0,0.8134978072544233,0.281388880483565,HNF4A;FGFR4
GO_Biological_Process_2023,Negative Regulation Of BMP Signaling Pathway (GO:0030514),2/43,0.7075832515005162,0.94939495900872,0,0,0.8134978072544233,0.281388880483565,CAPN5;SMAD6
GO_Biological_Process_2023,Positive Regulation Of T Cell Mediated Immunity (GO:0002711),2/43,0.7075832515005162,0.94939495900872,0,0,0.8134978072544233,0.281388880483565,FZD5;ULBP3
GO_Biological_Process_2023,Positive Regulation Of Biomineral Tissue Development (GO:0070169),2/43,0.7075832515005162,0.94939495900872,0,0,0.8134978072544233,0.281388880483565,PKDCC;BMPR1B
GO_Biological_Process_2023,Positive Regulation Of miRNA Transcription (GO:1902895),2/43,0.7075832515005162,0.94939495900872,0,0,0.8134978072544233,0.281388880483565,MYCN;MYB
GO_Biological_Process_2023,Positive Regulation Of Stress Fiber Assembly (GO:0051496),2/43,0.7075832515005162,0.94939495900872,0,0,0.8134978072544233,0.281388880483565,ARHGEF10;CARMIL1
GO_Biological_Process_2023,Positive Regulation Of Defense Response (GO:0031349),6/124,0.7090984715512032,0.9500168363085928,0,0,0.847502824858757,0.2913383119193866,LGALS2;MDK;CAMK2N1;NAPEPLD;IGF2BP1;NPAS2
GO_Biological_Process_2023,Protein Dephosphorylation (GO:0006470),6/124,0.7090984715512032,0.9500168363085928,0,0,0.847502824858757,0.2913383119193866,PTPRU;PTPRB;PTPRR;PPM1H;DUSP18;PTPRG
GO_Biological_Process_2023,Positive Regulation Of Cysteine-Type Endopeptidase Activity (GO:2001056),3/64,0.7093459044437493,0.9500168363085928,0,0,0.8200209277990931,0.2816050226880723,DAPK1;GPER1;TTBK1
GO_Biological_Process_2023,Positive Regulation Of Interleukin-1 Production (GO:0032732),3/64,0.7093459044437493,0.9500168363085928,0,0,0.8200209277990931,0.2816050226880723,FZD5;F2RL1;INAVA
GO_Biological_Process_2023,Supramolecular Fiber Organization (GO:0097435),16/316,0.7115729103515471,0.9525632781593938,0,0,0.888203288490284,0.3022354990716052,TMOD1;CARMIL1;CEP126;COL27A1;MYO7B;SCX;KRT7;KIF24;SHROOM3;PPP1R9A;CLIP2;POF1B;MYO1A;NOSTRIN;CGNL1;ZBED3
GO_Biological_Process_2023,Ras Protein Signal Transduction (GO:0007265),7/144,0.7120611337395681,0.9527807942306664,0,0,0.8515208977322908,0.2891692668293107,DOK4;CDKN2A;PLCE1;ARHGAP29;RGL3;EPS8L3;RALGPS1
GO_Biological_Process_2023,Cellular Response To Organonitrogen Compound (GO:0071417),5/105,0.7149213414123372,0.9534473202111784,0,0,0.833436944937833,0.2796870655597971,AOC1;DMTN;BRCA1;FOLR1;CFTR
GO_Biological_Process_2023,Positive Regulation Of Protein Kinase Activity (GO:0045860),7/145,0.7187648704156656,0.9534473202111784,0,0,0.8453053277631647,0.2791375687885916,TOM1L1;ERBB3;DOK7;DUSP19;HMGA2;CLSPN;TTBK1
GO_Biological_Process_2023,Bone Development (GO:0060348),2/44,0.7195194893310393,0.9534473202111784,0,0,0.7940866337677676,0.2613908199439433,LRRC17;LRP5
GO_Biological_Process_2023,Regulation Of Viral Entry Into Host Cell (GO:0046596),2/44,0.7195194893310393,0.9534473202111784,0,0,0.7940866337677676,0.2613908199439433,TMPRSS4;TRIM31
GO_Biological_Process_2023,Mitotic Spindle Assembly (GO:0090307),2/44,0.7195194893310393,0.9534473202111784,0,0,0.7940866337677676,0.2613908199439433,ARHGEF10;MISP
GO_Biological_Process_2023,Positive Regulation Of Biosynthetic Process (GO:0009891),2/44,0.7195194893310393,0.9534473202111784,0,0,0.7940866337677676,0.2613908199439433,CREB3L1;SCX
GO_Biological_Process_2023,Fc Receptor Mediated Stimulatory Signaling Pathway (GO:0002431),1/22,0.7223382090899046,0.9534473202111784,0,0,0.7942688579856721,0.2583453312419919,VAV2
GO_Biological_Process_2023,Fc-epsilon Receptor Signaling Pathway (GO:0038095),1/22,0.7223382090899046,0.9534473202111784,0,0,0.7942688579856721,0.2583453312419919,VAV2
GO_Biological_Process_2023,Regulation Of Histone Acetylation (GO:0035065),1/22,0.7223382090899046,0.9534473202111784,0,0,0.7942688579856721,0.2583453312419919,BRCA1
GO_Biological_Process_2023,Regulation Of Intracellular Steroid Hormone Receptor Signaling Pathway (GO:0033143),1/22,0.7223382090899046,0.9534473202111784,0,0,0.7942688579856721,0.2583453312419919,DNAAF4
GO_Biological_Process_2023,Regulation Of Neural Precursor Cell Proliferation (GO:2000177),1/22,0.7223382090899046,0.9534473202111784,0,0,0.7942688579856721,0.2583453312419919,MDK
GO_Biological_Process_2023,Regulation Of Release Of Sequestered Calcium Ion Into Cytosol By Sarcoplasmic Reticulum (GO:0010880),1/22,0.7223382090899046,0.9534473202111784,0,0,0.7942688579856721,0.2583453312419919,FKBP1B
GO_Biological_Process_2023,Cellular Response To Topologically Incorrect Protein (GO:0035967),1/22,0.7223382090899046,0.9534473202111784,0,0,0.7942688579856721,0.2583453312419919,PACRG
GO_Biological_Process_2023,Response To Gamma Radiation (GO:0010332),1/22,0.7223382090899046,0.9534473202111784,0,0,0.7942688579856721,0.2583453312419919,FANCD2
GO_Biological_Process_2023,Dendritic Cell Differentiation (GO:0097028),1/22,0.7223382090899046,0.9534473202111784,0,0,0.7942688579856721,0.2583453312419919,F2RL1
GO_Biological_Process_2023,Glucose Transmembrane Transport (GO:1904659),1/22,0.7223382090899046,0.9534473202111784,0,0,0.7942688579856721,0.2583453312419919,HNF1A
GO_Biological_Process_2023,Vesicle Transport Along Microtubule (GO:0047496),1/22,0.7223382090899046,0.9534473202111784,0,0,0.7942688579856721,0.2583453312419919,CDR2L
GO_Biological_Process_2023,Inositol Phosphate Metabolic Process (GO:0043647),1/22,0.7223382090899046,0.9534473202111784,0,0,0.7942688579856721,0.2583453312419919,ITPKA
GO_Biological_Process_2023,Mammary Gland Development (GO:0030879),1/22,0.7223382090899046,0.9534473202111784,0,0,0.7942688579856721,0.2583453312419919,ERBB4
GO_Biological_Process_2023,Natural Killer Cell Mediated Immunity (GO:0002228),1/22,0.7223382090899046,0.9534473202111784,0,0,0.7942688579856721,0.2583453312419919,ULBP3
GO_Biological_Process_2023,Negative Regulation Of Axonogenesis (GO:0050771),1/22,0.7223382090899046,0.9534473202111784,0,0,0.7942688579856721,0.2583453312419919,MAP2
GO_Biological_Process_2023,Negative Regulation Of Cell Communication (GO:0010648),1/22,0.7223382090899046,0.9534473202111784,0,0,0.7942688579856721,0.2583453312419919,ERBB3
GO_Biological_Process_2023,Platelet Dense Granule Organization (GO:0060155),1/22,0.7223382090899046,0.9534473202111784,0,0,0.7942688579856721,0.2583453312419919,AP1S3
GO_Biological_Process_2023,Positive Regulation Of Cholesterol Efflux (GO:0010875),1/22,0.7223382090899046,0.9534473202111784,0,0,0.7942688579856721,0.2583453312419919,ABCA3
GO_Biological_Process_2023,Positive Regulation Of Cilium Assembly (GO:0045724),1/22,0.7223382090899046,0.9534473202111784,0,0,0.7942688579856721,0.2583453312419919,ZMYND10
GO_Biological_Process_2023,Positive Regulation Of Receptor Internalization (GO:0002092),1/22,0.7223382090899046,0.9534473202111784,0,0,0.7942688579856721,0.2583453312419919,PCSK9
GO_Biological_Process_2023,Positive Regulation Of Viral Life Cycle (GO:1903902),1/22,0.7223382090899046,0.9534473202111784,0,0,0.7942688579856721,0.2583453312419919,TMPRSS4
GO_Biological_Process_2023,Postreplication Repair (GO:0006301),1/22,0.7223382090899046,0.9534473202111784,0,0,0.7942688579856721,0.2583453312419919,PCLAF
GO_Biological_Process_2023,Regulation Of Cardiac Muscle Cell Membrane Repolarization (GO:0099623),1/22,0.7223382090899046,0.9534473202111784,0,0,0.7942688579856721,0.2583453312419919,CACNA1D
GO_Biological_Process_2023,Regulation Of Catabolic Process (GO:0009894),1/22,0.7223382090899046,0.9534473202111784,0,0,0.7942688579856721,0.2583453312419919,RARRES2
GO_Biological_Process_2023,Regulation Of G1/S Transition Of Mitotic Cell Cycle (GO:2000045),5/106,0.7226657770817275,0.9534494352566772,0,0,0.8251411286776991,0.2680127995403105,STIL;CDKN2A;E2F1;TM4SF5;E2F7
GO_Biological_Process_2023,Cellular Response To Starvation (GO:0009267),6/126,0.7234469435622308,0.9540497339583072,0,0,0.8332888888888889,0.269759002599634,AOC1;PRKAA2;PDK4;PCSK9;NUPR2;FADS1
GO_Biological_Process_2023,Negative Regulation Of Response To External Stimulus (GO:0032102),7/146,0.7253620940392103,0.9561442654640334,0,0,0.8391791904554649,0.2694472702864993,GRID2;CLDN3;PROC;GPER1;CCN3;DTX4;SMPDL3B
GO_Biological_Process_2023,Regulation Of Response To External Stimulus (GO:0032101),6/127,0.7304332648878419,0.957963601606242,0,0,0.8263581267217631,0.2595734723119272,GATA6;IGF2BP1;F2RL1;FBXL2;MGLL;FOXA2
GO_Biological_Process_2023,Regulation Of Anatomical Structure Morphogenesis (GO:0022603),6/127,0.7304332648878419,0.957963601606242,0,0,0.8263581267217631,0.2595734723119272,ARHGAP44;CLDN3;SARM1;TSPAN12;LZTS3;ZDHHC15
GO_Biological_Process_2023,Regulation Of Cellular Metabolic Process (GO:0031323),2/45,0.7310423226217034,0.957963601606242,0,0,0.7755783055595609,0.2429762149543621,PDK4;FOXM1
GO_Biological_Process_2023,Regulation Of Telomerase Activity (GO:0051972),2/45,0.7310423226217034,0.957963601606242,0,0,0.7755783055595609,0.2429762149543621,NEK2;MAPK15
GO_Biological_Process_2023,Detection Of Chemical Stimulus Involved In Sensory Perception Of Taste (GO:0050912),2/45,0.7310423226217034,0.957963601606242,0,0,0.7755783055595609,0.2429762149543621,PIGR;TAS2R4
GO_Biological_Process_2023,Zymogen Activation (GO:0031638),2/45,0.7310423226217034,0.957963601606242,0,0,0.7755783055595609,0.2429762149543621,KLK1;PRSS3
GO_Biological_Process_2023,Negative Regulation Of Protein Metabolic Process (GO:0051248),7/147,0.7318525583017689,0.957963601606242,0,0,0.8331405693950178,0.2600866640131171,DHFR;GRB7;NQO1;DAPK1;TRIM2;IGF2BP1;IGF2BP3
GO_Biological_Process_2023,Positive Regulation Of Cell Differentiation (GO:0045597),14/283,0.7346532343714828,0.957963601606242,0,0,0.8666336076785601,0.2672322629657283,PKDCC;TGFB1I1;RARRES2;LRP5;GATA5;NPNT;PAX2;OLFM1;KITLG;PAX8;MDK;PLA2G10;SOX6;BMPR1B
GO_Biological_Process_2023,Lipid Transport (GO:0006869),5/108,0.7376994105837751,0.957963601606242,0,0,0.8090327475900602,0.2461230040617909,ABCC3;GLTPD2;PRELID2;ABCA3;CRABP1
GO_Biological_Process_2023,Regulation Of Centrosome Cycle (GO:0046605),1/23,0.7380571947842698,0.957963601606242,0,0,0.7581255028157683,0.2302684593860451,XRCC3
GO_Biological_Process_2023,Regulation Of Cholesterol Metabolic Process (GO:0090181),1/23,0.7380571947842698,0.957963601606242,0,0,0.7581255028157683,0.2302684593860451,FMO5
GO_Biological_Process_2023,Actin Nucleation (GO:0045010),1/23,0.7380571947842698,0.957963601606242,0,0,0.7581255028157683,0.2302684593860451,SCIN
GO_Biological_Process_2023,Regulation Of Myotube Differentiation (GO:0010830),1/23,0.7380571947842698,0.957963601606242,0,0,0.7581255028157683,0.2302684593860451,CCN3
GO_Biological_Process_2023,Artery Development (GO:0060840),1/23,0.7380571947842698,0.957963601606242,0,0,0.7581255028157683,0.2302684593860451,ROBO2
GO_Biological_Process_2023,Axon Extension (GO:0048675),1/23,0.7380571947842698,0.957963601606242,0,0,0.7581255028157683,0.2302684593860451,SEMA3A
GO_Biological_Process_2023,"Regulation Of Nuclear-Transcribed mRNA Catabolic Process, Deadenylation-Dependent Decay (GO:1900151)",1/23,0.7380571947842698,0.957963601606242,0,0,0.7581255028157683,0.2302684593860451,IGF2BP1
GO_Biological_Process_2023,Bile Acid And Bile Salt Transport (GO:0015721),1/23,0.7380571947842698,0.957963601606242,0,0,0.7581255028157683,0.2302684593860451,ABCC3
GO_Biological_Process_2023,Cell-Cell Signaling By Wnt (GO:0198738),1/23,0.7380571947842698,0.957963601606242,0,0,0.7581255028157683,0.2302684593860451,CELSR2
GO_Biological_Process_2023,Cellular Lipid Catabolic Process (GO:0044242),1/23,0.7380571947842698,0.957963601606242,0,0,0.7581255028157683,0.2302684593860451,SMPDL3B
GO_Biological_Process_2023,Regulation Of Toll-Like Receptor 4 Signaling Pathway (GO:0034143),1/23,0.7380571947842698,0.957963601606242,0,0,0.7581255028157683,0.2302684593860451,F2RL1
GO_Biological_Process_2023,Response To BMP (GO:0071772),1/23,0.7380571947842698,0.957963601606242,0,0,0.7581255028157683,0.2302684593860451,BMPR1B
GO_Biological_Process_2023,Cytosolic Pattern Recognition Receptor Signaling Pathway (GO:0002753),1/23,0.7380571947842698,0.957963601606242,0,0,0.7581255028157683,0.2302684593860451,MAP2K6
GO_Biological_Process_2023,Endocardial Cushion Development (GO:0003197),1/23,0.7380571947842698,0.957963601606242,0,0,0.7581255028157683,0.2302684593860451,GATA4
GO_Biological_Process_2023,Translesion Synthesis (GO:0019985),1/23,0.7380571947842698,0.957963601606242,0,0,0.7581255028157683,0.2302684593860451,PCLAF
GO_Biological_Process_2023,Zinc Ion Transport (GO:0006829),1/23,0.7380571947842698,0.957963601606242,0,0,0.7581255028157683,0.2302684593860451,SLC30A2
GO_Biological_Process_2023,Long-Chain Fatty Acid Transport (GO:0015909),1/23,0.7380571947842698,0.957963601606242,0,0,0.7581255028157683,0.2302684593860451,CPT1B
GO_Biological_Process_2023,Negative Regulation Of Epidermal Growth Factor Receptor Signaling Pathway (GO:0042059),1/23,0.7380571947842698,0.957963601606242,0,0,0.7581255028157683,0.2302684593860451,GPRC5A
GO_Biological_Process_2023,Negative Regulation Of Extrinsic Apoptotic Signaling Pathway Via Death Domain Receptors (GO:1902042),1/23,0.7380571947842698,0.957963601606242,0,0,0.7581255028157683,0.2302684593860451,BRCA1
GO_Biological_Process_2023,Negative Regulation Of Lymphocyte Activation (GO:0051250),1/23,0.7380571947842698,0.957963601606242,0,0,0.7581255028157683,0.2302684593860451,FOXJ1
GO_Biological_Process_2023,Negative Regulation Of Protein Tyrosine Kinase Activity (GO:0061099),1/23,0.7380571947842698,0.957963601606242,0,0,0.7581255028157683,0.2302684593860451,GPRC5A
GO_Biological_Process_2023,"Positive Regulation Of mRNA Splicing, Via Spliceosome (GO:0048026)",1/23,0.7380571947842698,0.957963601606242,0,0,0.7581255028157683,0.2302684593860451,CELF4
GO_Biological_Process_2023,Positive Regulation Of Neuron Apoptotic Process (GO:0043525),1/23,0.7380571947842698,0.957963601606242,0,0,0.7581255028157683,0.2302684593860451,PCSK9
GO_Biological_Process_2023,Positive Regulation Of Oxidoreductase Activity (GO:0051353),1/23,0.7380571947842698,0.957963601606242,0,0,0.7581255028157683,0.2302684593860451,PPM1H
GO_Biological_Process_2023,Positive Regulation Of Protein Targeting To Membrane (GO:0090314),1/23,0.7380571947842698,0.957963601606242,0,0,0.7581255028157683,0.2302684593860451,PDZK1
GO_Biological_Process_2023,Regulation Of Neurogenesis (GO:0050767),3/67,0.7382051138531519,0.957963601606242,0,0,0.7814577792553191,0.2371986624673209,GPER1;WNT7A;PAX6
GO_Biological_Process_2023,Negative Regulation Of Cell Differentiation (GO:0045596),10/207,0.7396748277749166,0.9583092141050747,0,0,0.8455104896371531,0.2549591319340248,SHH;MEIS1;GPER1;MYB;LRP5;E2F1;ENPP1;IL17RD;SMAD6;FOXA2
GO_Biological_Process_2023,Regulation Of Endothelial Cell Migration (GO:0010594),4/88,0.7403902753270432,0.9583092141050747,0,0,0.7937212151941522,0.2385750026464221,FOXC2;PRKCA;NR2F2;ADAMTS9
GO_Biological_Process_2023,Regulation Of Epidermal Growth Factor Receptor Signaling Pathway (GO:0042058),2/46,0.7421602903549851,0.9583092141050747,0,0,0.7579112649971818,0.2260015861873897,GPER1;AGR2
GO_Biological_Process_2023,Regulation Of Fibroblast Proliferation (GO:0048145),2/46,0.7421602903549851,0.9583092141050747,0,0,0.7579112649971818,0.2260015861873897,PDGFC;E2F1
GO_Biological_Process_2023,Regulation Of Interleukin-10 Production (GO:0032653),2/46,0.7421602903549851,0.9583092141050747,0,0,0.7579112649971818,0.2260015861873897,F2RL1;INAVA
GO_Biological_Process_2023,Antiviral Innate Immune Response (GO:0140374),2/46,0.7421602903549851,0.9583092141050747,0,0,0.7579112649971818,0.2260015861873897,IGF2BP1;TRIM31
GO_Biological_Process_2023,Cardiac Conduction (GO:0061337),2/46,0.7421602903549851,0.9583092141050747,0,0,0.7579112649971818,0.2260015861873897,CACNA1D;DSG2
GO_Biological_Process_2023,Homotypic Cell-Cell Adhesion (GO:0034109),2/46,0.7421602903549851,0.9583092141050747,0,0,0.7579112649971818,0.2260015861873897,CDHR2;CDHR5
GO_Biological_Process_2023,Protein Targeting (GO:0006605),6/129,0.7440298516353374,0.9583092141050747,0,0,0.8128346883468834,0.2403341826359351,RAB3IP;ZDHHC23;AQP11;RASSF9;AP1S3;ZDHHC15
GO_Biological_Process_2023,Negative Regulation Of Programmed Cell Death (GO:0043069),19/381,0.7469106203507012,0.9583092141050747,0,0,0.8735268691124448,0.2549036594601103,STIL;LTK;PRKAA2;GATA6;NME2;SCX;HMGA2;SMAD6;SH3RF1;PAX2;RNF157;SH3RF2;SHH;PROC;MECOM;ERBB3;PAX7;ERBB4;WNK3
GO_Biological_Process_2023,Neuropeptide Signaling Pathway (GO:0007218),3/68,0.7473053747419446,0.9583092141050747,0,0,0.7693944353518821,0.224110269706163,GPR37;GLRB;NMUR2
GO_Biological_Process_2023,Endocytosis (GO:0006897),9/189,0.7478915234893805,0.9583092141050747,0,0,0.832843137254902,0.2419387106774409,TFR2;MST1R;SYP;RAB17;STEAP2;FOLR1;RHOBTB1;DNM1;ATP9A
GO_Biological_Process_2023,Regulation Of Vesicle-Mediated Transport (GO:0060627),4/89,0.7483655772540164,0.9583092141050747,0,0,0.7843415627120414,0.2273521323388587,RIMS2;RAB17;CPLX1;ATP9A
GO_Biological_Process_2023,Sodium Ion Transport (GO:0006814),4/89,0.7483655772540164,0.9583092141050747,0,0,0.7843415627120414,0.2273521323388587,SCN8A;SLC6A14;SLC6A20;SLC4A4
GO_Biological_Process_2023,Negative Regulation Of Signal Transduction (GO:0009968),13/267,0.7495218099622449,0.9583092141050747,0,0,0.8521790880791064,0.245700157511964,GRB7;SEMA6A;PALM3;IFT122;GATA4;SOX30;TSPAN15;ERBB3;CILP;CREB3L1;ENPP1;SMPDL3B;LGR4
GO_Biological_Process_2023,Regulation Of Cell Cycle Process (GO:0010564),6/130,0.7506403753720481,0.9583092141050747,0,0,0.806236559139785,0.2312517058900655,L3MBTL1;GPER1;CHEK1;HMGA2;NEK2;DBF4B
GO_Biological_Process_2023,Golgi To Plasma Membrane Transport (GO:0006893),2/47,0.7528822880069402,0.9583092141050747,0,0,0.7410294262375751,0.2103385256169248,BBS1;STEAP2
GO_Biological_Process_2023,Regulation Of Signal Transduction By P53 Class Mediator (GO:1901796),2/47,0.7528822880069402,0.9583092141050747,0,0,0.7410294262375751,0.2103385256169248,CHEK1;MAP2K6
GO_Biological_Process_2023,Cognition (GO:0050890),2/47,0.7528822880069402,0.9583092141050747,0,0,0.7410294262375751,0.2103385256169248,CHRNA7;MGAT3
GO_Biological_Process_2023,Response To Organonitrogen Compound (GO:0010243),2/47,0.7528822880069402,0.9583092141050747,0,0,0.7410294262375751,0.2103385256169248,CHRNA7;INAVA
GO_Biological_Process_2023,Epithelial To Mesenchymal Transition (GO:0001837),2/47,0.7528822880069402,0.9583092141050747,0,0,0.7410294262375751,0.2103385256169248,OLFM1;HMGA2
GO_Biological_Process_2023,Regulation Of T Cell Differentiation (GO:0045580),2/47,0.7528822880069402,0.9583092141050747,0,0,0.7410294262375751,0.2103385256169248,MDK;FANCA
GO_Biological_Process_2023,Regulation Of Cysteine-Type Endopeptidase Activity (GO:2000116),1/24,0.7528870338507562,0.9583092141050747,0,0,0.7251250480954213,0.2058195544771596,TTBK1
GO_Biological_Process_2023,Fc-gamma Receptor Signaling Pathway (GO:0038094),1/24,0.7528870338507562,0.9583092141050747,0,0,0.7251250480954213,0.2058195544771596,VAV2
GO_Biological_Process_2023,Regulation Of Heterotypic Cell-Cell Adhesion (GO:0034114),1/24,0.7528870338507562,0.9583092141050747,0,0,0.7251250480954213,0.2058195544771596,CEACAM6
GO_Biological_Process_2023,Acylglycerol Homeostasis (GO:0055090),1/24,0.7528870338507562,0.9583092141050747,0,0,0.7251250480954213,0.2058195544771596,HNF4A
GO_Biological_Process_2023,Regulation Of Microtubule Depolymerization (GO:0031114),1/24,0.7528870338507562,0.9583092141050747,0,0,0.7251250480954213,0.2058195544771596,TRIM54
GO_Biological_Process_2023,Regulation Of Proteolysis Involved In Protein Catabolic Process (GO:1903050),1/24,0.7528870338507562,0.9583092141050747,0,0,0.7251250480954213,0.2058195544771596,DNAAF4
GO_Biological_Process_2023,Regulation Of Ruffle Assembly (GO:1900027),1/24,0.7528870338507562,0.9583092141050747,0,0,0.7251250480954213,0.2058195544771596,EPS8L3
GO_Biological_Process_2023,Regulation Of Ryanodine-Sensitive Calcium-Release Channel Activity (GO:0060314),1/24,0.7528870338507562,0.9583092141050747,0,0,0.7251250480954213,0.2058195544771596,FKBP1B
GO_Biological_Process_2023,Dicarboxylic Acid Transport (GO:0006835),1/24,0.7528870338507562,0.9583092141050747,0,0,0.7251250480954213,0.2058195544771596,FOLR1
GO_Biological_Process_2023,Secondary Alcohol Biosynthetic Process (GO:1902653),1/24,0.7528870338507562,0.9583092141050747,0,0,0.7251250480954213,0.2058195544771596,NPC1L1
GO_Biological_Process_2023,Stress Granule Assembly (GO:0034063),1/24,0.7528870338507562,0.9583092141050747,0,0,0.7251250480954213,0.2058195544771596,GRB7
GO_Biological_Process_2023,Mononuclear Cell Differentiation (GO:1903131),1/24,0.7528870338507562,0.9583092141050747,0,0,0.7251250480954213,0.2058195544771596,MT1G
GO_Biological_Process_2023,Multivesicular Body Sorting Pathway (GO:0071985),1/24,0.7528870338507562,0.9583092141050747,0,0,0.7251250480954213,0.2058195544771596,SYTL4
GO_Biological_Process_2023,Natural Killer Cell Mediated Cytotoxicity (GO:0042267),1/24,0.7528870338507562,0.9583092141050747,0,0,0.7251250480954213,0.2058195544771596,ULBP3
GO_Biological_Process_2023,Negative Regulation Of Ion Transmembrane Transporter Activity (GO:0032413),1/24,0.7528870338507562,0.9583092141050747,0,0,0.7251250480954213,0.2058195544771596,PCSK9
GO_Biological_Process_2023,Positive Regulation Of BMP Signaling Pathway (GO:0030513),1/24,0.7528870338507562,0.9583092141050747,0,0,0.7251250480954213,0.2058195544771596,KCP
GO_Biological_Process_2023,Positive Regulation Of Cellular Response To Transforming Growth Factor Beta Stimulus (GO:1903846),1/24,0.7528870338507562,0.9583092141050747,0,0,0.7251250480954213,0.2058195544771596,TGFB1I1
GO_Biological_Process_2023,Positive Regulation Of Lipid Metabolic Process (GO:0045834),1/24,0.7528870338507562,0.9583092141050747,0,0,0.7251250480954213,0.2058195544771596,EEF1A2
GO_Biological_Process_2023,Positive Regulation Of Peptidyl-Threonine Phosphorylation (GO:0010800),1/24,0.7528870338507562,0.9583092141050747,0,0,0.7251250480954213,0.2058195544771596,WNK3
GO_Biological_Process_2023,Positive Regulation Of Transforming Growth Factor Beta Receptor Signaling Pathway (GO:0030511),1/24,0.7528870338507562,0.9583092141050747,0,0,0.7251250480954213,0.2058195544771596,TGFB1I1
GO_Biological_Process_2023,Protein Kinase B Signaling (GO:0043491),1/24,0.7528870338507562,0.9583092141050747,0,0,0.7251250480954213,0.2058195544771596,PAX2
GO_Biological_Process_2023,Regulation Of AMPA Receptor Activity (GO:2000311),1/24,0.7528870338507562,0.9583092141050747,0,0,0.7251250480954213,0.2058195544771596,CACNG4
GO_Biological_Process_2023,Mitotic Cell Cycle Phase Transition (GO:0044772),5/111,0.7591174698319386,0.960650144602903,0,0,0.786009919903482,0.2166233469720324,USH1C;E2F1;CDC7;FOXM1;POLE
GO_Biological_Process_2023,Mitotic Sister Chromatid Segregation (GO:0000070),5/111,0.7591174698319386,0.960650144602903,0,0,0.786009919903482,0.2166233469720324,SGO1;ARHGEF10;NUSAP1;KNTC1;MISP
GO_Biological_Process_2023,Negative Regulation Of Inflammatory Response (GO:0050728),5/111,0.7591174698319386,0.960650144602903,0,0,0.786009919903482,0.2166233469720324,PROC;MDK;GPER1;CCN3;SMPDL3B
GO_Biological_Process_2023,Regulation Of Tumor Necrosis Factor-Mediated Signaling Pathway (GO:0010803),2/48,0.7632175005452544,0.960650144602903,0,0,0.7248815804675165,0.1958718673488881,F2RL1;CCDC3
GO_Biological_Process_2023,Cytoplasmic Microtubule Organization (GO:0031122),2/48,0.7632175005452544,0.960650144602903,0,0,0.7248815804675165,0.1958718673488881,CEP126;CLIP2
GO_Biological_Process_2023,Positive Regulation Of Reactive Oxygen Species Metabolic Process (GO:2000379),2/48,0.7632175005452544,0.960650144602903,0,0,0.7248815804675165,0.1958718673488881,AKR1C3;F2RL1
GO_Biological_Process_2023,Positive Regulation Of MAP Kinase Activity (GO:0043406),4/91,0.7637508205197392,0.960650144602903,0,0,0.7662291303327928,0.2065092434940867,PDGFC;FGF18;DUSP19;MST1R
GO_Biological_Process_2023,rRNA Metabolic Process (GO:0016072),4/91,0.7637508205197392,0.960650144602903,0,0,0.7662291303327928,0.2065092434940867,ERN2;SLFN13;PIH1D2;IGF2BP3
GO_Biological_Process_2023,Regulation Of Notch Signaling Pathway (GO:0008593),3/70,0.7647446921120759,0.960650144602903,0,0,0.7463480469990473,0.2001804253597344,ENHO;TSPAN15;CCN3
GO_Biological_Process_2023,Regulation Of Actin Filament-Based Process (GO:0032970),3/70,0.7647446921120759,0.960650144602903,0,0,0.7463480469990473,0.2001804253597344,ARHGAP44;DMTN;SMIM22
GO_Biological_Process_2023,Regulation Of Cellular Biosynthetic Process (GO:0031326),3/70,0.7647446921120759,0.960650144602903,0,0,0.7463480469990473,0.2001804253597344,TOM1L1;PDK4;FGFR4
GO_Biological_Process_2023,Calcium Ion Transport (GO:0006816),5/112,0.7659573919799343,0.960650144602903,0,0,0.7786225328264803,0.2076031408420955,MCOLN3;CRACR2B;CHRNA7;NMUR2;CACNA1D
GO_Biological_Process_2023,Small GTPase Mediated Signal Transduction (GO:0007264),5/112,0.7659573919799343,0.960650144602903,0,0,0.7786225328264803,0.2076031408420955,DOK4;CDKN2A;PLCE1;RGL3;RALGPS1
GO_Biological_Process_2023,Negative Regulation Of Defense Response (GO:0031348),5/112,0.7659573919799343,0.960650144602903,0,0,0.7786225328264803,0.2076031408420955,PROC;GPER1;CCN3;DTX4;SMPDL3B
GO_Biological_Process_2023,Regulation Of Double-Strand Break Repair Via Nonhomologous End Joining (GO:2001032),1/25,0.7668779786830012,0.960650144602903,0,0,0.6948746312684366,0.1844388913232539,HMGA2
GO_Biological_Process_2023,Regulation Of Intracellular Estrogen Receptor Signaling Pathway (GO:0033146),1/25,0.7668779786830012,0.960650144602903,0,0,0.6948746312684366,0.1844388913232539,DNAAF4
GO_Biological_Process_2023,Activation Of Protein Kinase B Activity (GO:0032148),1/25,0.7668779786830012,0.960650144602903,0,0,0.6948746312684366,0.1844388913232539,ANG
GO_Biological_Process_2023,Regulation Of Monocyte Chemotaxis (GO:0090025),1/25,0.7668779786830012,0.960650144602903,0,0,0.6948746312684366,0.1844388913232539,CCN3
GO_Biological_Process_2023,Regulation Of Myelination (GO:0031641),1/25,0.7668779786830012,0.960650144602903,0,0,0.6948746312684366,0.1844388913232539,MYRF
GO_Biological_Process_2023,Cholesterol Biosynthetic Process (GO:0006695),1/25,0.7668779786830012,0.960650144602903,0,0,0.6948746312684366,0.1844388913232539,NPC1L1
GO_Biological_Process_2023,Ribonucleoside Bisphosphate Metabolic Process (GO:0033875),1/25,0.7668779786830012,0.960650144602903,0,0,0.6948746312684366,0.1844388913232539,ACSM3
GO_Biological_Process_2023,Secretory Granule Organization (GO:0033363),1/25,0.7668779786830012,0.960650144602903,0,0,0.6948746312684366,0.1844388913232539,AP1S3
GO_Biological_Process_2023,Sodium Ion Homeostasis (GO:0055078),1/25,0.7668779786830012,0.960650144602903,0,0,0.6948746312684366,0.1844388913232539,TMPRSS4
GO_Biological_Process_2023,"Wound Healing, Spreading Of Cells (GO:0044319)",1/25,0.7668779786830012,0.960650144602903,0,0,0.6948746312684366,0.1844388913232539,WNT7A
GO_Biological_Process_2023,Long-Chain Fatty Acid Biosynthetic Process (GO:0042759),1/25,0.7668779786830012,0.960650144602903,0,0,0.6948746312684366,0.1844388913232539,FADS1
GO_Biological_Process_2023,Myotube Differentiation (GO:0014902),1/25,0.7668779786830012,0.960650144602903,0,0,0.6948746312684366,0.1844388913232539,MYEF2
GO_Biological_Process_2023,Negative Regulation Of TORC1 Signaling (GO:1904262),1/25,0.7668779786830012,0.960650144602903,0,0,0.6948746312684366,0.1844388913232539,DEPTOR
GO_Biological_Process_2023,Negative Regulation Of Intracellular Protein Transport (GO:0090317),1/25,0.7668779786830012,0.960650144602903,0,0,0.6948746312684366,0.1844388913232539,DMTN
GO_Biological_Process_2023,Negative Regulation Of Intrinsic Apoptotic Signaling Pathway In Response To DNA Damage (GO:1902230),1/25,0.7668779786830012,0.960650144602903,0,0,0.6948746312684366,0.1844388913232539,MUC1
GO_Biological_Process_2023,Negative Regulation Of Protein Transport (GO:0051224),1/25,0.7668779786830012,0.960650144602903,0,0,0.6948746312684366,0.1844388913232539,PKDCC
GO_Biological_Process_2023,Negative Regulation Of Signaling Receptor Activity (GO:2000272),1/25,0.7668779786830012,0.960650144602903,0,0,0.6948746312684366,0.1844388913232539,GPRC5A
GO_Biological_Process_2023,Negative Regulation Of Telomere Maintenance Via Telomere Lengthening (GO:1904357),1/25,0.7668779786830012,0.960650144602903,0,0,0.6948746312684366,0.1844388913232539,SLX1A
GO_Biological_Process_2023,Osteoclast Differentiation (GO:0030316),1/25,0.7668779786830012,0.960650144602903,0,0,0.6948746312684366,0.1844388913232539,EFNA2
GO_Biological_Process_2023,Peptide Hormone Secretion (GO:0030072),1/25,0.7668779786830012,0.960650144602903,0,0,0.6948746312684366,0.1844388913232539,RIMS2
GO_Biological_Process_2023,Purine Nucleoside Bisphosphate Metabolic Process (GO:0034032),1/25,0.7668779786830012,0.960650144602903,0,0,0.6948746312684366,0.1844388913232539,ACSM3
GO_Biological_Process_2023,Regulation Of B Cell Activation (GO:0050864),1/25,0.7668779786830012,0.960650144602903,0,0,0.6948746312684366,0.1844388913232539,FOXJ1
GO_Biological_Process_2023,Regulation Of Biomineral Tissue Development (GO:0070167),1/25,0.7668779786830012,0.960650144602903,0,0,0.6948746312684366,0.1844388913232539,ENPP1
GO_Biological_Process_2023,Negative Regulation Of Cell Motility (GO:2000146),6/133,0.7697246756457883,0.9638033716883264,0,0,0.7870656167979002,0.2059926960247325,PTPRU;SHH;CLDN3;SRGAP1;MAPK15;SCAI
GO_Biological_Process_2023,Positive Regulation Of Neuron Projection Development (GO:0010976),4/92,0.7711639517193505,0.9644084742865676,0,0,0.7574816487859967,0.1968348483682032,LTK;MDK;COBL;ZDHHC15
GO_Biological_Process_2023,Myeloid Leukocyte Differentiation (GO:0002573),3/71,0.7730906524312683,0.9644084742865676,0,0,0.7353332290362954,0.1892445978359562,EFNA2;MT1G;F2RL1
GO_Biological_Process_2023,Negative Regulation Of Cellular Response To Growth Factor Stimulus (GO:0090288),3/71,0.7730906524312683,0.9644084742865676,0,0,0.7353332290362954,0.1892445978359562,CREB3L1;CAPN5;SMAD6
GO_Biological_Process_2023,Negative Regulation Of Supramolecular Fiber Organization (GO:1902904),3/71,0.7730906524312683,0.9644084742865676,0,0,0.7353332290362954,0.1892445978359562,PLEKHH2;MAP2;TRIM54
GO_Biological_Process_2023,Heterophilic Cell-Cell Adhesion Via Plasma Membrane Cell Adhesion Molecules (GO:0007157),2/49,0.7731753409237611,0.9644084742865676,0,0,0.7094208770706518,0.1824981122778847,GRID2;CEACAM6
GO_Biological_Process_2023,Intrinsic Apoptotic Signaling Pathway In Response To DNA Damage (GO:0008630),2/49,0.7731753409237611,0.9644084742865676,0,0,0.7094208770706518,0.1824981122778847,E2F1;BRCA1
GO_Biological_Process_2023,Negative Regulation Of DNA Metabolic Process (GO:0051053),2/49,0.7731753409237611,0.9644084742865676,0,0,0.7094208770706518,0.1824981122778847,H1-1;H1-0
GO_Biological_Process_2023,Negative Regulation Of Cysteine-Type Endopeptidase Activity Involved In Apoptotic Process (GO:0043154),2/49,0.7731753409237611,0.9644084742865676,0,0,0.7094208770706518,0.1824981122778847,SH3RF1;PAX2
GO_Biological_Process_2023,Positive Regulation Of miRNA Metabolic Process (GO:2000630),2/49,0.7731753409237611,0.9644084742865676,0,0,0.7094208770706518,0.1824981122778847,MYCN;MYB
GO_Biological_Process_2023,Regulation Of Cytoskeleton Organization (GO:0051493),5/114,0.779193478611609,0.9651973454527122,0,0,0.7642544038326788,0.1906783372769057,ARHGAP44;CAMSAP3;PRKAA2;DMTN;SMIM22
GO_Biological_Process_2023,Cellular Response To Growth Factor Stimulus (GO:0071363),7/155,0.7799327355138208,0.9651973454527122,0,0,0.7877693084543619,0.1957981706059038,VIL1;WNT10A;SEMA6A;MT1G;WNT7A;SOX6;BMPR1B
GO_Biological_Process_2023,L-amino Acid Transport (GO:0015807),1/26,0.7800774443248587,0.9651973454527122,0,0,0.6670442477876106,0.1656684945854371,SLC6A20
GO_Biological_Process_2023,Acute Inflammatory Response (GO:0002526),1/26,0.7800774443248587,0.9651973454527122,0,0,0.6670442477876106,0.1656684945854371,VNN1
GO_Biological_Process_2023,cAMP-mediated Signaling (GO:0019933),1/26,0.7800774443248587,0.9651973454527122,0,0,0.6670442477876106,0.1656684945854371,ADGRG6
GO_Biological_Process_2023,Regulation Of Potassium Ion Transmembrane Transporter Activity (GO:1901016),1/26,0.7800774443248587,0.9651973454527122,0,0,0.6670442477876106,0.1656684945854371,CACNA1D
GO_Biological_Process_2023,Cellular Response To Xenobiotic Stimulus (GO:0071466),1/26,0.7800774443248587,0.9651973454527122,0,0,0.6670442477876106,0.1656684945854371,VAV2
GO_Biological_Process_2023,Mitotic G1 DNA Damage Checkpoint Signaling (GO:0031571),1/26,0.7800774443248587,0.9651973454527122,0,0,0.6670442477876106,0.1656684945854371,MUC1
GO_Biological_Process_2023,Negative Regulation Of Protein Polymerization (GO:0032272),1/26,0.7800774443248587,0.9651973454527122,0,0,0.6670442477876106,0.1656684945854371,MAP2
GO_Biological_Process_2023,Negative Regulation Of Receptor-Mediated Endocytosis (GO:0048261),1/26,0.7800774443248587,0.9651973454527122,0,0,0.6670442477876106,0.1656684945854371,PCSK9
GO_Biological_Process_2023,Nuclear Membrane Organization (GO:0071763),1/26,0.7800774443248587,0.9651973454527122,0,0,0.6670442477876106,0.1656684945854371,GPER1
GO_Biological_Process_2023,Plasma Membrane Invagination (GO:0099024),1/26,0.7800774443248587,0.9651973454527122,0,0,0.6670442477876106,0.1656684945854371,SPIRE2
GO_Biological_Process_2023,Positive Regulation Of Adenylate Cyclase Activity (GO:0045762),1/26,0.7800774443248587,0.9651973454527122,0,0,0.6670442477876106,0.1656684945854371,CACNA1D
GO_Biological_Process_2023,Positive Regulation Of Microtubule Polymerization Or Depolymerization (GO:0031112),1/26,0.7800774443248587,0.9651973454527122,0,0,0.6670442477876106,0.1656684945854371,OCLN
GO_Biological_Process_2023,Positive Regulation Of Monooxygenase Activity (GO:0032770),1/26,0.7800774443248587,0.9651973454527122,0,0,0.6670442477876106,0.1656684945854371,DHFR
GO_Biological_Process_2023,Protein Export From Nucleus (GO:0006611),1/26,0.7800774443248587,0.9651973454527122,0,0,0.6670442477876106,0.1656684945854371,RANBP17
GO_Biological_Process_2023,Protein Localization To Cell Surface (GO:0034394),1/26,0.7800774443248587,0.9651973454527122,0,0,0.6670442477876106,0.1656684945854371,PTPRU
GO_Biological_Process_2023,Regulation Of Actin Filament Bundle Assembly (GO:0032231),1/26,0.7800774443248587,0.9651973454527122,0,0,0.6670442477876106,0.1656684945854371,VIL1
GO_Biological_Process_2023,Regulation Of Cardiac Muscle Cell Contraction (GO:0086004),1/26,0.7800774443248587,0.9651973454527122,0,0,0.6670442477876106,0.1656684945854371,DSG2
GO_Biological_Process_2023,Regulation Of Cellular Localization (GO:0060341),3/72,0.7811924424593714,0.9657598876558164,0,0,0.7246376811594203,0.1789375031141791,MAP2;WWC1;WDPCP
GO_Biological_Process_2023,Protein Targeting To Membrane (GO:0006612),3/72,0.7811924424593714,0.9657598876558164,0,0,0.7246376811594203,0.1789375031141791,RAB3IP;ZDHHC23;ZDHHC15
GO_Biological_Process_2023,Dicarboxylic Acid Metabolic Process (GO:0043648),2/50,0.782765395233755,0.9660712156365964,0,0,0.6946043696486567,0.1701240656525449,DHFR;ADHFE1
GO_Biological_Process_2023,Nucleocytoplasmic Transport (GO:0006913),2/50,0.782765395233755,0.9660712156365964,0,0,0.6946043696486567,0.1701240656525449,NDC1;NUP43
GO_Biological_Process_2023,Pyruvate Metabolic Process (GO:0006090),2/50,0.782765395233755,0.9660712156365964,0,0,0.6946043696486567,0.1701240656525449,LDHC;HKDC1
GO_Biological_Process_2023,Regulation Of TORC1 Signaling (GO:1903432),2/50,0.782765395233755,0.9660712156365964,0,0,0.6946043696486567,0.1701240656525449,DEPTOR;GPR137C
GO_Biological_Process_2023,Positive Regulation Of Hydrolase Activity (GO:0051345),8/176,0.784512984628482,0.9678196879115604,0,0,0.7929864733070432,0.1924515964699469,DOCK6;ARHGAP11B;F2RL1;RGL3;CTSV;RGS11;RAP1GAP;RALGPS1
GO_Biological_Process_2023,Regulation Of Release Of Sequestered Calcium Ion Into Cytosol (GO:0051279),2/51,0.7919973728290389,0.9687215800982464,0,0,0.6803926176316408,0.1586656562636808,GPER1;FKBP1B
GO_Biological_Process_2023,Regulation Of Telomere Maintenance Via Telomerase (GO:0032210),2/51,0.7919973728290389,0.9687215800982464,0,0,0.6803926176316408,0.1586656562636808,NEK2;MAPK15
GO_Biological_Process_2023,Sensory Perception (GO:0007600),2/51,0.7919973728290389,0.9687215800982464,0,0,0.6803926176316408,0.1586656562636808,CHRNA7;USH1C
GO_Biological_Process_2023,Positive Regulation Of Epithelial Cell Migration (GO:0010634),4/95,0.7923078760591568,0.9687215800982464,0,0,0.732392718195735,0.1705048554344711,VIL1;EPB41L4B;FOXC2;PRKCA
GO_Biological_Process_2023,Activation Of Phospholipase C Activity (GO:0007202),1/27,0.7925301679231124,0.9687215800982464,0,0,0.641354663036079,0.1491308052179584,ANG
GO_Biological_Process_2023,Regulation Of Mitochondrial Fission (GO:0090140),1/27,0.7925301679231124,0.9687215800982464,0,0,0.641354663036079,0.1491308052179584,MCU
GO_Biological_Process_2023,Regulation Of Peptidase Activity (GO:0052547),1/27,0.7925301679231124,0.9687215800982464,0,0,0.641354663036079,0.1491308052179584,CTSV
GO_Biological_Process_2023,Cardiac Muscle Cell Differentiation (GO:0055007),1/27,0.7925301679231124,0.9687215800982464,0,0,0.641354663036079,0.1491308052179584,ALPK3
GO_Biological_Process_2023,Cellular Response To Epidermal Growth Factor Stimulus (GO:0071364),1/27,0.7925301679231124,0.9687215800982464,0,0,0.641354663036079,0.1491308052179584,VIL1
GO_Biological_Process_2023,Regulation Of Transcription Regulatory Region DNA Binding (GO:2000677),1/27,0.7925301679231124,0.9687215800982464,0,0,0.641354663036079,0.1491308052179584,H1-0
GO_Biological_Process_2023,Chaperone Cofactor-Dependent Protein Refolding (GO:0051085),1/27,0.7925301679231124,0.9687215800982464,0,0,0.641354663036079,0.1491308052179584,DNAJB13
GO_Biological_Process_2023,Establishment Of Protein Localization To Vacuole (GO:0072666),1/27,0.7925301679231124,0.9687215800982464,0,0,0.641354663036079,0.1491308052179584,CACNG4
GO_Biological_Process_2023,Glycerophospholipid Catabolic Process (GO:0046475),1/27,0.7925301679231124,0.9687215800982464,0,0,0.641354663036079,0.1491308052179584,PLA2G10
GO_Biological_Process_2023,Ventricular Septum Morphogenesis (GO:0060412),1/27,0.7925301679231124,0.9687215800982464,0,0,0.641354663036079,0.1491308052179584,ROBO2
GO_Biological_Process_2023,Microtubule Polymerization Or Depolymerization (GO:0031109),1/27,0.7925301679231124,0.9687215800982464,0,0,0.641354663036079,0.1491308052179584,KIF24
GO_Biological_Process_2023,Negative Regulation Of Notch Signaling Pathway (GO:0045746),1/27,0.7925301679231124,0.9687215800982464,0,0,0.641354663036079,0.1491308052179584,TSPAN15
GO_Biological_Process_2023,Phospholipid Biosynthetic Process (GO:0008654),1/27,0.7925301679231124,0.9687215800982464,0,0,0.641354663036079,0.1491308052179584,FADS1
GO_Biological_Process_2023,Positive Regulation Of TORC1 Signaling (GO:1904263),1/27,0.7925301679231124,0.9687215800982464,0,0,0.641354663036079,0.1491308052179584,GPR137C
GO_Biological_Process_2023,Positive Regulation Of Cytosolic Calcium Ion Concentration Involved In Phospholipase C-activating G Protein-Coupled Signaling Pathway (GO:0051482),1/27,0.7925301679231124,0.9687215800982464,0,0,0.641354663036079,0.1491308052179584,F2RL1
GO_Biological_Process_2023,Positive Regulation Of Filopodium Assembly (GO:0051491),1/27,0.7925301679231124,0.9687215800982464,0,0,0.641354663036079,0.1491308052179584,MYO3A
GO_Biological_Process_2023,Positive Regulation Of Mitotic Cell Cycle (GO:0045931),1/27,0.7925301679231124,0.9687215800982464,0,0,0.641354663036079,0.1491308052179584,PRKCA
GO_Biological_Process_2023,Positive Regulation Of Nitric Oxide Biosynthetic Process (GO:0045429),1/27,0.7925301679231124,0.9687215800982464,0,0,0.641354663036079,0.1491308052179584,DDAH1
GO_Biological_Process_2023,Peptidyl-Serine Phosphorylation (GO:0018105),7/158,0.7962182117761358,0.9713105708813612,0,0,0.771994532299498,0.1759236543879249,PKN3;MYO3A;PRKCA;CDC7;CLSPN;STK32B;TTBK1
GO_Biological_Process_2023,Regulation Of mRNA Stability (GO:0043488),3/74,0.7966794911457694,0.9713105708813612,0,0,0.7041504345220257,0.1600553831198081,E2F1;IGF2BP1;PRKCA
GO_Biological_Process_2023,Adenylate Cyclase-Inhibiting G Protein-Coupled Receptor Signaling Pathway (GO:0007193),2/52,0.8008810621324423,0.9713105708813612,0,0,0.6667493356953056,0.1480469091750865,GPR37;ADCY6
GO_Biological_Process_2023,Regulation Of Protein Localization To Nucleus (GO:1900180),2/52,0.8008810621324423,0.9713105708813612,0,0,0.6667493356953056,0.1480469091750865,CARD10;SHH
GO_Biological_Process_2023,Regulation Of Proteolysis (GO:0030162),2/52,0.8008810621324423,0.9713105708813612,0,0,0.6667493356953056,0.1480469091750865,SHH;FGFR4
GO_Biological_Process_2023,Positive Regulation Of Transcription Initiation By RNA Polymerase II (GO:0060261),2/52,0.8008810621324423,0.9713105708813612,0,0,0.6667493356953056,0.1480469091750865,HNF1B;HNF1A
GO_Biological_Process_2023,Regulation Of Inflammatory Response (GO:0050727),11/240,0.8035145911966852,0.9713105708813612,0,0,0.7994385527136619,0.1748851253657536,LGALS2;PROC;CAMK2N1;MDK;GPER1;NAPEPLD;IGF2BP1;CCN3;FBXL2;SMPDL3B;MGLL
GO_Biological_Process_2023,Negative Regulation Of Phosphorylation (GO:0042326),3/75,0.8040731183758133,0.9713105708813612,0,0,0.6943336288416075,0.15140991185215,OCLN;CDKN2A;ZBED3
GO_Biological_Process_2023,Regulation Of DNA Replication (GO:0006275),3/75,0.8040731183758133,0.9713105708813612,0,0,0.6943336288416075,0.15140991185215,CDT1;ATAD5;DNA2
GO_Biological_Process_2023,Regulation Of Chromosome Segregation (GO:0051983),1/28,0.8042783598887715,0.9713105708813612,0,0,0.6175680104883645,0.1345123963196205,RMI2
GO_Biological_Process_2023,Golgi To Plasma Membrane Protein Transport (GO:0043001),1/28,0.8042783598887715,0.9713105708813612,0,0,0.6175680104883645,0.1345123963196205,BBS1
GO_Biological_Process_2023,RNA Phosphodiester Bond Hydrolysis (GO:0090501),1/28,0.8042783598887715,0.9713105708813612,0,0,0.6175680104883645,0.1345123963196205,NYNRIN
GO_Biological_Process_2023,Regulation Of Platelet Activation (GO:0010543),1/28,0.8042783598887715,0.9713105708813612,0,0,0.6175680104883645,0.1345123963196205,PRKCA
GO_Biological_Process_2023,Regulation Of Protein Localization To Membrane (GO:1905475),1/28,0.8042783598887715,0.9713105708813612,0,0,0.6175680104883645,0.1345123963196205,PDZK1
GO_Biological_Process_2023,Sterol Biosynthetic Process (GO:0016126),1/28,0.8042783598887715,0.9713105708813612,0,0,0.6175680104883645,0.1345123963196205,NPC1L1
GO_Biological_Process_2023,Fatty Acid Derivative Biosynthetic Process (GO:1901570),1/28,0.8042783598887715,0.9713105708813612,0,0,0.6175680104883645,0.1345123963196205,GGT6
GO_Biological_Process_2023,Vascular Endothelial Growth Factor Receptor Signaling Pathway (GO:0048010),1/28,0.8042783598887715,0.9713105708813612,0,0,0.6175680104883645,0.1345123963196205,VAV2
GO_Biological_Process_2023,Hematopoietic Progenitor Cell Differentiation (GO:0002244),1/28,0.8042783598887715,0.9713105708813612,0,0,0.6175680104883645,0.1345123963196205,SHH
GO_Biological_Process_2023,Membrane Fusion (GO:0061025),1/28,0.8042783598887715,0.9713105708813612,0,0,0.6175680104883645,0.1345123963196205,DPP4
GO_Biological_Process_2023,Negative Regulation Of Cation Channel Activity (GO:2001258),1/28,0.8042783598887715,0.9713105708813612,0,0,0.6175680104883645,0.1345123963196205,FKBP1B
GO_Biological_Process_2023,Negative Regulation Of Cytoskeleton Organization (GO:0051494),1/28,0.8042783598887715,0.9713105708813612,0,0,0.6175680104883645,0.1345123963196205,PLEKHH2
GO_Biological_Process_2023,Phospholipid Catabolic Process (GO:0009395),1/28,0.8042783598887715,0.9713105708813612,0,0,0.6175680104883645,0.1345123963196205,SMPD3
GO_Biological_Process_2023,Positive Regulation Of mRNA Processing (GO:0050685),1/28,0.8042783598887715,0.9713105708813612,0,0,0.6175680104883645,0.1345123963196205,CELF4
GO_Biological_Process_2023,Positive Regulation Of Nitric Oxide Metabolic Process (GO:1904407),1/28,0.8042783598887715,0.9713105708813612,0,0,0.6175680104883645,0.1345123963196205,DDAH1
GO_Biological_Process_2023,Protein Localization To Golgi Apparatus (GO:0034067),1/28,0.8042783598887715,0.9713105708813612,0,0,0.6175680104883645,0.1345123963196205,ZDHHC15
GO_Biological_Process_2023,Pyroptosis (GO:0070269),1/28,0.8042783598887715,0.9713105708813612,0,0,0.6175680104883645,0.1345123963196205,IGF2BP1
GO_Biological_Process_2023,"Regulation Of DNA Damage Response, Signal Transduction By P53 Class Mediator (GO:0043516)",1/28,0.8042783598887715,0.9713105708813612,0,0,0.6175680104883645,0.1345123963196205,PLA2R1
GO_Biological_Process_2023,Regulation Of Bone Resorption (GO:0045124),1/28,0.8042783598887715,0.9713105708813612,0,0,0.6175680104883645,0.1345123963196205,PRKCA
GO_Biological_Process_2023,Regulation Of Cardiac Muscle Cell Action Potential (GO:0098901),1/28,0.8042783598887715,0.9713105708813612,0,0,0.6175680104883645,0.1345123963196205,DSG2
GO_Biological_Process_2023,Regulation Of Defense Response (GO:0031347),4/97,0.8055124322613498,0.9719982938797228,0,0,0.7165660092929177,0.1549764904530844,GATA6;IGF2BP1;FBXL2;MGLL
GO_Biological_Process_2023,Regulation Of Protein Localization (GO:0032880),4/97,0.8055124322613498,0.9719982938797228,0,0,0.7165660092929177,0.1549764904530844,SHH;PRKAA2;MAP2;WDPCP
GO_Biological_Process_2023,Regulation Of Cyclin-Dependent Protein Kinase Activity (GO:1904029),2/53,0.8094262904089031,0.9751119849448276,0,0,0.6536410844231404,0.1381990506115461,CDKN2A;TTBK1
GO_Biological_Process_2023,Glycoprotein Metabolic Process (GO:0009100),2/53,0.8094262904089031,0.9751119849448276,0,0,0.6536410844231404,0.1381990506115461,PCSK6;LARGE1
GO_Biological_Process_2023,Negative Regulation Of Cysteine-Type Endopeptidase Activity (GO:2000117),2/53,0.8094262904089031,0.9751119849448276,0,0,0.6536410844231404,0.1381990506115461,SH3RF1;PAX2
GO_Biological_Process_2023,Positive Regulation Of Chemokine Production (GO:0032722),2/53,0.8094262904089031,0.9751119849448276,0,0,0.6536410844231404,0.1381990506115461,C5;F2RL1
GO_Biological_Process_2023,Phosphatidylinositol Biosynthetic Process (GO:0006661),4/98,0.8118543558417741,0.9770312996253364,0,0,0.7089052087069796,0.1477601748626282,PGAP4;ITPKA;PIP5K1B;PIGM
GO_Biological_Process_2023,Alpha-Amino Acid Catabolic Process (GO:1901606),1/29,0.8153618469693834,0.9770312996253364,0,0,0.595480404551201,0.1215514135084355,FANCA
GO_Biological_Process_2023,Carbohydrate Derivative Biosynthetic Process (GO:1901137),1/29,0.8153618469693834,0.9770312996253364,0,0,0.595480404551201,0.1215514135084355,LARGE1
GO_Biological_Process_2023,Cardiac Muscle Cell Action Potential (GO:0086001),1/29,0.8153618469693834,0.9770312996253364,0,0,0.595480404551201,0.1215514135084355,CACNA1D
GO_Biological_Process_2023,Regulation Of Spindle Assembly (GO:0090169),1/29,0.8153618469693834,0.9770312996253364,0,0,0.595480404551201,0.1215514135084355,STIL
GO_Biological_Process_2023,Response To Steroid Hormone (GO:0048545),1/29,0.8153618469693834,0.9770312996253364,0,0,0.595480404551201,0.1215514135084355,SOX30
GO_Biological_Process_2023,Establishment Of Mitotic Spindle Orientation (GO:0000132),1/29,0.8153618469693834,0.9770312996253364,0,0,0.595480404551201,0.1215514135084355,MISP
GO_Biological_Process_2023,Glycolytic Process (GO:0006096),1/29,0.8153618469693834,0.9770312996253364,0,0,0.595480404551201,0.1215514135084355,HKDC1
GO_Biological_Process_2023,mRNA Splice Site Recognition (GO:0006376),1/29,0.8153618469693834,0.9770312996253364,0,0,0.595480404551201,0.1215514135084355,CELF4
GO_Biological_Process_2023,Organic Cyclic Compound Biosynthetic Process (GO:1901362),1/29,0.8153618469693834,0.9770312996253364,0,0,0.595480404551201,0.1215514135084355,MOCOS
GO_Biological_Process_2023,Positive Regulation Of Endopeptidase Activity (GO:0010950),1/29,0.8153618469693834,0.9770312996253364,0,0,0.595480404551201,0.1215514135084355,TTBK1
GO_Biological_Process_2023,Positive Regulation Of Microtubule Polymerization (GO:0031116),1/29,0.8153618469693834,0.9770312996253364,0,0,0.595480404551201,0.1215514135084355,OCLN
GO_Biological_Process_2023,Positive Regulation Of Neural Precursor Cell Proliferation (GO:2000179),1/29,0.8153618469693834,0.9770312996253364,0,0,0.595480404551201,0.1215514135084355,MDK
GO_Biological_Process_2023,Regulation Of Macromolecule Metabolic Process (GO:0060255),7/162,0.8164893566286522,0.9773622590584432,0,0,0.7519113764206176,0.1524435666476462,SHH;TMPRSS4;IHH;IGF2BP1;YBX2;IGF2BP3;POU5F1
GO_Biological_Process_2023,Regulation Of Focal Adhesion Assembly (GO:0051893),2/54,0.8176428881764138,0.9773622590584432,0,0,0.6410369966614431,0.1290597251513183,CAMSAP3;DMTN
GO_Biological_Process_2023,Epidermal Cell Differentiation (GO:0009913),2/54,0.8176428881764138,0.9773622590584432,0,0,0.6410369966614431,0.1290597251513183,GATA6;AKR1C3
GO_Biological_Process_2023,Negative Regulation Of TOR Signaling (GO:0032007),2/54,0.8176428881764138,0.9773622590584432,0,0,0.6410369966614431,0.1290597251513183,DEPTOR;PRKAA2
GO_Biological_Process_2023,Nucleosome Assembly (GO:0006334),2/54,0.8176428881764138,0.9773622590584432,0,0,0.6410369966614431,0.1290597251513183,CHAF1B;ASF1B
GO_Biological_Process_2023,Regulation Of Blood Vessel Endothelial Cell Migration (GO:0043535),2/54,0.8176428881764138,0.9773622590584432,0,0,0.6410369966614431,0.1290597251513183,FGF18;PRKCA
GO_Biological_Process_2023,Positive Regulation Of Endothelial Cell Proliferation (GO:0001938),3/77,0.8181824273382853,0.9775468446427944,0,0,0.6754959746981024,0.1355517441013883,MDK;PRKCA;ANG
GO_Biological_Process_2023,Nitrogen Compound Transport (GO:0071705),7/163,0.8213046284980107,0.9775468446427944,0,0,0.747051510174286,0.1470654512837276,NDC1;SLC22A3;SLC6A14;FLVCR1;SLC3A1;SLC6A20;SLC29A2
GO_Biological_Process_2023,Antimicrobial Humoral Response (GO:0019730),4/100,0.8240302457232551,0.9775468446427944,0,0,0.6940624075717243,0.1343344212408371,RARRES2;REG1A;PRSS3;CXCL5
GO_Biological_Process_2023,Positive Regulation Of Protein Modification Process (GO:0031401),10/225,0.8243897054527187,0.9775468446427944,0,0,0.7739767234404498,0.1494641290591691,CLDN3;FAM161A;ERBB4;CHRNA7;RARRES2;GPER1;FGF18;FAM47E;ALG10B;MOB3B
GO_Biological_Process_2023,Negative Regulation Of Protein Modification Process (GO:0031400),3/78,0.8249071423901109,0.9775468446427944,0,0,0.6664539007092198,0.128282014968165,OCLN;PRKAA2;ZBED3
GO_Biological_Process_2023,"Regulation Of Synaptic Transmission, Glutamatergic (GO:0051966)",2/55,0.8255406574004462,0.9775468446427944,0,0,0.6289085348530173,0.1205723097746595,CACNG4;GRIN2D
GO_Biological_Process_2023,Purine Ribonucleotide Biosynthetic Process (GO:0009152),2/55,0.8255406574004462,0.9775468446427944,0,0,0.6289085348530173,0.1205723097746595,NPR1;ADCY6
GO_Biological_Process_2023,Regulation Of Macrophage Derived Foam Cell Differentiation (GO:0010743),1/30,0.8258182061922545,0.9775468446427944,0,0,0.5749160817821178,0.1100277956275126,PLA2G10
GO_Biological_Process_2023,Artery Morphogenesis (GO:0048844),1/30,0.8258182061922545,0.9775468446427944,0,0,0.5749160817821178,0.1100277956275126,FOLR1
GO_Biological_Process_2023,Regulation Of Potassium Ion Transport (GO:0043266),1/30,0.8258182061922545,0.9775468446427944,0,0,0.5749160817821178,0.1100277956275126,CACNA1D
GO_Biological_Process_2023,Cardiac Muscle Cell Action Potential Involved In Contraction (GO:0086002),1/30,0.8258182061922545,0.9775468446427944,0,0,0.5749160817821178,0.1100277956275126,CACNA1D
GO_Biological_Process_2023,Regulation Of Vasculature Development (GO:1901342),1/30,0.8258182061922545,0.9775468446427944,0,0,0.5749160817821178,0.1100277956275126,TSPAN12
GO_Biological_Process_2023,Response To Epidermal Growth Factor (GO:0070849),1/30,0.8258182061922545,0.9775468446427944,0,0,0.5749160817821178,0.1100277956275126,VIL1
GO_Biological_Process_2023,Negative Regulation Of Blood Coagulation (GO:0030195),1/30,0.8258182061922545,0.9775468446427944,0,0,0.5749160817821178,0.1100277956275126,PROC
GO_Biological_Process_2023,Negative Regulation Of Calcium Ion Transmembrane Transporter Activity (GO:1901020),1/30,0.8258182061922545,0.9775468446427944,0,0,0.5749160817821178,0.1100277956275126,FKBP1B
GO_Biological_Process_2023,Negative Regulation Of Carbohydrate Metabolic Process (GO:0045912),1/30,0.8258182061922545,0.9775468446427944,0,0,0.5749160817821178,0.1100277956275126,ERFE
GO_Biological_Process_2023,Negative Regulation Of Myeloid Leukocyte Differentiation (GO:0002762),1/30,0.8258182061922545,0.9775468446427944,0,0,0.5749160817821178,0.1100277956275126,LRRC17
GO_Biological_Process_2023,Negative Regulation Of Peptidyl-Tyrosine Phosphorylation (GO:0050732),1/30,0.8258182061922545,0.9775468446427944,0,0,0.5749160817821178,0.1100277956275126,DMTN
GO_Biological_Process_2023,Positive Regulation Of JUN Kinase Activity (GO:0043507),1/30,0.8258182061922545,0.9775468446427944,0,0,0.5749160817821178,0.1100277956275126,DUSP19
GO_Biological_Process_2023,Positive Regulation Of Lipid Kinase Activity (GO:0090218),1/30,0.8258182061922545,0.9775468446427944,0,0,0.5749160817821178,0.1100277956275126,EEF1A2
GO_Biological_Process_2023,Positive Regulation Of Phosphate Metabolic Process (GO:0045937),1/30,0.8258182061922545,0.9775468446427944,0,0,0.5749160817821178,0.1100277956275126,ANG
GO_Biological_Process_2023,Positive Regulation Of Protein Targeting To Mitochondrion (GO:1903955),1/30,0.8258182061922545,0.9775468446427944,0,0,0.5749160817821178,0.1100277956275126,FZD5
GO_Biological_Process_2023,Prostaglandin Metabolic Process (GO:0006693),1/30,0.8258182061922545,0.9775468446427944,0,0,0.5749160817821178,0.1100277956275126,AKR1C3
GO_Biological_Process_2023,Regulation Of Arp2/3 Complex-Mediated Actin Nucleation (GO:0034315),1/30,0.8258182061922545,0.9775468446427944,0,0,0.5749160817821178,0.1100277956275126,CARMIL1
GO_Biological_Process_2023,Visual Perception (GO:0007601),4/101,0.8298695530832916,0.9797084005331288,0,0,0.6868705348567038,0.1280922574960985,E2F1;PAX6;NXNL2;PAX2
GO_Biological_Process_2023,Response To Insulin (GO:0032868),3/79,0.8314180441140827,0.9797084005331288,0,0,0.6576497760358343,0.1214169780737405,PCSK9;ENPP1;ZBED3
GO_Biological_Process_2023,Positive Regulation Of Protein Modification By Small Protein Conjugation Or Removal (GO:1903322),3/79,0.8314180441140827,0.9797084005331288,0,0,0.6576497760358343,0.1214169780737405,FANCI;BRCA1;INAVA
GO_Biological_Process_2023,RNA Polymerase II Preinitiation Complex Assembly (GO:0051123),2/56,0.8331293434169857,0.9797084005331288,0,0,0.6172292753337926,0.1126853111311044,TAF7L;ESR1
GO_Biological_Process_2023,Cellular Response To Peptide (GO:1901653),2/56,0.8331293434169857,0.9797084005331288,0,0,0.6172292753337926,0.1126853111311044,GPER1;TIMELESS
GO_Biological_Process_2023,Peptide Metabolic Process (GO:0006518),2/56,0.8331293434169857,0.9797084005331288,0,0,0.6172292753337926,0.1126853111311044,CPM;MGAT3
GO_Biological_Process_2023,Positive Regulation Of DNA-templated Transcription Initiation (GO:2000144),2/56,0.8331293434169857,0.9797084005331288,0,0,0.6172292753337926,0.1126853111311044,HNF1B;HNF1A
GO_Biological_Process_2023,Positive Regulation Of Cellular Metabolic Process (GO:0031325),2/56,0.8331293434169857,0.9797084005331288,0,0,0.6172292753337926,0.1126853111311044,PAX8;AKR1C3
GO_Biological_Process_2023,Peptidyl-Serine Modification (GO:0018209),7/166,0.8351588280284972,0.9797084005331288,0,0,0.7328386937935047,0.1320086955267992,PKN3;MYO3A;PRKCA;CDC7;CLSPN;STK32B;TTBK1
GO_Biological_Process_2023,Calcium Ion Homeostasis (GO:0055074),4/102,0.835546775328892,0.9797084005331288,0,0,0.6798254350542347,0.1221435205220744,CHRNA7;ATP13A4;TMTC2;TNNI3
GO_Biological_Process_2023,Regulation Of Protein Secretion (GO:0050708),4/102,0.835546775328892,0.9797084005331288,0,0,0.6798254350542347,0.1221435205220744,HNF4A;RFX3;ANG;SYTL4
GO_Biological_Process_2023,Protein Catabolic Process (GO:0030163),4/102,0.835546775328892,0.9797084005331288,0,0,0.6798254350542347,0.1221435205220744,PCSK9;CTSV;SPATA18;DTX4
GO_Biological_Process_2023,Regulation Of Dendrite Morphogenesis (GO:0048814),1/31,0.835682892078686,0.9797084005331288,0,0,0.5557227138643068,0.0997555912345348,SARM1
GO_Biological_Process_2023,Regulation Of Extrinsic Apoptotic Signaling Pathway Via Death Domain Receptors (GO:1902041),1/31,0.835682892078686,0.9797084005331288,0,0,0.5557227138643068,0.0997555912345348,BRCA1
GO_Biological_Process_2023,Regulation Of Gluconeogenesis (GO:0006111),1/31,0.835682892078686,0.9797084005331288,0,0,0.5557227138643068,0.0997555912345348,ERFE
GO_Biological_Process_2023,Regulation Of Long-Term Synaptic Potentiation (GO:1900271),1/31,0.835682892078686,0.9797084005331288,0,0,0.5557227138643068,0.0997555912345348,CHRNA7
GO_Biological_Process_2023,Regulation Of Macrophage Activation (GO:0043030),1/31,0.835682892078686,0.9797084005331288,0,0,0.5557227138643068,0.0997555912345348,PLA2G10
GO_Biological_Process_2023,Cardiac Muscle Tissue Morphogenesis (GO:0055008),1/31,0.835682892078686,0.9797084005331288,0,0,0.5557227138643068,0.0997555912345348,TNNI3
GO_Biological_Process_2023,Triglyceride Homeostasis (GO:0070328),1/31,0.835682892078686,0.9797084005331288,0,0,0.5557227138643068,0.0997555912345348,HNF4A
GO_Biological_Process_2023,Leukocyte Cell-Cell Adhesion (GO:0007159),1/31,0.835682892078686,0.9797084005331288,0,0,0.5557227138643068,0.0997555912345348,NT5E
GO_Biological_Process_2023,Negative Regulation Of Intracellular Steroid Hormone Receptor Signaling Pathway (GO:0033144),1/31,0.835682892078686,0.9797084005331288,0,0,0.5557227138643068,0.0997555912345348,BRCA1
GO_Biological_Process_2023,Positive Regulation Of Rho Protein Signal Transduction (GO:0035025),1/31,0.835682892078686,0.9797084005331288,0,0,0.5557227138643068,0.0997555912345348,F2RL1
GO_Biological_Process_2023,Positive Regulation Of Cholesterol Transport (GO:0032376),1/31,0.835682892078686,0.9797084005331288,0,0,0.5557227138643068,0.0997555912345348,ABCA3
GO_Biological_Process_2023,Positive Regulation Of Extrinsic Apoptotic Signaling Pathway (GO:2001238),1/31,0.835682892078686,0.9797084005331288,0,0,0.5557227138643068,0.0997555912345348,GPER1
GO_Biological_Process_2023,Cellular Response To Lipid (GO:0071396),10/228,0.8362179102515723,0.9799428635760612,0,0,0.763202906971986,0.1365110829589947,LTK;GPER1;PDK4;AKR1C3;RORC;ESR1;CFTR;PAX2;ADCY6;CXCL5
GO_Biological_Process_2023,Negative Regulation Of Protein Serine/Threonine Kinase Activity (GO:0071901),3/80,0.8377198125507541,0.981309752387247,0,0,0.6490743299253937,0.11493262166337,CDKN2A;LRP5;NR2F2
GO_Biological_Process_2023,Regulation Of Transcription Initiation By RNA Polymerase II (GO:0060260),2/57,0.840418609856003,0.9828966148855692,0,0,0.6059747161607215,0.1053518349976472,HNF1B;HNF1A
GO_Biological_Process_2023,Chemokine-Mediated Signaling Pathway (GO:0070098),2/57,0.840418609856003,0.9828966148855692,0,0,0.6059747161607215,0.1053518349976472,TFF2;CXCL5
GO_Biological_Process_2023,Monoatomic Anion Transport (GO:0006820),2/57,0.840418609856003,0.9828966148855692,0,0,0.6059747161607215,0.1053518349976472,ANO4;ANO5
GO_Biological_Process_2023,Myeloid Cell Differentiation (GO:0030099),2/57,0.840418609856003,0.9828966148855692,0,0,0.6059747161607215,0.1053518349976472,MYB;FLVCR1
GO_Biological_Process_2023,Spindle Assembly (GO:0051225),3/81,0.8438171670983549,0.9839900476916856,0,0,0.6407187670485542,0.1088064987025909,ARHGEF10;NEK2;MISP
GO_Biological_Process_2023,'De Novo' Post-Translational Protein Folding (GO:0051084),1/32,0.8449893564698605,0.9839900476916856,0,0,0.5377676277476449,0.0905768724593248,DNAJB13
GO_Biological_Process_2023,NIK/NF-kappaB Signaling (GO:0038061),1/32,0.8449893564698605,0.9839900476916856,0,0,0.5377676277476449,0.0905768724593248,CARD10
GO_Biological_Process_2023,Regulation Of Transmembrane Transport (GO:0034762),1/32,0.8449893564698605,0.9839900476916856,0,0,0.5377676277476449,0.0905768724593248,OCLN
GO_Biological_Process_2023,Muscle Cell Development (GO:0055001),1/32,0.8449893564698605,0.9839900476916856,0,0,0.5377676277476449,0.0905768724593248,ALPK3
GO_Biological_Process_2023,Negative Regulation Of G1/S Transition Of Mitotic Cell Cycle (GO:2000134),1/32,0.8449893564698605,0.9839900476916856,0,0,0.5377676277476449,0.0905768724593248,E2F7
GO_Biological_Process_2023,Protein Transmembrane Import Into Intracellular Organelle (GO:0044743),1/32,0.8449893564698605,0.9839900476916856,0,0,0.5377676277476449,0.0905768724593248,PAM16
GO_Biological_Process_2023,Regulation Of Calcium Ion Transmembrane Transporter Activity (GO:1901019),1/32,0.8449893564698605,0.9839900476916856,0,0,0.5377676277476449,0.0905768724593248,FKBP1B
GO_Biological_Process_2023,Response To Organic Cyclic Compound (GO:0014070),2/58,0.8474180169540079,0.9839900476916856,0,0,0.5951221055295457,0.0985291177761969,FGFR4;ESR1
GO_Biological_Process_2023,Positive Regulation Of Type II Interferon Production (GO:0032729),2/58,0.8474180169540079,0.9839900476916856,0,0,0.5951221055295457,0.0985291177761969,FZD5;F2RL1
GO_Biological_Process_2023,Defense Response To Symbiont (GO:0140546),6/148,0.848994060396835,0.9839900476916856,0,0,0.7033615023474178,0.1151424504029201,AGBL5;SLFN13;PLA2G10;IGF2BP1;F2RL1;TRIM31
GO_Biological_Process_2023,Intrinsic Apoptotic Signaling Pathway (GO:0097193),4/105,0.8516344249589829,0.9839900476916856,0,0,0.6595271772075166,0.1059186947688585,ERN2;TMEM238L;E2F1;BRCA1
GO_Biological_Process_2023,Chemical Synaptic Transmission (GO:0007268),12/273,0.8519082859201461,0.9839900476916856,0,0,0.7645578461886126,0.122540581916486,GABRP;NQO1;GRID2;DOC2A;CHRNA5;GLRB;CHRNA7;RIMBP2;CDHR3;PCDHB9;CPLX1;GRIN2D
GO_Biological_Process_2023,Negative Regulation Of DNA-binding Transcription Factor Activity (GO:0043433),6/149,0.8533778863161983,0.9839900476916856,0,0,0.6984055944055944,0.1107341772041045,CDKN2A;PLA2G10;E2F1;FOXJ1;ESR1;FOXA2
GO_Biological_Process_2023,Regulation Of Potassium Ion Transmembrane Transport (GO:1901379),1/33,0.85376916154514,0.9839900476916856,0,0,0.5209347345132743,0.0823568769883929,CACNA1D
GO_Biological_Process_2023,Cardiac Muscle Contraction (GO:0060048),1/33,0.85376916154514,0.9839900476916856,0,0,0.5209347345132743,0.0823568769883929,TNNI3
GO_Biological_Process_2023,Regulation Of Type I Interferon-Mediated Signaling Pathway (GO:0060338),1/33,0.85376916154514,0.9839900476916856,0,0,0.5209347345132743,0.0823568769883929,IGF2BP1
GO_Biological_Process_2023,Signal Transduction By P53 Class Mediator (GO:0072331),1/33,0.85376916154514,0.9839900476916856,0,0,0.5209347345132743,0.0823568769883929,E2F7
GO_Biological_Process_2023,Glycolipid Metabolic Process (GO:0006664),1/33,0.85376916154514,0.9839900476916856,0,0,0.5209347345132743,0.0823568769883929,UGT8
GO_Biological_Process_2023,Ubiquitin-Dependent Protein Catabolic Process Via The Multivesicular Body Sorting Pathway (GO:0043162),1/33,0.85376916154514,0.9839900476916856,0,0,0.5209347345132743,0.0823568769883929,TOM1L1
GO_Biological_Process_2023,Ventricular Cardiac Muscle Tissue Morphogenesis (GO:0055010),1/33,0.85376916154514,0.9839900476916856,0,0,0.5209347345132743,0.0823568769883929,TNNI3
GO_Biological_Process_2023,Negative Regulation Of Blood Vessel Endothelial Cell Migration (GO:0043537),1/33,0.85376916154514,0.9839900476916856,0,0,0.5209347345132743,0.0823568769883929,CARD10
GO_Biological_Process_2023,Negative Regulation Of Small Molecule Metabolic Process (GO:0062014),1/33,0.85376916154514,0.9839900476916856,0,0,0.5209347345132743,0.0823568769883929,ERFE
GO_Biological_Process_2023,Positive Regulation Of DNA Binding (GO:0043388),1/33,0.85376916154514,0.9839900476916856,0,0,0.5209347345132743,0.0823568769883929,H1-0
GO_Biological_Process_2023,Positive Regulation Of T Cell Mediated Cytotoxicity (GO:0001916),1/33,0.85376916154514,0.9839900476916856,0,0,0.5209347345132743,0.0823568769883929,ULBP3
GO_Biological_Process_2023,Positive Regulation Of Chromosome Organization (GO:2001252),1/33,0.85376916154514,0.9839900476916856,0,0,0.5209347345132743,0.0823568769883929,SHCBP1L
GO_Biological_Process_2023,Positive Regulation Of Establishment Of Protein Localization To Mitochondrion (GO:1903749),1/33,0.85376916154514,0.9839900476916856,0,0,0.5209347345132743,0.0823568769883929,FZD5
GO_Biological_Process_2023,Positive Regulation Of Interleukin-12 Production (GO:0032735),1/33,0.85376916154514,0.9839900476916856,0,0,0.5209347345132743,0.0823568769883929,MDK
GO_Biological_Process_2023,Positive Regulation Of Release Of Sequestered Calcium Ion Into Cytosol (GO:0051281),1/33,0.85376916154514,0.9839900476916856,0,0,0.5209347345132743,0.0823568769883929,GPER1
GO_Biological_Process_2023,Protein K63-linked Deubiquitination (GO:0070536),1/33,0.85376916154514,0.9839900476916856,0,0,0.5209347345132743,0.0823568769883929,BRCA1
GO_Biological_Process_2023,Regulation Of G0 To G1 Transition (GO:0070316),1/33,0.85376916154514,0.9839900476916856,0,0,0.5209347345132743,0.0823568769883929,CHEK1
GO_Biological_Process_2023,Regulation Of Activated T Cell Proliferation (GO:0046006),1/33,0.85376916154514,0.9839900476916856,0,0,0.5209347345132743,0.0823568769883929,HHLA2
GO_Biological_Process_2023,Cellular Response To Chemokine (GO:1990869),2/59,0.8541370020817743,0.9839900476916856,0,0,0.5846502882538499,0.0921781124961481,TFF2;CXCL5
GO_Biological_Process_2023,Regulation Of Type I Interferon Production (GO:0032479),2/59,0.8541370020817743,0.9839900476916856,0,0,0.5846502882538499,0.0921781124961481,TRIM15;DTX4
GO_Biological_Process_2023,Transcription Preinitiation Complex Assembly (GO:0070897),2/59,0.8541370020817743,0.9839900476916856,0,0,0.5846502882538499,0.0921781124961481,TAF7L;ESR1
GO_Biological_Process_2023,Glucose Metabolic Process (GO:0006006),2/59,0.8541370020817743,0.9839900476916856,0,0,0.5846502882538499,0.0921781124961481,HKDC1;LRP5
GO_Biological_Process_2023,Heart Morphogenesis (GO:0003007),2/59,0.8541370020817743,0.9839900476916856,0,0,0.5846502882538499,0.0921781124961481,OLFM1;LEFTY1
GO_Biological_Process_2023,Positive Regulation Of Proteolysis (GO:0045862),2/59,0.8541370020817743,0.9839900476916856,0,0,0.5846502882538499,0.0921781124961481,CTSV;FGFR4
GO_Biological_Process_2023,Positive Regulation Of Proteasomal Ubiquitin-Dependent Protein Catabolic Process (GO:0032436),3/83,0.8554176329938471,0.9843023511042496,0,0,0.6246343085106383,0.0975463101549552,DET1;SH3RF2;SH3RF1
GO_Biological_Process_2023,Positive Regulation Of Ubiquitin-Dependent Protein Catabolic Process (GO:2000060),3/83,0.8554176329938471,0.9843023511042496,0,0,0.6246343085106383,0.0975463101549552,DET1;SH3RF2;SH3RF1
GO_Biological_Process_2023,Regulation Of NIK/NF-kappaB Signaling (GO:1901222),3/83,0.8554176329938471,0.9843023511042496,0,0,0.6246343085106383,0.0975463101549552,CCN3;TRIM15;NR3C2
GO_Biological_Process_2023,Neuron Projection Development (GO:0031175),8/192,0.8561754833342574,0.9847869794544644,0,0,0.7234116690541639,0.112331306065722,UNC5A;FLRT3;MAP2;USH1C;WNT7A;NMNAT2;PPP1R9A;MNX1
GO_Biological_Process_2023,Protein Ubiquitination (GO:0016567),20/434,0.8565441403754954,0.9848237463043726,0,0,0.8024715515029763,0.1242622597649736,DET1;UHRF1;FANCA;FANCC;LMO7;FANCB;BRCA1;BRCA2;DTX4;SH3RF1;BSPRY;RNF157;SH3RF2;RAD51;TRIM2;TRIM15;RNF183;FBXL2;TRIM31;TRIM54
GO_Biological_Process_2023,Response To Light Stimulus (GO:0009416),2/60,0.8605848631850025,0.9868893747929418,0,0,0.5745395681255918,0.086263121615325,PCLAF;CPT1B
GO_Biological_Process_2023,protein-DNA Complex Organization (GO:0071824),2/60,0.8605848631850025,0.9868893747929418,0,0,0.5745395681255918,0.086263121615325,L3MBTL1;HMGA2
GO_Biological_Process_2023,Regulation Of Interleukin-1 Beta Production (GO:0032651),3/84,0.8609302691473195,0.9868893747929418,0,0,0.6168899395849751,0.0923741890110832,FZD5;F2RL1;INAVA
GO_Biological_Process_2023,Positive Regulation Of Protein Ubiquitination (GO:0031398),3/84,0.8609302691473195,0.9868893747929418,0,0,0.6168899395849751,0.0923741890110832,FANCI;BRCA1;INAVA
GO_Biological_Process_2023,Regulation Of Metal Ion Transport (GO:0010959),1/34,0.8620520863575952,0.9868893747929418,0,0,0.5051220166264414,0.0749801025906593,NKAIN4
GO_Biological_Process_2023,Cellular Response To Hydrogen Peroxide (GO:0070301),1/34,0.8620520863575952,0.9868893747929418,0,0,0.5051220166264414,0.0749801025906593,PAX2
GO_Biological_Process_2023,Transcription Initiation-Coupled Chromatin Remodeling (GO:0045815),1/34,0.8620520863575952,0.9868893747929418,0,0,0.5051220166264414,0.0749801025906593,FAM47E
GO_Biological_Process_2023,Histone Deubiquitination (GO:0016578),1/34,0.8620520863575952,0.9868893747929418,0,0,0.5051220166264414,0.0749801025906593,BRCA1
GO_Biological_Process_2023,Negative Regulation Of Interleukin-6 Production (GO:0032715),1/34,0.8620520863575952,0.9868893747929418,0,0,0.5051220166264414,0.0749801025906593,FOXJ1
GO_Biological_Process_2023,Positive Regulation Of Neuron Death (GO:1901216),1/34,0.8620520863575952,0.9868893747929418,0,0,0.5051220166264414,0.0749801025906593,PCSK9
GO_Biological_Process_2023,Positive Regulation Of Organelle Organization (GO:0010638),1/34,0.8620520863575952,0.9868893747929418,0,0,0.5051220166264414,0.0749801025906593,SHCBP1L
GO_Biological_Process_2023,Defense Response To Gram-positive Bacterium (GO:0050830),3/85,0.8662575200039613,0.9905407529365076,0,0,0.6093344577062791,0.0874840049875221,CHGA;RARRES2;ANG
GO_Biological_Process_2023,Positive Regulation Of Endothelial Cell Migration (GO:0010595),3/85,0.8662575200039613,0.9905407529365076,0,0,0.6093344577062791,0.0874840049875221,FOXC2;FGF18;PRKCA
GO_Biological_Process_2023,Positive Regulation Of Protein Localization (GO:1903829),3/85,0.8662575200039613,0.9905407529365076,0,0,0.6093344577062791,0.0874840049875221,CARD10;PRKAA2;PDZK1
GO_Biological_Process_2023,Positive Regulation Of Organelle Assembly (GO:1902117),2/61,0.8667707444672204,0.9907402999478778,0,0,0.5647715842728679,0.0807514709562584,PLK4;STIL
GO_Biological_Process_2023,Regulation Of Programmed Cell Death (GO:0043067),8/195,0.8672104736610405,0.9908557169759936,0,0,0.7116918490864329,0.1013972790546663,TOX3;MECOM;PAX8;DAPK1;BIK;GLS2;NME2;PAX2
GO_Biological_Process_2023,Regulation Of Cellular Senescence (GO:2000772),1/35,0.8698662275172042,0.9923395926239555,0,0,0.4902394586153045,0.0683471462330904,HMGA2
GO_Biological_Process_2023,Action Potential (GO:0001508),1/35,0.8698662275172042,0.9923395926239555,0,0,0.4902394586153045,0.0683471462330904,GPER1
GO_Biological_Process_2023,Response To Nutrient Levels (GO:0031667),1/35,0.8698662275172042,0.9923395926239555,0,0,0.4902394586153045,0.0683471462330904,PRKAA2
GO_Biological_Process_2023,Establishment Of Spindle Orientation (GO:0051294),1/35,0.8698662275172042,0.9923395926239555,0,0,0.4902394586153045,0.0683471462330904,MISP
GO_Biological_Process_2023,Negative Regulation Of Binding (GO:0051100),3/86,0.8714041275168067,0.993706461203376,0,0,0.6019610356318893,0.0828595926303216,E2F1;HMGA2;TTBK1
GO_Biological_Process_2023,Glycerophospholipid Metabolic Process (GO:0006650),2/62,0.872703623977154,0.994412972393134,0,0,0.5553291998819014,0.0756132196972697,ACP6;PLA2G10
GO_Biological_Process_2023,Positive Regulation Of Apoptotic Signaling Pathway (GO:2001235),2/62,0.872703623977154,0.994412972393134,0,0,0.5553291998819014,0.0756132196972697,GPER1;CTSV
GO_Biological_Process_2023,Regulation Of Receptor Internalization (GO:0002090),1/36,0.8772380943324036,0.9957009801793872,0,0,0.4762073324905183,0.0623721297799991,PCSK9
GO_Biological_Process_2023,Regulation Of Trans-Synaptic Signaling (GO:0099177),1/36,0.8772380943324036,0.9957009801793872,0,0,0.4762073324905183,0.0623721297799991,GRID2
GO_Biological_Process_2023,Substrate Adhesion-Dependent Cell Spreading (GO:0034446),1/36,0.8772380943324036,0.9957009801793872,0,0,0.4762073324905183,0.0623721297799991,BVES
GO_Biological_Process_2023,tRNA Methylation (GO:0030488),1/36,0.8772380943324036,0.9957009801793872,0,0,0.4762073324905183,0.0623721297799991,LCMT2
GO_Biological_Process_2023,Negative Regulation Of Organelle Assembly (GO:1902116),1/36,0.8772380943324036,0.9957009801793872,0,0,0.4762073324905183,0.0623721297799991,KIF24
GO_Biological_Process_2023,Negative Regulation Of Protein Kinase B Signaling (GO:0051898),1/36,0.8772380943324036,0.9957009801793872,0,0,0.4762073324905183,0.0623721297799991,GPER1
GO_Biological_Process_2023,Positive Regulation Of RNA Splicing (GO:0033120),1/36,0.8772380943324036,0.9957009801793872,0,0,0.4762073324905183,0.0623721297799991,CELF4
GO_Biological_Process_2023,Positive Regulation Of Myeloid Cell Differentiation (GO:0045639),1/36,0.8772380943324036,0.9957009801793872,0,0,0.4762073324905183,0.0623721297799991,SCIN
GO_Biological_Process_2023,Positive Regulation Of Signaling Receptor Activity (GO:2000273),1/36,0.8772380943324036,0.9957009801793872,0,0,0.4762073324905183,0.0623721297799991,BTC
GO_Biological_Process_2023,Regulation Of T Cell Mediated Cytotoxicity (GO:0001914),1/36,0.8772380943324036,0.9957009801793872,0,0,0.4762073324905183,0.0623721297799991,ULBP3
GO_Biological_Process_2023,Telomere Organization (GO:0032200),2/63,0.8783923029980885,0.9966243158531454,0,0,0.5461964018644092,0.0708209019042591,RECQL4;DNA2
GO_Biological_Process_2023,Regulation Of Secretion By Cell (GO:1903530),2/64,0.8838453976831648,0.9999949730111748,0,0,0.5373582102345781,0.0663492953868615,RIMS2;CPLX1
GO_Biological_Process_2023,Regulation Of Protein Serine/Threonine Kinase Activity (GO:0071900),4/112,0.8840440763972852,0.9999949730111748,0,0,0.6165500016431693,0.0759887749633738,CDKN2A;DUSP19;LRP5;HMGA2
GO_Biological_Process_2023,RNA Stabilization (GO:0043489),1/37,0.8841926981136402,0.9999949730111748,0,0,0.4629547689282202,0.0569805913872971,E2F1
GO_Biological_Process_2023,Melanosome Organization (GO:0032438),1/37,0.8841926981136402,0.9999949730111748,0,0,0.4629547689282202,0.0569805913872971,AP1S3
GO_Biological_Process_2023,Negative Regulation Of Endothelial Cell Proliferation (GO:0001937),1/37,0.8841926981136402,0.9999949730111748,0,0,0.4629547689282202,0.0569805913872971,NR2F2
GO_Biological_Process_2023,Positive Regulation Of Receptor Signaling Pathway Via JAK-STAT (GO:0046427),1/37,0.8841926981136402,0.9999949730111748,0,0,0.4629547689282202,0.0569805913872971,ERBB4
GO_Biological_Process_2023,Positive Regulation Of Receptor Signaling Pathway Via STAT (GO:1904894),1/37,0.8841926981136402,0.9999949730111748,0,0,0.4629547689282202,0.0569805913872971,ERBB4
GO_Biological_Process_2023,Regulation Of Cellular Component Biogenesis (GO:0044087),1/37,0.8841926981136402,0.9999949730111748,0,0,0.4629547689282202,0.0569805913872971,TIE1
GO_Biological_Process_2023,Cellular Response To Oxygen-Containing Compound (GO:1901701),18/406,0.8850745540737773,0.9999949730111748,0,0,0.7703198377191763,0.0940432615107415,AOC1;LTK;DMTN;PRKAA2;DAPK1;RORC;AKR1C3;ESR1;SYT8;PAX2;ADCY6;CXCL5;SYT17;GPER1;ITPKA;PDK4;FOLR1;CFTR
GO_Biological_Process_2023,Non-Membrane-Bounded Organelle Assembly (GO:0140694),5/135,0.885378386257157,0.9999949730111748,0,0,0.6400806121054788,0.0779235226959315,TMOD1;BSCL2;GRB7;NEK2;SMIM22
GO_Biological_Process_2023,Cellular Response To Peptide Hormone Stimulus (GO:0071375),3/89,0.8858071002782072,0.9999949730111748,0,0,0.5808696190004948,0.0704339682615003,GPER1;PCSK9;ENPP1
GO_Biological_Process_2023,Regulation Of Protein Ubiquitination (GO:0031396),4/113,0.8881319572698719,0.9999949730111748,0,0,0.6108610177218076,0.0724694641568489,FANCI;SH3RF2;BRCA1;INAVA
GO_Biological_Process_2023,Positive Regulation Of Cellular Component Organization (GO:0051130),4/113,0.8881319572698719,0.9999949730111748,0,0,0.6108610177218076,0.0724694641568489,CHAF1B;CLDN3;TFR2;BIK
GO_Biological_Process_2023,Antimicrobial Humoral Immune Response Mediated By Antimicrobial Peptide (GO:0061844),2/65,0.8890713313038852,0.9999949730111748,0,0,0.5288005961168052,0.062175215489278,REG1A;CXCL5
GO_Biological_Process_2023,Positive Regulation Of Cell Cycle (GO:0045787),2/65,0.8890713313038852,0.9999949730111748,0,0,0.5288005961168052,0.062175215489278,CHEK1;PRKCA
GO_Biological_Process_2023,Regulation Of Protein Kinase B Signaling (GO:0051896),5/136,0.8891065845623871,0.9999949730111748,0,0,0.6351606036364622,0.0746556073911089,GPER1;AKR1C3;GATA4;MST1R;MYORG
GO_Biological_Process_2023,Positive Regulation Of Proteasomal Protein Catabolic Process (GO:1901800),3/90,0.8902779563923292,0.9999949730111748,0,0,0.5741623868916605,0.0667300451179094,DET1;SH3RF2;SH3RF1
GO_Biological_Process_2023,Amino Acid Catabolic Process (GO:0009063),1/38,0.8907536372016391,0.9999949730111748,0,0,0.4504185601530734,0.0521077481731146,CARNS1
GO_Biological_Process_2023,Signal Release From Synapse (GO:0099643),1/38,0.8907536372016391,0.9999949730111748,0,0,0.4504185601530734,0.0521077481731146,CPLX1
GO_Biological_Process_2023,Establishment Of Protein Localization To Plasma Membrane (GO:0061951),1/38,0.8907536372016391,0.9999949730111748,0,0,0.4504185601530734,0.0521077481731146,BBS1
GO_Biological_Process_2023,Lymphocyte Proliferation (GO:0046651),1/38,0.8907536372016391,0.9999949730111748,0,0,0.4504185601530734,0.0521077481731146,HELLS
GO_Biological_Process_2023,Maturation Of SSU-rRNA (GO:0030490),1/38,0.8907536372016391,0.9999949730111748,0,0,0.4504185601530734,0.0521077481731146,IGF2BP3
GO_Biological_Process_2023,Positive Regulation Of Cation Channel Activity (GO:2001259),1/38,0.8907536372016391,0.9999949730111748,0,0,0.4504185601530734,0.0521077481731146,LRRC26
GO_Biological_Process_2023,Regulation Of Apoptotic Process (GO:0042981),33/705,0.8918389081776377,0.9999949730111748,0,0,0.81384579104866,0.0931607315034645,LTK;PRKAA2;GLS2;GATA6;SCX;PCSK9;SH3RF1;RNF157;SHH;LGALS2;SCIN;ERBB3;ERBB4;TRIM2;GPER1;E2F1;IGF2BP1;GRID2;STIL;DAPK1;BIK;NME2;HMGA2;PNMA2;SMAD6;PAX2;OLFM1;TOX3;SH3RF2;PROC;PAX8;PAX7;WNK3
GO_Biological_Process_2023,Regulation Of MAP Kinase Activity (GO:0043405),4/114,0.8920933462766366,0.9999949730111748,0,0,0.6052754698717432,0.0691130790595944,PDGFC;FGF18;DUSP19;MST1R
GO_Biological_Process_2023,Protein-Containing Complex Assembly (GO:0065003),14/328,0.8921325820846084,0.9999949730111748,0,0,0.7406383112180602,0.0845368440652905,MAGI1;DET1;CARD10;DMTN;DNAAF3;FANCA;USH1C;FANCC;VIL1;OCLN;ANKS4B;KNTC1;MCU;CCDC40
GO_Biological_Process_2023,Regulation Of Endocytosis (GO:0030100),2/66,0.8940783289666964,0.9999949730111748,0,0,0.5205104074402126,0.0582773296858552,TFR2;RAB17
GO_Biological_Process_2023,Regulation Of MAPK Cascade (GO:0043408),8/204,0.8962330551491188,0.9999949730111748,0,0,0.678685009177313,0.0743531961240941,GPR37;DOK4;WWC1;CHRNA7;GPER1;DUSP19;PLCE1;INAVA
GO_Biological_Process_2023,RNA Transport (GO:0050658),1/39,0.8969431761105766,0.9999949730111748,0,0,0.4385421518397764,0.0476970582080833,PEG10
GO_Biological_Process_2023,Regulation Of Mitotic Spindle Organization (GO:0060236),1/39,0.8969431761105766,0.9999949730111748,0,0,0.4385421518397764,0.0476970582080833,STIL
GO_Biological_Process_2023,Regulation Of Nitric Oxide Biosynthetic Process (GO:0045428),1/39,0.8969431761105766,0.9999949730111748,0,0,0.4385421518397764,0.0476970582080833,DDAH1
GO_Biological_Process_2023,Carboxylic Acid Transmembrane Transport (GO:1905039),1/39,0.8969431761105766,0.9999949730111748,0,0,0.4385421518397764,0.0476970582080833,SLC6A14
GO_Biological_Process_2023,Regulation Of Protein Targeting To Mitochondrion (GO:1903214),1/39,0.8969431761105766,0.9999949730111748,0,0,0.4385421518397764,0.0476970582080833,FZD5
GO_Biological_Process_2023,Negative Regulation Of Proteasomal Protein Catabolic Process (GO:1901799),1/39,0.8969431761105766,0.9999949730111748,0,0,0.4385421518397764,0.0476970582080833,AQP11
GO_Biological_Process_2023,Negative Regulation Of Transport (GO:0051051),1/39,0.8969431761105766,0.9999949730111748,0,0,0.4385421518397764,0.0476970582080833,ERBB3
GO_Biological_Process_2023,Organelle Transport Along Microtubule (GO:0072384),1/39,0.8969431761105766,0.9999949730111748,0,0,0.4385421518397764,0.0476970582080833,CDR2L
GO_Biological_Process_2023,Positive Regulation Of ATP-dependent Activity (GO:0032781),1/39,0.8969431761105766,0.9999949730111748,0,0,0.4385421518397764,0.0476970582080833,UHRF1
GO_Biological_Process_2023,Positive Regulation Of Lymphocyte Differentiation (GO:0045621),1/39,0.8969431761105766,0.9999949730111748,0,0,0.4385421518397764,0.0476970582080833,MDK
GO_Biological_Process_2023,Positive Regulation Of Protein Kinase B Signaling (GO:0051897),3/93,0.9027637759731632,0.9999949730111748,0,0,0.554934988179669,0.0567667188647541,AKR1C3;MST1R;MYORG
GO_Biological_Process_2023,L-alpha-amino Acid Transmembrane Transport (GO:1902475),1/40,0.9027823215456596,0.9999949730111748,0,0,0.4272747901066485,0.0436990232803389,SLC6A20
GO_Biological_Process_2023,Negative Regulation Of Mitotic Cell Cycle Phase Transition (GO:1901991),1/40,0.9027823215456596,0.9999949730111748,0,0,0.4272747901066485,0.0436990232803389,E2F7
GO_Biological_Process_2023,Negative Regulation Of Secretion By Cell (GO:1903531),1/40,0.9027823215456596,0.9999949730111748,0,0,0.4272747901066485,0.0436990232803389,CHGA
GO_Biological_Process_2023,Positive Regulation Of Catalytic Activity (GO:0043085),1/40,0.9027823215456596,0.9999949730111748,0,0,0.4272747901066485,0.0436990232803389,FGFR4
GO_Biological_Process_2023,Positive Regulation Of Cell Cycle G1/S Phase Transition (GO:1902808),1/40,0.9027823215456596,0.9999949730111748,0,0,0.4272747901066485,0.0436990232803389,STIL
GO_Biological_Process_2023,Positive Regulation Of Myeloid Leukocyte Differentiation (GO:0002763),1/40,0.9027823215456596,0.9999949730111748,0,0,0.4272747901066485,0.0436990232803389,PRKCA
GO_Biological_Process_2023,Positive Regulation Of Protein Serine/Threonine Kinase Activity (GO:0071902),4/117,0.9032483093875048,0.9999949730111748,0,0,0.5891119818454508,0.0599467278301873,PDGFC;FGF18;HMGA2;MST1R
GO_Biological_Process_2023,Regulation Of Canonical Wnt Signaling Pathway (GO:0060828),8/207,0.9046412769953656,0.9999949730111748,0,0,0.6683461832761314,0.0669795110160301,PTPRU;MDK;WNK2;LGR6;LYPD6;FOLR1;LGR4;ZBED3
GO_Biological_Process_2023,Positive Regulation Of Cell Projection Organization (GO:0031346),4/118,0.9067333723417468,0.9999949730111748,0,0,0.5839131991469356,0.057169095363257,ROBO2;CARMIL1;LTK;MDK
GO_Biological_Process_2023,Acylglycerol Metabolic Process (GO:0006639),1/41,0.9082908926969834,0.9999949730111748,0,0,0.416570796460177,0.0400701887224075,MGLL
GO_Biological_Process_2023,Carbohydrate Catabolic Process (GO:0016052),1/41,0.9082908926969834,0.9999949730111748,0,0,0.416570796460177,0.0400701887224075,HKDC1
GO_Biological_Process_2023,Double-Strand Break Repair Via Nonhomologous End Joining (GO:0006303),1/41,0.9082908926969834,0.9999949730111748,0,0,0.416570796460177,0.0400701887224075,POLQ
GO_Biological_Process_2023,Heart Contraction (GO:0060047),1/41,0.9082908926969834,0.9999949730111748,0,0,0.416570796460177,0.0400701887224075,TNNI3
GO_Biological_Process_2023,Positive Regulation Of Response To Biotic Stimulus (GO:0002833),1/41,0.9082908926969834,0.9999949730111748,0,0,0.416570796460177,0.0400701887224075,PRKCA
GO_Biological_Process_2023,Protein Localization To Lysosome (GO:0061462),1/41,0.9082908926969834,0.9999949730111748,0,0,0.416570796460177,0.0400701887224075,CACNG4
GO_Biological_Process_2023,Organelle Organization (GO:0006996),18/418,0.9099268680740072,0.9999949730111748,0,0,0.7467250673854448,0.0704841612710438,CHGA;DMTN;SEMA6A;ATP8B3;ANK1;MAPK15;CFAP126;BSCL2;FGD5;DIAPH3;FAM161A;MDK;PLCE1;WDPCP;SPTSSB;PYROXD2;MNS1;TMED6
GO_Biological_Process_2023,T Cell Receptor Signaling Pathway (GO:0050852),3/95,0.9103595011846616,0.9999949730111748,0,0,0.5428133672525439,0.0509786980271723,BTNL9;FYB2;HHLA2
GO_Biological_Process_2023,Sulfur Compound Biosynthetic Process (GO:0044272),2/70,0.9120742978906448,0.9999949730111748,0,0,0.4897879435210754,0.0450770579990225,GGT6;B3GNT3
GO_Biological_Process_2023,Negative Regulation Of Extrinsic Apoptotic Signaling Pathway (GO:2001237),2/70,0.9120742978906448,0.9999949730111748,0,0,0.4897879435210754,0.0450770579990225,BRCA1;SH3RF1
GO_Biological_Process_2023,Positive Regulation Of Protein Transport (GO:0051222),2/70,0.9120742978906448,0.9999949730111748,0,0,0.4897879435210754,0.0450770579990225,ANG;SYTL4
GO_Biological_Process_2023,Regulation Of Actin Filament Polymerization (GO:0030833),2/70,0.9120742978906448,0.9999949730111748,0,0,0.4897879435210754,0.0450770579990225,CARMIL1;BAIAP2L2
GO_Biological_Process_2023,Positive Regulation Of Gene Expression (GO:0010628),21/480,0.912259342854089,0.9999949730111748,0,0,0.7588176411705824,0.0696829540986807,HHLA2;SCX;GATA5;HMGA2;PAX6;BRCA1;TTBK1;OLFM1;EPB41L4B;OCLN;CLDN3;MYCN;TFR2;GPER1;FGF18;AGR2;E2F1;FAM47E;PLA2R1;BMPR1B;FGFR4
GO_Biological_Process_2023,Regulation Of Osteoclast Differentiation (GO:0045670),1/42,0.9134875888693114,0.9999949730111748,0,0,0.4063889488452407,0.0367723030068638,LRRC17
GO_Biological_Process_2023,Cellular Response To Glucose Starvation (GO:0042149),1/42,0.9134875888693114,0.9999949730111748,0,0,0.4063889488452407,0.0367723030068638,PRKAA2
GO_Biological_Process_2023,Stress-Activated MAPK Cascade (GO:0051403),1/42,0.9134875888693114,0.9999949730111748,0,0,0.4063889488452407,0.0367723030068638,MAP2K6
GO_Biological_Process_2023,Translational Elongation (GO:0006414),1/42,0.9134875888693114,0.9999949730111748,0,0,0.4063889488452407,0.0367723030068638,EEF1A2
GO_Biological_Process_2023,Keratinocyte Differentiation (GO:0030216),1/42,0.9134875888693114,0.9999949730111748,0,0,0.4063889488452407,0.0367723030068638,AKR1C3
GO_Biological_Process_2023,Negative Regulation Of I-kappaB kinase/NF-kappaB Signaling (GO:0043124),1/42,0.9134875888693114,0.9999949730111748,0,0,0.4063889488452407,0.0367723030068638,ESR1
GO_Biological_Process_2023,Organic Hydroxy Compound Biosynthetic Process (GO:1901617),1/42,0.9134875888693114,0.9999949730111748,0,0,0.4063889488452407,0.0367723030068638,AKR1C3
GO_Biological_Process_2023,Positive Regulation Of Calcium Ion Transmembrane Transport (GO:1904427),1/42,0.9134875888693114,0.9999949730111748,0,0,0.4063889488452407,0.0367723030068638,GPER1
GO_Biological_Process_2023,Regulation Of Axonogenesis (GO:0050770),1/42,0.9134875888693114,0.9999949730111748,0,0,0.4063889488452407,0.0367723030068638,ROBO2
GO_Biological_Process_2023,Defense Response To Virus (GO:0051607),7/189,0.914957209188476,0.9999949730111748,0,0,0.6394401861483712,0.056832152532513,AGBL5;SLFN13;PLA2G10;IGF2BP1;F2RL1;TRIM15;TRIM31
GO_Biological_Process_2023,Negative Regulation Of Protein Binding (GO:0032091),2/71,0.9161027945091206,0.9999949730111748,0,0,0.4826638939166378,0.042294244003556,MAP2;TTBK1
GO_Biological_Process_2023,Regulation Of Endothelial Cell Apoptotic Process (GO:2000351),1/43,0.918390052670377,0.9999949730111748,0,0,0.3966919511167299,0.0337716094453042,GPER1
GO_Biological_Process_2023,Response To Amyloid-Beta (GO:1904645),1/43,0.918390052670377,0.9999949730111748,0,0,0.3966919511167299,0.0337716094453042,CHRNA7
GO_Biological_Process_2023,Energy Derivation By Oxidation Of Organic Compounds (GO:0015980),1/43,0.918390052670377,0.9999949730111748,0,0,0.3966919511167299,0.0337716094453042,MRAP2
GO_Biological_Process_2023,Learning (GO:0007612),1/43,0.918390052670377,0.9999949730111748,0,0,0.3966919511167299,0.0337716094453042,SHANK2
GO_Biological_Process_2023,Positive Regulation Of Cell-Matrix Adhesion (GO:0001954),1/43,0.918390052670377,0.9999949730111748,0,0,0.3966919511167299,0.0337716094453042,CEACAM6
GO_Biological_Process_2023,Positive Regulation Of Receptor-Mediated Endocytosis (GO:0048260),1/43,0.918390052670377,0.9999949730111748,0,0,0.3966919511167299,0.0337716094453042,PCSK9
GO_Biological_Process_2023,Regulation Of JUN Kinase Activity (GO:0043506),1/43,0.918390052670377,0.9999949730111748,0,0,0.3966919511167299,0.0337716094453042,DUSP19
GO_Biological_Process_2023,Regulation Of Protein Catabolic Process (GO:0042176),4/122,0.9195841784999844,0.9999949730111748,0,0,0.5639992179627931,0.0472821361652308,NQO1;EEF1A2;C4BPB;DNAAF4
GO_Biological_Process_2023,Receptor-Mediated Endocytosis (GO:0006898),4/122,0.9195841784999844,0.9999949730111748,0,0,0.5639992179627931,0.0472821361652308,DPP4;TFR2;FOLR1;DNM1
GO_Biological_Process_2023,Transforming Growth Factor Beta Receptor Signaling Pathway (GO:0007179),2/72,0.919957361208122,0.9999949730111748,0,0,0.4757433885866127,0.0396902987405333,LEFTY1;SMAD6
GO_Biological_Process_2023,Negative Regulation Of Catabolic Process (GO:0009895),2/72,0.919957361208122,0.9999949730111748,0,0,0.4757433885866127,0.0396902987405333,BSCL2;NQO1
GO_Biological_Process_2023,Plasma Membrane Organization (GO:0007009),2/72,0.919957361208122,0.9999949730111748,0,0,0.4757433885866127,0.0396902987405333,FA2H;SYTL4
GO_Biological_Process_2023,Positive Regulation Of Protein-Containing Complex Assembly (GO:0031334),3/98,0.9207460296083472,0.9999949730111748,0,0,0.5255879059350503,0.0433983377938769,CHAF1B;BIK;TTBK1
GO_Biological_Process_2023,Modulation Of Chemical Synaptic Transmission (GO:0050804),4/123,0.9225385623530252,0.9999949730111748,0,0,0.5592299031413808,0.0450885271743427,RIMS2;GRID2;CHRNA7;CPLX1
GO_Biological_Process_2023,Response To Unfolded Protein (GO:0006986),1/44,0.9230149291112169,0.9999949730111748,0,0,0.3874459765383823,0.0310382468351373,PACRG
GO_Biological_Process_2023,Establishment Of Protein Localization To Mitochondrion (GO:0072655),1/44,0.9230149291112169,0.9999949730111748,0,0,0.3874459765383823,0.0310382468351373,PAM16
GO_Biological_Process_2023,Nucleus Organization (GO:0006997),1/44,0.9230149291112169,0.9999949730111748,0,0,0.3874459765383823,0.0310382468351373,NDC1
GO_Biological_Process_2023,Phosphatidylinositol Phosphate Biosynthetic Process (GO:0046854),1/44,0.9230149291112169,0.9999949730111748,0,0,0.3874459765383823,0.0310382468351373,ITPKA
GO_Biological_Process_2023,Positive Regulation Of Cytokine-Mediated Signaling Pathway (GO:0001961),1/44,0.9230149291112169,0.9999949730111748,0,0,0.3874459765383823,0.0310382468351373,IGF2BP1
GO_Biological_Process_2023,Positive Regulation Of Leukocyte Cell-Cell Adhesion (GO:1903039),1/44,0.9230149291112169,0.9999949730111748,0,0,0.3874459765383823,0.0310382468351373,MDK
GO_Biological_Process_2023,Ubiquitin-Dependent ERAD Pathway (GO:0030433),2/73,0.9236447647060484,0.9999949730111748,0,0,0.4690178270687009,0.0372530236988974,FOXRED2;UBXN10
GO_Biological_Process_2023,Metal Ion Transport (GO:0030001),6/171,0.926126601446156,0.9999949730111748,0,0,0.6045737373737373,0.0463976094675147,SCN8A;CHRNA7;SLC41A2;NMUR2;CACNA1D;SLC4A4
GO_Biological_Process_2023,Monoatomic Cation Transmembrane Transport (GO:0098655),11/281,0.9261801817987728,0.9999949730111748,0,0,0.6765509259259259,0.0518823107333459,SLC9A2;LRRC26;MCOLN3;SLC30A2;SLC41A2;SLC6A14;SLC40A1;CACNA1D;SLC6A20;SLC4A4;GRIN2D
GO_Biological_Process_2023,Regulation Of Organelle Organization (GO:0033043),3/100,0.9270464920605636,0.9999949730111748,0,0,0.5146962053081816,0.0389890412122721,CAMSAP3;CENPV;MAPK15
GO_Biological_Process_2023,Hexose Metabolic Process (GO:0019318),1/45,0.9273779225526664,0.9999949730111748,0,0,0.3786202735317779,0.0285457397066283,HKDC1
GO_Biological_Process_2023,Natural Killer Cell Activation (GO:0030101),1/45,0.9273779225526664,0.9999949730111748,0,0,0.3786202735317779,0.0285457397066283,ULBP3
GO_Biological_Process_2023,Negative Regulation Of Response To Biotic Stimulus (GO:0002832),1/45,0.9273779225526664,0.9999949730111748,0,0,0.3786202735317779,0.0285457397066283,DTX4
GO_Biological_Process_2023,Positive Regulation Of Innate Immune Response (GO:0045089),1/45,0.9273779225526664,0.9999949730111748,0,0,0.3786202735317779,0.0285457397066283,IGF2BP1
GO_Biological_Process_2023,Regulation Of Mitotic Cell Cycle (GO:0007346),4/125,0.9281564899491236,0.9999949730111748,0,0,0.5499277684483783,0.0409998257328537,L3MBTL1;NEK2;PRKCA;NEK11
GO_Biological_Process_2023,Defense Response To Gram-negative Bacterium (GO:0050829),2/75,0.9305441086948356,0.9999949730111748,0,0,0.456119489911062,0.0328341267439272,CHGA;RARRES2
GO_Biological_Process_2023,Nucleosome Organization (GO:0034728),2/75,0.9305441086948356,0.9999949730111748,0,0,0.456119489911062,0.0328341267439272,CHAF1B;ASF1B
GO_Biological_Process_2023,Positive Regulation Of Neurogenesis (GO:0050769),2/75,0.9305441086948356,0.9999949730111748,0,0,0.456119489911062,0.0328341267439272,ROBO2;GPER1
GO_Biological_Process_2023,Positive Regulation Of Protein Metabolic Process (GO:0051247),7/196,0.931430333953654,0.9999949730111748,0,0,0.6155265585870568,0.0437232402146889,TFR2;UHRF1;CHRNA7;PLA2G10;WNT7A;C4BPB;FGFR4
GO_Biological_Process_2023,B Cell Receptor Signaling Pathway (GO:0050853),1/46,0.9314938498410568,0.9999949730111748,0,0,0.3701868239921337,0.0262705639070889,IGKC
GO_Biological_Process_2023,T Cell Differentiation (GO:0030217),1/46,0.9314938498410568,0.9999949730111748,0,0,0.3701868239921337,0.0262705639070889,SHH
GO_Biological_Process_2023,Regulation Of mRNA Catabolic Process (GO:0061013),1/46,0.9314938498410568,0.9999949730111748,0,0,0.3701868239921337,0.0262705639070889,PRKCA
GO_Biological_Process_2023,Response To Hydrogen Peroxide (GO:0042542),1/46,0.9314938498410568,0.9999949730111748,0,0,0.3701868239921337,0.0262705639070889,PAX2
GO_Biological_Process_2023,Vacuolar Transport (GO:0007034),1/46,0.9314938498410568,0.9999949730111748,0,0,0.3701868239921337,0.0262705639070889,PCSK9
GO_Biological_Process_2023,Intracellular Protein Transmembrane Transport (GO:0065002),1/46,0.9314938498410568,0.9999949730111748,0,0,0.3701868239921337,0.0262705639070889,PAM16
GO_Biological_Process_2023,Protein Sumoylation (GO:0016925),1/46,0.9314938498410568,0.9999949730111748,0,0,0.3701868239921337,0.0262705639070889,RNF212
GO_Biological_Process_2023,Regulation Of Nucleic Acid-Templated Transcription (GO:1903506),19/452,0.9323173834971844,0.9999949730111748,0,0,0.7274909864256401,0.0509840102407097,SPIN3;WWC1;PRRX2;RFX3;HMGA2;GATA4;SMARCA1;BRCA2;CELSR2;ESR1;POU5F1;ZNF519;MYB;ZNF714;E2F1;ZNF713;SOX6;ZNF488;FADS1
GO_Biological_Process_2023,Transcription Initiation At RNA Polymerase II Promoter (GO:0006367),2/76,0.9337685492955736,0.9999949730111748,0,0,0.449931774112465,0.0308323295166548,TAF7L;ESR1
GO_Biological_Process_2023,Positive Regulation Of Interleukin-6 Production (GO:0032755),2/76,0.9337685492955736,0.9999949730111748,0,0,0.449931774112465,0.0308323295166548,F2RL1;INAVA
GO_Biological_Process_2023,Regulation Of Interleukin-2 Production (GO:0032663),1/47,0.9353766898296798,0.9999949730111748,0,0,0.3621200461716045,0.0241917751482275,HOMER2
GO_Biological_Process_2023,Negative Regulation Of Tumor Necrosis Factor Production (GO:0032720),1/47,0.9353766898296798,0.9999949730111748,0,0,0.3621200461716045,0.0241917751482275,CHRNA7
GO_Biological_Process_2023,Positive Regulation Of TOR Signaling (GO:0032008),1/47,0.9353766898296798,0.9999949730111748,0,0,0.3621200461716045,0.0241917751482275,GPR137C
GO_Biological_Process_2023,Inorganic Cation Import Across Plasma Membrane (GO:0098659),3/103,0.9356387069583504,0.9999949730111748,0,0,0.4991755319148936,0.0332080884701038,SLC9A2;SCN8A;CACNA1D
GO_Biological_Process_2023,Regulation Of Protein Phosphorylation (GO:0001932),10/265,0.9364694915256336,0.9999949730111748,0,0,0.6511692991201833,0.0427416684347212,OCLN;CLDN3;ERBB4;CHRNA7;RARRES2;GPER1;FGF18;PLCE1;MOB3B;ZBED3
GO_Biological_Process_2023,Positive Regulation Of Response To Stimulus (GO:0048584),2/77,0.9368508313462726,0.9999949730111748,0,0,0.4439090640684972,0.028956724293087,BRCA1;NPAS2
GO_Biological_Process_2023,Negative Regulation Of Nucleic Acid-Templated Transcription (GO:1903507),19/456,0.9378949577244098,0.9999949730111748,0,0,0.7206756334063185,0.0462077913673328,L3MBTL1;CDKN2A;GATA6;RFX3;HMGA2;NR2F2;BRCA1;FOXM1;PAX2;DMBX1;ERN2;MECOM;CREB3L1;HNF4A;MYB;PRDM16;E2F1;TIMELESS;ZNF541
GO_Biological_Process_2023,Cellular Defense Response (GO:0006968),1/48,0.9390396314304026,0.9999949730111748,0,0,0.3543965354923743,0.022290689641268,DCDC2
GO_Biological_Process_2023,Cellular Response To Mechanical Stimulus (GO:0071260),1/48,0.9390396314304026,0.9999949730111748,0,0,0.3543965354923743,0.022290689641268,CHEK1
GO_Biological_Process_2023,"Retrograde Vesicle-Mediated Transport, Golgi To Endoplasmic Reticulum (GO:0006890)",1/48,0.9390396314304026,0.9999949730111748,0,0,0.3543965354923743,0.022290689641268,ATP9A
GO_Biological_Process_2023,Post-Translational Protein Modification (GO:0043687),1/48,0.9390396314304026,0.9999949730111748,0,0,0.3543965354923743,0.022290689641268,PRKCA
GO_Biological_Process_2023,Organonitrogen Compound Catabolic Process (GO:1901565),2/78,0.939796703587111,0.9999949730111748,0,0,0.4380448463941075,0.0271989491398259,PLA2G10;CYP3A5
GO_Biological_Process_2023,Proteolysis Involved In Protein Catabolic Process (GO:0051603),2/78,0.939796703587111,0.9999949730111748,0,0,0.4380448463941075,0.0271989491398259,CTSV;DTX4
GO_Biological_Process_2023,Regulation Of TOR Signaling (GO:0032006),2/78,0.939796703587111,0.9999949730111748,0,0,0.4380448463941075,0.0271989491398259,DEPTOR;PRKAA2
GO_Biological_Process_2023,Autophagy Of Mitochondrion (GO:0000422),1/49,0.9424951177660852,0.9999949730111748,0,0,0.3469948377581121,0.0205506095661605,SPATA18
GO_Biological_Process_2023,Fatty Acid Beta-Oxidation (GO:0006635),1/49,0.9424951177660852,0.9999949730111748,0,0,0.3469948377581121,0.0205506095661605,DECR2
GO_Biological_Process_2023,Negative Regulation Of Tumor Necrosis Factor Superfamily Cytokine Production (GO:1903556),1/49,0.9424951177660852,0.9999949730111748,0,0,0.3469948377581121,0.0205506095661605,CHRNA7
GO_Biological_Process_2023,Nuclear Export (GO:0051168),1/49,0.9424951177660852,0.9999949730111748,0,0,0.3469948377581121,0.0205506095661605,RANBP17
GO_Biological_Process_2023,Regulation Of Cyclin-Dependent Protein Serine/Threonine Kinase Activity (GO:0000079),2/79,0.942611719418991,0.9999949730111748,0,0,0.4323329460619097,0.0255512365937091,CDKN2A;NR2F2
GO_Biological_Process_2023,Regulation Of Translation (GO:0006417),7/202,0.9432523190172678,0.9999949730111748,0,0,0.5963956565380053,0.0348423059476541,DHFR;GRB7;DAPK1;TRIM2;IGF2BP1;YBX2;IGF2BP3
GO_Biological_Process_2023,Positive Regulation Of Apoptotic Process (GO:0043065),10/270,0.9447323080842353,0.9999949730111748,0,0,0.6384752624716943,0.0362996577166902,OLFM1;LGALS2;SCIN;DAPK1;GPER1;E2F1;IGF2BP1;PCSK9;CTSV;PNMA2
GO_Biological_Process_2023,Regulation Of Cellular Response To Stress (GO:0080135),3/107,0.9456443423775984,0.9999949730111748,0,0,0.4798741816693944,0.0268195633971973,RAD51;BRCA1;BRCA2
GO_Biological_Process_2023,"G Protein-Coupled Receptor Signaling Pathway, Coupled To Cyclic Nucleotide Second Messenger (GO:0007187)",1/50,0.9457548884803892,0.9999949730111748,0,0,0.3398952501354524,0.018956585747065,CNR1
GO_Biological_Process_2023,Regulation Of Interleukin-12 Production (GO:0032655),1/50,0.9457548884803892,0.9999949730111748,0,0,0.3398952501354524,0.018956585747065,MDK
GO_Biological_Process_2023,Regulation Of Mitochondrion Organization (GO:0010821),1/50,0.9457548884803892,0.9999949730111748,0,0,0.3398952501354524,0.018956585747065,FZD5
GO_Biological_Process_2023,Cell Chemotaxis (GO:0060326),1/50,0.9457548884803892,0.9999949730111748,0,0,0.3398952501354524,0.018956585747065,CCN3
GO_Biological_Process_2023,Steroid Biosynthetic Process (GO:0006694),1/50,0.9457548884803892,0.9999949730111748,0,0,0.3398952501354524,0.018956585747065,AKR1C3
GO_Biological_Process_2023,tRNA Processing (GO:0008033),1/50,0.9457548884803892,0.9999949730111748,0,0,0.3398952501354524,0.018956585747065,LCMT2
GO_Biological_Process_2023,Mitotic Metaphase Plate Congression (GO:0007080),1/50,0.9457548884803892,0.9999949730111748,0,0,0.3398952501354524,0.018956585747065,CDT1
GO_Biological_Process_2023,Plasma Membrane Bounded Cell Projection Morphogenesis (GO:0120039),1/50,0.9457548884803892,0.9999949730111748,0,0,0.3398952501354524,0.018956585747065,MNX1
GO_Biological_Process_2023,Negative Regulation Of DNA-templated Transcription (GO:0045892),47/1025,0.9477362827852516,0.9999949730111748,0,0,0.7931664516031663,0.0425763804827624,L3MBTL1;FOXC2;UHRF1;WWC1;ZBTB26;GATA6;RORC;GATA5;GATA4;BRCA1;FOXM1;ZNF69;DMBX1;SHH;MUC1;MECOM;HNF4A;CREB3L1;MYB;PRDM16;E2F1;CRYM;ZNF620;ZNF169;E2F7;E2F8;ZNF541;ZNF19;LEFTY1;CDKN2A;ZBTB37;RFX3;FOXJ1;HMGA2;PAX6;NR2F2;ESR1;POU5F1;PAX2;NFATC4;SOX30;ERN2;RIPPLY3;NFIB;TIMELESS;NUPR2;FRK
GO_Biological_Process_2023,Regulation Of Interleukin-8 Production (GO:0032677),2/81,0.9478704441959216,0.9999949730111748,0,0,0.4213429606126179,0.0225576269732485,F2RL1;SSC5D
GO_Biological_Process_2023,Macromolecule Modification (GO:0043412),2/81,0.9478704441959216,0.9999949730111748,0,0,0.4213429606126179,0.0225576269732485,MMP15;FBXL2
GO_Biological_Process_2023,Negative Regulation Of NF-kappaB Transcription Factor Activity (GO:0032088),2/81,0.9478704441959216,0.9999949730111748,0,0,0.4213429606126179,0.0225576269732485,CDKN2A;FOXJ1
GO_Biological_Process_2023,Positive Regulation Of Growth (GO:0045927),2/81,0.9478704441959216,0.9999949730111748,0,0,0.4213429606126179,0.0225576269732485,SLC44A4;AGR2
GO_Biological_Process_2023,Response To Tumor Necrosis Factor (GO:0034612),3/108,0.947909383124799,0.9999949730111748,0,0,0.4752786220871327,0.0254256804104724,GPER1;BRCA1;NPNT
GO_Biological_Process_2023,RNA Modification (GO:0009451),1/51,0.9488300193138934,0.9999949730111748,0,0,0.3330796460176991,0.0174952122505053,LCMT2
GO_Biological_Process_2023,Cholesterol Transport (GO:0030301),1/51,0.9488300193138934,0.9999949730111748,0,0,0.3330796460176991,0.0174952122505053,NPC1L1
GO_Biological_Process_2023,Negative Regulation Of MAP Kinase Activity (GO:0043407),1/51,0.9488300193138934,0.9999949730111748,0,0,0.3330796460176991,0.0174952122505053,DUSP19
GO_Biological_Process_2023,Positive Regulation Of Ras Protein Signal Transduction (GO:0046579),1/51,0.9488300193138934,0.9999949730111748,0,0,0.3330796460176991,0.0174952122505053,F2RL1
GO_Biological_Process_2023,Positive Regulation Of Leukocyte Mediated Cytotoxicity (GO:0001912),1/51,0.9488300193138934,0.9999949730111748,0,0,0.3330796460176991,0.0174952122505053,ULBP3
GO_Biological_Process_2023,Receptor Internalization (GO:0031623),1/51,0.9488300193138934,0.9999949730111748,0,0,0.3330796460176991,0.0174952122505053,DNM1
GO_Biological_Process_2023,Antigen Receptor-Mediated Signaling Pathway (GO:0050851),4/134,0.949146240862354,0.9999949730111748,0,0,0.5116101290014333,0.0267021565493401,BTNL9;FYB2;IGKC;HHLA2
GO_Biological_Process_2023,Regulation Of Proteasomal Ubiquitin-Dependent Protein Catabolic Process (GO:0032434),3/109,0.9500862945767306,0.9999949730111748,0,0,0.4707697711762344,0.0241045713741822,DET1;SH3RF2;SH3RF1
GO_Biological_Process_2023,Negative Regulation Of Developmental Process (GO:0051093),3/109,0.9500862945767306,0.9999949730111748,0,0,0.4707697711762344,0.0241045713741822,SHH;NFIB;FOXJ1
GO_Biological_Process_2023,Positive Regulation Of Cysteine-Type Endopeptidase Activity Involved In Apoptotic Process (GO:0043280),3/109,0.9500862945767306,0.9999949730111748,0,0,0.4707697711762344,0.0241045713741822,DAPK1;GPER1;KHDC1
GO_Biological_Process_2023,Regulation Of Phosphorylation (GO:0042325),2/82,0.950324319903444,0.9999949730111748,0,0,0.4160540301151461,0.0211987696630908,CDKN2A;ANG
GO_Biological_Process_2023,Negative Regulation Of Apoptotic Signaling Pathway (GO:2001234),2/82,0.950324319903444,0.9999949730111748,0,0,0.4160540301151461,0.0211987696630908,GATA4;SH3RF1
GO_Biological_Process_2023,Negative Regulation Of Innate Immune Response (GO:0045824),1/52,0.9517309599523868,0.9999949730111748,0,0,0.3265313204927988,0.016154447846628,DTX4
GO_Biological_Process_2023,Epigenetic Regulation Of Gene Expression (GO:0040029),2/83,0.952667680932578,0.9999949730111748,0,0,0.4108956904941552,0.0199239805112881,CHEK1;FAM47E
GO_Biological_Process_2023,Vesicle-Mediated Transport To The Plasma Membrane (GO:0098876),2/83,0.952667680932578,0.9999949730111748,0,0,0.4108956904941552,0.0199239805112881,RAB17;STEAP2
GO_Biological_Process_2023,T Cell Activation (GO:0042110),3/111,0.9541878880200936,0.9999949730111748,0,0,0.46200256107171,0.0216654619443162,DPP4;MDK;F2RL1
GO_Biological_Process_2023,Protein Modification By Small Protein Conjugation (GO:0032446),14/364,0.954324644928338,0.9999949730111748,0,0,0.6631692032229185,0.031004066640687,DET1;LMO7;BRCA1;DTX4;SH3RF1;BSPRY;RNF212;RNF157;SH3RF2;TRIM15;FBXL2;RNF183;TRIM31;TRIM54
GO_Biological_Process_2023,Regulation Of Macromolecule Biosynthetic Process (GO:0010556),1/53,0.9544675691008246,0.9999949730111748,0,0,0.3202348536419332,0.0149234607951374,TOM1L1
GO_Biological_Process_2023,Regulation Of Proteasomal Protein Catabolic Process (GO:0061136),1/53,0.9544675691008246,0.9999949730111748,0,0,0.3202348536419332,0.0149234607951374,DNAAF4
GO_Biological_Process_2023,Regulation Of Receptor Signaling Pathway Via JAK-STAT (GO:0046425),1/53,0.9544675691008246,0.9999949730111748,0,0,0.3202348536419332,0.0149234607951374,ERBB4
GO_Biological_Process_2023,Endosome Organization (GO:0007032),1/53,0.9544675691008246,0.9999949730111748,0,0,0.3202348536419332,0.0149234607951374,DNM1
GO_Biological_Process_2023,Mitochondrial Transport (GO:0006839),1/53,0.9544675691008246,0.9999949730111748,0,0,0.3202348536419332,0.0149234607951374,FLVCR1
GO_Biological_Process_2023,Negative Regulation Of Viral Genome Replication (GO:0045071),1/53,0.9544675691008246,0.9999949730111748,0,0,0.3202348536419332,0.0149234607951374,HMGA2
GO_Biological_Process_2023,Positive Regulation Of NIK/NF-kappaB Signaling (GO:1901224),1/53,0.9544675691008246,0.9999949730111748,0,0,0.3202348536419332,0.0149234607951374,NR3C2
GO_Biological_Process_2023,"Regulation Of Alternative mRNA Splicing, Via Spliceosome (GO:0000381)",1/53,0.9544675691008246,0.9999949730111748,0,0,0.3202348536419332,0.0149234607951374,CELF4
GO_Biological_Process_2023,Epidermis Development (GO:0008544),2/85,0.9570412389569396,0.9999949730111748,0,0,0.4009519032729678,0.0176053155465804,WNT10A;GATA6
GO_Biological_Process_2023,Establishment Of Protein Localization To Organelle (GO:0072594),2/85,0.9570412389569396,0.9999949730111748,0,0,0.4009519032729678,0.0176053155465804,RANBP17;ZDHHC15
GO_Biological_Process_2023,Positive Regulation Of Amide Metabolic Process (GO:0034250),2/85,0.9570412389569396,0.9999949730111748,0,0,0.4009519032729678,0.0176053155465804,SLC2A13;CHRNA7
GO_Biological_Process_2023,Regulation Of Smooth Muscle Cell Proliferation (GO:0048660),1/54,0.9570491479349692,0.9999949730111748,0,0,0.3141759893137418,0.013792493259115,ANG
GO_Biological_Process_2023,Mesenchymal Cell Differentiation (GO:0048762),1/54,0.9570491479349692,0.9999949730111748,0,0,0.3141759893137418,0.013792493259115,HMGA2
GO_Biological_Process_2023,Negative Regulation Of Protein Catabolic Process (GO:0042177),1/54,0.9570491479349692,0.9999949730111748,0,0,0.3141759893137418,0.013792493259115,NQO1
GO_Biological_Process_2023,Negative Regulation Of Protein Modification By Small Protein Conjugation Or Removal (GO:1903321),1/54,0.9570491479349692,0.9999949730111748,0,0,0.3141759893137418,0.013792493259115,SH3RF2
GO_Biological_Process_2023,Negative Regulation Of Protein Ubiquitination (GO:0031397),1/54,0.9570491479349692,0.9999949730111748,0,0,0.3141759893137418,0.013792493259115,SH3RF2
GO_Biological_Process_2023,Organelle Disassembly (GO:1903008),1/54,0.9570491479349692,0.9999949730111748,0,0,0.3141759893137418,0.013792493259115,PRKAA2
GO_Biological_Process_2023,Protein K63-linked Ubiquitination (GO:0070534),1/54,0.9570491479349692,0.9999949730111748,0,0,0.3141759893137418,0.013792493259115,TRIM31
GO_Biological_Process_2023,Intracellular Protein Transport (GO:0006886),12/325,0.9593273407037084,0.9999949730111748,0,0,0.6357570514522608,0.0263984935627585,CAMSAP3;ARL17A;ARL14;RANBP17;PAM16;RABL2A;RAB19;RASSF9;AP1S3;RAB17;TMED6;CACNG4
GO_Biological_Process_2023,Positive Regulation Of Tyrosine Phosphorylation Of STAT Protein (GO:0042531),1/55,0.959484471594524,0.9999949730111748,0,0,0.308341527368076,0.0127527427159724,ERBB4
GO_Biological_Process_2023,Regulation Of Interleukin-6 Production (GO:0032675),3/114,0.9597531155265884,0.9999949730111748,0,0,0.4494441249760398,0.0184628046137394,FOXJ1;F2RL1;INAVA
GO_Biological_Process_2023,Regulation Of Type II Interferon Production (GO:0032649),2/87,0.9610261998092184,0.9999949730111748,0,0,0.3914760589798364,0.0155625855217396,FZD5;F2RL1
GO_Biological_Process_2023,Regulation Of Transcription By RNA Polymerase II (GO:0006357),98/2028,0.9615608555525186,0.9999949730111748,0,0,0.8326379728041973,0.0326372633669705,WWC1;ZBTB26;RORC;SCX;NR3C2;CREB3L1;MYB;SOX6;ZNF169;ZNF19;ZBTB37;RFX3;HNF1B;LMO7;HNF1A;EBF4;MYCN;TFR2;HOXB3;NUPR2;HOXB6;HOXB5;GATA6;GATA5;GATA4;NPAS2;NPAS3;ZNF704;PRDM16;HOXC4;OTX1;HOXC9;HOXC8;ZNF300;ZNF662;ZBED3;HOXC6;ZNF541;FZD5;HMGA2;NR2F2;SMARCA1;SMAD6;ESR1;NFATC4;SOX30;LHX2;TLX2;MELTF;BMPR1B;SIM2;ONECUT2;ONECUT3;HNF4G;BRCA1;FOXM1;HOXC11;HOXC10;DMBX1;SHH;MECOM;HNF4A;GPER1;MYBL2;LEFTY1;NME2;ETV1;PAX6;FOXL1;ETV4;POU5F1;PAX2;TOX3;RIPPLY3;PAX8;PAX7;HMX2;FOXC2;UHRF1;LRP5;LIN9;ZNF69;MUC1;EPCAM;E2F1;CRYM;ZNF620;E2F7;E2F8;WNT7A;FOXJ1;MEIS1;NFIB;F2RL1;ZNF215;FRK;FOXA3;FOXA2
GO_Biological_Process_2023,Regulation Of Stem Cell Population Maintenance (GO:2000036),1/56,0.9617818189742336,0.9999949730111748,0,0,0.3027192276749799,0.011796257954386,HMGA2
GO_Biological_Process_2023,Pattern Recognition Receptor Signaling Pathway (GO:0002221),1/56,0.9617818189742336,0.9999949730111748,0,0,0.3027192276749799,0.011796257954386,INAVA
GO_Biological_Process_2023,post-Golgi Vesicle-Mediated Transport (GO:0006892),1/56,0.9617818189742336,0.9999949730111748,0,0,0.3027192276749799,0.011796257954386,STEAP2
GO_Biological_Process_2023,Regulation Of Cation Channel Activity (GO:2001257),1/56,0.9617818189742336,0.9999949730111748,0,0,0.3027192276749799,0.011796257954386,FKBP1B
GO_Biological_Process_2023,Membrane Organization (GO:0061024),5/167,0.9628618866121186,0.9999949730111748,0,0,0.5127678003640112,0.0194058498992241,DPP4;REEP1;GLTPD2;BAIAP2L2;SYP
GO_Biological_Process_2023,Inorganic Cation Transmembrane Transport (GO:0098662),10/284,0.9630672334660432,0.9999949730111748,0,0,0.6053966414241716,0.0227823184584143,SLC9A2;LRRC26;MCOLN3;SLC30A2;SLC41A2;SLC6A14;SLC40A1;CACNA1D;SLC6A20;SLC4A4
GO_Biological_Process_2023,RNA Catabolic Process (GO:0006401),1/57,0.9639490006733168,0.9999949730111748,0,0,0.2972977243994943,0.010915847736079,DNA2
GO_Biological_Process_2023,Endosome To Lysosome Transport (GO:0008333),1/57,0.9639490006733168,0.9999949730111748,0,0,0.2972977243994943,0.010915847736079,CACNG4
GO_Biological_Process_2023,ERAD Pathway (GO:0036503),2/89,0.9646550594764915,0.9999949730111748,0,0,0.3824358856886879,0.0137618378866027,FOXRED2;UBXN10
GO_Biological_Process_2023,Regulation Of DNA-templated Transcription (GO:0006355),92/1922,0.9652366852772836,0.9999949730111748,0,0,0.8244518426187434,0.0291707039790756,ONECUT2;ONECUT3;WWC1;TGFB1I1;SPIN3;RORC;HNF4G;SCX;BRCA1;FOXM1;BRCA2;HOXC11;CELSR2;HOXC10;NR3C2;DMBX1;SHH;MECOM;HNF4A;CREB3L1;MYB;SOX6;ZNF488;FADS1;NME2;RFX3;HNF1B;ETV1;PAX6;FOXL1;HNF1A;EBF4;ETV4;POU5F1;PAX2;TOX3;ERN2;MYCN;PAX8;ZNF519;PAX7;ZNF714;ZNF713;TIMELESS;HOXB3;NUPR2;HOXB6;HMX2;HOXB5;L3MBTL1;FOXC2;MYRF;GATA6;LRP5;GATA4;LIN9;NPAS2;NPAS3;ERBB4;ZNF704;WBP2NL;PRDM16;E2F1;HOXC4;TNNI2;OTX1;HOXC9;HOXC8;E2F7;ZNF662;E2F8;ZBED3;HOXC6;ZNF541;CDKN2A;PRRX2;WNT7A;HMGA2;NR2F2;SMARCA1;SMAD6;ESR1;NFATC4;SOX30;NFIB;LHX2;TLX2;ZNF215;MELTF;SIM2;FOXA3;FOXA2
GO_Biological_Process_2023,Glycosaminoglycan Biosynthetic Process (GO:0006024),1/58,0.9659933856534016,0.9999949730111748,0,0,0.2920664493091135,0.0101050002798787,B3GNT3
GO_Biological_Process_2023,mRNA Transport (GO:0051028),1/58,0.9659933856534016,0.9999949730111748,0,0,0.2920664493091135,0.0101050002798787,PEG10
GO_Biological_Process_2023,Positive Regulation Of Protein Phosphorylation (GO:0001934),14/377,0.9673972354131476,0.9999949730111748,0,0,0.6389704812428015,0.0211793643546403,LEFTY1;CHRNA7;RARRES2;DUSP19;BMP8B;MOB3B;TOM1L1;BMP3;CLDN3;ERBB4;GPER1;PDGFC;WNK3;FGF18
GO_Biological_Process_2023,Regulation Of Protein-Containing Complex Assembly (GO:0043254),3/119,0.967640861408416,0.9999949730111748,0,0,0.4299568965517241,0.0141431188836827,CHAF1B;BIK;MAPK15
GO_Biological_Process_2023,Cellular Response To Tumor Necrosis Factor (GO:0071356),3/119,0.967640861408416,0.9999949730111748,0,0,0.4299568965517241,0.0141431188836827,GPER1;BRCA1;NPNT
GO_Biological_Process_2023,Regulation Of Multicellular Organismal Development (GO:2000026),1/59,0.9679219259390732,0.9999949730111748,0,0,0.2870155630149527,0.009357812358456,SCX
GO_Biological_Process_2023,Protein Targeting To Mitochondrion (GO:0006626),1/59,0.9679219259390732,0.9999949730111748,0,0,0.2870155630149527,0.009357812358456,PAM16
GO_Biological_Process_2023,Endomembrane System Organization (GO:0010256),6/196,0.968561961655241,0.9999949730111748,0,0,0.5243228070175439,0.0167483497034507,ATP8B3;SPTSSB;SYP;TMED6;MAPK15;DNM1
GO_Biological_Process_2023,Positive Regulation Of Protein Catabolic Process (GO:0045732),2/92,0.9694957714815926,0.9999949730111748,0,0,0.3696289735262277,0.0114507972754934,PCSK9;C4BPB
GO_Biological_Process_2023,Negative Regulation Of Peptidase Activity (GO:0010466),1/60,0.969741180245348,0.9999949730111748,0,0,0.2821358932053397,0.0086689265208145,SERPINA4
GO_Biological_Process_2023,Positive Regulation Of Phagocytosis (GO:0050766),1/60,0.969741180245348,0.9999949730111748,0,0,0.2821358932053397,0.0086689265208145,F2RL1
GO_Biological_Process_2023,Positive Regulation Of Programmed Cell Death (GO:0043068),8/245,0.9700804104793695,0.9999949730111748,0,0,0.5600429831186056,0.0170120412393806,OLFM1;LGALS2;SCIN;DAPK1;GPER1;E2F1;IGF2BP1;PNMA2
GO_Biological_Process_2023,Autophagosome Organization (GO:1905037),1/61,0.9714573363971568,0.9999949730111748,0,0,0.2774188790560472,0.0080334754579772,RAB19
GO_Biological_Process_2023,Negative Regulation Of Intrinsic Apoptotic Signaling Pathway (GO:2001243),1/61,0.9714573363971568,0.9999949730111748,0,0,0.2774188790560472,0.0080334754579772,CREB3L1
GO_Biological_Process_2023,Negative Regulation Of Viral Process (GO:0048525),1/61,0.9714573363971568,0.9999949730111748,0,0,0.2774188790560472,0.0080334754579772,TRIM31
GO_Biological_Process_2023,Positive Regulation Of Interleukin-8 Production (GO:0032757),1/61,0.9714573363971568,0.9999949730111748,0,0,0.2774188790560472,0.0080334754579772,F2RL1
GO_Biological_Process_2023,Anterograde Trans-Synaptic Signaling (GO:0098916),6/199,0.9717570433528668,0.9999949730111748,0,0,0.5160898100172712,0.0147856949692467,GABRP;DOC2A;CHRNA5;GLRB;PCDHB9;CPLX1
GO_Biological_Process_2023,Negative Regulation Of Transcription By RNA Polymerase II (GO:0000122),32/763,0.9728227086708088,0.9999949730111748,0,0,0.722477466768073,0.0199067282797179,FOXC2;UHRF1;WWC1;ZBTB26;GATA6;RORC;GATA5;GATA4;FOXM1;ZNF69;SHH;MYB;PRDM16;E2F1;CRYM;ZNF169;ZNF620;E2F7;E2F8;ZNF19;LEFTY1;ZBTB37;FOXJ1;HMGA2;PAX6;NR2F2;ESR1;POU5F1;SOX30;RIPPLY3;NUPR2;FRK
GO_Biological_Process_2023,RNA Methylation (GO:0001510),1/62,0.9730762321717326,0.9999949730111748,0,0,0.2728565211083708,0.0074470327322685,LCMT2
GO_Biological_Process_2023,Spliceosomal Complex Assembly (GO:0000245),1/62,0.9730762321717326,0.9999949730111748,0,0,0.2728565211083708,0.0074470327322685,CELF4
GO_Biological_Process_2023,Regulation Of Gene Expression (GO:0010468),50/1127,0.9738049620931228,0.9999949730111748,0,0,0.7641055901848163,0.0202826019028033,WWC1;SPIN3;ZBTB26;IHH;SCX;YBX2;BRCA1;BRCA2;CELSR2;EPB41L4B;SHH;GPER1;CREB3L1;MYB;SOX6;ZNF488;FADS1;ZBTB37;RFX3;PAX6;UPK3B;POU5F1;OLFM1;CLDN3;MYCN;ZNF519;ZNF714;ZNF713;PRKAA2;HHLA2;TMPRSS4;GATA5;GATA4;TTBK1;AGR2;E2F1;IGF2BP1;IGF2BP3;MBNL3;BTNL9;PRRX2;HMGA2;SMARCA1;ESR1;OCLN;CILP;FGF18;CCDC3;BMPR1B;FGFR4
GO_Biological_Process_2023,Phosphatidylinositol Metabolic Process (GO:0046488),1/63,0.974603374894846,0.9999949730111748,0,0,0.2684413359977162,0.0069055690048004,PIP5K1B
GO_Biological_Process_2023,Regulation Of Macroautophagy (GO:0016241),2/96,0.9749653317730802,0.9999949730111748,0,0,0.3538246989427661,0.0089706470115612,PRKAA2;ATP6V1C2
GO_Biological_Process_2023,Response To Cytokine (GO:0034097),3/125,0.9751809020964431,0.9999949730111748,0,0,0.408680676665504,0.0102710790695646,ALDH1A2;PRKCA;FOXA2
GO_Biological_Process_2023,Negative Regulation Of Cytokine Production (GO:0001818),5/178,0.9754990618663684,0.9999949730111748,0,0,0.4798817236316595,0.0119039847218786,HOMER2;FOXJ1;F2RL1;SSC5D;LGR4
GO_Biological_Process_2023,Endocytic Recycling (GO:0032456),1/64,0.9760439605837834,0.9999949730111748,0,0,0.2641663154937491,0.006405412888648,RAB17
GO_Biological_Process_2023,Positive Regulation Of Macroautophagy (GO:0016239),1/64,0.9760439605837834,0.9999949730111748,0,0,0.2641663154937491,0.006405412888648,PRKAA2
GO_Biological_Process_2023,Positive Regulation Of Type I Interferon Production (GO:0032481),1/64,0.9760439605837834,0.9999949730111748,0,0,0.2641663154937491,0.006405412888648,TRIM15
GO_Biological_Process_2023,Autophagosome Assembly (GO:0000045),1/65,0.977402890914746,0.9999949730111748,0,0,0.260024889380531,0.0059432163415403,RAB19
GO_Biological_Process_2023,Regulation Of Tyrosine Phosphorylation Of STAT Protein (GO:0042509),1/65,0.977402890914746,0.9999949730111748,0,0,0.260024889380531,0.0059432163415403,ERBB4
GO_Biological_Process_2023,Positive Regulation Of T Cell Proliferation (GO:0042102),1/65,0.977402890914746,0.9999949730111748,0,0,0.260024889380531,0.0059432163415403,HHLA2
GO_Biological_Process_2023,Cellular Response To Type II Interferon (GO:0071346),1/66,0.9786847903882164,0.9999949730111748,0,0,0.2560108917631041,0.0055159234505719,DAPK1
GO_Biological_Process_2023,Negative Regulation Of Endopeptidase Activity (GO:0010951),1/66,0.9786847903882164,0.9999949730111748,0,0,0.2560108917631041,0.0055159234505719,SERPINA4
GO_Biological_Process_2023,Negative Regulation Of Immune Response (GO:0050777),1/66,0.9786847903882164,0.9999949730111748,0,0,0.2560108917631041,0.0055159234505719,DTX4
GO_Biological_Process_2023,ncRNA Processing (GO:0034470),2/100,0.9794809489102516,0.9999949730111748,0,0,0.3393105692232606,0.0070347535253855,PIH1D2;IGF2BP3
GO_Biological_Process_2023,Activation Of Cysteine-Type Endopeptidase Activity Involved In Apoptotic Process (GO:0006919),1/67,0.9798940217904922,0.9999949730111748,0,0,0.2521185304371145,0.0051207427116395,KHDC1
GO_Biological_Process_2023,Cholesterol Metabolic Process (GO:0008203),1/67,0.9798940217904922,0.9999949730111748,0,0,0.2521185304371145,0.0051207427116395,NPC1L1
GO_Biological_Process_2023,Extrinsic Apoptotic Signaling Pathway (GO:0097191),1/67,0.9798940217904922,0.9999949730111748,0,0,0.2521185304371145,0.0051207427116395,ERBB3
GO_Biological_Process_2023,tRNA Modification (GO:0006400),1/67,0.9798940217904922,0.9999949730111748,0,0,0.2521185304371145,0.0051207427116395,LCMT2
GO_Biological_Process_2023,Protein Secretion (GO:0009306),1/67,0.9798940217904922,0.9999949730111748,0,0,0.2521185304371145,0.0051207427116395,RIMS2
GO_Biological_Process_2023,Positive Regulation Of Peptidyl-Tyrosine Phosphorylation (GO:0050731),3/130,0.9801577077310332,0.9999949730111748,0,0,0.3924861785893784,0.0078661271425125,ERBB3;ERBB4;DOK7
GO_Biological_Process_2023,rRNA Processing (GO:0006364),2/101,0.980480121754955,0.9999949730111748,0,0,0.3358652960070143,0.0066208813887456,PIH1D2;IGF2BP3
GO_Biological_Process_2023,Peptide Biosynthetic Process (GO:0043043),4/158,0.98069271259599,0.9999949730111748,0,0,0.4313255511125963,0.0084091692819177,GGT6;EEF1A2;CARNS1;IGF2BP3
GO_Biological_Process_2023,Aerobic Electron Transport Chain (GO:0019646),1/68,0.981034701132136,0.9999949730111748,0,0,0.2483423590014529,0.0047551221118881,COX6A2
GO_Biological_Process_2023,Intermediate Filament Organization (GO:0045109),1/68,0.981034701132136,0.9999949730111748,0,0,0.2483423590014529,0.0047551221118881,KRT7
GO_Biological_Process_2023,Response To Lipopolysaccharide (GO:0032496),4/159,0.9814804919818728,0.9999949730111748,0,0,0.4285199072616424,0.0080103831257709,CPS1;PALM3;SMAD6;CXCL5
GO_Biological_Process_2023,Regulation Of Endopeptidase Activity (GO:0052548),1/69,0.9821107113837282,0.9999949730111748,0,0,0.244677251431546,0.0044167268744575,SERPINA4
GO_Biological_Process_2023,Phagocytosis (GO:0006909),1/69,0.9821107113837282,0.9999949730111748,0,0,0.244677251431546,0.0044167268744575,MST1R
GO_Biological_Process_2023,Mitochondrial ATP Synthesis Coupled Electron Transport (GO:0042775),1/70,0.983125715781599,0.9999949730111748,0,0,0.2411183788636655,0.0041034193859152,COX6A2
GO_Biological_Process_2023,Neutrophil Chemotaxis (GO:0030593),1/70,0.983125715781599,0.9999949730111748,0,0,0.2411183788636655,0.0041034193859152,CXCL5
GO_Biological_Process_2023,Protein K48-linked Ubiquitination (GO:0070936),1/70,0.983125715781599,0.9999949730111748,0,0,0.2411183788636655,0.0041034193859152,TRIM31
GO_Biological_Process_2023,Lysosomal Transport (GO:0007041),2/105,0.9840251501016228,0.9999949730111748,0,0,0.3227531882325625,0.0051975602838081,SLC30A2;PCSK9
GO_Biological_Process_2023,Protein Transport (GO:0015031),10/313,0.9848446512273666,0.9999949730111748,0,0,0.5466006011841148,0.0083473371468398,NDC1;BBS1;ARL17A;ARL14;TFR2;PAM16;RABL2A;RAB19;RAB17;TMED6
GO_Biological_Process_2023,Regulation Of Autophagy (GO:0010506),7/241,0.9848852805299336,0.9999949730111748,0,0,0.4959584207804848,0.0075535018295627,PRKAA2;FZD5;DAPK1;EEF1A2;FBXL2;MAPK15;ATP6V1C2
GO_Biological_Process_2023,Cellular Response To Hypoxia (GO:0071456),1/72,0.9849863346343856,0.9999949730111748,0,0,0.2343013835223731,0.0035443968441585,GATA6
GO_Biological_Process_2023,Positive Regulation Of Protein Localization To Nucleus (GO:1900182),1/72,0.9849863346343856,0.9999949730111748,0,0,0.2343013835223731,0.0035443968441585,CARD10
GO_Biological_Process_2023,Positive Regulation Of Autophagy (GO:0010508),2/107,0.985554517661024,0.9999949730111748,0,0,0.3165717659960352,0.0046063832545109,PRKAA2;DAPK1
GO_Biological_Process_2023,Cellular Response To Decreased Oxygen Levels (GO:0036294),1/73,0.9858382852997172,0.9999949730111748,0,0,0.2310349065880039,0.0032952390166385,GATA6
GO_Biological_Process_2023,Cellular Response To Reactive Oxygen Species (GO:0034614),1/73,0.9858382852997172,0.9999949730111748,0,0,0.2310349065880039,0.0032952390166385,PAX2
GO_Biological_Process_2023,Granulocyte Chemotaxis (GO:0071621),1/73,0.9858382852997172,0.9999949730111748,0,0,0.2310349065880039,0.0032952390166385,CXCL5
GO_Biological_Process_2023,Import Into Nucleus (GO:0051170),1/74,0.9866419235158896,0.9999949730111748,0,0,0.2278579221723845,0.0030642557048799,RANBP17
GO_Biological_Process_2023,Negative Regulation Of Wnt Signaling Pathway (GO:0030178),3/140,0.9874034222688584,0.9999949730111748,0,0,0.3636434228917534,0.0046097575686057,PTPRU;MDK;SOX30
GO_Biological_Process_2023,Positive Regulation Of Cytokine Production (GO:0001819),10/320,0.9879020686976784,0.9999949730111748,0,0,0.5340565739115422,0.0065003800848114,C5;FZD5;HHLA2;MDK;F2RL1;TRIM15;GATA4;BRCA1;PLA2R1;INAVA
GO_Biological_Process_2023,Neutrophil Migration (GO:1990266),1/77,0.988789571752594,0.9999949730111748,0,0,0.218828598043782,0.0024670164346598,CXCL5
GO_Biological_Process_2023,DNA-templated Transcription (GO:0006351),5/199,0.9892848906289444,0.9999949730111748,0,0,0.4274550914650895,0.0046049435902021,PAX8;E2F1;SCX;YBX2;ETV1
GO_Biological_Process_2023,Regulation Of Innate Immune Response (GO:0045088),1/78,0.9894258280141238,0.9999949730111748,0,0,0.2159751752672106,0.0022959188751697,DTX4
GO_Biological_Process_2023,Positive Regulation Of Tumor Necrosis Factor Production (GO:0032760),1/78,0.9894258280141238,0.9999949730111748,0,0,0.2159751752672106,0.0022959188751697,FZD5
GO_Biological_Process_2023,Negative Regulation Of Canonical Wnt Signaling Pathway (GO:0090090),2/114,0.9898641235873148,0.9999949730111748,0,0,0.2966753131722131,0.0030224076922493,PTPRU;MDK
GO_Biological_Process_2023,Regulation Of Neuron Differentiation (GO:0045664),1/79,0.9900259942503008,0.9999949730111748,0,0,0.213194917177218,0.0021370827731372,LTK
GO_Biological_Process_2023,Negative Regulation Of Cellular Component Organization (GO:0051129),1/79,0.9900259942503008,0.9999949730111748,0,0,0.213194917177218,0.0021370827731372,CARMIL1
GO_Biological_Process_2023,Positive Regulation Of Catabolic Process (GO:0009896),1/79,0.9900259942503008,0.9999949730111748,0,0,0.213194917177218,0.0021370827731372,C4BPB
GO_Biological_Process_2023,Positive Regulation Of Endocytosis (GO:0045807),1/79,0.9900259942503008,0.9999949730111748,0,0,0.213194917177218,0.0021370827731372,TFR2
GO_Biological_Process_2023,Protein Import Into Nucleus (GO:0006606),1/79,0.9900259942503008,0.9999949730111748,0,0,0.213194917177218,0.0021370827731372,RANBP17
GO_Biological_Process_2023,Positive Regulation Of Cellular Biosynthetic Process (GO:0031328),4/174,0.9901929091305484,0.9999949730111748,0,0,0.3903961584633854,0.003847548218586,DDAH1;PPP1R3E;DUOXA2;FGFR4
GO_Biological_Process_2023,Endoplasmic Reticulum To Golgi Vesicle-Mediated Transport (GO:0006888),2/115,0.9903667942010342,0.9999949730111748,0,0,0.2940341911159535,0.0028462231186179,GOLT1A;TMED6
GO_Biological_Process_2023,Apoptotic Process (GO:0006915),6/228,0.990409614505296,0.9999949730111748,0,0,0.447975975975976,0.0043169963794957,SEMA6A;ERBB3;DAPK1;BIK;CHEK1;CIT
GO_Biological_Process_2023,Positive Regulation Of Cellular Catabolic Process (GO:0031331),3/146,0.990447442032547,0.9999949730111748,0,0,0.3482740663591727,0.003342900374767,PRKAA2;DAPK1;SLC4A4
GO_Biological_Process_2023,Response To Type II Interferon (GO:0034341),1/80,0.9905921158626428,0.9999949730111748,0,0,0.2104850453679847,0.001989592591822,DAPK1
GO_Biological_Process_2023,Positive Regulation Of Immune Response (GO:0050778),1/80,0.9905921158626428,0.9999949730111748,0,0,0.2104850453679847,0.001989592591822,F2RL1
GO_Biological_Process_2023,Cellular Response To Molecule Of Bacterial Origin (GO:0071219),2/117,0.991300138195915,0.9999949730111748,0,0,0.2888897446759348,0.0025242973655556,FZD5;CXCL5
GO_Biological_Process_2023,Cellular Response To Organic Substance (GO:0071310),1/82,0.9916298341652838,0.9999949730111748,0,0,0.2052660329946465,0.001725341549298,ROBO2
GO_Biological_Process_2023,Positive Regulation Of Tumor Necrosis Factor Superfamily Cytokine Production (GO:1903557),1/82,0.9916298341652838,0.9999949730111748,0,0,0.2052660329946465,0.001725341549298,FZD5
GO_Biological_Process_2023,Ribosomal Small Subunit Biogenesis (GO:0042274),1/84,0.9925531448436528,0.9999949730111748,0,0,0.200298539289903,0.0014971757804993,IGF2BP3
GO_Biological_Process_2023,Response To Interleukin-1 (GO:0070555),1/85,0.9929758919129792,0.9999949730111748,0,0,0.1979034976822587,0.0013950006319194,PRKCA
GO_Biological_Process_2023,mRNA Metabolic Process (GO:0016071),1/85,0.9929758919129792,0.9999949730111748,0,0,0.1979034976822587,0.0013950006319194,ANG
GO_Biological_Process_2023,Positive Regulation Of Macromolecule Biosynthetic Process (GO:0010557),2/122,0.9932635388841335,0.9999949730111748,0,0,0.2767788603483909,0.001870818477123,PPP1R3E;FGFR4
GO_Biological_Process_2023,Potassium Ion Transport (GO:0006813),2/122,0.9932635388841335,0.9999949730111748,0,0,0.2767788603483909,0.001870818477123,SLC9A2;LRRC26
GO_Biological_Process_2023,Regulation Of DNA Metabolic Process (GO:0051052),2/124,0.9939209790495822,0.9999949730111748,0,0,0.2722124613396448,0.0016598354698748,TOM1L1;BRCA1
GO_Biological_Process_2023,Chromatin Organization (GO:0006325),7/268,0.9944146467530496,0.9999949730111748,0,0,0.4440081264231467,0.002486893804031,L3MBTL1;CHAF1B;CHEK1;HMGA2;SMARCA1;ESR1;ASF1B
GO_Biological_Process_2023,Positive Regulation Of Intracellular Protein Transport (GO:0090316),2/126,0.9945154007244114,0.9999949730111748,0,0,0.2677933655247292,0.0014727818096218,FZD5;PDZK1
GO_Biological_Process_2023,Regulation Of Peptidyl-Tyrosine Phosphorylation (GO:0050730),1/90,0.9947558792169732,0.9999949730111748,0,0,0.1867356070398727,0.0009818407796651643,DMTN
GO_Biological_Process_2023,Regulation Of Tumor Necrosis Factor Production (GO:0032680),2/127,0.9947908432967116,0.9999949730111748,0,0,0.2656368467670504,0.0013873605957541,FZD5;CHRNA7
GO_Biological_Process_2023,Positive Regulation Of Binding (GO:0051099),1/91,0.9950536219427036,0.9999949730111748,0,0,0.1846509341199606,0.0009156197008664572,CDT1
GO_Biological_Process_2023,Regulation Of RNA Metabolic Process (GO:0051252),1/91,0.9950536219427036,0.9999949730111748,0,0,0.1846509341199606,0.0009156197008664572,MBNL3
GO_Biological_Process_2023,Positive Regulation Of DNA-binding Transcription Factor Activity (GO:0051091),6/246,0.9952647346379088,0.9999949730111748,0,0,0.4139777777777778,0.0019649505933783,SHH;EDA;STK36;TRIM15;TRIM31;ESR1
GO_Biological_Process_2023,Regulation Of DNA Repair (GO:0006282),2/129,0.9953016223511332,0.9999949730111748,0,0,0.2614256920276462,0.0012311711519261,BRCA1;NPAS2
GO_Biological_Process_2023,Mitochondrion Organization (GO:0007005),3/162,0.99548982979581,0.9999949730111748,0,0,0.3129599892947945,0.0014146954810493,BIK;PYROXD2;SPATA18
GO_Biological_Process_2023,Golgi Organization (GO:0007030),2/130,0.995538236314794,0.9999949730111748,0,0,0.2593694641275465,0.0011598346385371,ATP8B3;TMED6
GO_Biological_Process_2023,Regulation Of Peptidyl-Serine Phosphorylation (GO:0033135),1/93,0.9955993658121418,0.9999949730111748,0,0,0.180617545209696,0.0007965857740375629,DMTN
GO_Biological_Process_2023,"Regulation Of mRNA Splicing, Via Spliceosome (GO:0048024)",1/94,0.9958492294745466,0.9999949730111748,0,0,0.1786659054144067,0.0007431445545376818,CELF4
GO_Biological_Process_2023,Vesicle Organization (GO:0016050),1/94,0.9958492294745466,0.9999949730111748,0,0,0.1786659054144067,0.0007431445545376818,DNM1
GO_Biological_Process_2023,Muscle Contraction (GO:0006936),1/94,0.9958492294745466,0.9999949730111748,0,0,0.1786659054144067,0.0007431445545376818,TMOD1
GO_Biological_Process_2023,Peptidyl-Lysine Modification (GO:0018205),1/94,0.9958492294745466,0.9999949730111748,0,0,0.1786659054144067,0.0007431445545376818,RNF212
GO_Biological_Process_2023,Golgi Vesicle Transport (GO:0048193),4/197,0.9964261899290692,0.9999949730111748,0,0,0.3434492968171724,0.001229621083007,GOLT1A;SPIRE2;TMED6;ATP9A
GO_Biological_Process_2023,MAPK Cascade (GO:0000165),1/98,0.9967146583849714,0.9999949730111748,0,0,0.1712617461910409,0.0005635796253715876,MAP2K6
GO_Biological_Process_2023,RNA Splicing (GO:0008380),1/98,0.9967146583849714,0.9999949730111748,0,0,0.1712617461910409,0.0005635796253715876,RNPC3
GO_Biological_Process_2023,Mitochondrial Translation (GO:0032543),1/98,0.9967146583849714,0.9999949730111748,0,0,0.1712617461910409,0.0005635796253715876,MRPS24
GO_Biological_Process_2023,Chromatin Remodeling (GO:0006338),5/228,0.9967782273834996,0.9999949730111748,0,0,0.3712892974057937,0.0011981407978348,MECOM;CHEK1;PRDM16;SMARCA1;ESR1
GO_Biological_Process_2023,Potassium Ion Transmembrane Transport (GO:0071805),2/137,0.996896463439608,0.9999949730111748,0,0,0.2458288226224453,0.0007641250979835517,SLC9A2;LRRC26
GO_Biological_Process_2023,Response To UV (GO:0009411),1/100,0.9970771517958416,0.9999949730111748,0,0,0.1677840350406722,0.0004911253580945026,PCLAF
GO_Biological_Process_2023,Regulation Of RNA Splicing (GO:0043484),1/102,0.9973996441647468,0.9999949730111748,0,0,0.1644440550249715,0.0004281699968144168,MBNL3
GO_Biological_Process_2023,Mitochondrial Gene Expression (GO:0140053),1/103,0.997547287871306,0.9999949730111748,0,0,0.1628231823702932,0.0003998489521164895,MRPS24
GO_Biological_Process_2023,Inflammatory Response (GO:0006954),5/236,0.9977108802435268,0.9999949730111748,0,0,0.358277010142019,0.0008210791153720951,VNN1;PTGER1;MGLL;CXCL5;NFATC4
GO_Biological_Process_2023,Protein Stabilization (GO:0050821),4/208,0.9978223193147068,0.9999949730111748,0,0,0.3247385910886093,0.0007079480800928973,MCM8;PIH1D2;TSPAN1;ZBED3
GO_Biological_Process_2023,Positive Regulation Of T Cell Activation (GO:0050870),1/107,0.9980586315069514,0.9999949730111748,0,0,0.1566455167807647,0.0003044022450176848,MDK
GO_Biological_Process_2023,Positive Regulation Of Translation (GO:0045727),1/108,0.9981688433947384,0.9999949730111748,0,0,0.1551732693739144,0.00028440703362726284,IGF2BP1
GO_Biological_Process_2023,Macromolecule Biosynthetic Process (GO:0009059),3/183,0.998355421382623,0.9999949730111748,0,0,0.276137706855792,0.00045450400445359,EEF1A2;IGF2BP3;LARGE1
GO_Biological_Process_2023,Positive Regulation Of Intracellular Signal Transduction (GO:1902533),16/525,0.9983564522209472,0.9999949730111748,0,0,0.5176068436307892,0.0008514114377746191,GPR37;WWC1;CHRNA7;DUSP19;AKR1C3;SEMA3E;MST1R;INAVA;NR3C2;DOK4;ERBB3;GPER1;PDGFC;PLCE1;F2RL1;MYORG
GO_Biological_Process_2023,Sensory Perception Of Chemical Stimulus (GO:0007606),1/110,0.9983708384219389,0.9999949730111748,0,0,0.1523098157018754,0.00024833964738168806,NXNL2
GO_Biological_Process_2023,RNA Metabolic Process (GO:0016070),1/111,0.9984633123404836,0.9999949730111748,0,0,0.1509171359613837,0.00023209087173759464,ANG
GO_Biological_Process_2023,Positive Regulation Of NF-kappaB Transcription Factor Activity (GO:0051092),2/152,0.9985837818374134,0.9999949730111748,0,0,0.2210687924416888,0.00031330354452460256,EDA;TRIM15
GO_Biological_Process_2023,Ribosome Biogenesis (GO:0042254),2/155,0.9987905707139372,0.9999949730111748,0,0,0.2166993753509671,0.00026224118388966334,PIH1D2;IGF2BP3
GO_Biological_Process_2023,Regulation Of Protein Binding (GO:0043393),1/118,0.998979076652703,0.9999949730111748,0,0,0.1418349595340745,0.0001448765881869161,TTBK1
GO_Biological_Process_2023,Ribonucleoprotein Complex Biogenesis (GO:0022613),1/118,0.998979076652703,0.9999949730111748,0,0,0.1418349595340745,0.0001448765881869161,IGF2BP3
GO_Biological_Process_2023,Protein Polyubiquitination (GO:0000209),4/226,0.9990457393754276,0.9999949730111748,0,0,0.2981206583691055,0.00028462062839109537,TRIM2;BRCA1;RNF183;TRIM31
GO_Biological_Process_2023,Protein Localization To Nucleus (GO:0034504),1/122,0.999191690713438,0.9999949730111748,0,0,0.1371169458056022,0.00011087771842383162,RANBP17
GO_Biological_Process_2023,Cellular Response To Lipopolysaccharide (GO:0071222),1/124,0.9992807244043884,0.9999949730111748,0,0,0.1348730124469386,9.704577187283338e-05,CXCL5
GO_Biological_Process_2023,Gene Expression (GO:0010467),6/296,0.9994026033856628,0.9999949730111748,0,0,0.3416827586206896,0.00020418111780589105,TSPAN15;DUOXA2;EEF1A2;ABCC6;ENPP1;IGF2BP3
GO_Biological_Process_2023,Defense Response To Bacterium (GO:0042742),3/204,0.99941257082447,0.9999949730111748,0,0,0.2470096326876257,0.00014514329975706916,CHGA;RARRES2;ANG
GO_Biological_Process_2023,Positive Regulation Of I-kappaB kinase/NF-kappaB Signaling (GO:0043123),2/175,0.9995800233426678,0.9999949730111748,0,0,0.1914426291618241,8.041832355789077e-05,F2RL1;INAVA
GO_Biological_Process_2023,Endosomal Transport (GO:0016197),2/180,0.9996778647190736,0.9999949730111748,0,0,0.1860152665678088,5.99317337336888e-05,RASSF9;RAB17
GO_Biological_Process_2023,Transcription By RNA Polymerase II (GO:0006366),2/192,0.9998294076818516,0.9999949730111748,0,0,0.1741550510465712,2.971204827092983e-05,YBX2;ETV1
GO_Biological_Process_2023,Modification-Dependent Protein Catabolic Process (GO:0019941),2/192,0.9998294076818516,0.9999949730111748,0,0,0.1741550510465712,2.971204827092983e-05,UHRF1;TRIM31
GO_Biological_Process_2023,protein-RNA Complex Assembly (GO:0022618),1/150,0.999840888226474,0.9999949730111748,0,0,0.1111837025598384,1.7692043645033272e-05,CELF4
GO_Biological_Process_2023,Regulation Of I-kappaB kinase/NF-kappaB Signaling (GO:0043122),3/232,0.9998534187547972,0.9999949730111748,0,0,0.216482393384744,3.1734584691097254e-05,F2RL1;ESR1;INAVA
GO_Biological_Process_2023,Translation (GO:0006412),3/234,0.9998672247050834,0.9999949730111748,0,0,0.2145850603297411,2.8493486327370105e-05,MRPS24;EEF1A2;IGF2BP3
GO_Biological_Process_2023,"mRNA Splicing, Via Spliceosome (GO:0000398)",2/211,0.9999367702669693,0.9999949730111748,0,0,0.1581617301164175,1.0000840149500272e-05,CELF4;RNPC3
GO_Biological_Process_2023,Proteasome-Mediated Ubiquitin-Dependent Protein Catabolic Process (GO:0043161),5/319,0.9999424918258896,0.9999949730111748,0,0,0.26239945243294,1.509054731606588e-05,FOXRED2;UBXN10;TRIM2;FBXL2;FBXL16
GO_Biological_Process_2023,Proteasomal Protein Catabolic Process (GO:0010498),2/220,0.9999598735895476,0.9999949730111748,0,0,0.1515589829434183,6.081639975321185e-06,TRIM2;DTX4
GO_Biological_Process_2023,"RNA Splicing, Via Transesterification Reactions With Bulged Adenosine As Nucleophile (GO:0000377)",1/180,0.9999698854192156,0.9999949730111748,0,0,0.0924012458594947,2.782666682654952e-06,RNPC3
GO_Biological_Process_2023,Ubiquitin-Dependent Protein Catabolic Process (GO:0006511),6/367,0.9999708029424282,0.9999949730111748,0,0,0.273433056325023,7.983557236301682e-06,TOM1L1;C17ORF97;UHRF1;TGFB1I1;TRIM2;TRIM31
GO_Biological_Process_2023,RNA Processing (GO:0006396),1/183,0.9999741979000308,0.9999949730111748,0,0,0.0908635612175435,2.3445009367430907e-06,RNPC3
GO_Biological_Process_2023,Cellular Response To Cytokine Stimulus (GO:0071345),4/308,0.9999778355579196,0.9999949730111748,0,0,0.2167491710643067,4.804177689153308e-06,DAPK1;GPER1;BRCA1;NPNT
GO_Biological_Process_2023,Cytokine-Mediated Signaling Pathway (GO:0019221),2/257,0.9999914584077972,0.9999949730111748,0,0,0.1293110335365324,1.1045268330020708e-06,TFF2;CXCL5
GO_Biological_Process_2023,mRNA Processing (GO:0006397),1/214,0.9999928492278238,0.9999949730111748,0,0,0.0775104906726494,5.54261841765525e-07,RNPC3
GO_Biological_Process_2023,Sensory Perception Of Smell (GO:0007608),1/230,0.9999949730111748,0.9999949730111748,0,0,0.0720330795687289,3.6211039620849844e-07,NXNL2
Reactome_2022,Resolution Of D-loop Structures Thru Holliday Junction Intermediates R-HSA-5693568,11/33,1.1005656126598328e-06,0.0005635731835317172,0,0,8.413839285714285,115.43523572152444,RAD51AP1;BRIP1;RMI2;RAD51;EXO1;XRCC2;XRCC3;SLX1A;BRCA1;DNA2;BRCA2
Reactome_2022,Resolution Of D-loop Structures Thru Synthesis-Dependent Strand Annealing (SDSA) R-HSA-5693554,10/27,1.119690366840285e-06,0.0005635731835317172,0,0,9.892427979220232,135.55058255416185,RAD51AP1;BRIP1;RMI2;RAD51;EXO1;XRCC2;XRCC3;BRCA1;DNA2;BRCA2
Reactome_2022,Resolution Of D-Loop Structures R-HSA-5693537,11/34,1.5440361192649786e-06,0.0005635731835317172,0,0,8.047593167701864,107.68573515284848,RAD51AP1;BRIP1;RMI2;RAD51;EXO1;XRCC2;XRCC3;SLX1A;BRCA1;DNA2;BRCA2
Reactome_2022,Homologous DNA Pairing And Strand Exchange R-HSA-5693579,12/43,3.0192670051156307e-06,0.0007572640477393631,0,0,6.516647928738217,82.82983049169076,RAD51AP1;BRIP1;RFC3;RMI2;RAD51;EXO1;XRCC2;CHEK1;XRCC3;BRCA1;DNA2;BRCA2
Reactome_2022,Impaired BRCA2 Binding To PALB2 R-HSA-9709603,9/24,3.4578267020062243e-06,0.0007572640477393631,0,0,10.08235294117647,126.78428042357748,RAD51AP1;RMI2;BRIP1;RAD51;EXO1;XRCC2;BRCA1;DNA2;BRCA2
Reactome_2022,Defective HDR Thru Homologous Recombination (HRR) Due To BRCA1 Loss-Of-Function R-HSA-9701192,9/25,5.1321090118011154e-06,0.0009366098946537036,0,0,9.451704545454543,115.12170342330788,RAD51AP1;BRIP1;RMI2;RAD51;EXO1;XRCC2;BRCA1;DNA2;BRCA2
Reactome_2022,HDR Thru Homologous Recombination (HRR) R-HSA-5685942,14/67,1.8446749560590607e-05,0.0028855986812638,0,0,4.449654566645834,48.504004146113466,RFC3;RMI2;XRCC2;XRCC3;BRCA1;BRCA2;RAD51AP1;BRIP1;RAD51;EXO1;CHEK1;SLX1A;DNA2;POLE
Reactome_2022,Presynaptic Phase Of Homologous DNA Pairing And Strand Exchange R-HSA-5693616,10/40,5.7393047110845136e-05,0.0078556733232969,0,0,5.601843592030924,54.70529315680686,BRIP1;RFC3;RMI2;RAD51;EXO1;XRCC2;CHEK1;BRCA1;DNA2;BRCA2
Reactome_2022,Defective Homologous Recombination Repair (HRR) Due To BRCA2 Loss Of Function R-HSA-9701190,10/41,7.209029009641213e-05,0.0087709852950634,0,0,5.420851198526661,51.7018626630163,RAD51AP1;BRIP1;RFC3;RMI2;RAD51;EXO1;XRCC2;BRCA1;DNA2;BRCA2
Reactome_2022,Homology Directed Repair R-HSA-5693538,18/119,0.00012378768681602602,0.0135547517063548,0,0,3.0052040244455718,27.037648298405987,RFC3;RMI2;XRCC2;XRCC3;BRCA1;BRCA2;RAD51AP1;BRIP1;RAD51;H4C15;EXO1;CHEK1;TIMELESS;SLX1A;LRIG3;DNA2;CLSPN;POLE
Reactome_2022,HDR Thru Homologous Recombination (HRR) Or Single Strand Annealing (SSA) R-HSA-5693567,17/114,0.00022519735075435623,0.0224173726432745,0,0,2.953265838716245,24.803101861543112,RFC3;RMI2;XRCC2;XRCC3;BRCA1;BRCA2;RAD51AP1;BRIP1;RAD51;H4C15;EXO1;CHEK1;TIMELESS;SLX1A;DNA2;CLSPN;POLE
Reactome_2022,Defective GALNT12 Causes CRCS1 R-HSA-5083636,6/18,0.0003324448990833595,0.0303355970413565,0,0,8.380888888888888,67.12284441552448,GALNT12;MUC1;MUC16;MUC13;MUC5B;MUC5AC
Reactome_2022,Diseases Of DNA Repair R-HSA-9675135,10/51,0.0004912694951412901,0.0413800074753625,0,0,4.096516611910098,31.20938436043266,RAD51AP1;RFC3;RMI2;BRIP1;RAD51;EXO1;XRCC2;BRCA1;DNA2;BRCA2
Reactome_2022,Impaired BRCA2 Binding To RAD51 R-HSA-9709570,8/35,0.0006105154756978472,0.0477510318492244,0,0,4.971339995382738,36.79391595320988,BRIP1;RFC3;RMI2;RAD51;EXO1;BRCA1;DNA2;BRCA2
Reactome_2022,DNA Double-Strand Break Repair R-HSA-5693532,18/149,0.0019122189786959,0.139591985444805,0,0,2.3132857348614224,14.479991104326484,RFC3;RMI2;XRCC2;XRCC3;BRCA1;BRCA2;RAD51AP1;BRIP1;RAD51;H4C15;EXO1;CHEK1;TIMELESS;SLX1A;LRIG3;DNA2;CLSPN;POLE
Reactome_2022,Unwinding Of DNA R-HSA-176974,4/11,0.0024358128893017,0.1667009446115853,0,0,9.563696285967804,57.54930084781864,GINS1;GINS2;MCM8;MCM4
Reactome_2022,Defective GALNT3 Causes HFTC R-HSA-5083625,5/18,0.0026448454597388,0.1703591634361205,0,0,6.440770597076103,38.22689222254647,MUC1;MUC16;MUC13;MUC5B;MUC5AC
Reactome_2022,Defective C1GALT1C1 Causes TNPS R-HSA-5083632,5/19,0.0034241683212494,0.2060840760553483,0,0,5.980398376046689,33.95010358240167,MUC1;MUC16;MUC13;MUC5B;MUC5AC
Reactome_2022,Activation Of ATR In Response To Replication Stress R-HSA-176187,7/36,0.0035758880776727,0.2060840760553483,0,0,4.045895201865259,22.792719415874355,RFC3;MCM8;CHEK1;MCM4;MCM10;CDC7;CLSPN
Reactome_2022,RHOA GTPase Cycle R-HSA-8980692,17/147,0.0039754553550836,0.2167942054069472,0,0,2.1997168899323296,12.159190238202267,ARHGAP11B;ARHGEF10;PLEKHG4;PKN3;ARHGEF28;FAM13A;ARHGAP29;IQGAP3;VAV2;ARHGAP44;ARHGAP42;OBSCN;DIAPH3;RHPN1;RHPN2;SRGAP1;NGEF
Reactome_2022,HDR Thru Single Strand Annealing (SSA) R-HSA-5685938,7/37,0.004198913692225,0.2167942054069472,0,0,3.910824436536181,21.403666161538386,BRIP1;RFC3;RMI2;RAD51;EXO1;BRCA1;DNA2
Reactome_2022,Regulation Of Gene Expression In Beta Cells R-HSA-210745,5/20,0.0043556826657103,0.2167942054069472,0,0,5.581409117821196,30.342068860306465,HNF4G;PAX6;HNF1A;FOXA3;FOXA2
Reactome_2022,Diseases Associated With O-glycosylation Of Proteins R-HSA-3906995,10/69,0.0052206442943699,0.2485480653189184,0,0,2.8440103418557885,14.945656742595055,GALNT12;MUC1;MUC16;ADAMTSL3;MUC13;THSD7A;LARGE1;MUC5B;ADAMTS9;MUC5AC
Reactome_2022,O-linked Glycosylation Of Mucins R-HSA-913709,9/59,0.0056048876800488,0.2557230004022277,0,0,3.019090909090909,15.651318277974932,GALNT12;GALNT14;MUC1;MUC16;B3GNT3;MUC13;GCNT3;MUC5B;MUC5AC
Reactome_2022,DNA Strand Elongation R-HSA-69190,6/31,0.0070261468343332,0.3008479188884079,0,0,4.020053333333333,19.931894076019688,GINS1;GINS2;RFC3;MCM8;MCM4;DNA2
Reactome_2022,O-linked Glycosylation R-HSA-5173105,13/107,0.0073333601088983,0.3008479188884079,0,0,2.3224888668975754,11.41577937523805,GALNT12;GALNT14;MUC16;MUC5B;MUC5AC;MUC1;ADAMTSL3;B3GNT3;MUC13;GCNT3;THSD7A;LARGE1;ADAMTS9
Reactome_2022,Regulation Of Beta-Cell Development R-HSA-186712,7/41,0.007537820683809,0.3008479188884079,0,0,3.44999476658991,16.86296091589997,ONECUT3;HNF4G;HNF1B;PAX6;HNF1A;FOXA3;FOXA2
Reactome_2022,Ligand-receptor Interactions R-HSA-5632681,3/8,0.0081487051683122,0.3008479188884079,0,0,10.034042553191489,48.26270354262599,SHH;IHH;CDON
Reactome_2022,ROBO Receptors Bind AKAP5 R-HSA-9010642,3/8,0.0081487051683122,0.3008479188884079,0,0,10.034042553191489,48.26270354262599,ROBO2;ROBO3;PRKCA
Reactome_2022,Activation Of Pre-Replicative Complex R-HSA-68962,6/32,0.0082424087366687,0.3008479188884079,0,0,3.865230769230769,18.547165500530767,CDT1;MCM8;MCM4;MCM10;CDC7;POLE
Reactome_2022,"Transport Of Bile Salts And Organic Acids, Metal Ions And Amine Compounds R-HSA-425366",11/86,0.0090087906909882,0.3182137356978093,0,0,2.4611190476190474,11.590774125546591,SLC22A3;SLC14A1;SLC44A3;SLC44A4;SLC30A2;SLC2A13;SLC41A2;SLC6A14;SLC40A1;SLC16A8;SLC6A20
Reactome_2022,Rap1 Signaling R-HSA-392517,4/16,0.0107120457314681,0.3665528148736747,0,0,5.5773439810706895,25.3009873917778,RAP1GAP2;PRKCA;RAP1GAP;PRKG1
Reactome_2022,Termination Of O-glycan Biosynthesis R-HSA-977068,5/25,0.011810635265094,0.3918983519781213,0,0,4.184946714031971,18.57595256482857,MUC1;MUC16;MUC13;MUC5B;MUC5AC
Reactome_2022,Processing Of DNA Double-Strand Break Ends R-HSA-5693607,10/80,0.0145057029862645,0.4671689638223422,0,0,2.395692621383968,10.141478101095991,RFC3;RMI2;BRIP1;H4C15;EXO1;CHEK1;TIMELESS;BRCA1;DNA2;CLSPN
Reactome_2022,Fanconi Anemia Pathway R-HSA-6783310,6/38,0.018854565516739,0.5898785497379788,0,0,3.1395,12.466955102579549,FANCI;FANCD2;FANCA;FANCC;SLX1A;FANCB
Reactome_2022,Aflatoxin Activation And Detoxification R-HSA-5423646,4/19,0.0199394031715791,0.6064901798021979,0,0,4.461165335699497,17.465718565862957,ACY3;GGT6;AKR7A3;CYP3A5
Reactome_2022,Metallothioneins Bind Metals R-HSA-5661231,3/11,0.0211394796654188,0.6154924938615114,0,0,6.270279255319149,24.182039941599825,MT1M;MT1G;MT1H
Reactome_2022,Dectin-2 Family R-HSA-5621480,5/29,0.0219216504663004,0.6154924938615114,0,0,3.4867155121373594,13.32023136633206,MUC1;MUC16;MUC13;MUC5B;MUC5AC
Reactome_2022,G1/S-Specific Transcription R-HSA-69205,5/29,0.0219216504663004,0.6154924938615114,0,0,3.4867155121373594,13.32023136633206,DHFR;CDT1;E2F1;LIN9;TK1
Reactome_2022,Regulation Of FZD By Ubiquitination R-HSA-4641263,4/20,0.0238353405273495,0.6377234800999738,0,0,4.182120674356699,15.62685315881178,LRP5;FZD8;LGR6;LGR4
Reactome_2022,Apoptotic Execution Phase R-HSA-75153,7/52,0.0262939020205155,0.6377234800999738,0,0,2.6051403716884143,9.478590217508255,OCLN;PROC;GAS2;DSG2;CLSPN;H1-1;H1-0
Reactome_2022,Meiosis R-HSA-1500620,10/88,0.0266282550802365,0.6377234800999738,0,0,2.149065623641895,7.792044327305017,SYCE2;RAD51;SYCP2;H4C15;MSH5;H2AC19;BRCA1;BRCA2;HID1;SMC1B
Reactome_2022,Miscellaneous Substrates R-HSA-211958,3/12,0.0270222269871296,0.6377234800999738,0,0,5.573286052009457,20.125668349228786,CYP2W1;CYP4F3;CYP4F11
Reactome_2022,Passive Transport By Aquaporins R-HSA-432047,3/12,0.0270222269871296,0.6377234800999738,0,0,5.573286052009457,20.125668349228786,MINDY4;AQP11;AQP5
Reactome_2022,Reversible Hydration Of Carbon Dioxide R-HSA-1475029,3/12,0.0270222269871296,0.6377234800999738,0,0,5.573286052009457,20.125668349228786,CA12;CA9;CA13
Reactome_2022,Azathioprine ADME R-HSA-9748787,4/21,0.028160261917899,0.6377234800999738,0,0,3.935904796701289,14.050563945236055,NME2;SLC28A2;VAV2;SLC29A2
Reactome_2022,SHC1 Events In ERBB2 Signaling R-HSA-1250196,4/21,0.028160261917899,0.6377234800999738,0,0,3.935904796701289,14.050563945236055,BTC;ERBB3;ERBB4;PRKCA
Reactome_2022,GRB7 Events In ERBB2 Signaling R-HSA-1306955,2/5,0.0284947032693797,0.6377234800999738,0,0,11.1402421021553,39.63739424767267,GRB7;ERBB3
Reactome_2022,Sphingolipid Metabolism R-HSA-428157,10/89,0.0285373977396335,0.6377234800999738,0,0,2.121749342246412,7.546086088473054,SMPD3;UGT8;FA2H;ARSL;GLB1L;ALDH3B1;ARSJ;SPTSSB;DEGS2;ARSD
Reactome_2022,DNA Repair R-HSA-73894,26/310,0.0293087260256768,0.641861099962323,0,0,1.53976801988401,5.4351809260614905,H2AC19;BRCA1;BRCA2;RAD51AP1;BRIP1;EXO1;CHEK1;PCLAF;LRIG3;CLSPN;POLE;FANCI;RMI2;RFC3;XRCC2;XRCC3;FANCA;FANCC;FANCB;RAD51;H4C15;FANCD2;TIMELESS;SLX1A;DNA2;DTL
Reactome_2022,RA Biosynthesis Pathway R-HSA-5365859,4/22,0.0329213790419548,0.6830193103999008,0,0,3.717046238785369,12.688631752856113,ALDH1A2;CRABP1;AKR1C3;RDH5
Reactome_2022,ERBB2 Activates PTK6 Signaling R-HSA-8847993,3/13,0.0336831440745156,0.6830193103999008,0,0,5.015691489361702,17.00699475196523,BTC;ERBB3;ERBB4
Reactome_2022,"Synthesis, Secretion, And Inactivation Of Glucose-dependent Insulinotropic Polypeptide (GIP) R-HSA-400511",3/13,0.0336831440745156,0.6830193103999008,0,0,5.015691489361702,17.00699475196523,DPP4;GATA4;PAX6
Reactome_2022,Activation Of Arylsulfatases R-HSA-1663150,3/13,0.0336831440745156,0.6830193103999008,0,0,5.015691489361702,17.00699475196523,ARSL;ARSJ;ARSD
Reactome_2022,Striated Muscle Contraction R-HSA-390522,5/33,0.0364298709740904,0.7153479533659037,0,0,2.9879789393554934,9.897280474066454,TMOD1;TNNT1;TNNC2;TNNI2;TNNI3
Reactome_2022,Meiotic Recombination R-HSA-912446,7/56,0.0376013954661848,0.7153479533659037,0,0,2.39196746314184,7.84736142089392,RAD51;H4C15;MSH5;H2AC19;BRCA1;BRCA2;HID1
Reactome_2022,Long-term Potentiation R-HSA-9620244,4/23,0.038123260887905,0.7153479533659037,0,0,3.521225423807967,11.503599301858994,MPP2;ERBB4;GRIN2D;NRGN
Reactome_2022,Glycosphingolipid Metabolism R-HSA-1660662,6/45,0.0399476047133215,0.7153479533659037,0,0,2.575042735042735,8.292118021438318,SMPD3;UGT8;ARSL;GLB1L;ARSJ;ARSD
Reactome_2022,Transcriptional Regulation By E2F6 R-HSA-8953750,5/34,0.0407944137141283,0.7153479533659037,0,0,2.884792062228211,9.229055976070294,RAD51;CHEK1;E2F1;CDC7;BRCA1
Reactome_2022,NRAGE Signals Death Thru JNK R-HSA-193648,7/57,0.0408584283387615,0.7153479533659037,0,0,2.344003558718861,7.49528459053814,ARHGEF33;ARHGEF10;OBSCN;ARHGEF39;ARHGEF38;NGEF;VAV2
Reactome_2022,Response To Metal Ions R-HSA-5660526,3/14,0.0411108712302279,0.7153479533659037,0,0,4.559477756286267,14.551494314736988,MT1M;MT1G;MT1H
Reactome_2022,TP53 Regulates Transcription Of Genes Involved In G1 Cell Cycle Arrest R-HSA-6804116,3/14,0.0411108712302279,0.7153479533659037,0,0,4.559477756286267,14.551494314736988,E2F1;E2F7;E2F8
Reactome_2022,Signaling By LRP5 Mutants R-HSA-5339717,2/6,0.0411570055361204,0.7153479533659037,0,0,8.354738706820195,26.654633558532197,LRP5;KREMEN2
Reactome_2022,Metabolism Of Water-Soluble Vitamins And Cofactors R-HSA-196849,12/122,0.0434072133703906,0.742670291259027,0,0,1.8288081891299048,5.737208385130057,DHFR;AMN;NT5E;PROC;VNN1;GSTO2;MOCOS;ENPP1;AOX1;NMNAT2;PRSS3;ACACB
Reactome_2022,RAC1 GTPase Cycle R-HSA-9013149,16/178,0.0452451162082524,0.7622061884313298,0,0,1.657044787687538,5.129648168488074,DOCK6;ARHGEF10;PLEKHG4;ARHGEF39;FAM13A;ARHGAP29;NOXO1;CDC42BPA;IQGAP3;VAV2;ARHGAP44;ARHGAP42;FGD5;DIAPH3;SRGAP1;NGEF
Reactome_2022,ERBB2 Regulates Cell Motility R-HSA-6785631,3/15,0.0492874692526974,0.8177239216924811,0,0,4.179299645390071,12.580048859919051,BTC;ERBB3;ERBB4
Reactome_2022,Reproduction R-HSA-1474165,11/113,0.0549069107062895,0.8728425167920231,0,0,1.807046568627451,5.244258868549286,SYCE2;CATSPER2;RAD51;H4C15;SYCP2;MSH5;H2AC19;BRCA1;BRCA2;HID1;SMC1B
Reactome_2022,Insulin-like Growth Factor-2 mRNA Binding Proteins (IGF2BPs/IMPs/VICKZs) Bind RNA R-HSA-428359,2/7,0.0554937752642052,0.8728425167920231,0,0,6.683436669619132,19.325053015103087,IGF2BP1;IGF2BP3
Reactome_2022,Signaling By RNF43 Mutants R-HSA-5340588,2/7,0.0554937752642052,0.8728425167920231,0,0,6.683436669619132,19.325053015103087,LRP5;FZD8
Reactome_2022,Synthesis Of IP3 And IP4 In Cytosol R-HSA-1855204,4/26,0.0563819627694134,0.8728425167920231,0,0,3.0405743324997982,8.74349373524125,ITPKA;PLCE1;PLCH1;PLCD3
Reactome_2022,PI3K Events In ERBB2 Signaling R-HSA-1963642,3/16,0.0581895011194682,0.8728425167920231,0,0,3.857610474631752,10.971238357482935,BTC;ERBB3;ERBB4
Reactome_2022,Polo-like Kinase Mediated Events R-HSA-156711,3/16,0.0581895011194682,0.8728425167920231,0,0,3.857610474631752,10.971238357482935,MYBL2;LIN9;FOXM1
Reactome_2022,Transcription Of E2F Targets Under Negative Control By P107 (RBL1) And P130 (RBL2) In Complex With HDAC1 R-HSA-1362300,3/16,0.0581895011194682,0.8728425167920231,0,0,3.857610474631752,10.971238357482935,E2F1;MYBL2;LIN9
Reactome_2022,Apoptotic Cleavage Of Cellular Proteins R-HSA-111465,5/38,0.061297777400241,0.9001789622100578,0,0,2.5345820550083427,7.076582738106495,OCLN;PROC;GAS2;DSG2;CLSPN
Reactome_2022,Aquaporin-mediated Transport R-HSA-445717,6/50,0.0616560933020587,0.9001789622100578,0,0,2.2818181818181817,6.357563522973717,MINDY4;GNG4;AQP11;PRKCA;AQP5;ADCY6
Reactome_2022,Formation Of Senescence-Associated Heterochromatin Foci (SAHF) R-HSA-2559584,3/17,0.0677889955531932,0.9291268866587064,0,0,3.5818768996960486,9.640103752910075,HMGA2;H1-1;H1-0
Reactome_2022,PKA Activation R-HSA-163615,3/17,0.0677889955531932,0.9291268866587064,0,0,3.5818768996960486,9.640103752910075,NBEA;PRKCA;ADCY6
Reactome_2022,Regulation Of TP53 Activity Thru Phosphorylation R-HSA-6804756,9/90,0.0678359340355738,0.9291268866587064,0,0,1.8605664488017428,5.006157719434972,TAF7L;RFC3;RMI2;BRIP1;PRKAA2;EXO1;CHEK1;BRCA1;DNA2
Reactome_2022,G2/M DNA Damage Checkpoint R-HSA-69473,8/77,0.0688731208356489,0.9291268866587064,0,0,1.9409707434795516,5.193046447202241,RFC3;RMI2;BRIP1;H4C15;EXO1;CHEK1;BRCA1;DNA2
Reactome_2022,Biological Oxidations R-HSA-211859,18/218,0.0694174501747341,0.9291268866587064,0,0,1.509622641509434,4.027095021525983,ACY3;AOC1;GGT6;GSTO2;PODXL2;MTARC1;CYP4F3;UGT2B15;CMBL;CYP4F11;OPLAH;CYP2C18;CYP3A5;ALDH3A1;CYP2W1;AKR7A3;GSTT2B;UGT2B7
Reactome_2022,Digestion And Absorption R-HSA-8963743,4/28,0.0707341415645257,0.9291268866587064,0,0,2.7868973676427093,7.382008756981691,AMY2B;NPC1L1;TREH;GUCA2B
Reactome_2022,Phosphate Bond Hydrolysis By NTPDase Proteins R-HSA-8850843,2/8,0.0712754871957363,0.9291268866587064,0,0,5.56923531148509,14.709479947396964,ENTPD2;ENTPD8
Reactome_2022,Regulation Of Gene Expression In Early Pancreatic Precursor Cells R-HSA-210747,2/8,0.0712754871957363,0.9291268866587064,0,0,5.56923531148509,14.709479947396964,ONECUT3;HNF1B
Reactome_2022,Release Of Hh-Np From Secreting Cell R-HSA-5362798,2/8,0.0712754871957363,0.9291268866587064,0,0,5.56923531148509,14.709479947396964,SHH;IHH
Reactome_2022,G Alpha (12/13) Signaling Events R-HSA-416482,8/78,0.0731362361000043,0.9337755813008396,0,0,1.9131408217784,5.003688442384783,ARHGEF33;ARHGEF10;OBSCN;GNG4;ARHGEF39;ARHGEF38;NGEF;VAV2
Reactome_2022,Mitotic G1 Phase And G1/S Transition R-HSA-453279,13/147,0.0733376255633536,0.9337755813008396,0,0,1.6257375911141965,4.24753451613037,CDT1;MCM8;CDKN2A;CABLES1;CDC7;MCM10;LIN9;DHFR;E2F1;MCM4;MYBL2;TK1;POLE
Reactome_2022,G2/M Checkpoints R-HSA-69481,13/148,0.0764559040290481,0.936806212124496,0,0,1.6136089577950044,4.148654985743322,RFC3;RMI2;MCM8;CDC7;MCM10;BRCA1;BRIP1;H4C15;EXO1;CHEK1;MCM4;DNA2;CLSPN
Reactome_2022,Activation Of SMO R-HSA-5635838,3/18,0.0780543033459188,0.936806212124496,0,0,3.34290780141844,8.52558657538861,SHH;IHH;CDON
Reactome_2022,Lewis Blood Group Biosynthesis R-HSA-9037629,3/18,0.0780543033459188,0.936806212124496,0,0,3.34290780141844,8.52558657538861,FUT6;B3GALT5;FUT4
Reactome_2022,Integrin Cell Surface Interactions R-HSA-216083,7/66,0.0783942807799892,0.936806212124496,0,0,1.9854936968454069,5.055075496783278,ITGA3;COL4A4;ITGA2B;ITGA7;TNNI3;ITGB6;COL9A2
Reactome_2022,Myogenesis R-HSA-525793,4/29,0.0785441464400949,0.936806212124496,0,0,2.6752795031055903,6.806163701897862,CDH4;NEO1;CDON;MAP2K6
Reactome_2022,CDC42 GTPase Cycle R-HSA-9013148,13/149,0.07965821859554,0.936806212124496,0,0,1.6016586867305065,4.052212596642084,DOCK6;ARHGAP11B;ARHGEF10;PLEKHG4;ARHGAP29;CDC42BPA;IQGAP3;VAV2;ARHGAP44;ARHGAP42;DIAPH3;SRGAP1;NGEF
Reactome_2022,Signaling By Retinoic Acid R-HSA-5362517,5/41,0.0798722140295984,0.936806212124496,0,0,2.322996842313006,5.870973211999308,ALDH1A2;CRABP1;PDK4;AKR1C3;RDH5
Reactome_2022,Transport Of Small Molecules R-HSA-382551,49/706,0.0804198940088608,0.936806212124496,0,0,1.255339202165222,3.164074544751074,SLC44A3;SLC44A4;SLC40A1;PCSK9;AQP5;PCSK6;SLC4A4;ATP7B;FLVCR1;SLC16A8;ABCC3;SLC15A1;AMN;SLC30A2;SLC2A13;SLC6A14;ABCC6;PRKCA;ANO4;ANO5;SLC9A2;ANO1;ABCA10;TFR2;TRNP1;STEAP2;CFTR;SLC29A2;SLC22A3;MINDY4;SLC41A2;SLC3A1;SLC6A20;ADCY6;GNG4;ATP9A;ATP6V1C2;SLC14A1;MCOLN3;ATP8B3;ABCA3;WNK2;WNK3;FKBP1B;ATP13A4;AQP11;CYB5RL;SLC28A2;MCU
Reactome_2022,Signaling By SCF-KIT R-HSA-1433557,5/42,0.0866606050240298,0.9755720826026584,0,0,2.2600931304306084,5.527636065609689,GRB7;PTPRU;KITLG;CHEK1;PRKCA
Reactome_2022,RHO GTPases Activate Rhotekin And Rhophilins R-HSA-5666185,2/9,0.0882931816375342,0.9755720826026584,0,0,4.773377198532203,11.585427485098432,RHPN1;RHPN2
Reactome_2022,Regulation Of Commissural Axon Pathfinding By SLIT And ROBO R-HSA-428542,2/9,0.0882931816375342,0.9755720826026584,0,0,4.773377198532203,11.585427485098432,ROBO2;ROBO3
Reactome_2022,Drug ADME R-HSA-9748784,9/95,0.0884872361548959,0.9755720826026584,0,0,1.7519276209426689,4.248243964981067,ABCC3;SLC22A3;GGT6;UGT2B15;NME2;SLC28A2;UGT2B7;VAV2;SLC29A2
Reactome_2022,PKA-mediated Phosphorylation Of CREB R-HSA-111931,3/19,0.0889508563498185,0.9755720826026584,0,0,3.133809840425532,7.582789534985372,NBEA;PRKCA;ADCY6
Reactome_2022,RHO GTPase Cycle R-HSA-9012999,32/441,0.0890933408769551,0.9755720826026584,0,0,1.3141976146352208,3.177822726155343,DOCK6;ARHGAP11B;GRB7;CCDC187;PKN3;ARHGEF28;FAM13A;NOXO1;IQGAP3;RHOBTB1;SH3RF1;ARHGAP44;FGD5;BAIAP2L2;ARHGAP42;HINT2;RHPN1;MUC13;RHPN2;SRGAP1;PLEKHG4;ARHGEF10;HOMER2;ARHGEF39;ARHGAP29;CDC42BPA;VAV2;OBSCN;DIAPH3;DSG2;NGEF;CFTR
Reactome_2022,GPER1 Signaling R-HSA-9634597,5/43,0.0937402589356291,0.9999956748532078,0,0,2.200500140226232,5.209084498986256,GNAZ;GNG4;GPER1;PRKCA;ADCY6
Reactome_2022,RHOB GTPase Cycle R-HSA-9013026,7/69,0.0942562736283879,0.9999956748532078,0,0,1.88912007806222,4.461606469334972,ARHGEF10;DIAPH3;PKN3;ARHGEF28;RHPN2;IQGAP3;VAV2
Reactome_2022,Receptor-type Tyrosine-Protein Phosphatases R-HSA-388844,3/20,0.1004418382479987,0.9999956748532078,0,0,2.9493116395494368,6.778038532809335,PPFIBP2;SLITRK2;SLITRK6
Reactome_2022,Assembly Of Collagen Fibrils And Other Multimeric Structures R-HSA-2022090,6/57,0.1017520168263228,0.9999956748532078,0,0,1.9678954248366012,4.4970673577601135,COL27A1;COL4A4;MMP28;COL6A1;CTSV;COL9A2
Reactome_2022,Metabolism Of Vitamins And Cofactors R-HSA-196854,15/186,0.1058420584118515,0.9999956748532078,0,0,1.4696912532226625,3.3006433614425985,AMN;GSTO2;MOCOS;AKR1C3;NMNAT2;ACACB;DHFR;NT5E;PROC;VNN1;RIMBP2;ENPP1;AOX1;PRSS3;BCO1
Reactome_2022,Caspase Activation Via Dependence Receptors In Absence Of Ligand R-HSA-418889,2/10,0.106356875844713,0.9999956748532078,0,0,4.176483613817537,9.359312197830576,UNC5A;DAPK1
Reactome_2022,HuR (ELAVL1) Binds And Stabilizes mRNA R-HSA-450520,2/10,0.106356875844713,0.9999956748532078,0,0,4.176483613817537,9.359312197830576,GPRC5A;PRKCA
Reactome_2022,PI3K Events In ERBB4 Signaling R-HSA-1250342,2/10,0.106356875844713,0.9999956748532078,0,0,4.176483613817537,9.359312197830576,BTC;ERBB4
Reactome_2022,Reactions Specific To Complex N-glycan Synthesis Pathway R-HSA-975578,2/10,0.106356875844713,0.9999956748532078,0,0,4.176483613817537,9.359312197830576,CHGA;MOGAT2
Reactome_2022,Uptake Of Dietary Cobalamins Into Enterocytes R-HSA-9758881,2/10,0.106356875844713,0.9999956748532078,0,0,4.176483613817537,9.359312197830576,AMN;PRSS3
Reactome_2022,Signaling By ERBB2 TMD/JMD Mutants R-HSA-9665686,3/21,0.1124887754369985,0.9999956748532078,0,0,2.7853132387706854,6.085636009806623,BTC;ERBB3;ERBB4
Reactome_2022,G1/S Transition R-HSA-69206,11/129,0.1137389530031068,0.9999956748532078,0,0,1.5606915859564163,3.3927083777010028,DHFR;CDT1;MCM8;E2F1;MCM4;CABLES1;CDC7;MCM10;TK1;LIN9;POLE
Reactome_2022,Signaling By WNT In Cancer R-HSA-4791275,4/33,0.1137563822392499,0.9999956748532078,0,0,2.3057858825689195,5.012077815255314,PROC;LRP5;FZD8;KREMEN2
Reactome_2022,RHOC GTPase Cycle R-HSA-9013106,7/73,0.1179577459882349,0.9999956748532078,0,0,1.774250512239836,3.792334149467648,ARHGEF10;CCDC187;DIAPH3;PKN3;ARHGEF28;IQGAP3;VAV2
Reactome_2022,Meiotic Synapsis R-HSA-1221632,6/60,0.1222857403723019,0.9999956748532078,0,0,1.858271604938272,3.904962359280021,SYCE2;SYCP2;H4C15;H2AC19;BRCA1;SMC1B
Reactome_2022,Activation Of NMDA Receptors And Postsynaptic Events R-HSA-442755,7/74,0.1243246002909304,0.9999956748532078,0,0,1.7476762096988367,3.643659155457,MPP2;PRKAA2;NBEA;ERBB4;PRKCA;NRGN;GRIN2D
Reactome_2022,"Cell Death Signaling Via NRAGE, NRIF And NADE R-HSA-204998",7/74,0.1243246002909304,0.9999956748532078,0,0,1.7476762096988367,3.643659155457,ARHGEF33;ARHGEF10;OBSCN;ARHGEF39;ARHGEF38;NGEF;VAV2
Reactome_2022,G Alpha (Z) Signaling Events R-HSA-418597,5/47,0.1248493408509223,0.9999956748532078,0,0,1.9905057937917616,4.141540986788195,GNAZ;RGS17;GNG4;PRKCA;ADCY6
Reactome_2022,Acyl Chain Remodelling Of PS R-HSA-1482801,3/22,0.1250520555955186,0.9999956748532078,0,0,2.6385778275475924,5.485669752372532,PLA2G10;PLA2R1;OSBPL10
Reactome_2022,Blood Group Systems Biosynthesis R-HSA-9033658,3/22,0.1250520555955186,0.9999956748532078,0,0,2.6385778275475924,5.485669752372532,FUT6;B3GALT5;FUT4
Reactome_2022,Apoptotic Cleavage Of Cell Adhesion Proteins R-HSA-351906,2/11,0.1252940889865212,0.9999956748532078,0,0,3.7122330479283536,7.710648055409378,OCLN;DSG2
Reactome_2022,Aspartate And Asparagine Metabolism R-HSA-8963693,2/11,0.1252940889865212,0.9999956748532078,0,0,3.7122330479283536,7.710648055409378,GOLT1A;ASPA
Reactome_2022,Biotin Transport And Metabolism R-HSA-196780,2/11,0.1252940889865212,0.9999956748532078,0,0,3.7122330479283536,7.710648055409378,PROC;ACACB
Reactome_2022,Digestion Of Dietary Carbohydrate R-HSA-189085,2/11,0.1252940889865212,0.9999956748532078,0,0,3.7122330479283536,7.710648055409378,AMY2B;TREH
Reactome_2022,Erythrocytes Take Up Carbon Dioxide And Release Oxygen R-HSA-1237044,2/11,0.1252940889865212,0.9999956748532078,0,0,3.7122330479283536,7.710648055409378,MINDY4;CYB5RL
Reactome_2022,Phenylalanine And Tyrosine Metabolism R-HSA-8963691,2/11,0.1252940889865212,0.9999956748532078,0,0,3.7122330479283536,7.710648055409378,HGD;ASRGL1
Reactome_2022,Post NMDA Receptor Activation Events R-HSA-438064,6/61,0.129550861391303,0.9999956748532078,0,0,1.824387878787879,3.7284681633464105,MPP2;PRKAA2;ERBB4;PRKCA;NRGN;GRIN2D
Reactome_2022,Cell Cycle R-HSA-1640170,44/654,0.1320288022925112,0.9999956748532078,0,0,1.2116307478848387,2.4532314016383805,SYCP2;MCM8;H2AC19;MCM10;BRCA1;LIN9;FOXM1;BRCA2;HID1;SYCE2;BRIP1;EXO1;CHEK1;E2F1;NEK2;OIP5;KNTC1;MYBL2;NUP43;TK1;CLSPN;POLE;PLK4;NDC1;GINS1;CENPU;CDT1;GINS2;RMI2;RFC3;CDKN2A;CABLES1;PRKCA;CDC7;SMC1B;DHFR;SGO1;RAD51;H4C15;MSH5;CENPM;MCM4;DNA2;SPC24
Reactome_2022,Inositol Phosphate Metabolism R-HSA-1483249,5/48,0.1332876029185805,0.9999956748532078,0,0,1.9441116939981,3.917863426636957,ISYNA1;ITPKA;PLCE1;PLCH1;PLCD3
Reactome_2022,Nucleotide Catabolism R-HSA-8956319,4/35,0.1335521006059447,0.9999956748532078,0,0,2.156796519449294,4.342199948000257,NT5E;ENTPD2;GDA;ENTPD8
Reactome_2022,Phase I - Functionalization Of Compounds R-HSA-211945,9/104,0.1340019132084733,0.9999956748532078,0,0,1.585195609344216,3.1860865597668493,ALDH3A1;AOC1;CYP2W1;MTARC1;CYP4F3;CMBL;CYP4F11;CYP2C18;CYP3A5
Reactome_2022,Cell Cycle Checkpoints R-HSA-69620,20/271,0.1356337221731278,0.9999956748532078,0,0,1.3352889073767935,2.667636501506433,CENPU;RMI2;RFC3;CDKN2A;MCM8;CDC7;MCM10;BRCA1;SGO1;BRIP1;H4C15;EXO1;CHEK1;CENPM;MCM4;KNTC1;NUP43;DNA2;CLSPN;SPC24
Reactome_2022,Digestion R-HSA-8935690,3/23,0.1380913810920472,0.9999956748532078,0,0,2.5065159574468083,4.962499628648418,AMY2B;TREH;GUCA2B
Reactome_2022,Triglyceride Catabolism R-HSA-163560,3/23,0.1380913810920472,0.9999956748532078,0,0,2.5065159574468083,4.962499628648418,LIPE;PRKCA;MGLL
Reactome_2022,Signaling By ERBB2 R-HSA-1227986,5/49,0.1419734708999848,0.9999956748532078,0,0,1.899826416922332,3.708679766476578,BTC;GRB7;ERBB3;ERBB4;PRKCA
Reactome_2022,Glutathione Conjugation R-HSA-156590,4/36,0.1439418032739927,0.9999956748532078,0,0,2.0892857142857144,4.049759035498474,GGT6;GSTO2;OPLAH;GSTT2B
Reactome_2022,Eicosanoids R-HSA-211979,2/12,0.1449484730289845,0.9999956748532078,0,0,3.340832595217006,6.452407095395577,CYP4F3;CYP4F11
Reactome_2022,Glutathione Synthesis And Recycling R-HSA-174403,2/12,0.1449484730289845,0.9999956748532078,0,0,3.340832595217006,6.452407095395577,GGT6;OPLAH
Reactome_2022,HDR Thru MMEJ (alt-NHEJ) R-HSA-5685939,2/12,0.1449484730289845,0.9999956748532078,0,0,3.340832595217006,6.452407095395577,LRIG3;BRCA2
Reactome_2022,Transport Of Nucleosides And Free Purine And Pyrimidine Bases Across Plasma Membrane R-HSA-83936,2/12,0.1449484730289845,0.9999956748532078,0,0,3.340832595217006,6.452407095395577,SLC28A2;SLC29A2
Reactome_2022,Post-translational Modification: Synthesis Of GPI-anchored Proteins R-HSA-163125,8/92,0.1489121763451988,0.9999956748532078,0,0,1.593096722215155,3.033891115381165,CPM;VNN1;PSCA;LYPD2;PIGM;MELTF;MSLN;ALPG
Reactome_2022,Constitutive Signaling By Aberrant PI3K In Cancer R-HSA-2219530,7/78,0.1514669858045474,0.9999956748532078,0,0,1.6488647185604732,3.1120468127772845,BTC;KITLG;ERBB3;ERBB4;FGF18;FGFR4;ESR1
Reactome_2022,"Incretin Synthesis, Secretion, And Inactivation R-HSA-400508",3/24,0.1515661633863469,0.9999956748532078,0,0,2.387031408308004,4.503690995366775,DPP4;GATA4;PAX6
Reactome_2022,Signaling By ERBB2 KD Mutants R-HSA-9664565,3/24,0.1515661633863469,0.9999956748532078,0,0,2.387031408308004,4.503690995366775,BTC;ERBB3;ERBB4
Reactome_2022,Xenobiotics R-HSA-211981,3/24,0.1515661633863469,0.9999956748532078,0,0,2.387031408308004,4.503690995366775,CYP2W1;CYP2C18;CYP3A5
Reactome_2022,NCAM1 Interactions R-HSA-419037,4/37,0.1546361902011049,0.9999956748532078,0,0,2.025866473071442,3.781644591954332,COL4A4;COL6A1;CACNA1D;COL9A2
Reactome_2022,Triglyceride Metabolism R-HSA-8979227,4/37,0.1546361902011049,0.9999956748532078,0,0,2.025866473071442,3.781644591954332,LIPE;MOGAT2;PRKCA;MGLL
Reactome_2022,Regulation Of IGF Transport And Uptake By IGFBPs R-HSA-381426,10/123,0.1583481952281139,0.9999956748532078,0,0,1.4806628089648148,2.7288007067475286,BPIFB2;PROC;KLK1;GOLM1;PCSK9;TNNI3;IGFALS;MELTF;MSLN;F5
Reactome_2022,Apoptosis Induced DNA Fragmentation R-HSA-140342,2/13,0.1651785423188247,0.9999956748532078,0,0,3.036959497544086,5.468738960080607,H1-1;H1-0
Reactome_2022,Diseases Associated With Visual Transduction R-HSA-2474795,2/13,0.1651785423188247,0.9999956748532078,0,0,3.036959497544086,5.468738960080607,NAPEPLD;RDH5
Reactome_2022,Glutamate And Glutamine Metabolism R-HSA-8964539,2/13,0.1651785423188247,0.9999956748532078,0,0,3.036959497544086,5.468738960080607,GLS2;RIMKLA
Reactome_2022,SHC1 Events In ERBB4 Signaling R-HSA-1250347,2/13,0.1651785423188247,0.9999956748532078,0,0,3.036959497544086,5.468738960080607,BTC;ERBB4
Reactome_2022,TFAP2 (AP-2) Family Regulates Transcription Of Growth Factors And Their Receptors R-HSA-8866910,2/13,0.1651785423188247,0.9999956748532078,0,0,3.036959497544086,5.468738960080607,CHGA;ESR1
Reactome_2022,Assembly And Cell Surface Presentation Of NMDA Receptors R-HSA-9609736,3/25,0.1654358644662505,0.9999956748532078,0,0,2.278409090909091,4.099249123566255,MPP2;NBEA;GRIN2D
Reactome_2022,Gap Junction Trafficking R-HSA-190828,3/25,0.1654358644662505,0.9999956748532078,0,0,2.278409090909091,4.099249123566255,GJC2;GJB1;DNM1
Reactome_2022,Gap-filling DNA Repair Synthesis And Ligation In GG-NER R-HSA-5696397,3/25,0.1654358644662505,0.9999956748532078,0,0,2.278409090909091,4.099249123566255,RFC3;LRIG3;POLE
Reactome_2022,Signaling By ERBB2 In Cancer R-HSA-1227990,3/25,0.1654358644662505,0.9999956748532078,0,0,2.278409090909091,4.099249123566255,BTC;ERBB3;ERBB4
Reactome_2022,DNA Replication R-HSA-69306,12/155,0.1679609174501599,0.9999956748532078,0,0,1.4043007930407394,2.5053062630501293,GINS1;CDT1;GINS2;RFC3;H4C15;MCM8;H2AC19;MCM4;CDC7;MCM10;DNA2;POLE
Reactome_2022,Signaling By PDGF R-HSA-186797,5/52,0.1694213618233066,0.9999956748532078,0,0,1.7782774649484143,3.157094064456731,GRB7;COL4A4;COL6A1;PDGFC;COL9A2
Reactome_2022,Synthesis Of PA R-HSA-1483166,4/39,0.1768663086071454,0.9999956748532078,0,0,1.909899860565344,3.308636319614628,ACP6;LIPH;PLA2G10;PLA2R1
Reactome_2022,Regulation Of TP53 Activity R-HSA-5633007,12/157,0.1786273304212984,0.9999956748532078,0,0,1.3847832116113523,2.385224823035365,L3MBTL1;TAF7L;BRIP1;RFC3;RMI2;PRKAA2;EXO1;CDKN2A;CHEK1;DNA2;BRCA1;MAP2K6
Reactome_2022,Deposition Of New CENPA-containing Nucleosomes At Centromere R-HSA-606279,5/53,0.1790002909560505,0.9999956748532078,0,0,1.7411375074008288,2.995396986139333,CENPU;H4C15;H2AC19;CENPM;OIP5
Reactome_2022,Nuclear Receptor Transcription Pathway R-HSA-383280,5/53,0.1790002909560505,0.9999956748532078,0,0,1.7411375074008288,2.995396986139333,HNF4G;RORC;HNF1A;ESR1;NR3C2
Reactome_2022,Metal Ion SLC Transporters R-HSA-425410,3/26,0.1796602904776825,0.9999956748532078,0,0,2.179232192414431,3.7410606345983246,SLC30A2;SLC41A2;SLC40A1
Reactome_2022,Glycerophospholipid Biosynthesis R-HSA-1483206,10/127,0.1820462477448671,0.9999956748532078,0,0,1.4297368802275137,2.435548934357529,SLC44A3;SLC44A4;LIPH;ACP6;PLA2G10;STARD10;MBOAT2;PLA2R1;MGLL;OSBPL10
Reactome_2022,Anchoring Of Basal Body To Plasma Membrane R-HSA-5620912,8/97,0.1827172288025281,0.9999956748532078,0,0,1.503196694247951,2.5551570689778056,PLK4;TCTN2;NPHP1;RAB3IP;KIF24;NEK2;PRKCA;CC2D2A
Reactome_2022,FGFR4 Ligand Binding And Activation R-HSA-190322,2/14,0.18585649495828,0.9999956748532078,0,0,2.783731916149985,4.684409606273399,FGF18;FGFR4
Reactome_2022,LGI-ADAM Interactions R-HSA-5682910,2/14,0.18585649495828,0.9999956748532078,0,0,2.783731916149985,4.684409606273399,ADAM22;CACNG4
Reactome_2022,Physiological Factors R-HSA-5578768,2/14,0.18585649495828,0.9999956748532078,0,0,2.783731916149985,4.684409606273399,NPR1;GATA4
Reactome_2022,Diseases Of Glycosylation R-HSA-3781865,11/143,0.1863507178455187,0.9999956748532078,0,0,1.3941220238095238,2.3422989877229057,GALNT12;MUC1;MUC16;MOGAT2;ADAMTSL3;MUC13;THSD7A;LARGE1;MUC5B;ADAMTS9;MUC5AC
Reactome_2022,Signaling By Rho GTPases R-HSA-194315,42/644,0.1875136342264726,0.9999956748532078,0,0,1.170286373246204,1.9589467140409889,DOCK6;ARHGAP11B;GRB7;CCDC187;PKN3;ARHGEF28;FAM13A;H2AC19;NOXO1;IQGAP3;RHOBTB1;SH3RF1;ARHGAP44;FGD5;BAIAP2L2;ARHGAP42;HINT2;RHPN1;MUC13;KNTC1;NUP43;RHPN2;SRGAP1;SCAI;CENPU;PLEKHG4;ARHGEF10;HOMER2;ARHGEF39;ARHGAP29;PRKCA;CDC42BPA;VAV2;SGO1;OBSCN;DIAPH3;H4C15;CENPM;DSG2;NGEF;CFTR;SPC24
Reactome_2022,Nervous System Development R-HSA-9675108,36/545,0.1876688553128871,0.9999956748532078,0,0,1.1858869122910891,1.9840792603550383,ROBO2;GRB7;ROBO3;EPHA10;SEMA3A;ARHGEF28;ITGA2B;TMPRSS4;CRMP1;SEMA3E;CACNA1D;RAP1GAP;ABLIM1;FLRT3;ADGRG6;SRGAP1;NEO1;SPTBN2;SEMA6A;DNAAF3;UNC5A;PRKCA;ANK1;DNM1;VAV2;GJB1;EFNA2;DOK4;LHX2;COL4A4;SCN8A;PXMP2;COL6A1;COL9A2;DSCAML1;NGEF
Reactome_2022,RET Signaling R-HSA-8853659,4/40,0.1883648080575208,0.9999956748532078,0,0,1.8567484965000491,3.0996090163795293,GRB7;DOK4;PRKCA;RAP1GAP
Reactome_2022,Acyl Chain Remodelling Of PC R-HSA-1482788,3/27,0.1941998425782448,0.9999956748532078,0,0,2.0883200354609928,3.422479906179754,PLA2G10;MBOAT2;PLA2R1
Reactome_2022,G0 And Early G1 R-HSA-1538133,3/27,0.1941998425782448,0.9999956748532078,0,0,2.0883200354609928,3.422479906179754,E2F1;MYBL2;LIN9
Reactome_2022,Gap Junction Trafficking And Regulation R-HSA-157858,3/27,0.1941998425782448,0.9999956748532078,0,0,2.0883200354609928,3.422479906179754,GJC2;GJB1;DNM1
Reactome_2022,Synthesis Of PC R-HSA-1483191,3/27,0.1941998425782448,0.9999956748532078,0,0,2.0883200354609928,3.422479906179754,SLC44A3;SLC44A4;STARD10
Reactome_2022,ECM Proteoglycans R-HSA-3000178,5/55,0.1987383735978637,0.9999956748532078,0,0,1.6713143872113676,2.7004530035813974,ITGA2B;ITGA7;TNNI3;ITGB6;COL9A2
Reactome_2022,Fatty Acids R-HSA-211935,2/15,0.206867119876151,0.9999956748532078,0,0,2.569462424201131,4.04864701906468,CYP4F3;CYP4F11
Reactome_2022,GRB2 Events In ERBB2 Signaling R-HSA-1963640,2/15,0.206867119876151,0.9999956748532078,0,0,2.569462424201131,4.04864701906468,BTC;ERBB4
Reactome_2022,Metabolism Of Nitric Oxide: NOS3 Activation And Regulation R-HSA-202131,2/15,0.206867119876151,0.9999956748532078,0,0,2.569462424201131,4.04864701906468,DDAH1;NOSTRIN
Reactome_2022,Negative Regulation Of TCF-dependent Signaling By WNT Ligand Antagonists R-HSA-3772470,2/15,0.206867119876151,0.9999956748532078,0,0,2.569462424201131,4.04864701906468,LRP5;KREMEN2
Reactome_2022,Phospholipase C-mediated Cascade; FGFR4 R-HSA-5654228,2/15,0.206867119876151,0.9999956748532078,0,0,2.569462424201131,4.04864701906468,FGF18;FGFR4
Reactome_2022,cGMP Effects R-HSA-418457,2/15,0.206867119876151,0.9999956748532078,0,0,2.569462424201131,4.04864701906468,PDE9A;PRKG1
Reactome_2022,"Adrenaline,noradrenaline Inhibits Insulin Secretion R-HSA-400042",3/28,0.2090157293108119,0.9999956748532078,0,0,2.0046808510638296,3.13801869039044,GNG4;CACNA1D;ADCY6
Reactome_2022,Paracetamol ADME R-HSA-9753281,3/28,0.2090157293108119,0.9999956748532078,0,0,2.0046808510638296,3.13801869039044,ABCC3;GGT6;UGT2B15
Reactome_2022,"Gamma Carboxylation, Hypusine Formation And Arylsulfatase Activation R-HSA-163841",4/42,0.2120340704425846,0.9999956748532078,0,0,1.7588380890113482,2.727972487758278,PROC;ARSL;ARSJ;ARSD
Reactome_2022,Vasopressin Regulates Renal Water Homeostasis Via Aquaporins R-HSA-432040,4/42,0.2120340704425846,0.9999956748532078,0,0,1.7588380890113482,2.727972487758278,MINDY4;GNG4;PRKCA;ADCY6
Reactome_2022,NCAM Signaling For Neurite Out-Growth R-HSA-375165,5/57,0.219175570689945,0.9999956748532078,0,0,1.6068622762672495,2.439027611166741,COL4A4;COL6A1;CACNA1D;COL9A2;SPTBN2
Reactome_2022,Acyl Chain Remodelling Of PE R-HSA-1482839,3/29,0.2240701446324271,0.9999956748532078,0,0,1.927475450081833,2.88311031980157,PLA2G10;MBOAT2;PLA2R1
Reactome_2022,Adherens Junctions Interactions R-HSA-418990,3/29,0.2240701446324271,0.9999956748532078,0,0,1.927475450081833,2.88311031980157,CDH4;ANG;CDH17
Reactome_2022,Downregulation Of ERBB2 Signaling R-HSA-8863795,3/29,0.2240701446324271,0.9999956748532078,0,0,1.927475450081833,2.88311031980157,BTC;ERBB3;ERBB4
Reactome_2022,EGR2 And SOX10-mediated Initiation Of Schwann Cell Myelination R-HSA-9619665,3/29,0.2240701446324271,0.9999956748532078,0,0,1.927475450081833,2.88311031980157,GJB1;ADGRG6;PXMP2
Reactome_2022,Interaction Between L1 And Ankyrins R-HSA-445095,3/29,0.2240701446324271,0.9999956748532078,0,0,1.927475450081833,2.88311031980157,SCN8A;ANK1;SPTBN2
Reactome_2022,PIWI-interacting RNA (piRNA) Biogenesis R-HSA-5601884,3/29,0.2240701446324271,0.9999956748532078,0,0,1.927475450081833,2.88311031980157,PIWIL1;PIWIL4;MOV10L1
Reactome_2022,Peroxisomal Lipid Metabolism R-HSA-390918,3/29,0.2240701446324271,0.9999956748532078,0,0,1.927475450081833,2.88311031980157,PECR;SYCP2;DECR2
Reactome_2022,Surfactant Metabolism R-HSA-5683826,3/29,0.2240701446324271,0.9999956748532078,0,0,1.927475450081833,2.88311031980157,ABCA3;GATA6;LMCD1
Reactome_2022,CRMPs In Sema3A Signaling R-HSA-399956,2/16,0.2281067836063239,0.9999956748532078,0,0,2.3858028596735417,3.526076843644708,SEMA3A;CRMP1
Reactome_2022,Gap Junction Assembly R-HSA-190861,2/16,0.2281067836063239,0.9999956748532078,0,0,2.3858028596735417,3.526076843644708,GJB1;GJC2
Reactome_2022,PKA Activation In Glucagon Signaling R-HSA-164378,2/16,0.2281067836063239,0.9999956748532078,0,0,2.3858028596735417,3.526076843644708,PRKCA;ADCY6
Reactome_2022,Plasma Lipoprotein Assembly R-HSA-8963898,2/16,0.2281067836063239,0.9999956748532078,0,0,2.3858028596735417,3.526076843644708,TRNP1;PRKCA
Reactome_2022,Regulation Of KIT Signaling R-HSA-1433559,2/16,0.2281067836063239,0.9999956748532078,0,0,2.3858028596735417,3.526076843644708,KITLG;PRKCA
Reactome_2022,Regulation Of Gene Expression In Late Stage (Branching Morphogenesis) Pancreatic Bud Precursor Cells R-HSA-210744,2/16,0.2281067836063239,0.9999956748532078,0,0,2.3858028596735417,3.526076843644708,ONECUT3;HNF1B
Reactome_2022,Protein-protein Interactions At Synapses R-HSA-6794362,7/88,0.2295803994415635,0.9999956748532078,0,0,1.4445323140459558,2.125632169633932,MPP2;PPFIBP2;SLITRK2;HOMER2;SLITRK6;SHANK2;GRIN2D
Reactome_2022,"Signaling By Rho GTPases, Miro GTPases And RHOBTB3 R-HSA-9716542",42/660,0.2334686438341747,0.9999956748532078,0,0,1.13898918576765,1.6568961092906345,DOCK6;ARHGAP11B;GRB7;CCDC187;PKN3;ARHGEF28;FAM13A;H2AC19;NOXO1;IQGAP3;RHOBTB1;SH3RF1;ARHGAP44;FGD5;BAIAP2L2;ARHGAP42;HINT2;RHPN1;MUC13;KNTC1;NUP43;RHPN2;SRGAP1;SCAI;CENPU;PLEKHG4;ARHGEF10;HOMER2;ARHGEF39;ARHGAP29;PRKCA;CDC42BPA;VAV2;SGO1;OBSCN;DIAPH3;H4C15;CENPM;DSG2;NGEF;CFTR;SPC24
Reactome_2022,SLC-mediated Transmembrane Transport R-HSA-425407,17/247,0.2349852812876001,0.9999956748532078,0,0,1.2366833190227149,1.791004850676088,SLC22A3;SLC14A1;SLC44A3;SLC15A1;SLC44A4;SLC30A2;SLC2A13;SLC41A2;SLC6A14;SLC40A1;SLC3A1;SLC6A20;SLC4A4;SLC9A2;SLC16A8;SLC28A2;SLC29A2
Reactome_2022,Collagen Chain Trimerization R-HSA-8948216,4/44,0.2364728858885674,0.9999956748532078,0,0,1.6707187222715174,2.4090456220548235,COL27A1;COL4A4;COL6A1;COL9A2
Reactome_2022,Sphingolipid De Novo Biosynthesis R-HSA-1660661,4/44,0.2364728858885674,0.9999956748532078,0,0,1.6707187222715174,2.4090456220548235,FA2H;ALDH3B1;SPTSSB;DEGS2
Reactome_2022,Recognition Of DNA Damage By PCNA-containing Replication Complex R-HSA-110314,3/30,0.2393264152282248,0.9999956748532078,0,0,1.8559889676910957,2.653928559823372,RFC3;POLE;DTL
Reactome_2022,Iron Uptake And Transport R-HSA-917937,5/59,0.2402203985077114,0.9999956748532078,0,0,1.5471843957634366,2.206591986992235,TFR2;SLC40A1;FLVCR1;STEAP2;ATP6V1C2
Reactome_2022,RHOQ GTPase Cycle R-HSA-9013406,5/59,0.2402203985077114,0.9999956748532078,0,0,1.5471843957634366,2.206591986992235,OBSCN;DIAPH3;CDC42BPA;IQGAP3;CFTR
Reactome_2022,Factors Involved In Megakaryocyte Development And Platelet Production R-HSA-983231,10/136,0.2406520442497804,0.9999956748532078,0,0,1.3269756311683163,1.8901483201883984,DOCK6;CARMIL1;MYB;GATA6;GATA5;CABLES1;PRKCA;GATA4;KIF12;KIF15
Reactome_2022,Acyl Chain Remodelling Of PI R-HSA-1482922,2/17,0.2494824909653603,0.9999956748532078,0,0,2.226631237082964,3.0913803125959864,PLA2G10;PLA2R1
Reactome_2022,Purine Catabolism R-HSA-74259,2/17,0.2494824909653603,0.9999956748532078,0,0,2.226631237082964,3.0913803125959864,NT5E;GDA
Reactome_2022,Vitamin B5 (Pantothenate) Metabolism R-HSA-199220,2/17,0.2494824909653603,0.9999956748532078,0,0,2.226631237082964,3.0913803125959864,VNN1;ENPP1
Reactome_2022,"PI5P, PP2A And IER3 Regulate PI3K/AKT Signaling R-HSA-6811558",8/106,0.2507144441594001,0.9999956748532078,0,0,1.3644937939556945,1.8876961950982032,BTC;KITLG;ERBB3;ERBB4;FGF18;PIP5K1B;FGFR4;ESR1
Reactome_2022,Post-translational Protein Phosphorylation R-HSA-8957275,8/106,0.2507144441594001,0.9999956748532078,0,0,1.3644937939556945,1.8876961950982032,BPIFB2;PROC;GOLM1;PCSK9;TNNI3;MELTF;MSLN;F5
Reactome_2022,Abacavir Transmembrane Transport R-HSA-2161517,1/5,0.2525507983388458,0.9999956748532078,0,0,4.173672566371682,5.743569739590676,SLC22A3
Reactome_2022,Activation Of NOXA And Translocation To Mitochondria R-HSA-111448,1/5,0.2525507983388458,0.9999956748532078,0,0,4.173672566371682,5.743569739590676,E2F1
Reactome_2022,Arachidonate Production From DAG R-HSA-426048,1/5,0.2525507983388458,0.9999956748532078,0,0,4.173672566371682,5.743569739590676,MGLL
Reactome_2022,Beta Oxidation Of butanoyl-CoA To acetyl-CoA R-HSA-77352,1/5,0.2525507983388458,0.9999956748532078,0,0,4.173672566371682,5.743569739590676,ACSM3
Reactome_2022,Disinhibition Of SNARE Formation R-HSA-114516,1/5,0.2525507983388458,0.9999956748532078,0,0,4.173672566371682,5.743569739590676,PRKCA
Reactome_2022,Formation Of Xylulose-5-Phosphate R-HSA-5661270,1/5,0.2525507983388458,0.9999956748532078,0,0,4.173672566371682,5.743569739590676,XYLB
Reactome_2022,G2 Phase R-HSA-68911,1/5,0.2525507983388458,0.9999956748532078,0,0,4.173672566371682,5.743569739590676,E2F1
Reactome_2022,HDL Clearance R-HSA-8964011,1/5,0.2525507983388458,0.9999956748532078,0,0,4.173672566371682,5.743569739590676,AMN
Reactome_2022,IRF3 Mediated Activation Of Type 1 IFN R-HSA-1606341,1/5,0.2525507983388458,0.9999956748532078,0,0,4.173672566371682,5.743569739590676,DTX4
Reactome_2022,Intestinal Absorption R-HSA-8963676,1/5,0.2525507983388458,0.9999956748532078,0,0,4.173672566371682,5.743569739590676,NPC1L1
Reactome_2022,NOSTRIN Mediated eNOS Trafficking R-HSA-203641,1/5,0.2525507983388458,0.9999956748532078,0,0,4.173672566371682,5.743569739590676,NOSTRIN
Reactome_2022,PKA-mediated Phosphorylation Of Key Metabolic Factors R-HSA-163358,1/5,0.2525507983388458,0.9999956748532078,0,0,4.173672566371682,5.743569739590676,PRKCA
Reactome_2022,RUNX1 Regulates Expression Of Components Of Tight Junctions R-HSA-8935964,1/5,0.2525507983388458,0.9999956748532078,0,0,4.173672566371682,5.743569739590676,OCLN
Reactome_2022,RUNX2 Regulates Chondrocyte Maturation R-HSA-8941284,1/5,0.2525507983388458,0.9999956748532078,0,0,4.173672566371682,5.743569739590676,IHH
Reactome_2022,Reelin Signaling Pathway R-HSA-8866376,1/5,0.2525507983388458,0.9999956748532078,0,0,4.173672566371682,5.743569739590676,DNAAF3
Reactome_2022,Regulation Of HMOX1 Expression And Activity R-HSA-9707587,1/5,0.2525507983388458,0.9999956748532078,0,0,4.173672566371682,5.743569739590676,BRIP1
Reactome_2022,Signaling By MST1 R-HSA-8852405,1/5,0.2525507983388458,0.9999956748532078,0,0,4.173672566371682,5.743569739590676,MST1R
Reactome_2022,TFAP2A Acts As A Transcriptional Repressor During Retinoic Acid Induced Cell Differentiation R-HSA-8869496,1/5,0.2525507983388458,0.9999956748532078,0,0,4.173672566371682,5.743569739590676,MYBL2
Reactome_2022,Tyrosine Catabolism R-HSA-8963684,1/5,0.2525507983388458,0.9999956748532078,0,0,4.173672566371682,5.743569739590676,HGD
Reactome_2022,Pyruvate Metabolism R-HSA-70268,3/31,0.2547491204285099,0.9999956748532078,0,0,1.7896086626139818,2.4472470021240804,LDHC;PDK4;SLC16A8
Reactome_2022,Transferrin Endocytosis And Recycling R-HSA-917977,3/31,0.2547491204285099,0.9999956748532078,0,0,1.7896086626139818,2.4472470021240804,TFR2;STEAP2;ATP6V1C2
Reactome_2022,Cell-cell Junction Organization R-HSA-421270,5/61,0.2617802014358797,0.9999956748532078,0,0,1.491769221009896,1.9993437777214205,CLDN10;CDH4;CLDN3;ANG;CDH17
Reactome_2022,DNA Damage/Telomere Stress Induced Senescence R-HSA-2559586,5/61,0.2617802014358797,0.9999956748532078,0,0,1.491769221009896,1.9993437777214205,H4C15;H2AC19;HMGA2;H1-1;H1-0
Reactome_2022,Axon Guidance R-HSA-422475,33/519,0.2664156066385089,0.9999956748532078,0,0,1.1368200319323574,1.5036693081161725,ROBO2;GRB7;ROBO3;EPHA10;SEMA3A;ARHGEF28;ITGA2B;TMPRSS4;CRMP1;SEMA3E;CACNA1D;RAP1GAP;ABLIM1;FLRT3;SRGAP1;NEO1;SPTBN2;SEMA6A;DNAAF3;UNC5A;PRKCA;ANK1;DNM1;VAV2;EFNA2;DOK4;LHX2;COL4A4;SCN8A;COL6A1;COL9A2;DSCAML1;NGEF
Reactome_2022,Gene Silencing By RNA R-HSA-211000,8/108,0.2668333779856828,0.9999956748532078,0,0,1.3370614425645593,1.766433144013196,NDC1;PIWIL1;PIWIL4;H4C15;H2AC19;MOV10L1;ANG;NUP43
Reactome_2022,Glucagon Signaling In Metabolic Regulation R-HSA-163359,3/32,0.2703041879281515,0.9999956748532078,0,0,1.7278063096111518,2.260328882837279,GNG4;PRKCA;ADCY6
Reactome_2022,Nuclear Signaling By ERBB4 R-HSA-1251985,3/32,0.2703041879281515,0.9999956748532078,0,0,1.7278063096111518,2.260328882837279,BTC;ERBB4;ESR1
Reactome_2022,Termination Of Translesion DNA Synthesis R-HSA-5656169,3/32,0.2703041879281515,0.9999956748532078,0,0,1.7278063096111518,2.260328882837279,RFC3;PCLAF;POLE
Reactome_2022,ABC Transporters In Lipid Homeostasis R-HSA-1369062,2/18,0.2709110153218967,0.9999956748532078,0,0,2.087356067316209,2.726013692526965,ABCA10;ABCA3
Reactome_2022,Acyl Chain Remodelling Of PG R-HSA-1482925,2/18,0.2709110153218967,0.9999956748532078,0,0,2.087356067316209,2.726013692526965,PLA2G10;PLA2R1
Reactome_2022,TP53 Regulates Transcription Of DNA Repair Genes R-HSA-6796648,5/62,0.2727242413026151,0.9999956748532078,0,0,1.4655199277055873,1.90414139464411,FANCI;FANCD2;CHEK1;FANCC;BRCA1
Reactome_2022,Degradation Of Extracellular Matrix R-HSA-1474228,8/109,0.2750037217530252,0.9999956748532078,0,0,1.3237526780282658,1.708925852227894,CAPN8;CAPN9;MMP15;CAPN5;MMP28;COL9A2;CTSV;ADAMTS9
Reactome_2022,Activation Of Matrix Metalloproteinases R-HSA-1592389,3/33,0.2859589678530497,0.9999956748532078,0,0,1.6701241134751772,2.090839980847241,MMP15;MMP28;CTSV
Reactome_2022,Amino Acid Transport Across Plasma Membrane R-HSA-352230,3/33,0.2859589678530497,0.9999956748532078,0,0,1.6701241134751772,2.090839980847241,SLC6A14;SLC3A1;SLC6A20
Reactome_2022,CaM Pathway R-HSA-111997,3/33,0.2859589678530497,0.9999956748532078,0,0,1.6701241134751772,2.090839980847241,NBEA;PRKCA;ADCY6
Reactome_2022,DNA Damage Bypass R-HSA-73893,4/48,0.2870592069043445,0.9999956748532078,0,0,1.518512543357264,1.895205073534849,RFC3;PCLAF;POLE;DTL
Reactome_2022,Ion Channel Transport R-HSA-983712,12/175,0.2871997712571805,0.9999956748532078,0,0,1.2306781361535553,1.5353660302976255,ANO1;MCOLN3;ATP8B3;ATP7B;WNK2;WNK3;FKBP1B;ATP13A4;ANO4;ANO5;ATP9A;ATP6V1C2
Reactome_2022,Metabolism Of Nucleotides R-HSA-15869,7/95,0.2908369358670462,0.9999956748532078,0,0,1.3291309446780977,1.641466783703072,NT5E;ENTPD2;GDA;NME2;ENTPD8;TK1;AK7
Reactome_2022,P75 NTR Receptor-Mediated Signaling R-HSA-193704,7/95,0.2908369358670462,0.9999956748532078,0,0,1.3291309446780977,1.641466783703072,ARHGEF33;ARHGEF10;OBSCN;ARHGEF39;ARHGEF38;NGEF;VAV2
Reactome_2022,Extracellular Matrix Organization R-HSA-1474244,19/291,0.2914596779192961,0.9999956748532078,0,0,1.1682150603046977,1.440238153111096,COL27A1;ITGA3;ITGA2B;PRKCA;CTSV;SMIM6;CAPN8;CAPN9;CEACAM6;MMP15;COL4A4;MMP28;CAPN5;COL6A1;ITGA7;TNNI3;COL9A2;ITGB6;ADAMTS9
Reactome_2022,Na+/Cl- Dependent Neurotransmitter Transporters R-HSA-442660,2/19,0.2923180924185309,0.9999956748532078,0,0,1.9644662116396605,2.416121966059982,SLC6A14;SLC6A20
Reactome_2022,Other Semaphorin Interactions R-HSA-416700,2/19,0.2923180924185309,0.9999956748532078,0,0,1.9644662116396605,2.416121966059982,SEMA6A;SEMA3E
Reactome_2022,Ras Activation Upon Ca2+ Influx Thru NMDA Receptor R-HSA-442982,2/19,0.2923180924185309,0.9999956748532078,0,0,1.9644662116396605,2.416121966059982,MPP2;GRIN2D
Reactome_2022,SHC-mediated cascade:FGFR4 R-HSA-5654719,2/19,0.2923180924185309,0.9999956748532078,0,0,1.9644662116396605,2.416121966059982,FGF18;FGFR4
Reactome_2022,Transcription Of E2F Targets Under Negative Control By DREAM Complex R-HSA-1362277,2/19,0.2923180924185309,0.9999956748532078,0,0,1.9644662116396605,2.416121966059982,E2F1;LIN9
Reactome_2022,Activation Of C3 And C5 R-HSA-174577,1/6,0.2948295607430783,0.9999956748532078,0,0,3.3387610619469026,4.077822031625473,C5
Reactome_2022,Alpha-oxidation Of Phytanate R-HSA-389599,1/6,0.2948295607430783,0.9999956748532078,0,0,3.3387610619469026,4.077822031625473,PECR
Reactome_2022,Choline Catabolism R-HSA-6798163,1/6,0.2948295607430783,0.9999956748532078,0,0,3.3387610619469026,4.077822031625473,CHDH
Reactome_2022,Estrogen Biosynthesis R-HSA-193144,1/6,0.2948295607430783,0.9999956748532078,0,0,3.3387610619469026,4.077822031625473,HSD17B2
Reactome_2022,Fibronectin Matrix Formation R-HSA-1566977,1/6,0.2948295607430783,0.9999956748532078,0,0,3.3387610619469026,4.077822031625473,CEACAM6
Reactome_2022,LDL Remodeling R-HSA-8964041,1/6,0.2948295607430783,0.9999956748532078,0,0,3.3387610619469026,4.077822031625473,TRNP1
Reactome_2022,Methionine Salvage Pathway R-HSA-1237112,1/6,0.2948295607430783,0.9999956748532078,0,0,3.3387610619469026,4.077822031625473,GOLT1A
Reactome_2022,Mineralocorticoid Biosynthesis R-HSA-193993,1/6,0.2948295607430783,0.9999956748532078,0,0,3.3387610619469026,4.077822031625473,CHGA
Reactome_2022,Molybdenum Cofactor Biosynthesis R-HSA-947581,1/6,0.2948295607430783,0.9999956748532078,0,0,3.3387610619469026,4.077822031625473,MOCOS
Reactome_2022,Phenylalanine Metabolism R-HSA-8964208,1/6,0.2948295607430783,0.9999956748532078,0,0,3.3387610619469026,4.077822031625473,ASRGL1
Reactome_2022,Proton-coupled Monocarboxylate Transport R-HSA-433692,1/6,0.2948295607430783,0.9999956748532078,0,0,3.3387610619469026,4.077822031625473,SLC16A8
Reactome_2022,RUNX1 Regulates Estrogen Receptor Mediated Transcription R-HSA-8931987,1/6,0.2948295607430783,0.9999956748532078,0,0,3.3387610619469026,4.077822031625473,ESR1
Reactome_2022,RUNX1 Regulates Transcription Of Genes Involved In WNT Signaling R-HSA-8939256,1/6,0.2948295607430783,0.9999956748532078,0,0,3.3387610619469026,4.077822031625473,ESR1
Reactome_2022,RUNX3 Regulates Immune Response And Cell Migration R-HSA-8949275,1/6,0.2948295607430783,0.9999956748532078,0,0,3.3387610619469026,4.077822031625473,RORC
Reactome_2022,Scavenging By Class B Receptors R-HSA-3000471,1/6,0.2948295607430783,0.9999956748532078,0,0,3.3387610619469026,4.077822031625473,SSC5D
Reactome_2022,Synthesis Of Wybutosine At G37 Of tRNA(Phe) R-HSA-6782861,1/6,0.2948295607430783,0.9999956748532078,0,0,3.3387610619469026,4.077822031625473,LCMT2
Reactome_2022,TNFR1-mediated Ceramide Production R-HSA-5626978,1/6,0.2948295607430783,0.9999956748532078,0,0,3.3387610619469026,4.077822031625473,SMPD3
Reactome_2022,WNT Mediated Activation Of DVL R-HSA-201688,1/6,0.2948295607430783,0.9999956748532078,0,0,3.3387610619469026,4.077822031625473,PIP5K1B
Reactome_2022,EPH-ephrin Mediated Repulsion Of Cells R-HSA-3928665,4/49,0.2999557156087426,0.9999956748532078,0,0,1.4846889480429852,1.7877442943252777,EFNA2;EPHA10;DNM1;VAV2
Reactome_2022,Netrin-1 Signaling R-HSA-373752,4/49,0.2999557156087426,0.9999956748532078,0,0,1.4846889480429852,1.7877442943252777,ABLIM1;UNC5A;NEO1;DSCAML1
Reactome_2022,DNA Methylation R-HSA-5334118,3/34,0.3016822877692063,0.9999956748532078,0,0,1.6161633493479752,1.9367791964203904,H4C15;UHRF1;H2AC19
Reactome_2022,S Phase R-HSA-69242,11/161,0.3027986072488755,0.9999956748532078,0,0,1.2256488095238096,1.4642671368648648,GINS1;CDT1;GINS2;RFC3;MCM8;E2F1;MCM4;CABLES1;DNA2;LIN9;POLE
Reactome_2022,Cytochrome P450 - Arranged By Substrate Type R-HSA-211897,5/65,0.3060753203079059,0.9999956748532078,0,0,1.3920219064535229,1.6480482306071536,CYP2W1;CYP4F3;CYP4F11;CYP2C18;CYP3A5
Reactome_2022,Negative Regulation Of PI3K/AKT Network R-HSA-199418,8/113,0.308316346078307,0.9999956748532078,0,0,1.2730526226519103,1.4979105394393837,BTC;KITLG;ERBB3;ERBB4;FGF18;PIP5K1B;FGFR4;ESR1
Reactome_2022,Lagging Strand Synthesis R-HSA-69186,2/20,0.3136376745717842,0.9999956748532078,0,0,1.855230784371617,2.151171377324242,RFC3;DNA2
Reactome_2022,PI-3K cascade:FGFR4 R-HSA-5654720,2/20,0.3136376745717842,0.9999956748532078,0,0,1.855230784371617,2.151171377324242,FGF18;FGFR4
Reactome_2022,Signal Transduction By L1 R-HSA-445144,2/20,0.3136376745717842,0.9999956748532078,0,0,1.855230784371617,2.151171377324242,ITGA2B;VAV2
Reactome_2022,Signaling By Hippo R-HSA-2028269,2/20,0.3136376745717842,0.9999956748532078,0,0,1.855230784371617,2.151171377324242,WWC1;AMOT
Reactome_2022,Syndecan Interactions R-HSA-3000170,2/20,0.3136376745717842,0.9999956748532078,0,0,1.855230784371617,2.151171377324242,PRKCA;TNNI3
Reactome_2022,Ca-dependent Events R-HSA-111996,3/35,0.3174444910232524,0.9999956748532078,0,0,1.5655751329787233,1.7964227986771977,NBEA;PRKCA;ADCY6
Reactome_2022,Metabolism Of Steroid Hormones R-HSA-196071,3/35,0.3174444910232524,0.9999956748532078,0,0,1.5655751329787233,1.7964227986771977,CHGA;HSD11B2;HSD17B2
Reactome_2022,SLC Transporter Disorders R-HSA-5619102,7/99,0.3273840884359502,0.9999956748532078,0,0,1.2710718706483055,1.4193058165481724,NDC1;SLC6A14;SLC40A1;SLC3A1;NUP43;SLC6A20;SLC4A4
Reactome_2022,Sensory Processing Of Sound By Inner Hair Cells Of Cochlea R-HSA-9662360,5/67,0.3286296079560926,0.9999956748532078,0,0,1.3469747321377414,1.4989457744330197,MYO3A;USH1C;CACNA1D;SYP;PLS1
Reactome_2022,Transcriptional Regulation By AP-2 (TFAP2) Family Of Transcription Factors R-HSA-8864260,3/36,0.3332174603240693,0.9999956748532078,0,0,1.518052869116699,1.6682793326632344,CHGA;MYBL2;ESR1
Reactome_2022,Neurotransmitter Receptors And Postsynaptic Signal Transmission R-HSA-112314,12/182,0.3339915671052401,0.9999956748532078,0,0,1.1795615833464754,1.2935538656894123,MPP2;PRKAA2;CHRNA5;NBEA;GLRB;ERBB4;GNG4;PRKCA;ADCY6;CACNG4;GRIN2D;NRGN
Reactome_2022,APEX1-Independent Resolution Of AP Sites Via Single Nucleotide Replacement Pathway R-HSA-5649702,1/7,0.334718856386178,0.9999956748532078,0,0,2.7821533923303834,3.044967660122841,LRIG3
Reactome_2022,Acyl Chain Remodeling Of DAG And TAG R-HSA-1482883,1/7,0.334718856386178,0.9999956748532078,0,0,2.7821533923303834,3.044967660122841,MGLL
Reactome_2022,ChREBP Activates Metabolic Gene Expression R-HSA-163765,1/7,0.334718856386178,0.9999956748532078,0,0,2.7821533923303834,3.044967660122841,ACACB
Reactome_2022,Defective HLCS Causes Multiple Carboxylase Deficiency R-HSA-3371599,1/7,0.334718856386178,0.9999956748532078,0,0,2.7821533923303834,3.044967660122841,PROC
Reactome_2022,Erythrocytes Take Up Oxygen And Release Carbon Dioxide R-HSA-1247673,1/7,0.334718856386178,0.9999956748532078,0,0,2.7821533923303834,3.044967660122841,MINDY4
Reactome_2022,FGFR3b Ligand Binding And Activation R-HSA-190371,1/7,0.334718856386178,0.9999956748532078,0,0,2.7821533923303834,3.044967660122841,FGF18
Reactome_2022,HDL Assembly R-HSA-8963896,1/7,0.334718856386178,0.9999956748532078,0,0,2.7821533923303834,3.044967660122841,PRKCA
Reactome_2022,Inactivation Of CDC42 And RAC1 R-HSA-428543,1/7,0.334718856386178,0.9999956748532078,0,0,2.7821533923303834,3.044967660122841,SRGAP1
Reactome_2022,Neurofascin Interactions R-HSA-447043,1/7,0.334718856386178,0.9999956748532078,0,0,2.7821533923303834,3.044967660122841,ANK1
Reactome_2022,NrCAM Interactions R-HSA-447038,1/7,0.334718856386178,0.9999956748532078,0,0,2.7821533923303834,3.044967660122841,ANK1
Reactome_2022,TYSND1 Cleaves Peroxisomal Proteins R-HSA-9033500,1/7,0.334718856386178,0.9999956748532078,0,0,2.7821533923303834,3.044967660122841,SYCP2
Reactome_2022,Terminal Pathway Of Complement R-HSA-166665,1/7,0.334718856386178,0.9999956748532078,0,0,2.7821533923303834,3.044967660122841,C5
Reactome_2022,Vitamin B2 (Riboflavin) Metabolism R-HSA-196843,1/7,0.334718856386178,0.9999956748532078,0,0,2.7821533923303834,3.044967660122841,ENPP1
Reactome_2022,Vitamin C (Ascorbate) Metabolism R-HSA-196836,1/7,0.334718856386178,0.9999956748532078,0,0,2.7821533923303834,3.044967660122841,GSTO2
Reactome_2022,Zinc Efflux And Compartmentalization By SLC30 Family R-HSA-435368,1/7,0.334718856386178,0.9999956748532078,0,0,2.7821533923303834,3.044967660122841,SLC30A2
Reactome_2022,"Cobalamin (Cbl, Vitamin B12) Transport And Metabolism R-HSA-196741",2/21,0.3348112401934415,0.9999956748532078,0,0,1.7574938231317887,1.923029298226786,AMN;PRSS3
Reactome_2022,Defects In Vitamin And Cofactor Metabolism R-HSA-3296482,2/21,0.3348112401934415,0.9999956748532078,0,0,1.7574938231317887,1.923029298226786,AMN;PROC
Reactome_2022,FRS-mediated FGFR4 Signaling R-HSA-5654712,2/21,0.3348112401934415,0.9999956748532078,0,0,1.7574938231317887,1.923029298226786,FGF18;FGFR4
Reactome_2022,Negative Regulation Of NMDA Receptor-Mediated Neuronal Transmission R-HSA-9617324,2/21,0.3348112401934415,0.9999956748532078,0,0,1.7574938231317887,1.923029298226786,MPP2;GRIN2D
Reactome_2022,Nitric Oxide Stimulates Guanylate Cyclase R-HSA-392154,2/21,0.3348112401934415,0.9999956748532078,0,0,1.7574938231317887,1.923029298226786,PDE9A;PRKG1
Reactome_2022,PCNA-Dependent Long Patch Base Excision Repair R-HSA-5651801,2/21,0.3348112401934415,0.9999956748532078,0,0,1.7574938231317887,1.923029298226786,RFC3;POLE
Reactome_2022,Synthesis Of Leukotrienes (LT) And Eoxins (EX) R-HSA-2142691,2/21,0.3348112401934415,0.9999956748532078,0,0,1.7574938231317887,1.923029298226786,CYP4F3;CYP4F11
Reactome_2022,"Synthesis, Secretion, And Inactivation Of Glucagon-like Peptide-1 (GLP-1) R-HSA-381771",2/21,0.3348112401934415,0.9999956748532078,0,0,1.7574938231317887,1.923029298226786,DPP4;PAX6
Reactome_2022,"Unblocking Of NMDA Receptors, Glutamate Binding And Activation R-HSA-438066",2/21,0.3348112401934415,0.9999956748532078,0,0,1.7574938231317887,1.923029298226786,MPP2;GRIN2D
Reactome_2022,Stimuli-sensing Channels R-HSA-2672351,7/100,0.3366368094949145,0.9999956748532078,0,0,1.2573374660391077,1.368926978913423,ANO1;MCOLN3;WNK2;WNK3;FKBP1B;ANO4;ANO5
Reactome_2022,Defective B3GALTL Causes PpS R-HSA-5083635,3/37,0.3489746283536341,0.9999956748532078,0,0,1.4733260325406758,1.551052905502524,ADAMTSL3;THSD7A;ADAMTS9
Reactome_2022,MAP2K And MAPK Activation R-HSA-5674135,3/37,0.3489746283536341,0.9999956748532078,0,0,1.4733260325406758,1.551052905502524,ITGA2B;KSR2;IL17RD
Reactome_2022,Ion Transport By P-type ATPases R-HSA-936837,4/53,0.352028095143068,0.9999956748532078,0,0,1.36320011589374,1.4232412982464686,ATP7B;ATP8B3;ATP13A4;ATP9A
Reactome_2022,RHO GTPase Effectors R-HSA-195258,17/269,0.3534974691589541,0.9999956748532078,0,0,1.1273866518480522,1.1723456512082688,CENPU;PKN3;H2AC19;NOXO1;PRKCA;IQGAP3;SGO1;DIAPH3;H4C15;RHPN1;CENPM;KNTC1;NUP43;RHPN2;CFTR;SCAI;SPC24
Reactome_2022,Common Pathway Of Fibrin Clot Formation R-HSA-140875,2/22,0.3557871549114532,0.9999956748532078,0,0,1.6695305580159434,1.7253306207184531,PROC;F5
Reactome_2022,E2F Mediated Regulation Of DNA Replication R-HSA-113510,2/22,0.3557871549114532,0.9999956748532078,0,0,1.6695305580159434,1.7253306207184531,MCM8;E2F1
Reactome_2022,Laminin Interactions R-HSA-3000157,2/22,0.3557871549114532,0.9999956748532078,0,0,1.6695305580159434,1.7253306207184531,ITGA3;ITGA7
Reactome_2022,Signaling By NODAL R-HSA-1181150,2/22,0.3557871549114532,0.9999956748532078,0,0,1.6695305580159434,1.7253306207184531,LEFTY1;PCSK6
Reactome_2022,RHO GTPases Activate Formins R-HSA-5663220,8/119,0.3596665321352984,0.9999956748532078,0,0,1.2038538984220195,1.231034483373899,SGO1;CENPU;DIAPH3;CENPM;KNTC1;NUP43;SCAI;SPC24
Reactome_2022,Synthesis Of DNA R-HSA-69239,8/119,0.3596665321352984,0.9999956748532078,0,0,1.2038538984220195,1.231034483373899,GINS1;CDT1;GINS2;RFC3;MCM8;MCM4;DNA2;POLE
Reactome_2022,Cilium Assembly R-HSA-5617833,12/186,0.3614120771413053,0.9999956748532078,0,0,1.152198699577825,1.1726346530610663,PLK4;BBS1;TTC26;IFT172;TCTN2;NPHP1;RAB3IP;IFT122;KIF24;NEK2;PRKCA;CC2D2A
Reactome_2022,O-glycosylation Of TSR Domain-Containing Proteins R-HSA-5173214,3/38,0.3646909774748905,0.9999956748532078,0,0,1.4311550151975685,1.443613106621341,ADAMTSL3;THSD7A;ADAMTS9
Reactome_2022,Resolution Of Abasic Sites (AP Sites) R-HSA-73933,3/38,0.3646909774748905,0.9999956748532078,0,0,1.4311550151975685,1.443613106621341,RFC3;LRIG3;POLE
Reactome_2022,Pyruvate Metabolism And Citric Acid (TCA) Cycle R-HSA-71406,4/54,0.3650882354124236,0.9999956748532078,0,0,1.3358651286601595,1.3460393630322989,LDHC;ADHFE1;PDK4;SLC16A8
Reactome_2022,AMPK Inhibits chREBP Transcriptional Activity R-HSA-163680,1/8,0.3723536173239217,0.9999956748532078,0,0,2.3845764854614413,2.35575003668214,PRKAA2
Reactome_2022,Alpha-defensins R-HSA-1462054,1/8,0.3723536173239217,0.9999956748532078,0,0,2.3845764854614413,2.35575003668214,PRSS3
Reactome_2022,CDC6 Association With ORC:origin Complex R-HSA-68689,1/8,0.3723536173239217,0.9999956748532078,0,0,2.3845764854614413,2.35575003668214,MCM8
Reactome_2022,CREB3 Factors Activate Genes R-HSA-8874211,1/8,0.3723536173239217,0.9999956748532078,0,0,2.3845764854614413,2.35575003668214,CREB3L1
Reactome_2022,DNA Replication Initiation R-HSA-68952,1/8,0.3723536173239217,0.9999956748532078,0,0,2.3845764854614413,2.35575003668214,POLE
Reactome_2022,Defects In Biotin (Btn) Metabolism R-HSA-3323169,1/8,0.3723536173239217,0.9999956748532078,0,0,2.3845764854614413,2.35575003668214,PROC
Reactome_2022,EGFR Transactivation By Gastrin R-HSA-2179392,1/8,0.3723536173239217,0.9999956748532078,0,0,2.3845764854614413,2.35575003668214,PRKCA
Reactome_2022,Histidine Catabolism R-HSA-70921,1/8,0.3723536173239217,0.9999956748532078,0,0,2.3845764854614413,2.35575003668214,CARNS1
Reactome_2022,Inhibition Of Signaling By Overexpressed EGFR R-HSA-5638303,1/8,0.3723536173239217,0.9999956748532078,0,0,2.3845764854614413,2.35575003668214,BTC
Reactome_2022,"Metabolism Of Ingested SeMet, Sec, MeSec Into H2Se R-HSA-2408508",1/8,0.3723536173239217,0.9999956748532078,0,0,2.3845764854614413,2.35575003668214,VSIG2
Reactome_2022,Netrin Mediated Repulsion Signals R-HSA-418886,1/8,0.3723536173239217,0.9999956748532078,0,0,2.3845764854614413,2.35575003668214,UNC5A
Reactome_2022,RUNX1 Regulates Transcription Of Genes Involved In Differentiation Of Keratinocytes R-HSA-8939242,1/8,0.3723536173239217,0.9999956748532078,0,0,2.3845764854614413,2.35575003668214,CTSV
Reactome_2022,Role Of ABL In ROBO-SLIT Signaling R-HSA-428890,1/8,0.3723536173239217,0.9999956748532078,0,0,2.3845764854614413,2.35575003668214,TMPRSS4
Reactome_2022,Sodium/Proton Exchangers R-HSA-425986,1/8,0.3723536173239217,0.9999956748532078,0,0,2.3845764854614413,2.35575003668214,SLC9A2
Reactome_2022,"Plasma Lipoprotein Assembly, Remodeling, And Clearance R-HSA-174824",5/71,0.3741190113063265,0.9999956748532078,0,0,1.265070778836321,1.243793958403441,AMN;TRNP1;PCSK9;PRKCA;PCSK6
Reactome_2022,BBSome-mediated Cargo-Targeting To Cilium R-HSA-5620922,2/23,0.3765200810584617,0.9999956748532078,0,0,1.5899447467206549,1.5530324257480517,BBS1;RAB3IP
Reactome_2022,Glutamate Neurotransmitter Release Cycle R-HSA-210500,2/23,0.3765200810584617,0.9999956748532078,0,0,1.5899447467206549,1.5530324257480517,GLS2;CPLX1
Reactome_2022,Canonical Retinoid Cycle In Rods (Twilight Vision) R-HSA-2453902,2/23,0.3765200810584617,0.9999956748532078,0,0,1.5899447467206549,1.5530324257480517,NAPEPLD;RDH5
Reactome_2022,DAG And IP3 Signaling R-HSA-1489509,3/39,0.3803430293946485,0.9999956748532078,0,0,1.3913268321513002,1.3449702214820551,NBEA;PRKCA;ADCY6
Reactome_2022,Translesion Synthesis By Y Family DNA Polymerases Bypasses Lesions On DNA Template R-HSA-110313,3/39,0.3803430293946485,0.9999956748532078,0,0,1.3913268321513002,1.3449702214820551,RFC3;PCLAF;POLE
Reactome_2022,PI3K/AKT Signaling In Cancer R-HSA-2219528,7/105,0.3833050848295822,0.9999956748532078,0,0,1.1928698525673616,1.1438715791213845,BTC;KITLG;ERBB3;ERBB4;FGF18;FGFR4;ESR1
Reactome_2022,Base Excision Repair R-HSA-73884,5/72,0.3855111726472113,0.9999956748532078,0,0,1.2461228493412158,1.1877857379642722,RFC3;H4C15;H2AC19;LRIG3;POLE
Reactome_2022,Developmental Biology R-HSA-1266738,63/1073,0.395775697899882,0.9999956748532078,0,0,1.0430498386917344,0.966810872361896,ROBO2;ROBO3;ONECUT3;ITGA2B;HNF4G;H2AC19;PCSK6;CDH4;MYB;NEO1;CDON;LEFTY1;SEMA6A;UNC5A;DNAAF3;KRT7;HNF1B;PRKCA;PAX6;HNF1A;ANK1;DNM1;VAV2;DOK4;H4C15;SCN8A;COL4A4;COL6A1;HOXB3;DSG2;DSCAML1;NGEF;GRB7;EPHA10;ARHGEF28;SEMA3A;TMPRSS4;GATA6;ADAM22;CRMP1;GATA4;CACNA1D;SEMA3E;LIN9;RAP1GAP;ABLIM1;FLRT3;ADGRG6;E2F1;HOXC4;SRGAP1;CACNG4;MAP2K6;SPTBN2;NR2F2;MEIS1;GJB1;EFNA2;LHX2;PXMP2;COL9A2;FOXA3;FOXA2
Reactome_2022,Collagen Degradation R-HSA-1442490,3/40,0.3959088268662617,0.9999956748532078,0,0,1.35365152386429,1.2542546920411235,MMP15;MMP28;COL9A2
Reactome_2022,DARPP-32 Events R-HSA-180024,2/24,0.3969704317326077,0.9999956748532078,0,0,1.517594009179483,1.4020952108712452,PPP1R1B;PRKCA
Reactome_2022,RHO GTPases Activate NADPH Oxidases R-HSA-5668599,2/24,0.3969704317326077,0.9999956748532078,0,0,1.517594009179483,1.4020952108712452,NOXO1;PRKCA
Reactome_2022,Synthesis Of Bile Acids And Bile Salts Via 7Alpha-Hydroxycholesterol R-HSA-193368,2/24,0.3969704317326077,0.9999956748532078,0,0,1.517594009179483,1.4020952108712452,SYCP2;AKR1C3
Reactome_2022,Collagen Formation R-HSA-1474290,6/90,0.4001662015728799,0.9999956748532078,0,0,1.1926984126984126,1.0923630335234813,COL27A1;COL4A4;MMP28;COL6A1;CTSV;COL9A2
Reactome_2022,Phase II - Conjugation Of Compounds R-HSA-156580,7/107,0.4020563084737484,0.9999956748532078,0,0,1.168887900355872,1.0650475571381377,GGT6;PODXL2;GSTO2;UGT2B15;OPLAH;GSTT2B;UGT2B7
Reactome_2022,Neurexins And Neuroligins R-HSA-6794361,4/57,0.4041348754124488,0.9999956748532078,0,0,1.2600492206726823,1.141612918703812,MPP2;HOMER2;SHANK2;GRIN2D
Reactome_2022,Signaling By ERBB4 R-HSA-1236394,4/57,0.4041348754124488,0.9999956748532078,0,0,1.2600492206726823,1.141612918703812,BTC;ERBB3;ERBB4;ESR1
Reactome_2022,Activation Of PUMA And Translocation To Mitochondria R-HSA-139915,1/9,0.4078611626763599,0.9999956748532078,0,0,2.0863938053097346,1.8711373226033117,E2F1
Reactome_2022,Adenylate Cyclase Activating Pathway R-HSA-170660,1/9,0.4078611626763599,0.9999956748532078,0,0,2.0863938053097346,1.8711373226033117,ADCY6
Reactome_2022,Beta-oxidation Of pristanoyl-CoA R-HSA-389887,1/9,0.4078611626763599,0.9999956748532078,0,0,2.0863938053097346,1.8711373226033117,SYCP2
Reactome_2022,CHL1 Interactions R-HSA-447041,1/9,0.4078611626763599,0.9999956748532078,0,0,2.0863938053097346,1.8711373226033117,ANK1
Reactome_2022,Chylomicron Assembly R-HSA-8963888,1/9,0.4078611626763599,0.9999956748532078,0,0,2.0863938053097346,1.8711373226033117,TRNP1
Reactome_2022,Diseases Associated With Surfactant Metabolism R-HSA-5687613,1/9,0.4078611626763599,0.9999956748532078,0,0,2.0863938053097346,1.8711373226033117,ABCA3
Reactome_2022,Downregulation Of ERBB4 Signaling R-HSA-1253288,1/9,0.4078611626763599,0.9999956748532078,0,0,2.0863938053097346,1.8711373226033117,ERBB4
Reactome_2022,E2F-enabled Inhibition Of Pre-Replication Complex Formation R-HSA-113507,1/9,0.4078611626763599,0.9999956748532078,0,0,2.0863938053097346,1.8711373226033117,MCM8
Reactome_2022,EGFR Interacts With Phospholipase C-gamma R-HSA-212718,1/9,0.4078611626763599,0.9999956748532078,0,0,2.0863938053097346,1.8711373226033117,BTC
Reactome_2022,Formation Of Annular Gap Junctions R-HSA-196025,1/9,0.4078611626763599,0.9999956748532078,0,0,2.0863938053097346,1.8711373226033117,DNM1
Reactome_2022,Highly Calcium Permeable Nicotinic Acetylcholine Receptors R-HSA-629597,1/9,0.4078611626763599,0.9999956748532078,0,0,2.0863938053097346,1.8711373226033117,CHRNA5
Reactome_2022,Lipophagy R-HSA-9613354,1/9,0.4078611626763599,0.9999956748532078,0,0,2.0863938053097346,1.8711373226033117,PRKAA2
Reactome_2022,PI5P Regulates TP53 Acetylation R-HSA-6811555,1/9,0.4078611626763599,0.9999956748532078,0,0,2.0863938053097346,1.8711373226033117,MAP2K6
Reactome_2022,"POU5F1 (OCT4), SOX2, NANOG Repress Genes Related To Differentiation R-HSA-2892245",1/9,0.4078611626763599,0.9999956748532078,0,0,2.0863938053097346,1.8711373226033117,GATA6
Reactome_2022,Prostanoid Ligand Receptors R-HSA-391908,1/9,0.4078611626763599,0.9999956748532078,0,0,2.0863938053097346,1.8711373226033117,PTGER1
Reactome_2022,Sperm Motility And Taxes R-HSA-1300642,1/9,0.4078611626763599,0.9999956748532078,0,0,2.0863938053097346,1.8711373226033117,CATSPER2
Reactome_2022,Transport Of Gamma-Carboxylated Protein Precursors From Endoplasmic Reticulum To Golgi Apparatus R-HSA-159763,1/9,0.4078611626763599,0.9999956748532078,0,0,2.0863938053097346,1.8711373226033117,PROC
Reactome_2022,Activation Of HOX Genes During Differentiation R-HSA-5619507,6/91,0.4103908385665206,0.9999956748532078,0,0,1.1786039215686277,1.0497180533904904,MEIS1;H4C15;H2AC19;HOXB3;HOXC4;PAX6
Reactome_2022,EPH-Ephrin Signaling R-HSA-2682334,6/91,0.4103908385665206,0.9999956748532078,0,0,1.1786039215686277,1.0497180533904904,EFNA2;EPHA10;ARHGEF28;DNM1;NGEF;VAV2
Reactome_2022,Carboxyterminal Post-Translational Modifications Of Tubulin R-HSA-8955332,3/41,0.4113679080273651,0.9999956748532078,0,0,1.3179591265397537,1.1707000100582898,AGBL5;TTLL7;AGBL3
Reactome_2022,Intraflagellar Transport R-HSA-5620924,3/41,0.4113679080273651,0.9999956748532078,0,0,1.3179591265397537,1.1707000100582898,TTC26;IFT172;IFT122
Reactome_2022,Basigin Interactions R-HSA-210991,2/25,0.417103866053705,0.9999956748532078,0,0,1.4515346401201523,1.2692509329803443,ITGA3;SLC16A8
Reactome_2022,Glucuronidation R-HSA-156588,2/25,0.417103866053705,0.9999956748532078,0,0,1.4515346401201523,1.2692509329803443,UGT2B15;UGT2B7
Reactome_2022,Resolution Of AP Sites Via Multiple-Nucleotide Patch Replacement Pathway R-HSA-110373,2/25,0.417103866053705,0.9999956748532078,0,0,1.4515346401201523,1.2692509329803443,RFC3;POLE
Reactome_2022,Sensory Processing Of Sound R-HSA-9659379,5/75,0.4195826537207714,0.9999956748532078,0,0,1.1925272773407765,1.0357036716729189,MYO3A;USH1C;CACNA1D;SYP;PLS1
Reactome_2022,Class B/2 (Secretin Family Receptors) R-HSA-373080,6/92,0.4205985756101417,0.9999956748532078,0,0,1.1648372093023256,1.008838019481125,SHH;WNT10A;GNG4;IHH;FZD8;WNT7A
Reactome_2022,Apoptosis R-HSA-109581,11/178,0.4254157867343969,0.9999956748532078,0,0,1.099882378100941,0.9400565631749722,OCLN;PROC;UNC5A;DAPK1;CDKN2A;GAS2;E2F1;DSG2;CLSPN;H1-1;H1-0
Reactome_2022,Diseases Of Metabolism R-HSA-5668914,15/247,0.4259617977246379,0.9999956748532078,0,0,1.0797297923618836,0.9214474657964636,GALNT12;AMN;MUC16;MOGAT2;ABCA3;OPLAH;MUC5B;MUC5AC;MUC1;PROC;ADAMTSL3;MUC13;THSD7A;LARGE1;ADAMTS9
Reactome_2022,Glucagon-like Peptide-1 (GLP1) Regulates Insulin Secretion R-HSA-381676,3/42,0.4267012750079359,0.9999956748532078,0,0,1.2840971085651938,1.0936283978911006,GNG4;PRKCA;ADCY6
Reactome_2022,RND1 GTPase Cycle R-HSA-9696273,3/42,0.4267012750079359,0.9999956748532078,0,0,1.2840971085651938,1.0936283978911006,GRB7;HOMER2;MUC13
Reactome_2022,DNA Replication Pre-Initiation R-HSA-69002,8/127,0.4291779372437424,0.9999956748532078,0,0,1.122443634622148,0.949456745420467,CDT1;H4C15;MCM8;H2AC19;MCM4;CDC7;MCM10;POLE
Reactome_2022,Arachidonic Acid Metabolism R-HSA-2142753,4/59,0.42992247449452,0.9999956748532078,0,0,1.214100185528757,1.0248831310566506,FA2H;CYP4F3;AKR1C3;CYP4F11
Reactome_2022,Transcriptional Regulation Of Granulopoiesis R-HSA-9616222,4/59,0.42992247449452,0.9999956748532078,0,0,1.214100185528757,1.0248831310566506,H4C15;MYB;H2AC19;E2F1
Reactome_2022,Unattached Kinetochores Signal Amplification Via A MAD2 Inhibitory Signal R-HSA-141444,6/93,0.4307829738434399,0.9999956748532078,0,0,1.1513869731800763,0.9696415258156164,SGO1;CENPU;CENPM;KNTC1;NUP43;SPC24
Reactome_2022,Caspase Activation Via Extrinsic Apoptotic Signaling Pathway R-HSA-5357769,2/26,0.4368908237019367,0.9999956748532078,0,0,1.390980218482433,1.1518316969856277,UNC5A;DAPK1
Reactome_2022,Downstream Signaling Of Activated FGFR4 R-HSA-5654716,2/26,0.4368908237019367,0.9999956748532078,0,0,1.390980218482433,1.1518316969856277,FGF18;FGFR4
Reactome_2022,N-glycan Antennae Elongation In medial/trans-Golgi R-HSA-975576,2/26,0.4368908237019367,0.9999956748532078,0,0,1.390980218482433,1.1518316969856277,CHGA;MOGAT2
Reactome_2022,Sulfur Amino Acid Metabolism R-HSA-1614635,2/26,0.4368908237019367,0.9999956748532078,0,0,1.390980218482433,1.1518316969856277,GOLT1A;VSIG2
Reactome_2022,WNT Ligand Biogenesis And Trafficking R-HSA-3238698,2/26,0.4368908237019367,0.9999956748532078,0,0,1.390980218482433,1.1518316969856277,WNT10A;WNT7A
Reactome_2022,Abacavir ADME R-HSA-2161522,1/10,0.4413616275824871,0.9999956748532078,0,0,1.8544739429695185,1.5167570328351194,SLC22A3
Reactome_2022,Acetylcholine Regulates Insulin Secretion R-HSA-399997,1/10,0.4413616275824871,0.9999956748532078,0,0,1.8544739429695185,1.5167570328351194,PRKCA
Reactome_2022,Activation Of AMPK Downstream Of NMDARs R-HSA-9619483,1/10,0.4413616275824871,0.9999956748532078,0,0,1.8544739429695185,1.5167570328351194,PRKAA2
Reactome_2022,Activation Of PPARGC1A (PGC-1alpha) By Phosphorylation R-HSA-2151209,1/10,0.4413616275824871,0.9999956748532078,0,0,1.8544739429695185,1.5167570328351194,PRKAA2
Reactome_2022,Bicarbonate Transporters R-HSA-425381,1/10,0.4413616275824871,0.9999956748532078,0,0,1.8544739429695185,1.5167570328351194,SLC4A4
Reactome_2022,Creatine Metabolism R-HSA-71288,1/10,0.4413616275824871,0.9999956748532078,0,0,1.8544739429695185,1.5167570328351194,GATM
Reactome_2022,Gamma-carboxylation Of Protein Precursors R-HSA-159740,1/10,0.4413616275824871,0.9999956748532078,0,0,1.8544739429695185,1.5167570328351194,PROC
Reactome_2022,Gap Junction Degradation R-HSA-190873,1/10,0.4413616275824871,0.9999956748532078,0,0,1.8544739429695185,1.5167570328351194,DNM1
Reactome_2022,Glucocorticoid Biosynthesis R-HSA-194002,1/10,0.4413616275824871,0.9999956748532078,0,0,1.8544739429695185,1.5167570328351194,HSD11B2
Reactome_2022,Glycoprotein Hormones R-HSA-209822,1/10,0.4413616275824871,0.9999956748532078,0,0,1.8544739429695185,1.5167570328351194,CHGA
Reactome_2022,Nef Mediated Downregulation Of MHC Class I Complex Cell Surface Expression R-HSA-164940,1/10,0.4413616275824871,0.9999956748532078,0,0,1.8544739429695185,1.5167570328351194,AP1S3
Reactome_2022,Organic Cation Transport R-HSA-549127,1/10,0.4413616275824871,0.9999956748532078,0,0,1.8544739429695185,1.5167570328351194,SLC22A3
Reactome_2022,RUNX3 Regulates p14-ARF R-HSA-8951936,1/10,0.4413616275824871,0.9999956748532078,0,0,1.8544739429695185,1.5167570328351194,CDKN2A
Reactome_2022,Removal Of Aminoterminal Propeptides From Gamma-Carboxylated Proteins R-HSA-159782,1/10,0.4413616275824871,0.9999956748532078,0,0,1.8544739429695185,1.5167570328351194,PROC
Reactome_2022,Signaling By FGFR4 In Disease R-HSA-5655291,1/10,0.4413616275824871,0.9999956748532078,0,0,1.8544739429695185,1.5167570328351194,FGFR4
Reactome_2022,"Tetrahydrobiopterin (BH4) Synthesis, Recycling, Salvage And Regulation R-HSA-1474151",1/10,0.4413616275824871,0.9999956748532078,0,0,1.8544739429695185,1.5167570328351194,DHFR
Reactome_2022,Thyroxine Biosynthesis R-HSA-209968,1/10,0.4413616275824871,0.9999956748532078,0,0,1.8544739429695185,1.5167570328351194,CHGA
Reactome_2022,Retinoid Metabolism And Transport R-HSA-975634,3/43,0.4418913574076249,0.9999956748532078,0,0,1.2519281914893616,1.022438768116613,AKR1C3;RIMBP2;BCO1
Reactome_2022,"BMAL1:CLOCK,NPAS2 Activates Circadian Gene Expression R-HSA-1368108",2/27,0.45630609458849,0.9999956748532078,0,0,1.3352701505757307,1.0476415230181542,LIN9;NPAS2
Reactome_2022,CREB1 Phosphorylation Thru NMDA Receptor-Mediated Activation Of RAS Signaling R-HSA-442742,2/27,0.45630609458849,0.9999956748532078,0,0,1.3352701505757307,1.0476415230181542,MPP2;GRIN2D
Reactome_2022,Postmitotic Nuclear Pore Complex (NPC) Reformation R-HSA-9615933,2/27,0.45630609458849,0.9999956748532078,0,0,1.3352701505757307,1.0476415230181542,NDC1;NUP43
Reactome_2022,Signaling By BMP R-HSA-201451,2/27,0.45630609458849,0.9999956748532078,0,0,1.3352701505757307,1.0476415230181542,SMAD6;BMPR1B
Reactome_2022,Aspirin ADME R-HSA-9749641,3/44,0.4569219713980326,0.9999956748532078,0,0,1.2213284898806436,0.9565965551048784,ABCC3;UGT2B15;UGT2B7
Reactome_2022,RAB Geranylgeranylation R-HSA-8873719,4/62,0.4680019660839964,0.9999956748532078,0,0,1.1511183183918243,0.8740243192447544,RAB36;RAB15;RAB19;RAB17
Reactome_2022,EML4 And NUDC In Mitotic Spindle Formation R-HSA-9648025,6/97,0.4711650283019087,0.9999956748532078,0,0,1.1005421245421243,0.8282095286771196,SGO1;CENPU;CENPM;KNTC1;NUP43;SPC24
Reactome_2022,Bile Acid And Bile Salt Metabolism R-HSA-194068,3/45,0.4717782760225928,0.9999956748532078,0,0,1.1921859169199596,0.8956250896542599,ABCC3;SYCP2;AKR1C3
Reactome_2022,Heme Signaling R-HSA-9707616,3/45,0.4717782760225928,0.9999956748532078,0,0,1.1921859169199596,0.8956250896542599,BRIP1;LIN9;NPAS2
Reactome_2022,Androgen Biosynthesis R-HSA-193048,1/11,0.4729683683529155,0.9999956748532078,0,0,1.6689380530973452,1.2495785932269945,CHGA
Reactome_2022,Beta-oxidation Of Very Long Chain Fatty Acids R-HSA-390247,1/11,0.4729683683529155,0.9999956748532078,0,0,1.6689380530973452,1.2495785932269945,DECR2
Reactome_2022,Carnitine Metabolism R-HSA-200425,1/11,0.4729683683529155,0.9999956748532078,0,0,1.6689380530973452,1.2495785932269945,PRKAA2
Reactome_2022,DSCAM Interactions R-HSA-376172,1/11,0.4729683683529155,0.9999956748532078,0,0,1.6689380530973452,1.2495785932269945,DSCAML1
Reactome_2022,Endosomal/Vacuolar Pathway R-HSA-1236977,1/11,0.4729683683529155,0.9999956748532078,0,0,1.6689380530973452,1.2495785932269945,CTSV
Reactome_2022,"Gamma-carboxylation, Transport, And Amino-Terminal Cleavage Of Proteins R-HSA-159854",1/11,0.4729683683529155,0.9999956748532078,0,0,1.6689380530973452,1.2495785932269945,PROC
Reactome_2022,Highly Calcium Permeable Postsynaptic Nicotinic Acetylcholine Receptors R-HSA-629594,1/11,0.4729683683529155,0.9999956748532078,0,0,1.6689380530973452,1.2495785932269945,CHRNA5
Reactome_2022,Killing Mechanisms R-HSA-9664420,1/11,0.4729683683529155,0.9999956748532078,0,0,1.6689380530973452,1.2495785932269945,NOXO1
Reactome_2022,Pyrimidine Salvage R-HSA-73614,1/11,0.4729683683529155,0.9999956748532078,0,0,1.6689380530973452,1.2495785932269945,TK1
Reactome_2022,RHO GTPases Activate IQGAPs R-HSA-5626467,1/11,0.4729683683529155,0.9999956748532078,0,0,1.6689380530973452,1.2495785932269945,IQGAP3
Reactome_2022,Regulation Of BACH1 Activity R-HSA-9708530,1/11,0.4729683683529155,0.9999956748532078,0,0,1.6689380530973452,1.2495785932269945,BRIP1
Reactome_2022,Regulation Of Gene Expression By Hypoxia-inducible Factor R-HSA-1234158,1/11,0.4729683683529155,0.9999956748532078,0,0,1.6689380530973452,1.2495785932269945,CA9
Reactome_2022,Regulation Of Signaling By NODAL R-HSA-1433617,1/11,0.4729683683529155,0.9999956748532078,0,0,1.6689380530973452,1.2495785932269945,LEFTY1
Reactome_2022,Uptake And Function Of Anthrax Toxins R-HSA-5210891,1/11,0.4729683683529155,0.9999956748532078,0,0,1.6689380530973452,1.2495785932269945,MAP2K6
Reactome_2022,eNOS Activation R-HSA-203615,1/11,0.4729683683529155,0.9999956748532078,0,0,1.6689380530973452,1.2495785932269945,DDAH1
Reactome_2022,Mitochondrial Fatty Acid Beta-Oxidation Of Saturated Fatty Acids R-HSA-77286,1/11,0.4729683683529155,0.9999956748532078,0,0,1.6689380530973452,1.2495785932269945,ACSM3
Reactome_2022,Interconversion Of Nucleotide Di- And Triphosphates R-HSA-499943,2/28,0.4753284221051734,0.9999956748532078,0,0,1.2838454725080055,0.9548591700820332,NME2;AK7
Reactome_2022,Visual Phototransduction R-HSA-2187338,6/98,0.481142841277543,0.9999956748532078,0,0,1.0885217391304347,0.7963528008834743,NAPEPLD;AKR1C3;RIMBP2;RDH5;PRKCA;BCO1
Reactome_2022,L1CAM Interactions R-HSA-373760,6/99,0.4910627566506717,0.9999956748532078,0,0,1.0767598566308243,0.7657736770339718,SCN8A;ITGA2B;ANK1;DNM1;SPTBN2;VAV2
Reactome_2022,Semaphorin Interactions R-HSA-373755,4/64,0.4928667529950261,0.9999956748532078,0,0,1.112629399585921,0.7872035688826676,SEMA6A;SEMA3A;CRMP1;SEMA3E
Reactome_2022,Disassembly Of Destruction Complex And Recruitment Of AXIN To Membrane R-HSA-4641262,2/29,0.4939401375588872,0.9999956748532078,0,0,1.2362300298527047,0.8719636614095415,PROC;LRP5
Reactome_2022,SUMOylation Of Intracellular Receptors R-HSA-4090294,2/29,0.4939401375588872,0.9999956748532078,0,0,1.2362300298527047,0.8719636614095415,ESR1;NR3C2
Reactome_2022,TNFs Bind Their Physiological Receptors R-HSA-5669034,2/29,0.4939401375588872,0.9999956748532078,0,0,1.2362300298527047,0.8719636614095415,EDA;TNFRSF11B
Reactome_2022,Uptake And Actions Of Bacterial Toxins R-HSA-5339562,2/29,0.4939401375588872,0.9999956748532078,0,0,1.2362300298527047,0.8719636614095415,PDZD3;MAP2K6
Reactome_2022,"Cell Cycle, Mitotic R-HSA-69278",30/523,0.4950173376225961,0.9999956748532078,0,0,1.0156357948610244,0.7141569959981083,MCM8;H2AC19;MCM10;LIN9;FOXM1;E2F1;NEK2;KNTC1;MYBL2;NUP43;TK1;POLE;PLK4;NDC1;GINS1;CENPU;CDT1;GINS2;RFC3;CDKN2A;CABLES1;PRKCA;CDC7;DHFR;SGO1;H4C15;CENPM;MCM4;DNA2;SPC24
Reactome_2022,Signaling By Hedgehog R-HSA-5358351,8/135,0.4978984445015043,0.9999956748532078,0,0,1.051289782009662,0.7331265482152699,SHH;IFT172;IHH;IFT122;PRKCA;DZIP1;ADCY6;CDON
Reactome_2022,Metabolism Of Fat-Soluble Vitamins R-HSA-6806667,3/47,0.5009150254672267,0.9999956748532078,0,0,1.1378747582205029,0.7866342148252589,AKR1C3;RIMBP2;BCO1
Reactome_2022,PKMTs Methylate Histone Lysines R-HSA-3214841,3/47,0.5009150254672267,0.9999956748532078,0,0,1.1378747582205029,0.7866342148252589,MECOM;H4C15;PRDM16
Reactome_2022,PLC Beta Mediated Events R-HSA-112043,3/47,0.5009150254672267,0.9999956748532078,0,0,1.1378747582205029,0.7866342148252589,NBEA;PRKCA;ADCY6
Reactome_2022,Butyrophilin (BTN) Family Interactions R-HSA-8851680,1/12,0.5027883443501289,0.9999956748532078,0,0,1.517135961383749,1.0431614228974042,BTNL9
Reactome_2022,CREB1 Phosphorylation Thru Activation Of Adenylate Cyclase R-HSA-442720,1/12,0.5027883443501289,0.9999956748532078,0,0,1.517135961383749,1.0431614228974042,PRKCA
Reactome_2022,Caspase-mediated Cleavage Of Cytoskeletal Proteins R-HSA-264870,1/12,0.5027883443501289,0.9999956748532078,0,0,1.517135961383749,1.0431614228974042,GAS2
Reactome_2022,Cytosolic Iron-Sulfur Cluster Assembly R-HSA-2564830,1/12,0.5027883443501289,0.9999956748532078,0,0,1.517135961383749,1.0431614228974042,BRIP1
Reactome_2022,Disorders Of Developmental Biology R-HSA-9675151,1/12,0.5027883443501289,0.9999956748532078,0,0,1.517135961383749,1.0431614228974042,PRKCA
Reactome_2022,FGFR3 Mutant Receptor Activation R-HSA-2033514,1/12,0.5027883443501289,0.9999956748532078,0,0,1.517135961383749,1.0431614228974042,FGF18
Reactome_2022,GRB2 Events In EGFR Signaling R-HSA-179812,1/12,0.5027883443501289,0.9999956748532078,0,0,1.517135961383749,1.0431614228974042,BTC
Reactome_2022,Hormone Ligand-Binding Receptors R-HSA-375281,1/12,0.5027883443501289,0.9999956748532078,0,0,1.517135961383749,1.0431614228974042,CHGA
Reactome_2022,Keratan Sulfate Degradation R-HSA-2022857,1/12,0.5027883443501289,0.9999956748532078,0,0,1.517135961383749,1.0431614228974042,GLB1L
Reactome_2022,Lysine Catabolism R-HSA-71064,1/12,0.5027883443501289,0.9999956748532078,0,0,1.517135961383749,1.0431614228974042,CRYM
Reactome_2022,Peptide Hormone Biosynthesis R-HSA-209952,1/12,0.5027883443501289,0.9999956748532078,0,0,1.517135961383749,1.0431614228974042,CHGA
Reactome_2022,Presynaptic Depolarization And Calcium Channel Opening R-HSA-112308,1/12,0.5027883443501289,0.9999956748532078,0,0,1.517135961383749,1.0431614228974042,CACNG4
Reactome_2022,Presynaptic Nicotinic Acetylcholine Receptors R-HSA-622323,1/12,0.5027883443501289,0.9999956748532078,0,0,1.517135961383749,1.0431614228974042,CHRNA5
Reactome_2022,Pyrimidine Catabolism R-HSA-73621,1/12,0.5027883443501289,0.9999956748532078,0,0,1.517135961383749,1.0431614228974042,NT5E
Reactome_2022,"Regulation Of Glycolysis By Fructose 2,6-Bisphosphate Metabolism R-HSA-9634600",1/12,0.5027883443501289,0.9999956748532078,0,0,1.517135961383749,1.0431614228974042,PRKCA
Reactome_2022,Chromosome Maintenance R-HSA-73886,7/118,0.5038340438811217,0.9999956748532078,0,0,1.052434997274855,0.7214529712531972,CENPU;RFC3;H4C15;H2AC19;CENPM;OIP5;DNA2
Reactome_2022,Metabolism R-HSA-1430728,116/2049,0.5101994689176536,0.9999956748532078,0,0,1.0013154977459169,0.6738387830357374,PECR;ACSM3;GDA;GOLT1A;LIPE;AKR7A3;VSIG2;LIPH;PDK4;ENPP1;PLCE1;SLC16A8;PRSS3;XYLB;CA13;ENTPD2;HGD;UGT2B15;ENTPD8;PRKCA;CMBL;ASRGL1;ALDH3A1;PLA2G10;PLA2R1;ISYNA1;MTARC1;CACNA1D;CYP2C18;ACACB;AK7;NPAS2;FUT4;FUT6;LDHC;UGT8;HSD11B2;BRIP1;ARSL;ARSJ;ALDH3B1;PIP5K1B;ARSD;DECR2;RIMKLA;GSTT2B;GGT6;ADHFE1;CYP4F3;STARD10;B3GALT5;CYP4F11;DHFR;FA2H;PROC;VNN1;PXMP2;NOSTRIN;PLCH1;DEGS2;ACY3;SLC44A3;SLC44A4;PODXL2;SYCP2;MOGAT2;GPT;OPLAH;OSBPL10;SMPD3;ACP6;FLVCR1;AOX1;CA9;TK1;NDC1;ABCC3;AMN;GSTO2;AMT;NME2;DDAH1;CHDH;ITPKA;B3GNT3;ASPA;UGT2B7;MGLL;PRKAA2;GLS2;LIN9;CYP3A5;ADCY6;NT5E;GNG4;CARNS1;HSD17B2;NUP43;SPTSSB;CRYM;BCO1;CHGA;CA12;NQO1;AOC1;MOCOS;B3GAT1;AKR1C3;MBOAT2;PLEKHA6;NMNAT2;GATM;CYP2W1;GLB1L;RIMBP2;PLCD3
Reactome_2022,Tight Junction Interactions R-HSA-420029,2/30,0.5121268226966316,0.9999956748532078,0,0,1.1920156902442112,0.7976766166153467,CLDN10;CLDN3
Reactome_2022,Estrogen-dependent Gene Expression R-HSA-9018519,7/119,0.5128445093330064,0.9999956748532078,0,0,1.0429826512455516,0.6964856462353026,H4C15;ERBB4;MYB;H2AC19;TFF3;TFF1;ESR1
Reactome_2022,Phospholipid Metabolism R-HSA-1483257,12/208,0.5140061990375187,0.9999956748532078,0,0,1.021666575477376,0.6799394915134619,SLC44A3;SLC44A4;LIPH;ACP6;STARD10;PLA2G10;PLEKHA6;MBOAT2;PIP5K1B;PLA2R1;MGLL;OSBPL10
Reactome_2022,Collagen Biosynthesis And Modifying Enzymes R-HSA-1650814,4/67,0.5292053526695251,0.9999956748532078,0,0,1.0594780355206264,0.6742292889839477,COL27A1;COL4A4;COL6A1;COL9A2
Reactome_2022,TP53 Regulates Transcription Of Cell Cycle Genes R-HSA-6791312,3/49,0.5292079147100939,0.9999956748532078,0,0,1.088286308973173,0.6925569928140005,E2F1;E2F7;E2F8
Reactome_2022,Transmission Across Chemical Synapses R-HSA-112315,14/246,0.5295398609813345,0.9999956748532078,0,0,1.0068456147933196,0.640098914303863,MPP2;PRKAA2;CHRNA5;GLS2;PRKCA;CPLX1;ADCY6;GRIN2D;NRGN;NBEA;GLRB;ERBB4;GNG4;CACNG4
Reactome_2022,"Glutamate Binding, Activation Of AMPA Receptors And Synaptic Plasticity R-HSA-399721",2/31,0.5298769992336069,0.9999956748532078,0,0,1.1508506154363032,0.7309171674206902,PRKCA;CACNG4
Reactome_2022,Glyoxylate Metabolism And Glycine Degradation R-HSA-389661,2/31,0.5298769992336069,0.9999956748532078,0,0,1.1508506154363032,0.7309171674206902,PXMP2;AMT
Reactome_2022,Metalloprotease DUBs R-HSA-5689901,2/31,0.5298769992336069,0.9999956748532078,0,0,1.1508506154363032,0.7309171674206902,H2AC19;BRCA1
Reactome_2022,Negative Regulation Of FGFR4 Signaling R-HSA-5654733,2/31,0.5298769992336069,0.9999956748532078,0,0,1.1508506154363032,0.7309171674206902,FGF18;FGFR4
Reactome_2022,Nicotinate Metabolism R-HSA-196807,2/31,0.5298769992336069,0.9999956748532078,0,0,1.1508506154363032,0.7309171674206902,NT5E;NMNAT2
Reactome_2022,RUNX2 Regulates Bone Development R-HSA-8941326,2/31,0.5298769992336069,0.9999956748532078,0,0,1.1508506154363032,0.7309171674206902,IHH;SMAD6
Reactome_2022,Adenylate Cyclase Inhibitory Pathway R-HSA-170670,1/13,0.5309224789810276,0.9999956748532078,0,0,1.3906342182890856,0.8804651185317924,ADCY6
Reactome_2022,Chk1/Chk2(Cds1) Mediated Inactivation Of Cyclin B:Cdk1 Complex R-HSA-75035,1/13,0.5309224789810276,0.9999956748532078,0,0,1.3906342182890856,0.8804651185317924,CHEK1
Reactome_2022,Defects In Cobalamin (B12) Metabolism R-HSA-3296469,1/13,0.5309224789810276,0.9999956748532078,0,0,1.3906342182890856,0.8804651185317924,AMN
Reactome_2022,Degradation Of Cysteine And Homocysteine R-HSA-1614558,1/13,0.5309224789810276,0.9999956748532078,0,0,1.3906342182890856,0.8804651185317924,VSIG2
Reactome_2022,Downregulation Of ERBB2:ERBB3 Signaling R-HSA-1358803,1/13,0.5309224789810276,0.9999956748532078,0,0,1.3906342182890856,0.8804651185317924,ERBB3
Reactome_2022,FGFR2c Ligand Binding And Activation R-HSA-190375,1/13,0.5309224789810276,0.9999956748532078,0,0,1.3906342182890856,0.8804651185317924,FGF18
Reactome_2022,FGFR3 Ligand Binding And Activation R-HSA-190239,1/13,0.5309224789810276,0.9999956748532078,0,0,1.3906342182890856,0.8804651185317924,FGF18
Reactome_2022,FGFRL1 Modulation Of FGFR1 Signaling R-HSA-5658623,1/13,0.5309224789810276,0.9999956748532078,0,0,1.3906342182890856,0.8804651185317924,FGF18
Reactome_2022,IRF3-mediated Induction Of Type I IFN R-HSA-3270619,1/13,0.5309224789810276,0.9999956748532078,0,0,1.3906342182890856,0.8804651185317924,DTX4
Reactome_2022,Inhibition Of Replication Initiation Of Damaged DNA By RB1/E2F1 R-HSA-113501,1/13,0.5309224789810276,0.9999956748532078,0,0,1.3906342182890856,0.8804651185317924,E2F1
Reactome_2022,Phospholipase C-mediated Cascade; FGFR3 R-HSA-5654227,1/13,0.5309224789810276,0.9999956748532078,0,0,1.3906342182890856,0.8804651185317924,FGF18
Reactome_2022,SHC1 Events In EGFR Signaling R-HSA-180336,1/13,0.5309224789810276,0.9999956748532078,0,0,1.3906342182890856,0.8804651185317924,BTC
Reactome_2022,Trafficking And Processing Of Endosomal TLR R-HSA-1679131,1/13,0.5309224789810276,0.9999956748532078,0,0,1.3906342182890856,0.8804651185317924,CTSV
Reactome_2022,Transcriptional Regulation Of Testis Differentiation R-HSA-9690406,1/13,0.5309224789810276,0.9999956748532078,0,0,1.3906342182890856,0.8804651185317924,GATA4
Reactome_2022,Alpha-Linolenic (Omega3) And Linoleic (Omega6) Acid Metabolism R-HSA-2046104,1/13,0.5309224789810276,0.9999956748532078,0,0,1.3906342182890856,0.8804651185317924,SYCP2
Reactome_2022,Death Receptor Signaling R-HSA-73887,8/139,0.5313674542632495,0.9999956748532078,0,0,1.0189718107849068,0.6442973970829682,ARHGEF33;SMPD3;ARHGEF10;OBSCN;ARHGEF39;ARHGEF38;NGEF;VAV2
Reactome_2022,MHC Class II Antigen Presentation R-HSA-2132295,6/104,0.5396245848335569,0.9999956748532078,0,0,1.0215510204081633,0.6301760222996127,AP1S3;CTSV;CTSE;DNM1;SPTBN2;KIF15
Reactome_2022,Transport Of Inorganic Cations/Anions And Amino Acids/Oligopeptides R-HSA-425393,6/104,0.5396245848335569,0.9999956748532078,0,0,1.0215510204081633,0.6301760222996127,SLC9A2;SLC15A1;SLC6A14;SLC3A1;SLC6A20;SLC4A4
Reactome_2022,Cell Junction Organization R-HSA-446728,5/86,0.5400577001006535,0.9999956748532078,0,0,1.0299760980637238,0.634546946398653,CLDN10;CDH4;CLDN3;ANG;CDH17
Reactome_2022,Disorders Of Transmembrane Transporters R-HSA-5619115,10/176,0.5401608579858411,0.9999956748532078,0,0,1.0050729232720357,0.61901265270689,NDC1;ABCA3;SLC6A14;ABCC6;SLC40A1;SLC3A1;NUP43;SLC6A20;SLC4A4;CFTR
Reactome_2022,Ion Homeostasis R-HSA-5578775,3/50,0.5430136916722871,0.9999956748532078,0,0,1.0650746944318696,0.6503567028620989,FKBP1B;PRKCA;TNNI3
Reactome_2022,Cargo Concentration In ER R-HSA-5694530,2/32,0.5471818430650659,0.9999956748532078,0,0,1.1124298789489224,0.6707663992403723,CFAP73;F5
Reactome_2022,Defective TPR May Confer Susceptibility Towards Thyroid Papillary Carcinoma (TPC) R-HSA-5619107,2/32,0.5471818430650659,0.9999956748532078,0,0,1.1124298789489224,0.6707663992403723,NDC1;NUP43
Reactome_2022,Gluconeogenesis R-HSA-70263,2/32,0.5471818430650659,0.9999956748532078,0,0,1.1124298789489224,0.6707663992403723,PROC;GOLT1A
Reactome_2022,Phase 0 - Rapid Depolarisation R-HSA-5576892,2/32,0.5471818430650659,0.9999956748532078,0,0,1.1124298789489224,0.6707663992403723,SCN8A;CACNG4
Reactome_2022,RNA Polymerase I Promoter Opening R-HSA-73728,2/32,0.5471818430650659,0.9999956748532078,0,0,1.1124298789489224,0.6707663992403723,H4C15;H2AC19
Reactome_2022,Integration Of Energy Metabolism R-HSA-163685,6/105,0.5490984889890511,0.9999956748532078,0,0,1.0111784511784512,0.6061786859766989,PRKAA2;GNG4;PRKCA;CACNA1D;ACACB;ADCY6
Reactome_2022,Muscle Contraction R-HSA-397014,11/196,0.5544446229285708,0.9999956748532078,0,0,0.9919111969111968,0.5850176638654908,TMOD1;TNNT1;NPR1;SCN8A;TNNC2;FKBP1B;TNNI2;PRKCA;GATA4;TNNI3;CACNG4
Reactome_2022,APC Truncation Mutants Have Impaired AXIN Binding R-HSA-5467337,1/14,0.5574659998245508,0.9999956748532078,0,0,1.2835942818243704,0.7500731505071455,PROC
Reactome_2022,Acetylcholine Binding And Downstream Events R-HSA-181431,1/14,0.5574659998245508,0.9999956748532078,0,0,1.2835942818243704,0.7500731505071455,CHRNA5
Reactome_2022,DCC Mediated Attractive Signaling R-HSA-418885,1/14,0.5574659998245508,0.9999956748532078,0,0,1.2835942818243704,0.7500731505071455,ABLIM1
Reactome_2022,Heme Biosynthesis R-HSA-189451,1/14,0.5574659998245508,0.9999956748532078,0,0,1.2835942818243704,0.7500731505071455,FLVCR1
Reactome_2022,Leading Strand Synthesis R-HSA-69109,1/14,0.5574659998245508,0.9999956748532078,0,0,1.2835942818243704,0.7500731505071455,RFC3
Reactome_2022,Mismatch Repair (MMR) Directed By MSH2:MSH3 (MutSbeta) R-HSA-5358606,1/14,0.5574659998245508,0.9999956748532078,0,0,1.2835942818243704,0.7500731505071455,EXO1
Reactome_2022,Mismatch Repair (MMR) Directed By MSH2:MSH6 (MutSalpha) R-HSA-5358565,1/14,0.5574659998245508,0.9999956748532078,0,0,1.2835942818243704,0.7500731505071455,EXO1
Reactome_2022,Removal Of Flap Intermediate R-HSA-69166,1/14,0.5574659998245508,0.9999956748532078,0,0,1.2835942818243704,0.7500731505071455,DNA2
Reactome_2022,Retrograde Neurotrophin Signaling R-HSA-177504,1/14,0.5574659998245508,0.9999956748532078,0,0,1.2835942818243704,0.7500731505071455,DNM1
Reactome_2022,SEMA3A-Plexin Repulsion Signaling By Inhibiting Integrin Adhesion R-HSA-399955,1/14,0.5574659998245508,0.9999956748532078,0,0,1.2835942818243704,0.7500731505071455,SEMA3A
Reactome_2022,"Synthesis Of IP2, IP, And Ins In Cytosol R-HSA-1855183",1/14,0.5574659998245508,0.9999956748532078,0,0,1.2835942818243704,0.7500731505071455,ISYNA1
Reactome_2022,Synthesis Of Bile Acids And Bile Salts Via 24-Hydroxycholesterol R-HSA-193775,1/14,0.5574659998245508,0.9999956748532078,0,0,1.2835942818243704,0.7500731505071455,AKR1C3
Reactome_2022,Triglyceride Biosynthesis R-HSA-75109,1/14,0.5574659998245508,0.9999956748532078,0,0,1.2835942818243704,0.7500731505071455,MOGAT2
Reactome_2022,Resolution Of Sister Chromatid Cohesion R-HSA-2500257,6/106,0.5584835825650312,0.9999956748532078,0,0,1.0010133333333333,0.5831203536151878,SGO1;CENPU;CENPM;KNTC1;NUP43;SPC24
Reactome_2022,Opioid Signaling R-HSA-111885,5/88,0.5607472966119676,0.9999956748532078,0,0,1.0050503969697615,0.5814065051357749,NBEA;GNG4;PPP1R1B;PRKCA;ADCY6
Reactome_2022,Keratan Sulfate/Keratin Metabolism R-HSA-1638074,2/33,0.5640349211390404,0.9999956748532078,0,0,1.076487899654276,0.6164390754617285,GLB1L;B3GNT3
Reactome_2022,Oncogene Induced Senescence R-HSA-2559585,2/33,0.5640349211390404,0.9999956748532078,0,0,1.076487899654276,0.6164390754617285,CDKN2A;E2F1
Reactome_2022,Packaging Of Telomere Ends R-HSA-171306,2/33,0.5640349211390404,0.9999956748532078,0,0,1.076487899654276,0.6164390754617285,H4C15;H2AC19
Reactome_2022,Plasma Lipoprotein Remodeling R-HSA-8963899,2/33,0.5640349211390404,0.9999956748532078,0,0,1.076487899654276,0.6164390754617285,TRNP1;PCSK6
Reactome_2022,Signaling By High-Kinase Activity BRAF Mutants R-HSA-6802948,2/33,0.5640349211390404,0.9999956748532078,0,0,1.076487899654276,0.6164390754617285,ITGA2B;KSR2
Reactome_2022,Telomere C-strand (Lagging Strand) Synthesis R-HSA-174417,2/33,0.5640349211390404,0.9999956748532078,0,0,1.076487899654276,0.6164390754617285,RFC3;DNA2
Reactome_2022,G-protein Mediated Events R-HSA-112040,3/52,0.5699047737962968,0.9999956748532078,0,0,1.0214937038645244,0.5743716043026168,NBEA;PRKCA;ADCY6
Reactome_2022,Metabolism Of Non-Coding RNA R-HSA-194441,3/52,0.5699047737962968,0.9999956748532078,0,0,1.0214937038645244,0.5743716043026168,NDC1;NUP43;LIN9
Reactome_2022,Signaling By Non-Receptor Tyrosine Kinases R-HSA-9006927,3/52,0.5699047737962968,0.9999956748532078,0,0,1.0214937038645244,0.5743716043026168,BTC;ERBB3;ERBB4
Reactome_2022,Glucose Metabolism R-HSA-70326,5/89,0.5709149104857401,0.9999956748532078,0,0,0.99303264822803,0.5566097929770908,NDC1;PROC;GOLT1A;PRKCA;NUP43
Reactome_2022,Cardiac Conduction R-HSA-5576891,7/126,0.5741020847122261,0.9999956748532078,0,0,0.9812643918777476,0.5445507613417137,NPR1;SCN8A;FKBP1B;PRKCA;GATA4;TNNI3;CACNG4
Reactome_2022,Nuclear Import Of Rev Protein R-HSA-180746,2/34,0.5804319497307892,0.9999956748532078,0,0,1.0427922940655447,0.5672609798744224,NDC1;NUP43
Reactome_2022,Synthesis Of Bile Acids And Bile Salts R-HSA-192105,2/34,0.5804319497307892,0.9999956748532078,0,0,1.0427922940655447,0.5672609798744224,SYCP2;AKR1C3
Reactome_2022,CTNNB1 S33 Mutants Not Phosphorylated R-HSA-5358747,1/15,0.5825087598123655,0.9999956748532078,0,0,1.1918457648546144,0.6440866276005416,PROC
Reactome_2022,Depolymerisation Of Nuclear Lamina R-HSA-4419969,1/15,0.5825087598123655,0.9999956748532078,0,0,1.1918457648546144,0.6440866276005416,PRKCA
Reactome_2022,EPHA-mediated Growth Cone Collapse R-HSA-3928663,1/15,0.5825087598123655,0.9999956748532078,0,0,1.1918457648546144,0.6440866276005416,NGEF
Reactome_2022,Eicosanoid Ligand-Binding Receptors R-HSA-391903,1/15,0.5825087598123655,0.9999956748532078,0,0,1.1918457648546144,0.6440866276005416,PTGER1
Reactome_2022,GRB2:SOS Provides Linkage To MAPK Signaling For Integrins R-HSA-354194,1/15,0.5825087598123655,0.9999956748532078,0,0,1.1918457648546144,0.6440866276005416,ITGA2B
Reactome_2022,Mismatch Repair R-HSA-5358508,1/15,0.5825087598123655,0.9999956748532078,0,0,1.1918457648546144,0.6440866276005416,EXO1
Reactome_2022,Organic Cation/Anion/Zwitterion Transport R-HSA-549132,1/15,0.5825087598123655,0.9999956748532078,0,0,1.1918457648546144,0.6440866276005416,SLC22A3
Reactome_2022,Phase 2 - Plateau Phase R-HSA-5576893,1/15,0.5825087598123655,0.9999956748532078,0,0,1.1918457648546144,0.6440866276005416,CACNG4
Reactome_2022,Processive Synthesis On Lagging Strand R-HSA-69183,1/15,0.5825087598123655,0.9999956748532078,0,0,1.1918457648546144,0.6440866276005416,DNA2
Reactome_2022,Regulation Of Innate Immune Responses To Cytosolic DNA R-HSA-3134975,1/15,0.5825087598123655,0.9999956748532078,0,0,1.1918457648546144,0.6440866276005416,DTX4
Reactome_2022,Synthesis Of Prostaglandins (PG) And Thromboxanes (TX) R-HSA-2162123,1/15,0.5825087598123655,0.9999956748532078,0,0,1.1918457648546144,0.6440866276005416,AKR1C3
Reactome_2022,Synthesis Of Bile Acids And Bile Salts Via 27-Hydroxycholesterol R-HSA-193807,1/15,0.5825087598123655,0.9999956748532078,0,0,1.1918457648546144,0.6440866276005416,AKR1C3
Reactome_2022,WNT5A-dependent Internalization Of FZD4 R-HSA-5099900,1/15,0.5825087598123655,0.9999956748532078,0,0,1.1918457648546144,0.6440866276005416,PRKCA
Reactome_2022,YAP1- And WWTR1 (TAZ)-stimulated Gene Expression R-HSA-2032785,1/15,0.5825087598123655,0.9999956748532078,0,0,1.1918457648546144,0.6440866276005416,GATA4
Reactome_2022,p130Cas Linkage To MAPK Signaling For Integrins R-HSA-372708,1/15,0.5825087598123655,0.9999956748532078,0,0,1.1918457648546144,0.6440866276005416,ITGA2B
Reactome_2022,Nuclear Envelope Breakdown R-HSA-2980766,3/53,0.5829773659663284,0.9999956748532078,0,0,1.0010106382978723,0.5401522641865485,NDC1;PRKCA;NUP43
Reactome_2022,Sensory Processing Of Sound By Outer Hair Cells Of Cochlea R-HSA-9662361,3/53,0.5829773659663284,0.9999956748532078,0,0,1.0010106382978723,0.5401522641865485,MYO3A;USH1C;PLS1
Reactome_2022,Signaling By Type 1 Insulin-like Growth Factor 1 Receptor (IGF1R) R-HSA-2404192,3/53,0.5829773659663284,0.9999956748532078,0,0,1.0010106382978723,0.5401522641865485,CILP;FGF18;FGFR4
Reactome_2022,Mitotic Spindle Checkpoint R-HSA-69618,6/110,0.5950673432490584,0.9999956748532078,0,0,0.9623076923076924,0.4995153485271501,SGO1;CENPU;CENPM;KNTC1;NUP43;SPC24
Reactome_2022,RHOJ GTPase Cycle R-HSA-9013409,3/54,0.5957943648474823,0.9999956748532078,0,0,0.9813308302044222,0.5081916862641866,DIAPH3;CDC42BPA;IQGAP3
Reactome_2022,NEP/NS2 Interacts With Cellular Export Machinery R-HSA-168333,2/35,0.5963705722103027,0.9999956748532078,0,0,1.0111388463912825,0.5226506318490239,NDC1;NUP43
Reactome_2022,Plasma Lipoprotein Clearance R-HSA-8964043,2/35,0.5963705722103027,0.9999956748532078,0,0,1.0111388463912825,0.5226506318490239,AMN;PCSK9
Reactome_2022,Rev-mediated Nuclear Export Of HIV RNA R-HSA-165054,2/35,0.5963705722103027,0.9999956748532078,0,0,1.0111388463912825,0.5226506318490239,NDC1;NUP43
Reactome_2022,SUMOylation Of SUMOylation Proteins R-HSA-4085377,2/35,0.5963705722103027,0.9999956748532078,0,0,1.0111388463912825,0.5226506318490239,NDC1;NUP43
Reactome_2022,Transport Of Ribonucleoproteins Into Host Nucleus R-HSA-168271,2/35,0.5963705722103027,0.9999956748532078,0,0,1.0111388463912825,0.5226506318490239,NDC1;NUP43
Reactome_2022,Transport Of SLBP Independent Mature mRNA R-HSA-159227,2/35,0.5963705722103027,0.9999956748532078,0,0,1.0111388463912825,0.5226506318490239,NDC1;NUP43
Reactome_2022,Vpr-mediated Nuclear Import Of PICs R-HSA-180910,2/35,0.5963705722103027,0.9999956748532078,0,0,1.0111388463912825,0.5226506318490239,NDC1;NUP43
Reactome_2022,G Alpha (I) Signaling Events R-HSA-418594,17/312,0.5984368239657446,0.9999956748532078,0,0,0.9608313300672487,0.4933237775508797,GNAZ;RGS17;GPR37;SUCNR1;PRKCA;ADCY6;CXCL5;C5;NBEA;GNG4;GPER1;PPP1R1B;ACKR4;NMUR2;RGS11;CCL28;TAS2R4
Reactome_2022,Processing Of SMDT1 R-HSA-8949664,1/16,0.6061355405137835,0.9999956748532078,0,0,1.112330383480826,0.5568900459590732,MCU
Reactome_2022,Regulation Of Pyruvate Dehydrogenase (PDH) Complex R-HSA-204174,1/16,0.6061355405137835,0.9999956748532078,0,0,1.112330383480826,0.5568900459590732,PDK4
Reactome_2022,STING Mediated Induction Of Host Immune Responses R-HSA-1834941,1/16,0.6061355405137835,0.9999956748532078,0,0,1.112330383480826,0.5568900459590732,DTX4
Reactome_2022,Sema3A PAK Dependent Axon Repulsion R-HSA-399954,1/16,0.6061355405137835,0.9999956748532078,0,0,1.112330383480826,0.5568900459590732,SEMA3A
Reactome_2022,Signaling By NTRK3 (TRKC) R-HSA-9034015,1/16,0.6061355405137835,0.9999956748532078,0,0,1.112330383480826,0.5568900459590732,PTPRU
Reactome_2022,TGF-beta Receptor Signaling In EMT (Epithelial To Mesenchymal Transition) R-HSA-2173791,1/16,0.6061355405137835,0.9999956748532078,0,0,1.112330383480826,0.5568900459590732,CGN
Reactome_2022,TRAF6-mediated Induction Of TAK1 Complex Within TLR4 Complex R-HSA-937072,1/16,0.6061355405137835,0.9999956748532078,0,0,1.112330383480826,0.5568900459590732,SARM1
Reactome_2022,Translesion Synthesis By REV1 R-HSA-110312,1/16,0.6061355405137835,0.9999956748532078,0,0,1.112330383480826,0.5568900459590732,RFC3
Reactome_2022,VLDLR Internalisation And Degradation R-HSA-8866427,1/16,0.6061355405137835,0.9999956748532078,0,0,1.112330383480826,0.5568900459590732,PCSK9
Reactome_2022,Response To Elevated Platelet Cytosolic Ca2+ R-HSA-76005,7/130,0.6074122112602598,0.9999956748532078,0,0,0.9491508260278332,0.4731968876373023,RARRES2;ITGA2B;PRKCA;NHLRC2;SYTL4;SERPINA4;F5
Reactome_2022,Golgi Associated Vesicle Biogenesis R-HSA-432722,3/55,0.6083516106987427,0.9999956748532078,0,0,0.962407937806874,0.478318917341706,TBC1D8B;HOMER2;AP1S3
Reactome_2022,Oxidative Stress Induced Senescence R-HSA-2559580,5/93,0.6103139203074023,0.9999956748532078,0,0,0.947692959793315,0.4679535646597643,H4C15;CDKN2A;H2AC19;E2F1;MAP2K6
Reactome_2022,RAC3 GTPase Cycle R-HSA-9013423,5/93,0.6103139203074023,0.9999956748532078,0,0,0.947692959793315,0.4679535646597643,ARHGAP42;DIAPH3;NOXO1;DSG2;VAV2
Reactome_2022,Activated PKN1 Stimulates Transcription Of Androgen Receptor Regulated KLK2 And KLK3 R-HSA-5625886,2/36,0.6118501553447399,0.9999956748532078,0,0,0.9813473662272704,0.4821044309813155,H4C15;H2AC19
Reactome_2022,Export Of Viral Ribonucleoproteins From Nucleus R-HSA-168274,2/36,0.6118501553447399,0.9999956748532078,0,0,0.9813473662272704,0.4821044309813155,NDC1;NUP43
Reactome_2022,Nuclear Pore Complex (NPC) Disassembly R-HSA-3301854,2/36,0.6118501553447399,0.9999956748532078,0,0,0.9813473662272704,0.4821044309813155,NDC1;NUP43
Reactome_2022,Transport Of SLBP Dependant Mature mRNA R-HSA-159230,2/36,0.6118501553447399,0.9999956748532078,0,0,0.9813473662272704,0.4821044309813155,NDC1;NUP43
Reactome_2022,Metabolism Of Lipids R-HSA-556833,40/732,0.6134886336289302,0.9999956748532078,0,0,0.9630555835183292,0.4705427387855951,PECR;SLC44A3;PRKAA2;SLC44A4;SYCP2;ACSM3;MOGAT2;LIN9;ACACB;NPAS2;OSBPL10;SMPD3;LIPE;HSD11B2;UGT8;ARSL;LIPH;ACP6;ARSJ;ALDH3B1;HSD17B2;PIP5K1B;SPTSSB;ARSD;DECR2;ABCC3;CHGA;CYP4F3;STARD10;AKR1C3;MBOAT2;PLEKHA6;PRKCA;CYP4F11;FA2H;GLB1L;PLA2G10;DEGS2;PLA2R1;MGLL
Reactome_2022,Signaling By Nuclear Receptors R-HSA-9006931,14/260,0.6138871202172869,0.9999956748532078,0,0,0.948832165134543,0.4629771622169979,CRABP1;H2AC19;AKR1C3;ESR1;BTC;H4C15;ERBB4;GNG4;ALDH1A2;MYB;PDK4;TFF3;RDH5;TFF1
Reactome_2022,Chemokine Receptors Bind Chemokines R-HSA-380108,3/56,0.6206457334878867,0.9999956748532078,0,0,0.944199116820554,0.4503781041142423,ACKR4;CCL28;CXCL5
Reactome_2022,Transcriptional Regulation By TP53 R-HSA-3700989,19/354,0.6266534140361885,0.9999956748532078,0,0,0.9453076344894232,0.4418005451375259,L3MBTL1;FANCI;RMI2;RFC3;PRKAA2;CDKN2A;GLS2;FANCC;BRCA1;TAF7L;BRIP1;FANCD2;EXO1;CHEK1;E2F1;DNA2;E2F7;MAP2K6;E2F8
Reactome_2022,Cleavage Of Damaged Purine R-HSA-110331,2/37,0.6268716019817535,0.9999956748532078,0,0,0.9532582563583448,0.4451845136446158,H4C15;H2AC19
Reactome_2022,Cooperation Of PDCL (PhLP1) And TRiC/CCT In G-protein Beta Folding R-HSA-6814122,2/37,0.6268716019817535,0.9999956748532078,0,0,0.9532582563583448,0.4451845136446158,GNG4;RGS11
Reactome_2022,Formation Of Fibrin Clot (Clotting Cascade) R-HSA-140877,2/37,0.6268716019817535,0.9999956748532078,0,0,0.9532582563583448,0.4451845136446158,PROC;F5
Reactome_2022,Interactions Of Rev With Host Cellular Proteins R-HSA-177243,2/37,0.6268716019817535,0.9999956748532078,0,0,0.9532582563583448,0.4451845136446158,NDC1;NUP43
Reactome_2022,SIRT1 Negatively Regulates rRNA Expression R-HSA-427359,2/37,0.6268716019817535,0.9999956748532078,0,0,0.9532582563583448,0.4451845136446158,H4C15;H2AC19
Reactome_2022,Aberrant Regulation Of Mitotic G1/S Transition In Cancer Due To RB1 Defects R-HSA-9659787,1/17,0.6284263378471368,0.9999956748532078,0,0,1.042754424778761,0.4843974501035678,E2F1
Reactome_2022,Acetylcholine Neurotransmitter Release Cycle R-HSA-264642,1/17,0.6284263378471368,0.9999956748532078,0,0,1.042754424778761,0.4843974501035678,CPLX1
Reactome_2022,Activated Point Mutants Of FGFR2 R-HSA-2033519,1/17,0.6284263378471368,0.9999956748532078,0,0,1.042754424778761,0.4843974501035678,FGF18
Reactome_2022,Activation Of IRF3/IRF7 Mediated By TBK1/IKK Epsilon R-HSA-936964,1/17,0.6284263378471368,0.9999956748532078,0,0,1.042754424778761,0.4843974501035678,SARM1
Reactome_2022,Beta-catenin Phosphorylation Cascade R-HSA-196299,1/17,0.6284263378471368,0.9999956748532078,0,0,1.042754424778761,0.4843974501035678,PROC
Reactome_2022,GAB1 Signalosome R-HSA-180292,1/17,0.6284263378471368,0.9999956748532078,0,0,1.042754424778761,0.4843974501035678,BTC
Reactome_2022,Gastrin-CREB Signaling Pathway Via PKC And MAPK R-HSA-881907,1/17,0.6284263378471368,0.9999956748532078,0,0,1.042754424778761,0.4843974501035678,PRKCA
Reactome_2022,MET Activates PTK2 Signaling R-HSA-8874081,1/17,0.6284263378471368,0.9999956748532078,0,0,1.042754424778761,0.4843974501035678,ITGA3
Reactome_2022,Metabolism Of Folate And Pterines R-HSA-196757,1/17,0.6284263378471368,0.9999956748532078,0,0,1.042754424778761,0.4843974501035678,DHFR
Reactome_2022,Removal Of Flap Intermediate From C-strand R-HSA-174437,1/17,0.6284263378471368,0.9999956748532078,0,0,1.042754424778761,0.4843974501035678,DNA2
Reactome_2022,SHC-mediated cascade:FGFR3 R-HSA-5654704,1/17,0.6284263378471368,0.9999956748532078,0,0,1.042754424778761,0.4843974501035678,FGF18
Reactome_2022,Tie2 Signaling R-HSA-210993,1/17,0.6284263378471368,0.9999956748532078,0,0,1.042754424778761,0.4843974501035678,GRB7
Reactome_2022,Trafficking Of GluR2-containing AMPA Receptors R-HSA-416993,1/17,0.6284263378471368,0.9999956748532078,0,0,1.042754424778761,0.4843974501035678,PRKCA
Reactome_2022,Translesion Synthesis By POLI R-HSA-5656121,1/17,0.6284263378471368,0.9999956748532078,0,0,1.042754424778761,0.4843974501035678,RFC3
Reactome_2022,Translesion Synthesis By POLK R-HSA-5655862,1/17,0.6284263378471368,0.9999956748532078,0,0,1.042754424778761,0.4843974501035678,RFC3
Reactome_2022,Zinc Transporters R-HSA-435354,1/17,0.6284263378471368,0.9999956748532078,0,0,1.042754424778761,0.4843974501035678,SLC30A2
Reactome_2022,SUMOylation Of DNA Damage Response And Repair Proteins R-HSA-3108214,4/76,0.6296964214094244,0.9999956748532078,0,0,0.9265996253573894,0.4285684926595387,NDC1;CDKN2A;NUP43;BRCA1
Reactome_2022,Transcriptional Regulation By Small RNAs R-HSA-5578749,4/76,0.6296964214094244,0.9999956748532078,0,0,0.9265996253573894,0.4285684926595387,NDC1;H4C15;H2AC19;NUP43
Reactome_2022,MAPK Family Signaling Cascades R-HSA-5683057,17/318,0.6299846474895239,0.9999956748532078,0,0,0.9413743535909626,0.4349712728054403,MPP2;ITGA2B;PRKCA;RASAL1;KSR2;IL17RD;ETV4;GRIN2D;BTC;KITLG;ERBB3;ERBB4;FGF18;IGF2BP1;RGL3;FGFR4;SPTBN2
Reactome_2022,SUMOylation Of Chromatin Organization Proteins R-HSA-4551638,3/57,0.6326741050312871,0.9999956748532078,0,0,0.9266646966115052,0.4242269418612971,NDC1;H4C15;NUP43
Reactome_2022,Programmed Cell Death R-HSA-5357801,11/208,0.6339868302657137,0.9999956748532078,0,0,0.930891950688905,0.4242326865056731,OCLN;PROC;UNC5A;DAPK1;CDKN2A;GAS2;E2F1;DSG2;CLSPN;H1-1;H1-0
Reactome_2022,Regulation Of Insulin Secretion R-HSA-422356,4/77,0.6399744886715351,0.9999956748532078,0,0,0.9138578599992708,0.4078794049793895,GNG4;PRKCA;CACNA1D;ADCY6
Reactome_2022,Metabolism Of Steroids R-HSA-8957322,8/153,0.6406921366879198,0.9999956748532078,0,0,0.9199005127890196,0.4095454332154059,ABCC3;CHGA;HSD11B2;SYCP2;HSD17B2;AKR1C3;LIN9;ACACB
Reactome_2022,Assembly Of ORC Complex At Origin Of Replication R-HSA-68616,2/38,0.6414371799768559,0.9999956748532078,0,0,0.9267296525932488,0.4115087664069272,H4C15;H2AC19
Reactome_2022,FCGR3A-mediated IL10 Synthesis R-HSA-9664323,2/38,0.6414371799768559,0.9999956748532078,0,0,0.9267296525932488,0.4115087664069272,PRKCA;ADCY6
Reactome_2022,Interactions Of Vpr With Host Cellular Proteins R-HSA-176033,2/38,0.6414371799768559,0.9999956748532078,0,0,0.9267296525932488,0.4115087664069272,NDC1;NUP43
Reactome_2022,Signaling By RAF1 Mutants R-HSA-9656223,2/38,0.6414371799768559,0.9999956748532078,0,0,0.9267296525932488,0.4115087664069272,ITGA2B;KSR2
Reactome_2022,Fatty Acid Metabolism R-HSA-8978868,9/173,0.6492616517754792,0.9999956748532078,0,0,0.9148787009260468,0.3951539346739975,PECR;FA2H;PRKAA2;ACSM3;SYCP2;CYP4F3;AKR1C3;DECR2;CYP4F11
Reactome_2022,G Beta:Gamma Signaling Thru BTK R-HSA-8964315,1/18,0.6494566322795547,0.9999956748532078,0,0,0.9813638729828216,0.4235755054998872,GNG4
Reactome_2022,LDL Clearance R-HSA-8964038,1/18,0.6494566322795547,0.9999956748532078,0,0,0.9813638729828216,0.4235755054998872,PCSK9
Reactome_2022,Metabolism Of Amine-Derived Hormones R-HSA-209776,1/18,0.6494566322795547,0.9999956748532078,0,0,0.9813638729828216,0.4235755054998872,CHGA
Reactome_2022,Norepinephrine Neurotransmitter Release Cycle R-HSA-181430,1/18,0.6494566322795547,0.9999956748532078,0,0,0.9813638729828216,0.4235755054998872,CPLX1
Reactome_2022,PI-3K cascade:FGFR3 R-HSA-5654710,1/18,0.6494566322795547,0.9999956748532078,0,0,0.9813638729828216,0.4235755054998872,FGF18
Reactome_2022,Phospholipase C-mediated Cascade; FGFR2 R-HSA-5654221,1/18,0.6494566322795547,0.9999956748532078,0,0,0.9813638729828216,0.4235755054998872,FGF18
Reactome_2022,RORA Activates Gene Expression R-HSA-1368082,1/18,0.6494566322795547,0.9999956748532078,0,0,0.9813638729828216,0.4235755054998872,LIN9
Reactome_2022,Recycling Of Bile Acids And Salts R-HSA-159418,1/18,0.6494566322795547,0.9999956748532078,0,0,0.9813638729828216,0.4235755054998872,ABCC3
Reactome_2022,Serotonin Neurotransmitter Release Cycle R-HSA-181429,1/18,0.6494566322795547,0.9999956748532078,0,0,0.9813638729828216,0.4235755054998872,CPLX1
Reactome_2022,Synthesis Of Glycosylphosphatidylinositol (GPI) R-HSA-162710,1/18,0.6494566322795547,0.9999956748532078,0,0,0.9813638729828216,0.4235755054998872,PIGM
Reactome_2022,VEGFR2 Mediated Cell Proliferation R-HSA-5218921,1/18,0.6494566322795547,0.9999956748532078,0,0,0.9813638729828216,0.4235755054998872,PRKCA
Reactome_2022,Elastic Fibre Formation R-HSA-1566948,2/39,0.6555503647247379,0.9999956748532078,0,0,0.9016350274100496,0.3807425698164157,ITGB6;SMIM6
Reactome_2022,Ovarian Tumor Domain Proteases R-HSA-5689896,2/39,0.6555503647247379,0.9999956748532078,0,0,0.9016350274100496,0.3807425698164157,PROC;ESR1
Reactome_2022,SUMOylation Of Ubiquitinylation Proteins R-HSA-3232142,2/39,0.6555503647247379,0.9999956748532078,0,0,0.9016350274100496,0.3807425698164157,NDC1;NUP43
Reactome_2022,Signaling By FGFR4 R-HSA-5654743,2/40,0.6692156960559925,0.9999956748532078,0,0,0.8778611719733346,0.3525919347382903,FGF18;FGFR4
Reactome_2022,Assembly Of Active LPL And LIPC Lipase Complexes R-HSA-8963889,1/19,0.6692976432695188,0.9999956748532078,0,0,0.9267944936086528,0.3721324658901887,PCSK6
Reactome_2022,FRS-mediated FGFR3 Signaling R-HSA-5654706,1/19,0.6692976432695188,0.9999956748532078,0,0,0.9267944936086528,0.3721324658901887,FGF18
Reactome_2022,"GABA Synthesis, Release, Reuptake And Degradation R-HSA-888590",1/19,0.6692976432695188,0.9999956748532078,0,0,0.9267944936086528,0.3721324658901887,CPLX1
Reactome_2022,Metabolism Of Cofactors R-HSA-8978934,1/19,0.6692976432695188,0.9999956748532078,0,0,0.9267944936086528,0.3721324658901887,DHFR
Reactome_2022,Processive Synthesis On C-strand Of Telomere R-HSA-174414,1/19,0.6692976432695188,0.9999956748532078,0,0,0.9267944936086528,0.3721324658901887,DNA2
Reactome_2022,Prostacyclin Signaling Thru Prostacyclin Receptor R-HSA-392851,1/19,0.6692976432695188,0.9999956748532078,0,0,0.9267944936086528,0.3721324658901887,GNG4
Reactome_2022,Regulation Of TP53 Activity Thru Methylation R-HSA-6804760,1/19,0.6692976432695188,0.9999956748532078,0,0,0.9267944936086528,0.3721324658901887,L3MBTL1
Reactome_2022,SUMOylation Of Transcription Factors R-HSA-3232118,1/19,0.6692976432695188,0.9999956748532078,0,0,0.9267944936086528,0.3721324658901887,CDKN2A
Reactome_2022,Translesion Synthesis By POLH R-HSA-110320,1/19,0.6692976432695188,0.9999956748532078,0,0,0.9267944936086528,0.3721324658901887,RFC3
Reactome_2022,Activated TAK1 Mediates P38 MAPK Activation R-HSA-450302,1/19,0.6692976432695188,0.9999956748532078,0,0,0.9267944936086528,0.3721324658901887,MAP2K6
Reactome_2022,RAF/MAP Kinase Cascade R-HSA-5673001,14/271,0.6748185034716548,0.9999956748532078,0,0,0.9076842152931872,0.3570026475147623,MPP2;ITGA2B;RASAL1;KSR2;IL17RD;GRIN2D;BTC;KITLG;ERBB3;ERBB4;FGF18;RGL3;FGFR4;SPTBN2
Reactome_2022,Ca2+ Pathway R-HSA-4086398,3/61,0.6781009210460553,0.9999956748532078,0,0,0.8625733675715334,0.3350745180580846,GNG4;PRKCA;PRKG1
Reactome_2022,Dual Incision In GG-NER R-HSA-5696400,2/41,0.6824386464751252,0.9999956748532078,0,0,0.8553064886102973,0.3267977707896172,RFC3;POLE
Reactome_2022,Non-integrin membrane-ECM Interactions R-HSA-3000171,2/41,0.6824386464751252,0.9999956748532078,0,0,0.8553064886102973,0.3267977707896172,TNNI3;PRKCA
Reactome_2022,Paradoxical Activation Of RAF Signaling By Kinase Inactive BRAF R-HSA-6802955,2/41,0.6824386464751252,0.9999956748532078,0,0,0.8553064886102973,0.3267977707896172,ITGA2B;KSR2
Reactome_2022,Apoptotic Factor-Mediated Response R-HSA-111471,1/20,0.6880165696500299,0.9999956748532078,0,0,0.8779692594317653,0.3283098947240883,CDKN2A
Reactome_2022,CD209 (DC-SIGN) Signaling R-HSA-5621575,1/20,0.6880165696500299,0.9999956748532078,0,0,0.8779692594317653,0.3283098947240883,PRKCA
Reactome_2022,Chaperone Mediated Autophagy R-HSA-9613829,1/20,0.6880165696500299,0.9999956748532078,0,0,0.8779692594317653,0.3283098947240883,CFTR
Reactome_2022,Class I Peroxisomal Membrane Protein Import R-HSA-9603798,1/20,0.6880165696500299,0.9999956748532078,0,0,0.8779692594317653,0.3283098947240883,PXMP2
Reactome_2022,Diseases Associated With N-glycosylation Of Proteins R-HSA-3781860,1/20,0.6880165696500299,0.9999956748532078,0,0,0.8779692594317653,0.3283098947240883,MOGAT2
Reactome_2022,FGFR2 Ligand Binding And Activation R-HSA-190241,1/20,0.6880165696500299,0.9999956748532078,0,0,0.8779692594317653,0.3283098947240883,FGF18
Reactome_2022,G Beta:Gamma Signaling Thru CDC42 R-HSA-8964616,1/20,0.6880165696500299,0.9999956748532078,0,0,0.8779692594317653,0.3283098947240883,GNG4
Reactome_2022,G Beta:Gamma Signaling Thru PLC Beta R-HSA-418217,1/20,0.6880165696500299,0.9999956748532078,0,0,0.8779692594317653,0.3283098947240883,GNG4
Reactome_2022,Nef-mediated Downmodulation Of Cell Surface Receptors By Recruitment To Clathrin Adapters R-HSA-164938,1/20,0.6880165696500299,0.9999956748532078,0,0,0.8779692594317653,0.3283098947240883,AP1S3
Reactome_2022,TCF Dependent Signaling In Response To WNT R-HSA-201681,10/198,0.6883177118641306,0.9999956748532078,0,0,0.8864141059464384,0.3310798853679009,PROC;H4C15;H2AC19;LRP5;FZD8;PIP5K1B;KREMEN2;SOX6;LGR6;LGR4
Reactome_2022,Pre-NOTCH Transcription And Translation R-HSA-1912408,3/62,0.6887839084453197,0.9999956748532078,0,0,0.8479084024522178,0.3161237292069965,H4C15;H2AC19;E2F1
Reactome_2022,RHO GTPases Activate PKNs R-HSA-5625740,3/62,0.6887839084453197,0.9999956748532078,0,0,0.8479084024522178,0.3161237292069965,H4C15;PKN3;H2AC19
Reactome_2022,Signaling By BRAF And RAF1 Fusions R-HSA-6802952,3/62,0.6887839084453197,0.9999956748532078,0,0,0.8479084024522178,0.3161237292069965,KIAA1549;ITGA2B;KSR2
Reactome_2022,ABC-family Proteins Mediated Transport R-HSA-382556,5/102,0.6907773625596458,0.9999956748532078,0,0,0.8593506802658805,0.3179062168468242,ABCC3;ABCA10;ABCA3;ABCC6;CFTR
Reactome_2022,Activation Of GABAB Receptors R-HSA-991365,2/42,0.6952255017561982,0.9999956748532078,0,0,0.8338795394154118,0.3031310755392845,GNG4;ADCY6
Reactome_2022,Activation Of Gene Expression By SREBF (SREBP) R-HSA-2426168,2/42,0.6952255017561982,0.9999956748532078,0,0,0.8338795394154118,0.3031310755392845,LIN9;ACACB
Reactome_2022,Cleavage Of Damaged Pyrimidine R-HSA-110329,2/42,0.6952255017561982,0.9999956748532078,0,0,0.8338795394154118,0.3031310755392845,H4C15;H2AC19
Reactome_2022,Deactivation Of Beta-Catenin Transactivating Complex R-HSA-3769402,2/42,0.6952255017561982,0.9999956748532078,0,0,0.8338795394154118,0.3031310755392845,PROC;SOX6
Reactome_2022,Defective Pyroptosis R-HSA-9710421,2/42,0.6952255017561982,0.9999956748532078,0,0,0.8338795394154118,0.3031310755392845,H4C15;H2AC19
Reactome_2022,Kinesins R-HSA-983189,2/42,0.6952255017561982,0.9999956748532078,0,0,0.8338795394154118,0.3031310755392845,KIF12;KIF15
Reactome_2022,NS1 Mediated Effects On Host Pathways R-HSA-168276,2/42,0.6952255017561982,0.9999956748532078,0,0,0.8338795394154118,0.3031310755392845,NDC1;NUP43
Reactome_2022,PRC2 Methylates Histones And DNA R-HSA-212300,2/42,0.6952255017561982,0.9999956748532078,0,0,0.8338795394154118,0.3031310755392845,H4C15;H2AC19
Reactome_2022,RHOF GTPase Cycle R-HSA-9035034,2/42,0.6952255017561982,0.9999956748532078,0,0,0.8338795394154118,0.3031310755392845,BAIAP2L2;DIAPH3
Reactome_2022,RND3 GTPase Cycle R-HSA-9696264,2/42,0.6952255017561982,0.9999956748532078,0,0,0.8338795394154118,0.3031310755392845,HOMER2;MUC13
Reactome_2022,Transport Of Mature mRNA Derived From An Intronless Transcript R-HSA-159231,2/42,0.6952255017561982,0.9999956748532078,0,0,0.8338795394154118,0.3031310755392845,NDC1;NUP43
Reactome_2022,tRNA Modification In Nucleus And Cytosol R-HSA-6782315,2/42,0.6952255017561982,0.9999956748532078,0,0,0.8338795394154118,0.3031310755392845,LCMT2;ADAT3
Reactome_2022,Organelle Biogenesis And Maintenance R-HSA-1852241,14/275,0.6955745946712917,0.9999956748532078,0,0,0.893581260697613,0.3243852064472525,PLK4;BBS1;TTC26;PRKAA2;IFT172;RAB3IP;KIF24;IFT122;PRKCA;LIN9;TCTN2;NPHP1;NEK2;CC2D2A
Reactome_2022,Signaling By WNT R-HSA-195721,15/294,0.6964531032698239,0.9999956748532078,0,0,0.8955755964080626,0.3239787886910612,WNT10A;H2AC19;LRP5;FZD8;WNT7A;PRKCA;KREMEN2;PROC;H4C15;GNG4;PIP5K1B;SOX6;LGR6;LGR4;PRKG1
Reactome_2022,Peroxisomal Protein Import R-HSA-9033241,3/63,0.6991984542718903,0.9999956748532078,0,0,0.8337322695035461,0.2983266353998538,PECR;SYCP2;DECR2
Reactome_2022,MAPK1/MAPK3 Signaling R-HSA-5684996,14/277,0.705653184741337,0.9999956748532078,0,0,0.8866906536043381,0.3091282056441449,MPP2;ITGA2B;RASAL1;KSR2;IL17RD;GRIN2D;BTC;KITLG;ERBB3;ERBB4;FGF18;RGL3;FGFR4;SPTBN2
Reactome_2022,HS-GAG Degradation R-HSA-2024096,1/21,0.7056768165401928,0.9999956748532078,0,0,0.8340265486725664,0.2907399144510165,GLB1L
Reactome_2022,Interleukin-37 Signaling R-HSA-9008059,1/21,0.7056768165401928,0.9999956748532078,0,0,0.8340265486725664,0.2907399144510165,PTPN20
Reactome_2022,Intrinsic Pathway Of Fibrin Clot Formation R-HSA-140837,1/21,0.7056768165401928,0.9999956748532078,0,0,0.8340265486725664,0.2907399144510165,PROC
Reactome_2022,Presynaptic Function Of Kainate Receptors R-HSA-500657,1/21,0.7056768165401928,0.9999956748532078,0,0,0.8340265486725664,0.2907399144510165,GNG4
Reactome_2022,Signaling By FGFR3 In Disease R-HSA-5655332,1/21,0.7056768165401928,0.9999956748532078,0,0,0.8340265486725664,0.2907399144510165,FGF18
Reactome_2022,Synaptic Adhesion-Like Molecules R-HSA-8849932,1/21,0.7056768165401928,0.9999956748532078,0,0,0.8340265486725664,0.2907399144510165,GRIN2D
Reactome_2022,VxPx Cargo-Targeting To Cilium R-HSA-5620916,1/21,0.7056768165401928,0.9999956748532078,0,0,0.8340265486725664,0.2907399144510165,RAB3IP
Reactome_2022,ZBP1(DAI) Mediated Induction Of Type I IFNs R-HSA-1606322,1/21,0.7056768165401928,0.9999956748532078,0,0,0.8340265486725664,0.2907399144510165,DTX4
Reactome_2022,Condensation Of Prophase Chromosomes R-HSA-2299718,2/43,0.7075832515005162,0.9999956748532078,0,0,0.8134978072544233,0.281388880483565,H4C15;H2AC19
Reactome_2022,Transport Of Mature mRNAs Derived From Intronless Transcripts R-HSA-159234,2/43,0.7075832515005162,0.9999956748532078,0,0,0.8134978072544233,0.281388880483565,NDC1;NUP43
Reactome_2022,"Transport Of Vitamins, Nucleosides, And Related Molecules R-HSA-425397",2/43,0.7075832515005162,0.9999956748532078,0,0,0.8134978072544233,0.281388880483565,SLC28A2;SLC29A2
Reactome_2022,Gap-filling DNA Repair Synthesis And Ligation In TC-NER R-HSA-6782210,3/64,0.7093459044437493,0.9999956748532078,0,0,0.8200209277990931,0.2816050226880723,RFC3;LRIG3;POLE
Reactome_2022,Hedgehog On State R-HSA-5632684,4/85,0.715318416731743,0.9999956748532078,0,0,0.8232497507859826,0.2758113036877785,SHH;IHH;DZIP1;CDON
Reactome_2022,Platelet Degranulation R-HSA-114608,6/125,0.716335290262569,0.9999956748532078,0,0,0.8403361344537815,0.2803419656654599,RARRES2;ITGA2B;NHLRC2;SYTL4;SERPINA4;F5
Reactome_2022,"Base-Excision Repair, AP Site Formation R-HSA-73929",2/44,0.7195194893310393,0.9999956748532078,0,0,0.7940866337677676,0.2613908199439433,H4C15;H2AC19
Reactome_2022,PI3K Cascade R-HSA-109704,2/44,0.7195194893310393,0.9999956748532078,0,0,0.7940866337677676,0.2613908199439433,FGF18;FGFR4
Reactome_2022,Cellular Senescence R-HSA-2559583,8/165,0.7217916193707309,0.9999956748532078,0,0,0.8490451531668473,0.27680467992394,H4C15;CDKN2A;H2AC19;E2F1;HMGA2;H1-1;H1-0;MAP2K6
Reactome_2022,ADP Signaling Thru P2Y Purinoceptor 12 R-HSA-392170,1/22,0.7223382090899046,0.9999956748532078,0,0,0.7942688579856721,0.2583453312419919,GNG4
Reactome_2022,Cytosolic Sulfonation Of Small Molecules R-HSA-156584,1/22,0.7223382090899046,0.9999956748532078,0,0,0.7942688579856721,0.2583453312419919,PODXL2
Reactome_2022,Mitochondrial Calcium Ion Transport R-HSA-8949215,1/22,0.7223382090899046,0.9999956748532078,0,0,0.7942688579856721,0.2583453312419919,MCU
Reactome_2022,RNA Polymerase III Transcription Termination R-HSA-73980,1/22,0.7223382090899046,0.9999956748532078,0,0,0.7942688579856721,0.2583453312419919,NFIB
Reactome_2022,SHC-mediated cascade:FGFR2 R-HSA-5654699,1/22,0.7223382090899046,0.9999956748532078,0,0,0.7942688579856721,0.2583453312419919,FGF18
Reactome_2022,RUNX1 Regulates Genes Involved In Megakaryocyte Differentiation And Platelet Function R-HSA-8936459,3/66,0.7288469261259742,0.9999956748532078,0,0,0.793904086457278,0.2511051515967901,H4C15;ITGA2B;H2AC19
Reactome_2022,Mitotic Prometaphase R-HSA-68877,9/186,0.730979518736038,0.9999956748532078,0,0,0.8470950784011602,0.2654540472941921,SGO1;PLK4;CENPU;CENPM;KNTC1;NEK2;PRKCA;NUP43;SPC24
Reactome_2022,ERCC6 (CSB) And EHMT2 (G9a) Positively Regulate rRNA Expression R-HSA-427389,2/45,0.7310423226217034,0.9999956748532078,0,0,0.7755783055595609,0.2429762149543621,H4C15;H2AC19
Reactome_2022,Regulation Of Complement Cascade R-HSA-977606,2/45,0.7310423226217034,0.9999956748532078,0,0,0.7755783055595609,0.2429762149543621,C5;C4BPB
Reactome_2022,SUMOylation Of DNA Replication Proteins R-HSA-4615885,2/45,0.7310423226217034,0.9999956748532078,0,0,0.7755783055595609,0.2429762149543621,NDC1;NUP43
Reactome_2022,RAC2 GTPase Cycle R-HSA-9013404,4/87,0.7322246941856124,0.9999956748532078,0,0,0.8033268833987236,0.2503711648881501,ARHGAP42;DIAPH3;DSG2;VAV2
Reactome_2022,Signal Transduction R-HSA-162582,133/2465,0.7376223040979065,0.9999956748532078,0,0,0.9450380177163932,0.2875971528671113,IFT172;WWC1;FAM13A;ITGA2B;IHH;H2AC19;AMOT;ARHGAP44;BAIAP2L2;ARHGAP42;MYB;CHEK1;PDK4;KNTC1;SOX6;CDON;PRKCA;BTC;SGO1;OBSCN;MYCN;H4C15;COL4A4;NGEF;CFTR;GRB7;GNAZ;SUCNR1;ARHGEF28;CRABP1;RASAL1;MST1R;DTX4;IQGAP3;RHOBTB1;C5;FLRT3;PDGFC;RHPN1;PIP5K1B;RHPN2;SRGAP1;SCAI;ATP6V1C2;SPTBN2;ARHGEF33;WNT10A;HOMER2;ARHGEF39;ARHGEF38;FZD8;ARHGAP29;IFT122;CGN;SMAD6;ESR1;GRIN2D;PROC;DIAPH3;NBEA;CILP;PPP1R1B;FGF18;NMUR2;RGL3;COL9A2;DZIP1;BMPR1B;FGFR4;DOCK6;ARHGAP11B;PTPRU;PCSK6;SH3RF1;CXCL5;SMPD3;SHH;HINT2;MECOM;GPER1;MUC13;ITGB6;PRKG1;TAS2R4;GPR39;ARHGEF10;PLEKHG4;GPR37;ITGA3;KSR2;KREMEN2;IL17RD;ETV4;DNM1;VAV2;ALDH1A2;COL6A1;TFF3;RDH5;DSG2;TFF1;MGLL;RGS17;CCDC187;PRKAA2;PKN3;PTGER1;LRP5;NOXO1;ADCY6;FGD5;ERBB3;GNG4;ERBB4;E2F1;IGF2BP1;NUP43;CHGA;CENPU;MPP2;AKR1C3;WNT7A;CDC42BPA;KITLG;ACKR4;CENPM;F2RL1;RGS11;LGR6;CCL28;LGR4;FRK;SPC24
Reactome_2022,Dopamine Neurotransmitter Release Cycle R-HSA-212676,1/23,0.7380571947842698,0.9999956748532078,0,0,0.7581255028157683,0.2302684593860451,CPLX1
Reactome_2022,IKK Complex Recruitment Mediated By RIP1 R-HSA-937041,1/23,0.7380571947842698,0.9999956748532078,0,0,0.7581255028157683,0.2302684593860451,SARM1
Reactome_2022,Nucleotide Salvage R-HSA-8956321,1/23,0.7380571947842698,0.9999956748532078,0,0,0.7581255028157683,0.2302684593860451,TK1
Reactome_2022,PI-3K cascade:FGFR2 R-HSA-5654695,1/23,0.7380571947842698,0.9999956748532078,0,0,0.7581255028157683,0.2302684593860451,FGF18
Reactome_2022,RHOBTB1 GTPase Cycle R-HSA-9013422,1/23,0.7380571947842698,0.9999956748532078,0,0,0.7581255028157683,0.2302684593860451,RHOBTB1
Reactome_2022,ESR-mediated Signaling R-HSA-8939211,9/188,0.7423370392298622,0.9999956748532078,0,0,0.8375407044483614,0.2495468510673989,BTC;H4C15;ERBB4;GNG4;MYB;H2AC19;TFF3;TFF1;ESR1
Reactome_2022,Peptide Hormone Metabolism R-HSA-2980736,4/89,0.7483655772540164,0.9999956748532078,0,0,0.7843415627120414,0.2273521323388587,DPP4;CHGA;PAX6;GATA4
Reactome_2022,Assembly Of Pre-Replicative Complex R-HSA-68867,5/110,0.7521283472932802,0.9999956748532078,0,0,0.7935380191152838,0.2260379517653803,CDT1;H4C15;MCM8;H2AC19;MCM4
Reactome_2022,Cyclin D Associated Events In G1 R-HSA-69231,2/47,0.7528822880069402,0.9999956748532078,0,0,0.7410294262375751,0.2103385256169248,CDKN2A;E2F1
Reactome_2022,IRS-mediated Signaling R-HSA-112399,2/47,0.7528822880069402,0.9999956748532078,0,0,0.7410294262375751,0.2103385256169248,FGF18;FGFR4
Reactome_2022,SUMOylation Of RNA Binding Proteins R-HSA-4570464,2/47,0.7528822880069402,0.9999956748532078,0,0,0.7410294262375751,0.2103385256169248,NDC1;NUP43
Reactome_2022,Viral Messenger RNA Synthesis R-HSA-168325,2/47,0.7528822880069402,0.9999956748532078,0,0,0.7410294262375751,0.2103385256169248,NDC1;NUP43
Reactome_2022,Aggrephagy R-HSA-9646399,1/24,0.7528870338507562,0.9999956748532078,0,0,0.7251250480954213,0.2058195544771596,CFTR
Reactome_2022,Defective Intrinsic Pathway For Apoptosis R-HSA-9734009,1/24,0.7528870338507562,0.9999956748532078,0,0,0.7251250480954213,0.2058195544771596,CDKN2A
Reactome_2022,Downstream Signaling Of Activated FGFR3 R-HSA-5654708,1/24,0.7528870338507562,0.9999956748532078,0,0,0.7251250480954213,0.2058195544771596,FGF18
Reactome_2022,Estrogen-dependent Nuclear Events Downstream Of ESR-membrane Signaling R-HSA-9634638,1/24,0.7528870338507562,0.9999956748532078,0,0,0.7251250480954213,0.2058195544771596,BTC
Reactome_2022,FRS-mediated FGFR2 Signaling R-HSA-5654700,1/24,0.7528870338507562,0.9999956748532078,0,0,0.7251250480954213,0.2058195544771596,FGF18
Reactome_2022,G-protein Activation R-HSA-202040,1/24,0.7528870338507562,0.9999956748532078,0,0,0.7251250480954213,0.2058195544771596,GNG4
Reactome_2022,Signaling By EGFR In Cancer R-HSA-1643713,1/24,0.7528870338507562,0.9999956748532078,0,0,0.7251250480954213,0.2058195544771596,BTC
Reactome_2022,Thromboxane Signaling Thru TP Receptor R-HSA-428930,1/24,0.7528870338507562,0.9999956748532078,0,0,0.7251250480954213,0.2058195544771596,GNG4
Reactome_2022,Glycolysis R-HSA-70171,3/69,0.7561507885983996,0.9999956748532078,0,0,0.7576966473243069,0.211787174428527,NDC1;PRKCA;NUP43
Reactome_2022,Interleukin-17 Signaling R-HSA-448424,3/69,0.7561507885983996,0.9999956748532078,0,0,0.7576966473243069,0.211787174428527,IL17RE;IL17RB;MAP2K6
Reactome_2022,Loss Of Nlp From Mitotic Centrosomes R-HSA-380259,3/69,0.7561507885983996,0.9999956748532078,0,0,0.7576966473243069,0.211787174428527,PLK4;NEK2;PRKCA
Reactome_2022,Orc1 Removal From Chromatin R-HSA-68949,3/69,0.7561507885983996,0.9999956748532078,0,0,0.7576966473243069,0.211787174428527,CDT1;MCM8;MCM4
Reactome_2022,ADORA2B Mediated Anti-Inflammatory Cytokine Production R-HSA-9660821,6/131,0.7571260740363586,0.9999956748532078,0,0,0.799744,0.2225091703612425,CHGA;GNAZ;GPR39;GNG4;PRKCA;ADCY6
Reactome_2022,Inhibition Of DNA Recombination At Telomere R-HSA-9670095,2/48,0.7632175005452544,0.9999956748532078,0,0,0.7248815804675165,0.1958718673488881,H4C15;H2AC19
Reactome_2022,HCMV Late Events R-HSA-9610379,4/91,0.7637508205197392,0.9999956748532078,0,0,0.7662291303327928,0.2065092434940867,NDC1;H4C15;H2AC19;NUP43
Reactome_2022,Mitotic Prophase R-HSA-68875,5/112,0.7659573919799343,0.9999956748532078,0,0,0.7786225328264803,0.2076031408420955,NDC1;H4C15;H2AC19;PRKCA;NUP43
Reactome_2022,Neuronal System R-HSA-112316,19/386,0.7661767445176093,0.9999956748532078,0,0,0.8613931742889067,0.2294255244267761,MPP2;PRKAA2;CHRNA5;HOMER2;GLS2;PRKCA;CPLX1;ADCY6;GRIN2D;NRGN;PPFIBP2;NBEA;SLITRK2;GLRB;ERBB4;GNG4;SLITRK6;CACNG4;SHANK2
Reactome_2022,ADP Signaling Thru P2Y Purinoceptor 1 R-HSA-418592,1/25,0.7668779786830012,0.9999956748532078,0,0,0.6948746312684366,0.1844388913232539,GNG4
Reactome_2022,Cell Recruitment (Pro-Inflammatory Response) R-HSA-9664424,1/25,0.7668779786830012,0.9999956748532078,0,0,0.6948746312684366,0.1844388913232539,NT5E
Reactome_2022,Cyclin A/B1/B2 Associated Events During G2/M Transition R-HSA-69273,1/25,0.7668779786830012,0.9999956748532078,0,0,0.6948746312684366,0.1844388913232539,FOXM1
Reactome_2022,Fertilization R-HSA-1187000,1/25,0.7668779786830012,0.9999956748532078,0,0,0.6948746312684366,0.1844388913232539,CATSPER2
Reactome_2022,G Beta:Gamma Signaling Thru PI3Kgamma R-HSA-392451,1/25,0.7668779786830012,0.9999956748532078,0,0,0.6948746312684366,0.1844388913232539,GNG4
Reactome_2022,NOTCH3 Intracellular Domain Regulates Transcription R-HSA-9013508,1/25,0.7668779786830012,0.9999956748532078,0,0,0.6948746312684366,0.1844388913232539,WWC1
Reactome_2022,Polymerase Switching On C-strand Of Telomere R-HSA-174411,1/25,0.7668779786830012,0.9999956748532078,0,0,0.6948746312684366,0.1844388913232539,RFC3
Reactome_2022,TRP Channels R-HSA-3295583,1/25,0.7668779786830012,0.9999956748532078,0,0,0.6948746312684366,0.1844388913232539,MCOLN3
Reactome_2022,G Alpha (S) Signaling Events R-HSA-418555,7/153,0.7685509771796967,0.9999956748532078,0,0,0.7986459805976698,0.2102422644618027,CHGA;GNAZ;GPR39;GNG4;GPER1;PRKCA;ADCY6
Reactome_2022,Telomere Maintenance R-HSA-157579,4/92,0.7711639517193505,0.9999956748532078,0,0,0.7574816487859967,0.1968348483682032,RFC3;H4C15;H2AC19;DNA2
Reactome_2022,Diseases Of Programmed Cell Death R-HSA-9645723,3/71,0.7730906524312683,0.9999956748532078,0,0,0.7353332290362954,0.1892445978359562,H4C15;CDKN2A;H2AC19
Reactome_2022,trans-Golgi Network Vesicle Budding R-HSA-199992,3/71,0.7730906524312683,0.9999956748532078,0,0,0.7353332290362954,0.1892445978359562,TBC1D8B;HOMER2;AP1S3
Reactome_2022,RMTs Methylate Histone Arginines R-HSA-3214858,2/49,0.7731753409237611,0.9999956748532078,0,0,0.7094208770706518,0.1824981122778847,H4C15;H2AC19
Reactome_2022,Signaling By FGFR1 R-HSA-5654736,2/49,0.7731753409237611,0.9999956748532078,0,0,0.7094208770706518,0.1824981122778847,FLRT3;FGF18
Reactome_2022,Cell Surface Interactions At Vascular Wall R-HSA-202733,6/134,0.7758386581344485,0.9999956748532078,0,0,0.780875,0.1981944266075741,GRB7;PROC;ITGA3;CEACAM6;EPCAM;SLC16A8
Reactome_2022,GAG Synthesis Requires Tetrasaccharide Linker Sequence R-HSA-1971475,1/26,0.7800774443248587,0.9999956748532078,0,0,0.6670442477876106,0.1656684945854371,B3GAT1
Reactome_2022,APC-Cdc20 Mediated Degradation Of Nek2A R-HSA-179409,1/26,0.7800774443248587,0.9999956748532078,0,0,0.6670442477876106,0.1656684945854371,NEK2
Reactome_2022,HDMs Demethylate Histones R-HSA-3214842,1/26,0.7800774443248587,0.9999956748532078,0,0,0.6670442477876106,0.1656684945854371,H4C15
Reactome_2022,Insulin Receptor Recycling R-HSA-77387,1/26,0.7800774443248587,0.9999956748532078,0,0,0.6670442477876106,0.1656684945854371,ATP6V1C2
Reactome_2022,Interleukin-20 Family Signaling R-HSA-8854691,1/26,0.7800774443248587,0.9999956748532078,0,0,0.6670442477876106,0.1656684945854371,IL20RA
Reactome_2022,Signaling By ALK R-HSA-201556,1/26,0.7800774443248587,0.9999956748532078,0,0,0.6670442477876106,0.1656684945854371,MYCN
Reactome_2022,AURKA Activation By TPX2 R-HSA-8854518,3/72,0.7811924424593714,0.9999956748532078,0,0,0.7246376811594203,0.1789375031141791,PLK4;NEK2;PRKCA
Reactome_2022,Cargo Trafficking To Periciliary Membrane R-HSA-5620920,2/50,0.782765395233755,0.9999956748532078,0,0,0.6946043696486567,0.1701240656525449,BBS1;RAB3IP
Reactome_2022,Extension Of Telomeres R-HSA-180786,2/50,0.782765395233755,0.9999956748532078,0,0,0.6946043696486567,0.1701240656525449,RFC3;DNA2
Reactome_2022,Neurotransmitter Release Cycle R-HSA-112310,2/50,0.782765395233755,0.9999956748532078,0,0,0.6946043696486567,0.1701240656525449,GLS2;CPLX1
Reactome_2022,Extra-nuclear Estrogen Signaling R-HSA-9009391,3/73,0.7890540171525405,0.9999956748532078,0,0,0.7142477203647416,0.1692199253724057,BTC;GNG4;ESR1
Reactome_2022,IRS-related Events Triggered By IGF1R R-HSA-2428928,2/51,0.7919973728290389,0.9999956748532078,0,0,0.6803926176316408,0.1586656562636808,FGF18;FGFR4
Reactome_2022,Nonhomologous End-Joining (NHEJ) R-HSA-5693571,2/51,0.7919973728290389,0.9999956748532078,0,0,0.6803926176316408,0.1586656562636808,H4C15;BRCA1
Reactome_2022,Synthesis Of PIPs At Plasma Membrane R-HSA-1660499,2/51,0.7919973728290389,0.9999956748532078,0,0,0.6803926176316408,0.1586656562636808,PLEKHA6;PIP5K1B
Reactome_2022,Effects Of PIP2 Hydrolysis R-HSA-114508,1/27,0.7925301679231124,0.9999956748532078,0,0,0.641354663036079,0.1491308052179584,MGLL
Reactome_2022,Integrin Signaling R-HSA-354192,1/27,0.7925301679231124,0.9999956748532078,0,0,0.641354663036079,0.1491308052179584,ITGA2B
Reactome_2022,Role Of Nef In HIV-1 Replication And Disease Pathogenesis R-HSA-164952,1/27,0.7925301679231124,0.9999956748532078,0,0,0.641354663036079,0.1491308052179584,AP1S3
Reactome_2022,VEGFR2 Mediated Vascular Permeability R-HSA-5218920,1/27,0.7925301679231124,0.9999956748532078,0,0,0.641354663036079,0.1491308052179584,VAV2
Reactome_2022,RHOG GTPase Cycle R-HSA-9013408,3/74,0.7966794911457694,0.9999956748532078,0,0,0.7041504345220257,0.1600553831198081,DIAPH3;DSG2;VAV2
Reactome_2022,HCMV Early Events R-HSA-9609690,4/96,0.7989977591394871,0.9999956748532078,0,0,0.7243933490220285,0.1625517941627421,NDC1;H4C15;H2AC19;NUP43
Reactome_2022,IGF1R Signaling Cascade R-HSA-2428924,2/52,0.8008810621324423,0.9999956748532078,0,0,0.6667493356953056,0.1480469091750865,FGF18;FGFR4
Reactome_2022,RHOD GTPase Cycle R-HSA-9013405,2/52,0.8008810621324423,0.9999956748532078,0,0,0.6667493356953056,0.1480469091750865,HINT2;DIAPH3
Reactome_2022,DAP12 Signaling R-HSA-2424491,1/28,0.8042783598887715,0.9999956748532078,0,0,0.6175680104883645,0.1345123963196205,VAV2
Reactome_2022,Downstream Signal Transduction R-HSA-186763,1/28,0.8042783598887715,0.9999956748532078,0,0,0.6175680104883645,0.1345123963196205,GRB7
Reactome_2022,Keratan Sulfate Biosynthesis R-HSA-2022854,1/28,0.8042783598887715,0.9999956748532078,0,0,0.6175680104883645,0.1345123963196205,B3GNT3
Reactome_2022,MET Promotes Cell Motility R-HSA-8875878,1/28,0.8042783598887715,0.9999956748532078,0,0,0.6175680104883645,0.1345123963196205,ITGA3
Reactome_2022,Metabolism Of Porphyrins R-HSA-189445,1/28,0.8042783598887715,0.9999956748532078,0,0,0.6175680104883645,0.1345123963196205,FLVCR1
Reactome_2022,Molecules Associated With Elastic Fibres R-HSA-2129379,1/28,0.8042783598887715,0.9999956748532078,0,0,0.6175680104883645,0.1345123963196205,ITGB6
Reactome_2022,Recycling Pathway Of L1 R-HSA-437239,1/28,0.8042783598887715,0.9999956748532078,0,0,0.6175680104883645,0.1345123963196205,DNM1
Reactome_2022,Heparan Sulfate/Heparin (HS-GAG) Metabolism R-HSA-1638091,2/53,0.8094262904089031,0.9999956748532078,0,0,0.6536410844231404,0.1381990506115461,GLB1L;B3GAT1
Reactome_2022,Insulin Receptor Signaling Cascade R-HSA-74751,2/53,0.8094262904089031,0.9999956748532078,0,0,0.6536410844231404,0.1381990506115461,FGF18;FGFR4
Reactome_2022,Hedgehog Off State R-HSA-5610787,4/98,0.8118543558417741,0.9999956748532078,0,0,0.7089052087069796,0.1477601748626282,IFT172;IFT122;PRKCA;ADCY6
Reactome_2022,Signaling By Receptor Tyrosine Kinases R-HSA-9006934,24/496,0.8134063094443869,0.9999956748532078,0,0,0.8450231959946718,0.1745180172606789,GRB7;PTPRU;ITGA3;PRKCA;MST1R;PCSK6;ESR1;DNM1;VAV2;BTC;KITLG;MYCN;ERBB3;FLRT3;CILP;ERBB4;COL4A4;PDGFC;CHEK1;FGF18;COL6A1;COL9A2;FGFR4;ATP6V1C2
Reactome_2022,C-type Lectin Receptors (CLRs) R-HSA-5621481,6/141,0.8152494095018971,0.9999956748532078,0,0,0.7401086419753087,0.1511754709239814,MUC1;MUC16;MUC13;PRKCA;MUC5B;MUC5AC
Reactome_2022,Activation Of G Protein Gated Potassium Channels R-HSA-1296041,1/29,0.8153618469693834,0.9999956748532078,0,0,0.595480404551201,0.1215514135084355,GNG4
Reactome_2022,Activation Of Kainate Receptors Upon Glutamate Binding R-HSA-451326,1/29,0.8153618469693834,0.9999956748532078,0,0,0.595480404551201,0.1215514135084355,GNG4
Reactome_2022,Downstream Signaling Of Activated FGFR2 R-HSA-5654696,1/29,0.8153618469693834,0.9999956748532078,0,0,0.595480404551201,0.1215514135084355,FGF18
Reactome_2022,Energy Dependent Regulation Of mTOR By LKB1-AMPK R-HSA-380972,1/29,0.8153618469693834,0.9999956748532078,0,0,0.595480404551201,0.1215514135084355,PRKAA2
Reactome_2022,FCERI Mediated Ca+2 Mobilization R-HSA-2871809,1/29,0.8153618469693834,0.9999956748532078,0,0,0.595480404551201,0.1215514135084355,VAV2
Reactome_2022,FCERI Mediated MAPK Activation R-HSA-2871796,1/29,0.8153618469693834,0.9999956748532078,0,0,0.595480404551201,0.1215514135084355,VAV2
Reactome_2022,Negative Regulation Of FGFR3 Signaling R-HSA-5654732,1/29,0.8153618469693834,0.9999956748532078,0,0,0.595480404551201,0.1215514135084355,FGF18
Reactome_2022,Regulation Of TP53 Activity Thru Acetylation R-HSA-6804758,1/29,0.8153618469693834,0.9999956748532078,0,0,0.595480404551201,0.1215514135084355,MAP2K6
Reactome_2022,Cell-Cell Communication R-HSA-1500931,5/120,0.8154402881682026,0.9999956748532078,0,0,0.7241485829021546,0.1477459213858952,CLDN10;CDH4;CLDN3;ANG;CDH17
Reactome_2022,ABC Transporter Disorders R-HSA-5619084,3/77,0.8181824273382853,0.9999956748532078,0,0,0.6754959746981024,0.1355517441013883,ABCA3;ABCC6;CFTR
Reactome_2022,Signaling By Insulin Receptor R-HSA-74752,3/77,0.8181824273382853,0.9999956748532078,0,0,0.6754959746981024,0.1355517441013883,FGF18;FGFR4;ATP6V1C2
Reactome_2022,Transcription-Coupled Nucleotide Excision Repair (TC-NER) R-HSA-6781827,3/77,0.8181824273382853,0.9999956748532078,0,0,0.6754959746981024,0.1355517441013883,RFC3;LRIG3;POLE
Reactome_2022,Signaling By GPCR R-HSA-372790,34/689,0.8195775822829223,0.9999956748532078,0,0,0.861859199621452,0.1714808628230538,GNAZ;RGS17;SUCNR1;PTGER1;IHH;ADCY6;CXCL5;C5;SHH;GNG4;GPER1;TAS2R4;ARHGEF33;CHGA;GPR39;ARHGEF10;WNT10A;GPR37;ARHGEF39;ARHGEF38;FZD8;WNT7A;PRKCA;VAV2;OBSCN;NBEA;PPP1R1B;ACKR4;F2RL1;NMUR2;RGS11;CCL28;NGEF;MGLL
Reactome_2022,Nuclear Events Mediated By NFE2L2 R-HSA-9759194,3/78,0.8249071423901109,0.9999956748532078,0,0,0.6664539007092198,0.128282014968165,NQO1;BRIP1;CDKN2A
Reactome_2022,Oncogenic MAPK Signaling R-HSA-6802957,3/78,0.8249071423901109,0.9999956748532078,0,0,0.6664539007092198,0.128282014968165,KIAA1549;ITGA2B;KSR2
Reactome_2022,Pre-NOTCH Expression And Processing R-HSA-1912422,3/78,0.8249071423901109,0.9999956748532078,0,0,0.6664539007092198,0.128282014968165,H4C15;H2AC19;E2F1
Reactome_2022,Complement Cascade R-HSA-166658,2/55,0.8255406574004462,0.9999956748532078,0,0,0.6289085348530173,0.1205723097746595,C5;C4BPB
Reactome_2022,Intrinsic Pathway For Apoptosis R-HSA-109606,2/55,0.8255406574004462,0.9999956748532078,0,0,0.6289085348530173,0.1205723097746595,CDKN2A;E2F1
Reactome_2022,Regulation Of Cholesterol Biosynthesis By SREBP (SREBF) R-HSA-1655829,2/55,0.8255406574004462,0.9999956748532078,0,0,0.6289085348530173,0.1205723097746595,LIN9;ACACB
Reactome_2022,Activation Of BH3-only Proteins R-HSA-114452,1/30,0.8258182061922545,0.9999956748532078,0,0,0.5749160817821178,0.1100277956275126,E2F1
Reactome_2022,Downstream Signaling Of Activated FGFR1 R-HSA-5654687,1/30,0.8258182061922545,0.9999956748532078,0,0,0.5749160817821178,0.1100277956275126,FLRT3
Reactome_2022,Transcriptional Regulation Of Pluripotent Stem Cells R-HSA-452723,1/30,0.8258182061922545,0.9999956748532078,0,0,0.5749160817821178,0.1100277956275126,GATA6
Reactome_2022,Amyloid Fiber Formation R-HSA-977225,3/79,0.8314180441140827,0.9999956748532078,0,0,0.6576497760358343,0.1214169780737405,TSPAN15;H4C15;H2AC19
Reactome_2022,Activated NOTCH1 Transmits Signal To Nucleus R-HSA-2122948,1/31,0.835682892078686,0.9999956748532078,0,0,0.5557227138643068,0.0997555912345348,DTX4
Reactome_2022,EGFR Downregulation R-HSA-182971,1/31,0.835682892078686,0.9999956748532078,0,0,0.5557227138643068,0.0997555912345348,BTC
Reactome_2022,Late Endosomal Microautophagy R-HSA-9615710,1/31,0.835682892078686,0.9999956748532078,0,0,0.5557227138643068,0.0997555912345348,CFTR
Reactome_2022,Regulation Of MECP2 Expression And Activity R-HSA-9022692,1/31,0.835682892078686,0.9999956748532078,0,0,0.5557227138643068,0.0997555912345348,PRKCA
Reactome_2022,Recruitment Of NuMA To Mitotic Centrosomes R-HSA-380320,3/80,0.8377198125507541,0.9999956748532078,0,0,0.6490743299253937,0.11493262166337,PLK4;NEK2;PRKCA
Reactome_2022,Cytoprotection By HMOX1 R-HSA-9707564,2/57,0.840418609856003,0.9999956748532078,0,0,0.6059747161607215,0.1053518349976472,BRIP1;LIN9
Reactome_2022,tRNA Processing In Nucleus R-HSA-6784531,2/57,0.840418609856003,0.9999956748532078,0,0,0.6059747161607215,0.1053518349976472,NDC1;NUP43
Reactome_2022,Centrosome Maturation R-HSA-380287,3/81,0.8438171670983549,0.9999956748532078,0,0,0.6407187670485542,0.1088064987025909,PLK4;NEK2;PRKCA
Reactome_2022,Regulation Of HSF1-mediated Heat Shock Response R-HSA-3371453,3/81,0.8438171670983549,0.9999956748532078,0,0,0.6407187670485542,0.1088064987025909,NDC1;NUP43;HSPA12A
Reactome_2022,Senescence-Associated Secretory Phenotype (SASP) R-HSA-2559582,3/81,0.8438171670983549,0.9999956748532078,0,0,0.6407187670485542,0.1088064987025909,H4C15;CDKN2A;H2AC19
Reactome_2022,SUMO E3 Ligases SUMOylate Target Proteins R-HSA-3108232,7/168,0.8439119744116786,0.9999956748532078,0,0,0.7236577440816958,0.1228098466809821,NDC1;H4C15;CDKN2A;NUP43;BRCA1;ESR1;NR3C2
Reactome_2022,G-protein Beta:Gamma Signaling R-HSA-397795,1/32,0.8449893564698605,0.9999956748532078,0,0,0.5377676277476449,0.0905768724593248,GNG4
Reactome_2022,GPVI-mediated Activation Cascade R-HSA-114604,1/32,0.8449893564698605,0.9999956748532078,0,0,0.5377676277476449,0.0905768724593248,VAV2
Reactome_2022,"Inactivation, Recovery And Regulation Of Phototransduction Cascade R-HSA-2514859",1/32,0.8449893564698605,0.9999956748532078,0,0,0.5377676277476449,0.0905768724593248,PRKCA
Reactome_2022,Thrombin Signaling Thru Proteinase Activated Receptors (PARs) R-HSA-456926,1/32,0.8449893564698605,0.9999956748532078,0,0,0.5377676277476449,0.0905768724593248,GNG4
Reactome_2022,Hh Mutants Abrogate Ligand Secretion R-HSA-5387390,2/58,0.8474180169540079,0.9999956748532078,0,0,0.5951221055295457,0.0985291177761969,SHH;IHH
Reactome_2022,Cyclin E Associated Events During G1/S Transition R-HSA-69202,3/82,0.8497148537135222,0.9999956748532078,0,0,0.6325747374091032,0.1030176122088799,E2F1;CABLES1;LIN9
Reactome_2022,Global Genome Nucleotide Excision Repair (GG-NER) R-HSA-5696399,3/82,0.8497148537135222,0.9999956748532078,0,0,0.6325747374091032,0.1030176122088799,RFC3;LRIG3;POLE
Reactome_2022,tRNA Processing R-HSA-72306,4/105,0.8516344249589829,0.9999956748532078,0,0,0.6595271772075166,0.1059186947688585,NDC1;LCMT2;NUP43;ADAT3
Reactome_2022,FGFR2 Mutant Receptor Activation R-HSA-1839126,1/33,0.85376916154514,0.9999956748532078,0,0,0.5209347345132743,0.0823568769883929,FGF18
Reactome_2022,Glucagon-type Ligand Receptors R-HSA-420092,1/33,0.85376916154514,0.9999956748532078,0,0,0.5209347345132743,0.0823568769883929,GNG4
Reactome_2022,NOD1/2 Signaling Pathway R-HSA-168638,1/33,0.85376916154514,0.9999956748532078,0,0,0.5209347345132743,0.0823568769883929,MAP2K6
Reactome_2022,Sialic Acid Metabolism R-HSA-4085001,1/33,0.85376916154514,0.9999956748532078,0,0,0.5209347345132743,0.0823568769883929,ST6GALNAC1
Reactome_2022,Signal Amplification R-HSA-392518,1/33,0.85376916154514,0.9999956748532078,0,0,0.5209347345132743,0.0823568769883929,GNG4
Reactome_2022,Phototransduction Cascade R-HSA-2514856,1/33,0.85376916154514,0.9999956748532078,0,0,0.5209347345132743,0.0823568769883929,PRKCA
Reactome_2022,B-WICH Complex Positively Regulates rRNA Expression R-HSA-5250924,2/59,0.8541370020817743,0.9999956748532078,0,0,0.5846502882538499,0.0921781124961481,H4C15;H2AC19
Reactome_2022,GABA Receptor Activation R-HSA-977443,2/59,0.8541370020817743,0.9999956748532078,0,0,0.5846502882538499,0.0921781124961481,GNG4;ADCY6
Reactome_2022,RNA Polymerase I Promoter Escape R-HSA-73772,2/59,0.8541370020817743,0.9999956748532078,0,0,0.5846502882538499,0.0921781124961481,H4C15;H2AC19
Reactome_2022,Platelet Homeostasis R-HSA-418346,3/83,0.8554176329938471,0.9999956748532078,0,0,0.6246343085106383,0.0975463101549552,GNG4;PRKG1;PDE9A
Reactome_2022,Formation Of beta-catenin:TCF Transactivating Complex R-HSA-201722,2/60,0.8605848631850025,0.9999956748532078,0,0,0.5745395681255918,0.086263121615325,H4C15;H2AC19
Reactome_2022,HDACs Deacetylate Histones R-HSA-3214815,2/60,0.8605848631850025,0.9999956748532078,0,0,0.5745395681255918,0.086263121615325,H4C15;H2AC19
Reactome_2022,Recruitment And ATM-mediated Phosphorylation Of Repair And Signal Proteins At DNA Double Strand Breaks R-HSA-5693565,2/60,0.8605848631850025,0.9999956748532078,0,0,0.5745395681255918,0.086263121615325,H4C15;BRCA1
Reactome_2022,Cyclin A:Cdk2-associated Events At S Phase Entry R-HSA-69656,3/84,0.8609302691473195,0.9999956748532078,0,0,0.6168899395849751,0.0923741890110832,E2F1;CABLES1;LIN9
Reactome_2022,EPHB-mediated Forward Signaling R-HSA-3928662,1/34,0.8620520863575952,0.9999956748532078,0,0,0.5051220166264414,0.0749801025906593,ARHGEF28
Reactome_2022,Lysosome Vesicle Biogenesis R-HSA-432720,1/34,0.8620520863575952,0.9999956748532078,0,0,0.5051220166264414,0.0749801025906593,AP1S3
Reactome_2022,Metabolic Disorders Of Biological Oxidation Enzymes R-HSA-5579029,1/34,0.8620520863575952,0.9999956748532078,0,0,0.5051220166264414,0.0749801025906593,OPLAH
Reactome_2022,Negative Regulation Of FGFR2 Signaling R-HSA-5654727,1/34,0.8620520863575952,0.9999956748532078,0,0,0.5051220166264414,0.0749801025906593,FGF18
Reactome_2022,DNA Double Strand Break Response R-HSA-5693606,2/61,0.8667707444672204,0.9999956748532078,0,0,0.5647715842728679,0.0807514709562584,H4C15;BRCA1
Reactome_2022,Selective Autophagy R-HSA-9663891,2/61,0.8667707444672204,0.9999956748532078,0,0,0.5647715842728679,0.0807514709562584,PRKAA2;CFTR
Reactome_2022,Signaling By FGFR In Disease R-HSA-1226099,2/61,0.8667707444672204,0.9999956748532078,0,0,0.5647715842728679,0.0807514709562584,FGF18;FGFR4
Reactome_2022,SUMOylation R-HSA-2990846,7/174,0.8679499026610457,0.9999956748532078,0,0,0.6974343128689241,0.0987715413707474,NDC1;H4C15;CDKN2A;NUP43;BRCA1;ESR1;NR3C2
Reactome_2022,Hemostasis R-HSA-109582,27/576,0.868479295228128,0.9999956748532078,0,0,0.8161083392729864,0.1150806882405582,DOCK6;GRB7;ITGA2B;GATA6;GATA5;GATA4;KIF12;SERPINA4;KIF15;EPCAM;GNG4;MYB;SLC16A8;PRKG1;CARMIL1;ITGA3;RARRES2;CABLES1;PRKCA;SYTL4;F5;VAV2;PROC;CEACAM6;NHLRC2;MGLL;PDE9A
Reactome_2022,Inwardly Rectifying K+ Channels R-HSA-1296065,1/35,0.8698662275172042,0.9999956748532078,0,0,0.4902394586153045,0.0683471462330904,GNG4
Reactome_2022,RHOBTB GTPase Cycle R-HSA-9706574,1/35,0.8698662275172042,0.9999956748532078,0,0,0.4902394586153045,0.0683471462330904,RHOBTB1
Reactome_2022,Peptide Ligand-Binding Receptors R-HSA-375276,8/196,0.8707321329886228,0.9999956748532078,0,0,0.7078683617210739,0.0979837679614603,C5;GPR37;GPER1;ACKR4;F2RL1;NMUR2;CCL28;CXCL5
Reactome_2022,Signaling By FGFR R-HSA-190236,3/86,0.8714041275168067,0.9999956748532078,0,0,0.6019610356318893,0.0828595926303216,FLRT3;FGF18;FGFR4
Reactome_2022,Regulation Of PLK1 Activity At G2/M Transition R-HSA-2565942,3/87,0.8763748095445975,0.9999956748532078,0,0,0.5947631712259371,0.0784857895321348,PLK4;NEK2;PRKCA
Reactome_2022,GPCR Downstream Signaling R-HSA-388396,29/619,0.8768584034066911,0.9999956748532078,0,0,0.8152988403211419,0.1071382210882431,GNAZ;RGS17;SUCNR1;PTGER1;ADCY6;CXCL5;C5;GNG4;GPER1;TAS2R4;ARHGEF33;CHGA;GPR39;ARHGEF10;GPR37;ARHGEF39;ARHGEF38;PRKCA;VAV2;OBSCN;NBEA;PPP1R1B;ACKR4;F2RL1;NMUR2;RGS11;CCL28;NGEF;MGLL
Reactome_2022,Aberrant Regulation Of Mitotic Cell Cycle Due To RB1 Defects R-HSA-9687139,1/36,0.8772380943324036,0.9999956748532078,0,0,0.4762073324905183,0.0623721297799991,E2F1
Reactome_2022,Mitochondrial Fatty Acid Beta-Oxidation R-HSA-77289,1/36,0.8772380943324036,0.9999956748532078,0,0,0.4762073324905183,0.0623721297799991,ACSM3
Reactome_2022,Platelet Aggregation (Plug Formation) R-HSA-76009,1/36,0.8772380943324036,0.9999956748532078,0,0,0.4762073324905183,0.0623721297799991,ITGA2B
Reactome_2022,ROS And RNS Production In Phagocytes R-HSA-1222556,1/36,0.8772380943324036,0.9999956748532078,0,0,0.4762073324905183,0.0623721297799991,ATP6V1C2
Reactome_2022,Regulation Of TP53 Degradation R-HSA-6804757,1/36,0.8772380943324036,0.9999956748532078,0,0,0.4762073324905183,0.0623721297799991,CDKN2A
Reactome_2022,Metabolism Of Amino Acids And Derivatives R-HSA-71291,16/364,0.8808598942698685,0.9999956748532078,0,0,0.7637132106592444,0.096882134621211,CHGA;NQO1;HGD;GOLT1A;GLS2;AMT;GPT;ASRGL1;GATM;VSIG2;CHDH;CARNS1;PXMP2;RIMKLA;CRYM;ASPA
Reactome_2022,Hedgehog Ligand Biogenesis R-HSA-5358346,2/64,0.8838453976831648,0.9999956748532078,0,0,0.5373582102345781,0.0663492953868615,SHH;IHH
Reactome_2022,RHOV GTPase Cycle R-HSA-9013424,1/37,0.8841926981136402,0.9999956748532078,0,0,0.4629547689282202,0.0569805913872971,SH3RF1
Reactome_2022,Regulation Of TP53 Expression And Degradation R-HSA-6806003,1/37,0.8841926981136402,0.9999956748532078,0,0,0.4629547689282202,0.0569805913872971,CDKN2A
Reactome_2022,Antimicrobial Peptides R-HSA-6803157,3/89,0.8858071002782072,0.9999956748532078,0,0,0.5808696190004948,0.0704339682615003,CHGA;BPIFB2;PRSS3
Reactome_2022,Metabolism Of Carbohydrates R-HSA-71387,12/285,0.8874361750927129,0.9999956748532078,0,0,0.7304795294071433,0.0872328979598945,NDC1;FUT6;PROC;GLB1L;GOLT1A;B3GAT1;B3GNT3;PRKCA;NUP43;B3GALT5;XYLB;FUT4
Reactome_2022,Intracellular Signaling By Second Messengers R-HSA-9006925,13/306,0.8884639929918827,0.9999956748532078,0,0,0.7372013651877133,0.087182286995577,PRKCA;ESR1;ADCY6;BTC;KITLG;MECOM;NBEA;ERBB3;ERBB4;FGF18;PIP5K1B;FGFR4;FRK
Reactome_2022,Dual Incision In TC-NER R-HSA-6782135,2/65,0.8890713313038852,0.9999956748532078,0,0,0.5288005961168052,0.062175215489278,RFC3;POLE
Reactome_2022,MAPK6/MAPK4 Signaling R-HSA-5687128,3/90,0.8902779563923292,0.9999956748532078,0,0,0.5741623868916605,0.0667300451179094,IGF2BP1;PRKCA;ETV4
Reactome_2022,Switching Of Origins To A Post-Replicative State R-HSA-69052,3/90,0.8902779563923292,0.9999956748532078,0,0,0.5741623868916605,0.0667300451179094,CDT1;MCM8;MCM4
Reactome_2022,Diseases Of Mitotic Cell Cycle R-HSA-9675126,1/38,0.8907536372016391,0.9999956748532078,0,0,0.4504185601530734,0.0521077481731146,E2F1
Reactome_2022,HSP90 Chaperone Cycle For Steroid Hormone Receptors (SHR) In Presence Of Ligand R-HSA-3371497,1/38,0.8907536372016391,0.9999956748532078,0,0,0.4504185601530734,0.0521077481731146,NR3C2
Reactome_2022,Signaling By FGFR3 R-HSA-5654741,1/39,0.8969431761105766,0.9999956748532078,0,0,0.4385421518397764,0.0476970582080833,FGF18
Reactome_2022,Transcriptional Regulation By VENTX R-HSA-8853884,1/39,0.8969431761105766,0.9999956748532078,0,0,0.4385421518397764,0.0476970582080833,CDKN2A
Reactome_2022,G1/S DNA Damage Checkpoints R-HSA-69615,2/67,0.8988744128636108,0.9999956748532078,0,0,0.5124753014921305,0.0546359916032426,CDKN2A;CHEK1
Reactome_2022,Mitotic G2-G2/M Phases R-HSA-453274,7/184,0.901193302726589,0.9999956748532078,0,0,0.6576793936103906,0.0684220058416161,PLK4;E2F1;NEK2;PRKCA;MYBL2;LIN9;FOXM1
Reactome_2022,Class C/3 (Metabotropic Glutamate/Pheromone Receptors) R-HSA-420499,1/40,0.9027823215456596,0.9999956748532078,0,0,0.4272747901066485,0.0436990232803389,TAS2R4
Reactome_2022,RNA Polymerase III Abortive And Retractive Initiation R-HSA-749476,1/40,0.9027823215456596,0.9999956748532078,0,0,0.4272747901066485,0.0436990232803389,NFIB
Reactome_2022,Transport To Golgi And Subsequent Modification R-HSA-948021,6/164,0.9074406235071316,0.9999956748532078,0,0,0.6315949367088608,0.0613450121311489,CHGA;CFAP73;MOGAT2;ANK1;SPTBN2;F5
Reactome_2022,Circadian Clock R-HSA-400253,2/69,0.9078648949540544,0.9999956748532078,0,0,0.4971246513226603,0.0480519224211041,LIN9;NPAS2
Reactome_2022,Binding And Uptake Of Ligands By Scavenger Receptors R-HSA-2173782,1/41,0.9082908926969834,0.9999956748532078,0,0,0.416570796460177,0.0400701887224075,SSC5D
Reactome_2022,MTOR Signaling R-HSA-165159,1/41,0.9082908926969834,0.9999956748532078,0,0,0.416570796460177,0.0400701887224075,PRKAA2
Reactome_2022,"Sensory Perception Of Sweet, Bitter, And Umami (Glutamate) Taste R-HSA-9717207",1/41,0.9082908926969834,0.9999956748532078,0,0,0.416570796460177,0.0400701887224075,TAS2R4
Reactome_2022,Signaling By TGFB Family Members R-HSA-9006936,4/119,0.9101066471509216,0.9999956748532078,0,0,0.5788048300605686,0.0545196479369315,CGN;ITGB6;SMAD6;BMPR1B
Reactome_2022,Anti-inflammatory Response Favoring Leishmania Infection R-HSA-9662851,6/165,0.9103388130893858,0.9999956748532078,0,0,0.6275890985324948,0.0589547325237233,CHGA;GNAZ;GPR39;GNG4;PRKCA;ADCY6
Reactome_2022,Intra-Golgi Traffic R-HSA-6811438,1/42,0.9134875888693114,0.9999956748532078,0,0,0.4063889488452407,0.0367723030068638,RAB36
Reactome_2022,Signaling By FGFR2 In Disease R-HSA-5655253,1/42,0.9134875888693114,0.9999956748532078,0,0,0.4063889488452407,0.0367723030068638,FGF18
Reactome_2022,"Platelet Activation, Signaling And Aggregation R-HSA-76002",10/254,0.9144594291531084,0.9999956748532078,0,0,0.6809274506076249,0.0608900144004509,GNG4;RARRES2;ITGA2B;PRKCA;NHLRC2;SYTL4;SERPINA4;MGLL;F5;VAV2
Reactome_2022,HCMV Infection R-HSA-9609646,4/121,0.9165292406399426,0.9999956748532078,0,0,0.5688500595332894,0.0495817149777427,NDC1;H4C15;H2AC19;NUP43
Reactome_2022,G Alpha (Q) Signaling Events R-HSA-416476,8/212,0.9173712479497388,0.9999956748532078,0,0,0.6517905470291411,0.0562123969875437,GPR39;RGS17;PTGER1;GNG4;F2RL1;NMUR2;PRKCA;MGLL
Reactome_2022,DAP12 Interactions R-HSA-2172127,1/43,0.918390052670377,0.9999956748532078,0,0,0.3966919511167299,0.0337716094453042,VAV2
Reactome_2022,Defensins R-HSA-1461973,1/43,0.918390052670377,0.9999956748532078,0,0,0.3966919511167299,0.0337716094453042,PRSS3
Reactome_2022,RND2 GTPase Cycle R-HSA-9696270,1/43,0.918390052670377,0.9999956748532078,0,0,0.3966919511167299,0.0337716094453042,MUC13
Reactome_2022,RUNX1 Regulates Transcription Of Genes Involved In Differentiation Of HSCs R-HSA-8939236,3/98,0.9207460296083472,0.9999956748532078,0,0,0.5255879059350503,0.0433983377938769,H4C15;MYB;H2AC19
Reactome_2022,"Interleukin-3, Interleukin-5 And GM-CSF Signaling R-HSA-512988",1/44,0.9230149291112169,0.9999956748532078,0,0,0.3874459765383823,0.0310382468351373,PRKCA
Reactome_2022,TGF-beta Receptor Signaling Activates SMADs R-HSA-2173789,1/44,0.9230149291112169,0.9999956748532078,0,0,0.3874459765383823,0.0310382468351373,ITGB6
Reactome_2022,TNF Signaling R-HSA-75893,1/44,0.9230149291112169,0.9999956748532078,0,0,0.3874459765383823,0.0310382468351373,SMPD3
Reactome_2022,Separation Of Sister Chromatids R-HSA-2467813,6/170,0.923677914117701,0.9999956748532078,0,0,0.6082926829268293,0.0482934789465512,SGO1;CENPU;CENPM;KNTC1;NUP43;SPC24
Reactome_2022,Cellular Response To Heat Stress R-HSA-3371556,3/99,0.9239560161129412,0.9999956748532078,0,0,0.5200853280141844,0.0411339699048291,NDC1;NUP43;HSPA12A
Reactome_2022,KEAP1-NFE2L2 Pathway R-HSA-9755511,3/100,0.9270464920605636,0.9999956748532078,0,0,0.5146962053081816,0.0389890412122721,NQO1;BRIP1;CDKN2A
Reactome_2022,Formation Of Cornified Envelope R-HSA-6809371,2/74,0.9271715631770034,0.9999956748532078,0,0,0.4624790867040645,0.0349711224663972,DSG2;PCSK6
Reactome_2022,NoRC Negatively Regulates rRNA Expression R-HSA-427413,2/74,0.9271715631770034,0.9999956748532078,0,0,0.4624790867040645,0.0349711224663972,H4C15;H2AC19
Reactome_2022,Positive Epigenetic Regulation Of rRNA Expression R-HSA-5250913,2/74,0.9271715631770034,0.9999956748532078,0,0,0.4624790867040645,0.0349711224663972,H4C15;H2AC19
Reactome_2022,Signaling By NOTCH1 R-HSA-1980143,2/74,0.9271715631770034,0.9999956748532078,0,0,0.4624790867040645,0.0349711224663972,NBEA;DTX4
Reactome_2022,Transport Of Mature mRNA Derived From An Intron-Containing Transcript R-HSA-159236,2/74,0.9271715631770034,0.9999956748532078,0,0,0.4624790867040645,0.0349711224663972,NDC1;NUP43
Reactome_2022,ISG15 Antiviral Mechanism R-HSA-1169408,2/75,0.9305441086948356,0.9999956748532078,0,0,0.456119489911062,0.0328341267439272,NDC1;NUP43
Reactome_2022,Nuclear Envelope (NE) Reassembly R-HSA-2995410,2/75,0.9305441086948356,0.9999956748532078,0,0,0.456119489911062,0.0328341267439272,NDC1;NUP43
Reactome_2022,HIV Transcription Initiation R-HSA-167161,1/46,0.9314938498410568,0.9999956748532078,0,0,0.3701868239921337,0.0262705639070889,TAF7L
Reactome_2022,Sensory Perception Of Taste R-HSA-9717189,1/47,0.9353766898296798,0.9999956748532078,0,0,0.3621200461716045,0.0241917751482275,TAS2R4
Reactome_2022,Biosynthesis Of N-glycan Precursor (Dolichol LLO) And Transfer To Protein R-HSA-446193,2/77,0.9368508313462726,0.9999956748532078,0,0,0.4439090640684972,0.028956724293087,ST6GALNAC1;ALG10B
Reactome_2022,Negative Epigenetic Regulation Of rRNA Expression R-HSA-5250941,2/77,0.9368508313462726,0.9999956748532078,0,0,0.4439090640684972,0.028956724293087,H4C15;H2AC19
Reactome_2022,Cargo Recognition For Clathrin-Mediated Endocytosis R-HSA-8856825,3/104,0.938288568227779,0.9999956748532078,0,0,0.4942068674952601,0.031479858206491,BTC;SYT8;CFTR
Reactome_2022,NOTCH1 Intracellular Domain Regulates Transcription R-HSA-2122947,1/48,0.9390396314304026,0.9999956748532078,0,0,0.3543965354923743,0.022290689641268,NBEA
Reactome_2022,COPI-dependent Golgi-to-ER Retrograde Traffic R-HSA-6811434,2/78,0.939796703587111,0.9999956748532078,0,0,0.4380448463941075,0.0271989491398259,KIF12;KIF15
Reactome_2022,RNA Polymerase I Promoter Clearance R-HSA-73854,2/78,0.939796703587111,0.9999956748532078,0,0,0.4380448463941075,0.0271989491398259,H4C15;H2AC19
Reactome_2022,GPCR Ligand Binding R-HSA-500792,19/458,0.9405347829108128,0.9999956748532078,0,0,0.7173145310630766,0.0439761491027607,CHGA;GPR39;WNT10A;GPR37;SUCNR1;PTGER1;IHH;FZD8;WNT7A;CXCL5;C5;SHH;GNG4;GPER1;ACKR4;F2RL1;NMUR2;CCL28;TAS2R4
Reactome_2022,PIP3 Activates AKT Signaling R-HSA-1257604,10/268,0.9415470510940958,0.9999956748532078,0,0,0.6434938351001667,0.0387582498494622,BTC;KITLG;MECOM;ERBB3;ERBB4;FGF18;PIP5K1B;FGFR4;ESR1;FRK
Reactome_2022,Signaling By EGFR R-HSA-177929,1/49,0.9424951177660852,0.9999956748532078,0,0,0.3469948377581121,0.0205506095661605,BTC
Reactome_2022,Signaling By NOTCH3 R-HSA-9012852,1/49,0.9424951177660852,0.9999956748532078,0,0,0.3469948377581121,0.0205506095661605,WWC1
Reactome_2022,mRNA Splicing - Minor Pathway R-HSA-72165,1/49,0.9424951177660852,0.9999956748532078,0,0,0.3469948377581121,0.0205506095661605,RNPC3
Reactome_2022,RNA Polymerase I Transcription R-HSA-73864,2/79,0.942611719418991,0.9999956748532078,0,0,0.4323329460619097,0.0255512365937091,H4C15;H2AC19
Reactome_2022,Leishmania Infection R-HSA-9658195,9/247,0.9432679441973756,0.9999956748532078,0,0,0.627926571698198,0.0366739864426692,CHGA;GPR39;GNAZ;NT5E;GNG4;NOXO1;PRKCA;ADCY6;VAV2
Reactome_2022,COPI-mediated Anterograde Transport R-HSA-6807878,2/80,0.9453012412759996,0.9999956748532078,0,0,0.4267675047125888,0.0240063671091747,ANK1;SPTBN2
Reactome_2022,Chondroitin Sulfate/Dermatan Sulfate Metabolism R-HSA-1793185,1/50,0.9457548884803892,0.9999956748532078,0,0,0.3398952501354524,0.018956585747065,B3GAT1
Reactome_2022,Regulation Of Ornithine Decarboxylase (ODC) R-HSA-350562,1/50,0.9457548884803892,0.9999956748532078,0,0,0.3398952501354524,0.018956585747065,NQO1
Reactome_2022,Transcriptional Regulation By RUNX1 R-HSA-8878171,7/204,0.9467706131664704,0.9999956748532078,0,0,0.5902776523294254,0.0322872666797626,OCLN;H4C15;MYB;ITGA2B;H2AC19;CTSV;ESR1
Reactome_2022,ER To Golgi Anterograde Transport R-HSA-199977,4/133,0.9471282511444056,0.9999956748532078,0,0,0.5156036125269117,0.0280079832317245,CFAP73;ANK1;SPTBN2;F5
Reactome_2022,TP53 Regulates Metabolic Genes R-HSA-5628897,2/81,0.9478704441959216,0.9999956748532078,0,0,0.4213429606126179,0.0225576269732485,PRKAA2;GLS2
Reactome_2022,Nucleotide Excision Repair R-HSA-5696398,3/108,0.947909383124799,0.9999956748532078,0,0,0.4752786220871327,0.0254256804104724,RFC3;LRIG3;POLE
Reactome_2022,G2/M Transition R-HSA-69275,6/182,0.94881782111009,0.9999956748532078,0,0,0.5664545454545454,0.0297606540812988,PLK4;NEK2;PRKCA;MYBL2;LIN9;FOXM1
Reactome_2022,Translocation Of SLC2A4 (GLUT4) To Plasma Membrane R-HSA-1445148,1/51,0.9488300193138934,0.9999956748532078,0,0,0.3330796460176991,0.0174952122505053,PRKAA2
Reactome_2022,Ubiquitin Mediated Degradation Of Phosphorylated Cdc25A R-HSA-69601,1/51,0.9488300193138934,0.9999956748532078,0,0,0.3330796460176991,0.0174952122505053,CHEK1
Reactome_2022,Diseases Of Signal Transduction By Growth Factor Receptors And Second Messengers R-HSA-5663202,17/424,0.9499895511571758,0.9999956748532078,0,0,0.6922262559605468,0.0355141788172757,ITGA2B;LRP5;IHH;FZD8;LMO7;KSR2;KREMEN2;ESR1;BTC;SHH;KIAA1549;KITLG;PROC;ERBB3;ERBB4;FGF18;FGFR4
Reactome_2022,PI Metabolism R-HSA-1483255,2/82,0.950324319903444,0.9999956748532078,0,0,0.4160540301151461,0.0211987696630908,PLEKHA6;PIP5K1B
Reactome_2022,Transcriptional Activation Of Mitochondrial Biogenesis R-HSA-2151201,1/52,0.9517309599523868,0.9999956748532078,0,0,0.3265313204927988,0.016154447846628,LIN9
Reactome_2022,Antiviral Mechanism By IFN-stimulated Genes R-HSA-1169410,2/83,0.952667680932578,0.9999956748532078,0,0,0.4108956904941552,0.0199239805112881,NDC1;NUP43
Reactome_2022,Transport Of Mature Transcript To Cytoplasm R-HSA-72202,2/83,0.952667680932578,0.9999956748532078,0,0,0.4108956904941552,0.0199239805112881,NDC1;NUP43
Reactome_2022,"Nucleotide-binding Domain, Leucine Rich Repeat Containing NLR Signaling Pathways R-HSA-168643",1/53,0.9544675691008246,0.9999956748532078,0,0,0.3202348536419332,0.0149234607951374,MAP2K6
Reactome_2022,Signaling By ROBO Receptors R-HSA-376176,7/209,0.954730184481536,0.9999956748532078,0,0,0.5755126669250555,0.0266614920297324,ROBO2;ROBO3;FLRT3;LHX2;TMPRSS4;PRKCA;SRGAP1
Reactome_2022,Transcriptional Regulation Of White Adipocyte Differentiation R-HSA-381340,2/84,0.9549051648939602,0.9999956748532078,0,0,0.4058631640346518,0.0187278443107982,LIN9;NR2F2
Reactome_2022,Regulation Of RUNX3 Expression And Activity R-HSA-8941858,1/54,0.9570491479349692,0.9999956748532078,0,0,0.3141759893137418,0.013792493259115,CDKN2A
Reactome_2022,Protein Localization R-HSA-9609507,5/164,0.9584961946237902,0.9999956748532078,0,0,0.5225264474904208,0.0221497323708634,PECR;SYCP2;PAM16;PXMP2;DECR2
Reactome_2022,Amino Acids Regulate mTORC1 R-HSA-9639288,1/55,0.959484471594524,0.9999956748532078,0,0,0.308341527368076,0.0127527427159724,ATP6V1C2
Reactome_2022,Hh Mutants Are Degraded By ERAD R-HSA-5362768,1/55,0.959484471594524,0.9999956748532078,0,0,0.308341527368076,0.0127527427159724,SHH
Reactome_2022,Signaling By ALK Fusions And Activated Point Mutants R-HSA-9725370,1/55,0.959484471594524,0.9999956748532078,0,0,0.308341527368076,0.0127527427159724,LMO7
Reactome_2022,Class A/1 (Rhodopsin-like Receptors) R-HSA-373076,12/327,0.961494134635321,0.9999956748532078,0,0,0.6316524107408826,0.0248029778485024,CHGA;GPR39;C5;GPR37;SUCNR1;PTGER1;GPER1;ACKR4;F2RL1;NMUR2;CCL28;CXCL5
Reactome_2022,Stabilization Of P53 R-HSA-69541,1/56,0.9617818189742336,0.9999956748532078,0,0,0.3027192276749799,0.011796257954386,CDKN2A
Reactome_2022,PCP/CE Pathway R-HSA-4086400,2/88,0.9628832083755384,0.9999956748532078,0,0,0.3869034131872206,0.0146339071805954,FZD8;PRKCA
Reactome_2022,Regulation Of mRNA Stability By Proteins That Bind AU-rich Elements R-HSA-450531,2/88,0.9628832083755384,0.9999956748532078,0,0,0.3869034131872206,0.0146339071805954,GPRC5A;PRKCA
Reactome_2022,Beta-catenin Independent WNT Signaling R-HSA-3858494,4/142,0.9629139721160026,0.9999956748532078,0,0,0.4817458174195954,0.0182057546488473,GNG4;FZD8;PRKCA;PRKG1
Reactome_2022,Clathrin-mediated Endocytosis R-HSA-8856828,4/142,0.9629139721160026,0.9999956748532078,0,0,0.4817458174195954,0.0182057546488473,BTC;SYT8;CFTR;DNM1
Reactome_2022,Epigenetic Regulation Of Gene Expression R-HSA-212165,3/116,0.9631036894248368,0.9999956748532078,0,0,0.4414422895876482,0.0165956695651855,H4C15;UHRF1;H2AC19
Reactome_2022,Interferon Gamma Signaling R-HSA-877300,2/89,0.9646550594764915,0.9999956748532078,0,0,0.3824358856886879,0.0137618378866027,TRIM2;TRIM31
Reactome_2022,Mitochondrial Biogenesis R-HSA-1592230,2/89,0.9646550594764915,0.9999956748532078,0,0,0.3824358856886879,0.0137618378866027,PRKAA2;LIN9
Reactome_2022,Late SARS-CoV-2 Infection Events R-HSA-9772573,1/58,0.9659933856534016,0.9999956748532078,0,0,0.2920664493091135,0.0101050002798787,MOGAT2
Reactome_2022,Metabolism Of Polyamines R-HSA-351202,1/58,0.9659933856534016,0.9999956748532078,0,0,0.2920664493091135,0.0101050002798787,NQO1
Reactome_2022,Generic Transcription Pathway R-HSA-212436,54/1190,0.9661096665993144,0.9999956748532078,0,0,0.7826758601749775,0.0269850393817475,ITGA2B;RORC;HNF4G;IHH;H2AC19;BRCA1;CTSV;NR3C2;TAF7L;EXO1;ZNF208;MYB;CHEK1;MYBL2;ZNF169;ZNF19;RMI2;RFC3;PRKCA;HNF1A;H4C15;ZNF519;FANCD2;ZNF714;ZNF713;DNA2;L3MBTL1;PRKAA2;GLS2;GATA4;BRIP1;ZNF704;E2F1;ZNF620;E2F7;ZNF300;ZNF662;E2F8;ZNF860;MAP2K6;CHGA;FANCI;ZNF782;CDKN2A;CDC7;FANCC;SMAD6;ESR1;ZNF33B;OCLN;RAD51;ZNF215;ZNF214;ZNF774
Reactome_2022,Chaperonin-mediated Protein Folding R-HSA-390466,2/90,0.9663454348433091,0.9999956748532078,0,0,0.3780698929060311,0.0129428128368817,GNG4;RGS11
Reactome_2022,Transcriptional Regulation By RUNX2 R-HSA-8878166,3/119,0.967640861408416,0.9999956748532078,0,0,0.4299568965517241,0.0141431188836827,IHH;SMAD6;ESR1
Reactome_2022,Degradation Of GLI1 By Proteasome R-HSA-5610780,1/59,0.9679219259390732,0.9999956748532078,0,0,0.2870155630149527,0.009357812358456,PRKCA
Reactome_2022,Degradation Of GLI2 By Proteasome R-HSA-5610783,1/59,0.9679219259390732,0.9999956748532078,0,0,0.2870155630149527,0.009357812358456,PRKCA
Reactome_2022,GLI3 Is Processed To GLI3R By Proteasome R-HSA-5610785,1/59,0.9679219259390732,0.9999956748532078,0,0,0.2870155630149527,0.009357812358456,PRKCA
Reactome_2022,Signaling By TGF-beta Receptor Complex R-HSA-170834,2/91,0.96795787253377,0.9999956748532078,0,0,0.3738020123207372,0.01217350276523,ITGB6;CGN
Reactome_2022,Glycosaminoglycan Metabolism R-HSA-1630316,3/120,0.9690323857993296,0.9999956748532078,0,0,0.4262593198763411,0.0134089441880988,GLB1L;B3GAT1;B3GNT3
Reactome_2022,Defective CFTR Causes Cystic Fibrosis R-HSA-5678895,1/60,0.969741180245348,0.9999956748532078,0,0,0.2821358932053397,0.0086689265208145,CFTR
Reactome_2022,FCGR3A-mediated Phagocytosis R-HSA-9664422,1/60,0.969741180245348,0.9999956748532078,0,0,0.2821358932053397,0.0086689265208145,VAV2
Reactome_2022,Transcriptional Regulation By MECP2 R-HSA-8986944,1/60,0.969741180245348,0.9999956748532078,0,0,0.2821358932053397,0.0086689265208145,PRKCA
Reactome_2022,VEGFA-VEGFR2 Pathway R-HSA-4420097,2/93,0.970962395662859,0.9999956748532078,0,0,0.365547649870059,0.010771789582636,PRKCA;VAV2
Reactome_2022,Regulation Of PTEN Gene Transcription R-HSA-8943724,1/61,0.9714573363971568,0.9999956748532078,0,0,0.2774188790560472,0.0080334754579772,MECOM
Reactome_2022,Immunoregulatory Interactions Between A Lymphoid And A non-Lymphoid Cell R-HSA-198933,3/123,0.9728751458187684,0.9999956748532078,0,0,0.4155363475177305,0.0114270516858973,NPDC1;NCR3LG1;ULBP3
Reactome_2022,Asymmetric Localization Of PCP Proteins R-HSA-4608870,1/62,0.9730762321717326,0.9999956748532078,0,0,0.2728565211083708,0.0074470327322685,FZD8
Reactome_2022,MAP Kinase Activation R-HSA-450294,1/62,0.9730762321717326,0.9999956748532078,0,0,0.2728565211083708,0.0074470327322685,MAP2K6
Reactome_2022,Regulation Of Actin Dynamics For Phagocytic Cup Formation R-HSA-2029482,1/62,0.9730762321717326,0.9999956748532078,0,0,0.2728565211083708,0.0074470327322685,VAV2
Reactome_2022,Transcriptional Regulation By RUNX3 R-HSA-8878159,2/95,0.9736942291082668,0.9999956748532078,0,0,0.3576483137613455,0.0095341736485742,CDKN2A;RORC
Reactome_2022,Cytosolic Sensors Of Pathogen-Associated DNA R-HSA-1834949,1/63,0.974603374894846,0.9999956748532078,0,0,0.2684413359977162,0.0069055690048004,DTX4
Reactome_2022,Signaling By MET R-HSA-6806834,1/63,0.974603374894846,0.9999956748532078,0,0,0.2684413359977162,0.0069055690048004,ITGA3
Reactome_2022,Synthesis Of Substrates In N-glycan Biosythesis R-HSA-446219,1/63,0.974603374894846,0.9999956748532078,0,0,0.2684413359977162,0.0069055690048004,ST6GALNAC1
Reactome_2022,Protein Folding R-HSA-391251,2/96,0.9749653317730802,0.9999956748532078,0,0,0.3538246989427661,0.0089706470115612,GNG4;RGS11
Reactome_2022,Signaling By NOTCH R-HSA-157118,6/203,0.975552537497448,0.9999956748532078,0,0,0.505502538071066,0.0125118264567357,H4C15;NBEA;WWC1;H2AC19;E2F1;DTX4
Reactome_2022,Mitochondrial Protein Import R-HSA-1268020,1/65,0.977402890914746,0.9999956748532078,0,0,0.260024889380531,0.0059432163415403,PAM16
Reactome_2022,Regulation Of RAS By GAPs R-HSA-5658442,1/65,0.977402890914746,0.9999956748532078,0,0,0.260024889380531,0.0059432163415403,RASAL1
Reactome_2022,p53-Dependent G1 DNA Damage Response R-HSA-69563,1/65,0.977402890914746,0.9999956748532078,0,0,0.260024889380531,0.0059432163415403,CDKN2A
Reactome_2022,COPII-mediated Vesicle Transport R-HSA-204005,1/66,0.9786847903882164,0.9999956748532078,0,0,0.2560108917631041,0.0055159234505719,F5
Reactome_2022,Mitotic Anaphase R-HSA-68882,7/232,0.9792187092480236,0.9999956748532078,0,0,0.5160458679319889,0.0108370977803273,NDC1;SGO1;CENPU;CENPM;KNTC1;NUP43;SPC24
Reactome_2022,TNFR2 Non-Canonical NF-kB Pathway R-HSA-5668541,2/100,0.9794809489102516,0.9999956748532078,0,0,0.3393105692232606,0.0070347535253855,EDA;TNFRSF11B
Reactome_2022,Regulation Of PTEN Stability And Activity R-HSA-8948751,1/67,0.9798940217904922,0.9999956748532078,0,0,0.2521185304371145,0.0051207427116395,FRK
Reactome_2022,Mitotic Metaphase And Anaphase R-HSA-2555396,7/233,0.9799338002857,0.9999956748532078,0,0,0.5137349226844707,0.0104135406224249,NDC1;SGO1;CENPU;CENPM;KNTC1;NUP43;SPC24
Reactome_2022,Host Interactions Of HIV Factors R-HSA-162909,3/130,0.9801577077310332,0.9999956748532078,0,0,0.3924861785893784,0.0078661271425125,NDC1;NUP43;AP1S3
Reactome_2022,Signaling By VEGF R-HSA-194138,2/102,0.9814320293873052,0.9999956748532078,0,0,0.332488928255093,0.0062316801994388,PRKCA;VAV2
Reactome_2022,Signaling By NTRKs R-HSA-166520,3/132,0.9818686825407849,0.9999956748532078,0,0,0.3863598878443015,0.0070694988922194,PTPRU;PCSK6;DNM1
Reactome_2022,Transcription Of HIV Genome R-HSA-167172,1/69,0.9821107113837282,0.9999956748532078,0,0,0.244677251431546,0.0044167268744575,TAF7L
Reactome_2022,Toll Like Receptor 3 (TLR3) Cascade R-HSA-168164,2/103,0.982338815825929,0.9999956748532078,0,0,0.3291794192705364,0.0058656493347931,SARM1;MAP2K6
Reactome_2022,Toll-like Receptor Cascades R-HSA-168898,4/162,0.9836653974681188,0.9999956748532078,0,0,0.4203160625835364,0.0069223882394221,SARM1;CTSV;DNM1;MAP2K6
Reactome_2022,Citric Acid (TCA) Cycle And Respiratory Electron Transport R-HSA-1428517,4/163,0.9843377354140628,0.9999956748532078,0,0,0.4176502430340471,0.0065931160184633,LDHC;ADHFE1;PDK4;SLC16A8
Reactome_2022,HATs Acetylate Histones R-HSA-3214847,2/106,0.9848085445709828,0.9999956748532078,0,0,0.3196327587381617,0.004892947123461,H4C15;H2AC19
Reactome_2022,Late Phase Of HIV Life Cycle R-HSA-162599,3/136,0.9848769747062908,0.9999956748532078,0,0,0.3746600543912974,0.0057092738684613,TAF7L;NDC1;NUP43
Reactome_2022,Regulation Of RUNX2 Expression And Activity R-HSA-8939902,1/72,0.9849863346343856,0.9999956748532078,0,0,0.2343013835223731,0.0035443968441585,ESR1
Reactome_2022,Signaling By FGFR2 R-HSA-5654738,1/72,0.9849863346343856,0.9999956748532078,0,0,0.2343013835223731,0.0035443968441585,FGF18
Reactome_2022,Interleukin-4 And Interleukin-13 Signaling R-HSA-6785807,2/107,0.985554517661024,0.9999956748532078,0,0,0.3165717659960352,0.0046063832545109,MUC1;RORC
Reactome_2022,MyD88-independent TLR4 Cascade R-HSA-166166,2/107,0.985554517661024,0.9999956748532078,0,0,0.3165717659960352,0.0046063832545109,SARM1;MAP2K6
Reactome_2022,APC:Cdc20 Mediated Degradation Of Cell Cycle Proteins Before Cycle Checkpoint Satisfied R-HSA-179419,1/73,0.9858382852997172,0.9999956748532078,0,0,0.2310349065880039,0.0032952390166385,NEK2
Reactome_2022,Cellular Response To Hypoxia R-HSA-1234174,1/73,0.9858382852997172,0.9999956748532078,0,0,0.2310349065880039,0.0032952390166385,CA9
Reactome_2022,APC/C:Cdc20 Mediated Degradation Of Mitotic Proteins R-HSA-176409,1/75,0.9873999867576368,0.9999956748532078,0,0,0.2247668022004305,0.0028500580143399,NEK2
Reactome_2022,Toll Like Receptor 4 (TLR4) Cascade R-HSA-166016,3/140,0.9874034222688584,0.9999956748532078,0,0,0.3636434228917534,0.0046097575686057,SARM1;DNM1;MAP2K6
Reactome_2022,Activation Of APC/C And APC/C:Cdc20 Mediated Degradation Of Mitotic Proteins R-HSA-176814,1/76,0.9881150575273692,0.9999956748532078,0,0,0.2217581120943952,0.0026513694881076,NEK2
Reactome_2022,Golgi-to-ER Retrograde Transport R-HSA-8856688,2/112,0.9887807798770932,0.9999956748532078,0,0,0.3021016184878009,0.0034085008726748,KIF12;KIF15
Reactome_2022,Macroautophagy R-HSA-1632852,2/114,0.9898641235873148,0.9999956748532078,0,0,0.2966753131722131,0.0030224076922493,PRKAA2;CFTR
Reactome_2022,RNA Polymerase II Pre-transcription Events R-HSA-674695,1/80,0.9905921158626428,0.9999956748532078,0,0,0.2104850453679847,0.001989592591822,TAF7L
Reactome_2022,PPARA Activates Gene Expression R-HSA-1989781,2/116,0.9908450835013852,0.9999956748532078,0,0,0.2914394045343651,0.0026803916006149,LIN9;NPAS2
Reactome_2022,Asparagine N-linked Glycosylation R-HSA-446203,8/282,0.9915320238900388,0.9999956748532078,0,0,0.483454771174708,0.0041113153847398,CHGA;ST6GALNAC1;CFAP73;MOGAT2;ANK1;ALG10B;SPTBN2;F5
Reactome_2022,Mitochondrial Translation Elongation R-HSA-5389840,1/82,0.9916298341652838,0.9999956748532078,0,0,0.2052660329946465,0.001725341549298,MRPS24
Reactome_2022,Mitochondrial Translation Initiation R-HSA-5368286,1/82,0.9916298341652838,0.9999956748532078,0,0,0.2052660329946465,0.001725341549298,MRPS24
Reactome_2022,Mitochondrial Translation Termination R-HSA-5419276,1/82,0.9916298341652838,0.9999956748532078,0,0,0.2052660329946465,0.001725341549298,MRPS24
Reactome_2022,HIV Life Cycle R-HSA-162587,3/149,0.9916899522568182,0.9999956748532078,0,0,0.3410631011366948,0.0028460926838658,TAF7L;NDC1;NUP43
Reactome_2022,Regulation Of Lipid Metabolism By PPARalpha R-HSA-400206,2/118,0.9917330535909212,0.9999956748532078,0,0,0.2863840444702361,0.0023773619055971,LIN9;NPAS2
Reactome_2022,M Phase R-HSA-68886,12/380,0.9919592805367494,0.9999956748532078,0,0,0.5391362629677119,0.0043525658688981,PLK4;NDC1;SGO1;CENPU;H4C15;H2AC19;CENPM;PRKCA;KNTC1;NEK2;NUP43;SPC24
Reactome_2022,Degradation Of Beta-Catenin By Destruction Complex R-HSA-195253,1/84,0.9925531448436528,0.9999956748532078,0,0,0.200298539289903,0.0014971757804993,PROC
Reactome_2022,SARS-CoV-2 Activates/Modulates Innate And Adaptive Immune Responses R-HSA-9705671,2/121,0.9929091865822376,0.9999956748532078,0,0,0.2791196195041347,0.0019862355077405,NDC1;NUP43
Reactome_2022,Post-translational Protein Modification R-HSA-597592,59/1383,0.9930419217823356,0.9999956748532078,0,0,0.7293275409207738,0.005092455545697,GALNT12;CPM;ST6GALNAC1;GALNT14;PSCA;MOGAT2;H2AC19;PCSK9;BRCA1;MSLN;NR3C2;ADAMTSL3;MUC13;THSD7A;LARGE1;ADAMTS9;NDC1;LMO7;ANK1;MUC5AC;F5;KCTD7;RAB36;H4C15;B3GNT3;PIGM;DTL;ALG10B;CFTR;LYPD2;FBXO41;MUC1;ARSL;ARSJ;GCNT3;NUP43;TNNI3;CLSPN;ARSD;SPTBN2;CHGA;CFAP73;MUC16;GOLM1;CDKN2A;FBXL16;MUC5B;ESR1;TTLL7;AGBL5;BPIFB2;PROC;VNN1;RAB15;AGBL3;RAB19;MELTF;RAB17;ALPG
Reactome_2022,Cellular Response To Chemical Stress R-HSA-9711123,4/182,0.9930663438934004,0.9999956748532078,0,0,0.3726907470364795,0.002593109764688,NQO1;BRIP1;CDKN2A;LIN9
Reactome_2022,Gene Expression (Transcription) R-HSA-74160,62/1449,0.9937133484217372,0.9999956748532078,0,0,0.7310189565948136,0.0046101679685862,PIWIL1;PIWIL4;ITGA2B;RORC;HNF4G;IHH;H2AC19;BRCA1;CTSV;NR3C2;TAF7L;EXO1;ZNF208;MYB;CHEK1;MYBL2;ZNF169;NDC1;ZNF19;RMI2;RFC3;PRKCA;HNF1A;H4C15;ZNF519;FANCD2;ZNF714;ZNF713;ANG;DNA2;L3MBTL1;PRKAA2;UHRF1;GLS2;GATA4;BRIP1;ZNF704;E2F1;MOV10L1;NUP43;ZNF620;E2F7;ZNF300;ZNF662;E2F8;ZNF860;MAP2K6;CHGA;FANCI;ZNF782;CDKN2A;CDC7;FANCC;SMAD6;ESR1;ZNF33B;OCLN;RAD51;NFIB;ZNF215;ZNF214;ZNF774
Reactome_2022,APC/C-mediated Degradation Of Cell Cycle Proteins R-HSA-174143,1/87,0.9937507824604648,0.9999956748532078,0,0,0.193280510393085,0.0012116418177772,NEK2
Reactome_2022,Fcgamma Receptor (FCGR) Dependent Phagocytosis R-HSA-2029480,1/87,0.9937507824604648,0.9999956748532078,0,0,0.193280510393085,0.0012116418177772,VAV2
Reactome_2022,Mitochondrial Translation R-HSA-5368287,1/88,0.994105568871098,0.9999956748532078,0,0,0.1910487234258976,0.0011294555713923,MRPS24
Reactome_2022,RAB GEFs Exchange GTP For GDP On RABs R-HSA-8876198,1/89,0.994440220531481,0.9999956748532078,0,0,0.1888676588897828,0.0010529924550795,RAB3IP
Reactome_2022,Unfolded Protein Response (UPR) R-HSA-381119,1/89,0.994440220531481,0.9999956748532078,0,0,0.1888676588897828,0.0010529924550795,CREB3L1
Reactome_2022,Eukaryotic Translation Elongation R-HSA-156842,1/90,0.9947558792169732,0.9999956748532078,0,0,0.1867356070398727,0.0009818407796651643,EEF1A2
Reactome_2022,Autophagy R-HSA-9612973,2/128,0.9950526992129102,0.9999956748532078,0,0,0.2635145584658427,0.0013069213212233,PRKAA2;CFTR
Reactome_2022,UCH Proteinases R-HSA-5689603,1/95,0.9960849085389916,0.9999956748532078,0,0,0.1767557898700809,0.0006933732809132979,H2AC19
Reactome_2022,RNA Polymerase II Transcription R-HSA-73857,54/1312,0.9960938966505948,0.9999956748532078,0,0,0.7019100043841974,0.0027471017504773,ITGA2B;RORC;HNF4G;IHH;H2AC19;BRCA1;CTSV;NR3C2;TAF7L;EXO1;ZNF208;MYB;CHEK1;MYBL2;ZNF169;ZNF19;RMI2;RFC3;PRKCA;HNF1A;H4C15;ZNF519;FANCD2;ZNF714;ZNF713;DNA2;L3MBTL1;PRKAA2;GLS2;GATA4;BRIP1;ZNF704;E2F1;ZNF620;E2F7;ZNF300;ZNF662;E2F8;ZNF860;MAP2K6;CHGA;FANCI;ZNF782;CDKN2A;CDC7;FANCC;SMAD6;ESR1;ZNF33B;OCLN;RAD51;ZNF215;ZNF214;ZNF774
Reactome_2022,MyD88 Cascade Initiated On Plasma Membrane R-HSA-975871,1/96,0.9963072075513054,0.9999956748532078,0,0,0.1748858872845831,0.0006470126623059772,MAP2K6
Reactome_2022,Regulation Of Expression Of SLITs And ROBOs R-HSA-9010553,3/167,0.996444922093278,0.9999956748532078,0,0,0.303337441619097,0.0010803096693258,ROBO2;ROBO3;LHX2
Reactome_2022,Interferon Signaling R-HSA-913531,4/200,0.996875523376298,0.9999956748532078,0,0,0.338138094634482,0.0010581585302552,NDC1;TRIM2;NUP43;TRIM31
Reactome_2022,Influenza Viral RNA Transcription And Replication R-HSA-168273,2/137,0.996896463439608,0.9999956748532078,0,0,0.2458288226224453,0.0007641250979835517,NDC1;NUP43
Reactome_2022,PTEN Regulation R-HSA-6807070,2/139,0.9972033155043484,0.9999956748532078,0,0,0.2422142196763494,0.0006783457550794473,MECOM;FRK
Reactome_2022,TRAF6 Mediated Induction Of NFkB And MAP Kinases Upon TLR7/8 Or 9 Activation R-HSA-975138,1/101,0.9972431103336994,0.9999956748532078,0,0,0.1660973451327433,0.0004585444234170006,MAP2K6
Reactome_2022,MyD88 Dependent Cascade Initiated On Endosome R-HSA-975155,1/102,0.9973996441647468,0.9999956748532078,0,0,0.1644440550249715,0.0004281699968144168,MAP2K6
Reactome_2022,Potassium Channels R-HSA-1296071,1/102,0.9973996441647468,0.9999956748532078,0,0,0.1644440550249715,0.0004281699968144168,GNG4
Reactome_2022,Toll Like Receptor 7/8 (TLR7/8) Cascade R-HSA-168181,1/103,0.997547287871306,0.9999956748532078,0,0,0.1628231823702932,0.0003998489521164895,MAP2K6
Reactome_2022,Antigen processing-Cross Presentation R-HSA-1236975,1/104,0.9976865459050592,0.9999956748532078,0,0,0.1612337829710456,0.00037343908930126656,CTSV
Reactome_2022,Neddylation R-HSA-8951664,5/237,0.99780722071568,0.9999956748532078,0,0,0.3567135726097875,0.0007830529777345932,LMO7;FBXL16;DTL;FBXO41;KCTD7
Reactome_2022,Toll Like Receptor 9 (TLR9) Cascade R-HSA-168138,1/106,0.9979417816643918,0.9999956748532078,0,0,0.1581458069953645,0.0003258340335936379,MAP2K6
Reactome_2022,Intra-Golgi And Retrograde Golgi-to-ER Traffic R-HSA-6811442,3/181,0.9981877543146584,0.9999956748532078,0,0,0.2792702605785321,0.0005065654740907875,RAB36;KIF12;KIF15
Reactome_2022,MyD88:MAL(TIRAP) Cascade Initiated On Plasma Membrane R-HSA-166058,1/112,0.9985505317362268,0.9999956748532078,0,0,0.1495495495495495,0.00021692457658504104,MAP2K6
Reactome_2022,Interleukin-1 Family Signaling R-HSA-446652,2/152,0.9985837818374134,0.9999956748532078,0,0,0.2210687924416888,0.00031330354452460256,PTPN20;MAP2K6
Reactome_2022,Interleukin-1 Signaling R-HSA-9020702,1/114,0.9987103834834082,0.9999956748532078,0,0,0.1468869919335891,0.000189550140653285,MAP2K6
Reactome_2022,Selenoamino Acid Metabolism R-HSA-2408522,1/114,0.9987103834834082,0.9999956748532078,0,0,0.1468869919335891,0.000189550140653285,VSIG2
Reactome_2022,Signaling By NTRK1 (TRKA) R-HSA-187037,1/114,0.9987103834834082,0.9999956748532078,0,0,0.1468869919335891,0.000189550140653285,DNM1
Reactome_2022,Deubiquitination R-HSA-5688426,6/279,0.9987735469692368,0.9999956748532078,0,0,0.3632918192918193,0.0004458338058521678,PROC;H2AC19;BRCA1;CLSPN;ESR1;CFTR
Reactome_2022,Influenza Infection R-HSA-168255,2/157,0.9989115285849433,0.9999956748532078,0,0,0.2138803965827595,0.0002329294894767153,NDC1;NUP43
Reactome_2022,Neutrophil Degranulation R-HSA-6798695,13/468,0.9990210917808142,0.9999956748532078,0,0,0.4705852287247636,0.0004608853672852369,PIGR;AOC1;TMEM63A;CRISP3;NME2;PTPRB;VNN1;CEACAM6;ALDH3B1;MMP28;S100P;PRSS3;FRK
Reactome_2022,HIV Infection R-HSA-162906,4/229,0.9991695910046874,0.9999956748532078,0,0,0.2940983929803805,0.00024432340926215966,TAF7L;NDC1;NUP43;AP1S3
Reactome_2022,Rab Regulation Of Trafficking R-HSA-9007101,1/122,0.999191690713438,0.9999956748532078,0,0,0.1371169458056022,0.00011087771842383162,RAB3IP
Reactome_2022,Membrane Trafficking R-HSA-199991,18/599,0.999284600089041,0.9999956748532078,0,0,0.5090581811265084,0.0003643105068462658,TBC1D8B;CFAP73;PRKAA2;HOMER2;RAB3IP;KIF12;ANK1;SYT8;DNM1;F5;KIF15;BTC;GJC2;GJB1;RAB36;AP1S3;CFTR;SPTBN2
Reactome_2022,Ub-specific Processing Proteases R-HSA-5689880,3/201,0.9993188399407378,0.9999956748532078,0,0,0.2507924994627122,0.0001708880414603891,H2AC19;CLSPN;CFTR
Reactome_2022,Chromatin Modifying Enzymes R-HSA-3247509,4/238,0.9994539386777864,0.9999956748532078,0,0,0.2826504068740094,0.0001543866110176662,MECOM;H4C15;PRDM16;H2AC19
Reactome_2022,Fc Epsilon Receptor (FCERI) Signaling R-HSA-2454202,1/130,0.9994930236380112,0.9999956748532078,0,0,0.1285586883446525,6.519274310557738e-05,VAV2
Reactome_2022,Keratinization R-HSA-6805567,3/208,0.999517981199567,0.9999956748532078,0,0,0.2421380384016606,0.00011674322528517537,KRT7;DSG2;PCSK6
Reactome_2022,Vesicle-mediated Transport R-HSA-5653656,19/637,0.9995415360600586,0.9999956748532078,0,0,0.5045997182836255,0.0002313938218532345,TBC1D8B;CFAP73;PRKAA2;HOMER2;RAB3IP;KIF12;SSC5D;ANK1;SYT8;DNM1;F5;KIF15;BTC;GJC2;GJB1;RAB36;AP1S3;CFTR;SPTBN2
Reactome_2022,Processing Of Capped Intron-Containing Pre-mRNA R-HSA-72203,4/242,0.9995471597293716,0.9999956748532078,0,0,0.2778403286780551,0.00012584578580090514,NDC1;NUP43;RNPC3;PPIL6
Reactome_2022,Disease R-HSA-1643685,69/1736,0.99962057185495,0.9999956748532078,0,0,0.6704523502079245,0.00025443676487182893,GALNT12;MOGAT2;ITGA2B;IHH;H2AC19;SLC40A1;BRCA1;BRCA2;OPLAH;SLC4A4;TAF7L;SHH;KIAA1549;EXO1;ADAMTSL3;MUC13;THSD7A;AP1S3;LARGE1;ADAMTS9;NDC1;GPR39;RMI2;AMN;RFC3;SLC6A14;ABCC6;PRKCA;LMO7;KSR2;KREMEN2;MUC5AC;VAV2;BTC;H4C15;RDH5;DNA2;CFTR;GNAZ;LRP5;NOXO1;SLC3A1;SLC6A20;ADCY6;RAD51AP1;BRIP1;NT5E;PDZD3;MUC1;ERBB3;GNG4;ERBB4;E2F1;NUP43;MAP2K6;CHGA;MUC16;CDKN2A;ABCA3;XRCC2;FZD8;MUC5B;ESR1;KITLG;PROC;RAD51;FGF18;NAPEPLD;FGFR4
Reactome_2022,Antigen Processing: Ubiquitination And Proteasome Degradation R-HSA-983168,6/307,0.9996272705672689,0.9999956748532078,0,0,0.329001107419712,0.00012265125542316435,DET1;LMO7;FBXL16;SH3RF1;FBXO41;KCTD7
Reactome_2022,mRNA Splicing R-HSA-72172,2/189,0.9998000765720572,0.9999956748532078,0,0,0.1769774017989513,3.5385466145762426e-05,RNPC3;PPIL6
Reactome_2022,Cellular Responses To Stimuli R-HSA-8953897,22/736,0.999804710510638,0.9999956748532078,0,0,0.5044163743044557,9.85168361281838e-05,NDC1;NQO1;CDKN2A;MT1M;H2AC19;HMGA2;LIN9;H1-1;HSPA12A;H1-0;NPAS2;NR3C2;BRIP1;H4C15;CREB3L1;E2F1;MT1G;MT1H;CA9;NUP43;MAP2K6;ATP6V1C2
Reactome_2022,SARS-CoV-2-host Interactions R-HSA-9705683,2/196,0.999861863656305,0.9999956748532078,0,0,0.1705276999077735,2.3557700088713924e-05,NDC1;NUP43
Reactome_2022,Cellular Response To Starvation R-HSA-9711097,1/153,0.9998660451124108,0.9999956748532078,0,0,0.1089718211457848,1.4598285829681124e-05,ATP6V1C2
Reactome_2022,Class I MHC Mediated Antigen Processing And Presentation R-HSA-983169,7/378,0.9999357652994296,0.9999956748532078,0,0,0.310515007050292,1.9946479135399645e-05,DET1;LMO7;CTSV;FBXL16;SH3RF1;FBXO41;KCTD7
Reactome_2022,Metabolism Of Proteins R-HSA-392499,72/1890,0.9999435363352912,0.9999956748532078,0,0,0.6376648996344394,3.6005913612080085e-05,GALNT12;CPM;ST6GALNAC1;GALNT14;PSCA;MOGAT2;H2AC19;PCSK9;BRCA1;MSLN;NR3C2;ADAMTSL3;MUC13;THSD7A;LARGE1;LMCD1;ADAMTS9;NDC1;MRPS24;PAX6;LMO7;ANK1;MUC5AC;F5;KCTD7;RAB36;H4C15;EEF1A2;B3GNT3;PIGM;IGFALS;DTL;ALG10B;CFTR;KLK1;GATA6;LYPD2;GATA4;FBXO41;DPP4;MUC1;ARSL;GNG4;ARSJ;GCNT3;NUP43;TNNI3;CLSPN;ARSD;SPTBN2;CHGA;CFAP73;MUC16;GOLM1;CDKN2A;ABCA3;FBXL16;MUC5B;ESR1;TTLL7;AGBL5;TSPAN15;BPIFB2;PROC;VNN1;RAB15;AGBL3;RAB19;MELTF;RAB17;RGS11;ALPG
Reactome_2022,Adaptive Immune System R-HSA-1280218,20/733,0.9999523210023452,0.9999956748532078,0,0,0.4584020814423658,2.1856672822307053e-05,NPDC1;BTNL9;RAP1GAP2;DET1;PRKCA;LMO7;FBXL16;CTSV;FBXO41;RAP1GAP;SH3RF1;DNM1;KIF15;KCTD7;NCR3LG1;AP1S3;CTSE;PRKG1;SPTBN2;ULBP3
Reactome_2022,Cellular Responses To Stress R-HSA-2262752,19/722,0.9999686519965388,0.9999956748532078,0,0,0.441522457709508,1.384106447850968e-05,NDC1;NQO1;CDKN2A;H2AC19;HMGA2;LIN9;H1-1;HSPA12A;H1-0;NPAS2;NR3C2;BRIP1;H4C15;CREB3L1;E2F1;CA9;NUP43;MAP2K6;ATP6V1C2
Reactome_2022,mRNA Splicing - Major Pathway R-HSA-72163,1/181,0.9999714084517182,0.9999956748532078,0,0,0.0918829891838741,2.6271144783438945e-06,PPIL6
Reactome_2022,Sensory Perception R-HSA-9709957,14/616,0.9999842157043148,0.9999956748532078,0,0,0.3803168786825175,6.003081444555764e-06,USH1C;AKR1C3;PRKCA;CACNA1D;SYP;REEP1;LHX2;MYO3A;NAPEPLD;RIMBP2;RDH5;BCO1;PLS1;TAS2R4
Reactome_2022,SARS-CoV-2 Infection R-HSA-9694516,3/283,0.9999858245653084,0.9999956748532078,0,0,0.1765672492401215,2.502935250402444e-06,NDC1;MOGAT2;NUP43
Reactome_2022,Signaling By Interleukins R-HSA-449147,8/453,0.999987285381579,0.9999956748532078,0,0,0.2949403183687354,3.750077445480859e-06,MUC1;IL20RA;RORC;PTPN20;PRKCA;IL17RE;IL17RB;MAP2K6
Reactome_2022,Innate Immune System R-HSA-168249,30/1035,0.9999881645674074,0.9999956748532078,0,0,0.4843358141174237,5.7323578027242085e-06,PIGR;TMEM63A;CRISP3;C4BPB;CTSV;DTX4;C5;MUC1;ALDH3B1;MMP28;MUC13;PRSS3;ATP6V1C2;MAP2K6;CHGA;AOC1;MUC16;NME2;PRKCA;MUC5B;MUC5AC;DNM1;VAV2;PTPRB;BPIFB2;VNN1;CEACAM6;SARM1;S100P;FRK
Reactome_2022,Immune System R-HSA-168256,58/1943,0.9999932741719728,0.9999956748532078,0,0,0.4870313284106387,3.275699974652368e-06,PIGR;DET1;EDA;CRISP3;RORC;PTPN20;C4BPB;CTSV;SH3RF1;KIF15;TRIM2;MMP28;MUC13;AP1S3;CTSE;PRSS3;PRKG1;NDC1;NME2;PRKCA;LMO7;IL17RE;MUC5AC;IL17RB;DNM1;VAV2;KCTD7;CEACAM6;TMEM63A;IL20RA;TNFRSF11B;DTX4;RAP1GAP;FBXO41;C5;MUC1;NCR3LG1;ALDH3B1;NUP43;ATP6V1C2;MAP2K6;SPTBN2;NPDC1;CHGA;BTNL9;RAP1GAP2;AOC1;MUC16;FBXL16;MUC5B;PTPRB;BPIFB2;VNN1;SARM1;S100P;TRIM31;FRK;ULBP3
Reactome_2022,Infectious Disease R-HSA-5663205,18/961,0.999994372777705,0.9999956748532078,0,0,0.3074319785738582,1.7299929515661036e-06,CHGA;NDC1;GPR39;GNAZ;MOGAT2;H2AC19;NOXO1;PRKCA;ADCY6;VAV2;TAF7L;NT5E;PDZD3;H4C15;GNG4;NUP43;AP1S3;MAP2K6
Reactome_2022,Cytokine Signaling In Immune System R-HSA-1280215,14/702,0.999994508430342,0.9999956748532078,0,0,0.3312105723386979,1.818870923737369e-06,NDC1;EDA;IL20RA;RORC;PTPN20;PRKCA;TNFRSF11B;IL17RE;IL17RB;MUC1;TRIM2;NUP43;TRIM31;MAP2K6
Reactome_2022,Translation R-HSA-72766,2/281,0.9999948645279062,0.9999956748532078,0,0,0.1180351184637021,6.061676134382404e-07,MRPS24;EEF1A2
Reactome_2022,Metabolism Of RNA R-HSA-8953854,11/666,0.9999948888136734,0.9999956748532078,0,0,0.2731106870229007,1.3959231765807985e-06,NDC1;GPRC5A;IGF2BP1;PRKCA;IGF2BP3;LCMT2;NUP43;LIN9;RNPC3;ADAT3;PPIL6
Reactome_2022,Olfactory Signaling Pathway R-HSA-381753,2/401,0.999995647846186,0.9999956748532078,0,0,0.0820030590204475,3.5689070269787894e-07,REEP1;LHX2
Reactome_2022,SARS-CoV Infections R-HSA-9679506,3/369,0.999995657930978,0.9999956748532078,0,0,0.1344538425764446,5.8380913221085e-07,NDC1;MOGAT2;NUP43
Reactome_2022,Expression And Translocation Of Olfactory Receptors R-HSA-9752946,2/393,0.9999956748532078,0.9999956748532078,0,0,0.0837171160681317,3.620895990569675e-07,REEP1;LHX2
