Gene_set,Term,Overlap,P-value,Adjusted P-value,Old P-value,Old Adjusted P-value,Odds Ratio,Combined Score,Genes
KEGG_2021_Human,Focal adhesion,21/201,7.235399266543374e-08,1.6786126298380627e-05,0,0,4.5031,74.03859765497354,PDGFRB;PDGFRA;TNXB;VWF;LAMA2;CAV1;ITGB3;TNC;VEGFC;THBS2;THBS1;MYLK;COL1A2;CCND1;COL4A2;COL4A1;COL6A2;KDR;ITGA8;COL6A3;MYL9
KEGG_2021_Human,ECM-receptor interaction,13/88,4.421782910708736e-07,5.129268176422133e-05,0,0,6.620787401574803,96.87239953493668,TNXB;VWF;LAMA2;ITGB3;TNC;THBS2;THBS1;COL1A2;COL4A2;COL4A1;COL6A2;ITGA8;COL6A3
KEGG_2021_Human,Protein digestion and absorption,13/103,2.762919796506429e-06,0.0002136657975964972,0,0,5.513057742782152,70.56285292645154,CPA3;COL15A1;COL14A1;COL12A1;COL3A1;COL1A2;COL4A2;COL4A1;COL6A2;COL5A2;COL8A1;COL6A3;PRSS2
KEGG_2021_Human,PI3K-Akt signaling pathway,25/354,7.091582498834322e-06,0.0004113117849323907,0,0,2.9338047847828217,34.784955798558585,CSF3;TNXB;LAMA2;ITGB3;TNC;THBS2;FGF2;THBS1;FGF7;CCND1;KDR;PDGFRB;PDGFRA;NTRK2;VWF;VEGFC;GNG11;IL6;COL1A2;COL4A2;COL4A1;COL6A2;ITGA8;COL6A3;TEK
KEGG_2021_Human,Cell adhesion molecules,13/148,0.00013613035820757895,0.0063164486208316,0,0,3.666841644794401,32.641848892669,HLA-DRB5;NEGR1;NRXN3;NRXN2;CDH5;CLDN5;MAG;ITGA8;NRCAM;LRRC4C;CD34;JAM2;JAM3
KEGG_2021_Human,Staphylococcus aureus infection,10/95,0.0001837561161756336,0.0071052364921244,0,0,4.465062737423737,38.40802822940806,C3;HLA-DRB5;C1S;C1R;KRT14;KRT13;DSG1;MASP1;DEFB4A;CFB
KEGG_2021_Human,Proteoglycans in cancer,15/205,0.00032625014911451765,0.0094478595210529,0,0,3.009517370501352,24.15994241287829,FZD4;LUM;FZD7;CAV1;ITGB3;MMP2;TWIST2;TWIST1;FGF2;THBS1;DCN;COL1A2;CCND1;KDR;TIMP3
KEGG_2021_Human,Amoebiasis,10/102,0.00032946925016208136,0.0094478595210529,0,0,4.123840721517911,33.06506843900867,SERPINB3;SERPINB4;IL6;COL3A1;COL1A2;GNAL;COL4A2;LAMA2;IL1R1;COL4A1
KEGG_2021_Human,Complement and coagulation cascades,9/85,0.0003665117917649852,0.0094478595210529,0,0,4.487741570723684,35.50467706789829,C3;VWF;C1S;F10;C1R;SERPINF2;MASP1;CLU;CFB
KEGG_2021_Human,Wnt signaling pathway,13/166,0.00042115892055996846,0.0097708869569912,0,0,3.232437857032577,25.12412425229179,MMP7;FZD4;FZD7;PRICKLE2;PRICKLE1;DKK1;SFRP4;SFRP1;SFRP2;CCND1;SOX17;CCN4;ROR2
KEGG_2021_Human,Human papillomavirus infection,19/331,0.0011649705374591,0.0245702876991384,0,0,2.32514174072939,15.706470762751996,PDGFRB;TNXB;VWF;LAMA2;FZD4;FZD7;ITGB3;TNC;THBS2;THBS1;CCNA1;COL1A2;CCND1;COL4A2;COL4A1;COL6A2;ITGA8;COL6A3;ATP6V1B1
KEGG_2021_Human,Calcium signaling pathway,15/240,0.0016427303669993,0.0317594537619872,0,0,2.5367588932806324,16.264164714199016,PDGFRB;PDGFRA;NTRK2;TNNC1;PTGER3;VEGFC;ADCY2;TACR1;FGF2;MYLK;FGF7;EDNRB;GNAL;LTB4R2;KDR
KEGG_2021_Human,Malaria,6/50,0.0018254891094528,0.0325779594917748,0,0,5.146072374227714,32.45065546765799,CSF3;IL6;HBB;ACKR1;THBS2;THBS1
KEGG_2021_Human,TGF-beta signaling pathway,8/94,0.0031538407449032,0.0522636466298251,0,0,3.516569200779727,20.252394248982096,CHRD;INHBB;FMOD;THBS1;DCN;THSD4;BMP6;FBN1
KEGG_2021_Human,Pathways in cancer,25/531,0.003394103377047,0.0524954655649947,0,0,1.8899217455055464,10.745557653008978,LAMA2;PTGER2;PTGER3;ADCY2;FGF2;DLL1;FGF7;EDNRB;CCND1;PDGFRB;PDGFRA;FZD4;FZD7;ZBTB16;MMP2;VEGFC;GNG11;AR;CCNA1;IL6;CXCL12;GSTA4;COL4A2;COL4A1;GSTM5
KEGG_2021_Human,AGE-RAGE signaling pathway in diabetic complications,8/100,0.0046080402936867,0.0668165842584578,0,0,3.28621069582168,17.67965781438982,IL6;COL3A1;COL1A2;CCND1;COL4A2;COL4A1;MMP2;VEGFC
KEGG_2021_Human,Relaxin signaling pathway,9/129,0.0067009301554591,0.0914479880039126,0,0,2.835791015625,14.194577260968458,COL3A1;EDNRB;COL1A2;COL4A2;COL4A1;MMP2;VEGFC;ADCY2;GNG11
KEGG_2021_Human,Vascular smooth muscle contraction,9/133,0.0081295973481708,0.1047814769319796,0,0,2.743746849798387,13.203578995318496,PPP1R14A;CALCRL;RAMP3;EDN3;CALD1;ADCY2;MYL9;RAMP1;MYLK
KEGG_2021_Human,Leukocyte transendothelial migration,8/114,0.0099653647157247,0.1216823481077974,0,0,2.850123211592924,13.135191057841928,CDH5;CLDN5;CXCL12;MMP2;THY1;MYL9;JAM2;JAM3
KEGG_2021_Human,Rheumatoid arthritis,7/93,0.0108064326925252,0.1253546192332923,0,0,3.071011673151751,13.904354531852338,CXCL6;HLA-DRB5;IL6;CXCL12;CTSK;TEK;ATP6V1B1
KEGG_2021_Human,IL-17 signaling pathway,7/94,0.0114221596068306,0.1261876680373673,0,0,3.035556151885147,13.575614177548406,CXCL6;CSF3;IL6;LCN2;DEFB4A;MUC5B;S100A7
KEGG_2021_Human,Hematopoietic cell lineage,7/99,0.0148864068635668,0.1569839269248865,0,0,2.8698401285738453,12.074297811688137,CSF3;HLA-DRB5;IL6;IL1R1;ANPEP;ITGB3;CD34
KEGG_2021_Human,Glutathione metabolism,5/57,0.0162138300660445,0.163548198927058,0,0,3.620117769827072,14.921729743609609,GGT5;GSTA4;GPX3;ANPEP;GSTM5
KEGG_2021_Human,Arachidonic acid metabolism,5/61,0.0211845889133085,0.2047843594953164,0,0,3.3608457918050942,12.954317255699044,GGT5;PTGIS;GPX3;PTGDS;ALOX15B
KEGG_2021_Human,ABC transporters,4/45,0.0292463404876559,0.2612922280796877,0,0,3.6680662357880833,12.95561296972753,ABCA6;ABCA9;ABCC9;ABCA8
KEGG_2021_Human,Fluid shear stress and atherosclerosis,8/139,0.0292827496985856,0.2612922280796877,0,0,2.303230510542684,8.132146519494043,CDH5;GSTA4;IL1R1;CAV1;ITGB3;MMP2;KDR;GSTM5
KEGG_2021_Human,Intestinal immune network for IgA production,4/48,0.035961428158841,0.3090019012167082,0,0,3.4174432917179534,11.36405273055315,HLA-DRB5;IL6;CXCL12;TNFRSF17
KEGG_2021_Human,Melanoma,5/72,0.0396202444117937,0.3282820251262912,0,0,2.8074742566238573,9.063692195440614,PDGFRB;PDGFRA;FGF7;CCND1;FGF2
KEGG_2021_Human,Pertussis,5/76,0.0481582954305547,0.3787363400697326,0,0,2.648760781744732,8.034385088617817,C3;CXCL6;IL6;C1S;C1R
KEGG_2021_Human,Rap1 signaling pathway,10/210,0.048974526733155,0.3787363400697326,0,0,1.886399217221135,5.690238310480969,PDGFRB;PDGFRA;FGF7;ITGB3;KDR;VEGFC;ADCY2;TEK;FGF2;THBS1
KEGG_2021_Human,Hedgehog signaling pathway,4/56,0.0578630501514157,0.4330396011331762,0,0,2.890492486237167,8.236967831498355,SCUBE2;CCND1;BOC;GAS1
KEGG_2021_Human,Legionellosis,4/57,0.0610063905424408,0.4422963314326962,0,0,2.8358089120835004,7.931124169893333,C3;IL6;HSPA2;HSPA1B
KEGG_2021_Human,Human cytomegalovirus infection,10/225,0.0709255643181286,0.471874342771287,0,0,1.7534246575342465,4.639779667763576,PDGFRA;IL6;CXCL12;CCND1;IL1R1;PTGER2;ITGB3;PTGER3;ADCY2;GNG11
KEGG_2021_Human,Viral myocarditis,4/60,0.0709652849232215,0.471874342771287,0,0,2.6834760983697152,7.099309011895926,HLA-DRB5;CCND1;LAMA2;CAV1
KEGG_2021_Human,Primary bile acid biosynthesis,2/17,0.07118793964222,0.471874342771287,0,0,5.0003853564547205,13.213177587970588,ACOX2;CYP7B1
KEGG_2021_Human,Hypertrophic cardiomyopathy,5/90,0.0859344609346945,0.5531568241329464,0,0,2.2108983128134976,5.425921098145174,IL6;LAMA2;ITGB3;TNNC1;ITGA8
KEGG_2021_Human,Morphine addiction,5/91,0.089094555166916,0.5531568241329464,0,0,2.185077519379845,5.283642112792049,PDE10A;PDE3A;ADCY2;PDE8B;GNG11
KEGG_2021_Human,Bladder cancer,3/41,0.0906032729183274,0.5531568241329464,0,0,2.962964844543792,7.114863604572128,CCND1;MMP2;THBS1
KEGG_2021_Human,Phagosome,7/152,0.1029475884824333,0.5843004478300219,0,0,1.815886220313968,4.128481368091921,C3;HLA-DRB5;C1R;ITGB3;THBS2;THBS1;ATP6V1B1
KEGG_2021_Human,Renin secretion,4/69,0.1053917944012906,0.5843004478300219,0,0,2.3108466002083023,5.199567760268087,EDN3;PTGER2;CLCA2;PDE3A
KEGG_2021_Human,Platelet activation,6/124,0.1055142561992207,0.5843004478300219,0,0,1.911568207997367,4.29894333960974,COL3A1;COL1A2;VWF;ITGB3;ADCY2;MYLK
KEGG_2021_Human,Dilated cardiomyopathy,5/96,0.1057785293485384,0.5843004478300219,0,0,2.064485901695204,4.6376770598978965,LAMA2;ITGB3;TNNC1;ITGA8;ADCY2
KEGG_2021_Human,Prostate cancer,5/97,0.1092879544031323,0.5896466377099234,0,0,2.0419405123019887,4.520384803259428,PDGFRB;PDGFRA;AR;CCND1;ERG
KEGG_2021_Human,Regulation of actin cytoskeleton,9/218,0.1174440013606007,0.6174089757814855,0,0,1.6207199461722488,3.4712476780630137,PDGFRB;PDGFRA;FGF7;CXCL12;ITGB3;ITGA8;MYL9;FGF2;MYLK
KEGG_2021_Human,Renin-angiotensin system,2/23,0.119756051336926,0.6174089757814855,0,0,3.570602807597027,7.577885021517431,CPA3;ANPEP
KEGG_2021_Human,Longevity regulating pathway,5/102,0.1276613886290915,0.6373406506077134,0,0,1.9361863661791736,3.985395523607352,ADCY2;HSPA2;PPARGC1A;CRYAB;HSPA1B
KEGG_2021_Human,Thyroid hormone synthesis,4/75,0.1318151449471197,0.6373406506077134,0,0,2.1149099626774186,4.285557859191,GPX3;ADCY2;SLC26A4;SLC5A5
KEGG_2021_Human,Hippo signaling pathway,7/163,0.1342996219201497,0.6373406506077134,0,0,1.6868826698593236,3.3867239566088427,CCND1;FZD4;FZD7;CCN2;FAT4;WTIP;BMP6
KEGG_2021_Human,Arrhythmogenic right ventricular cardiomyopathy,4/77,0.1411757968360373,0.6373406506077134,0,0,2.056755252907978,4.026611319392895,GJA1;LAMA2;ITGB3;ITGA8
KEGG_2021_Human,Folate biosynthesis,2/26,0.1463702039208586,0.6373406506077134,0,0,3.123795761078998,6.002736612764308,AKR1B10;ALPP
KEGG_2021_Human,cGMP-PKG signaling pathway,7/167,0.1467486945851711,0.6373406506077134,0,0,1.6443701361867704,3.155601732621528,EDNRB;KCNJ8;PDE3A;ADCY2;ADRA2C;MYL9;MYLK
KEGG_2021_Human,MAPK signaling pathway,11/294,0.1473488461231296,0.6373406506077134,0,0,1.4630083835654404,2.80159141633343,PDGFRB;PDGFRA;NTRK2;FGF7;IL1R1;KDR;VEGFC;HSPA2;TEK;FGF2;HSPA1B
KEGG_2021_Human,Apelin signaling pathway,6/137,0.1483465307448987,0.6373406506077134,0,0,1.7207144445267917,3.283474733310894,CCND1;ADCY2;CCN2;PPARGC1A;GNG11;MYLK
KEGG_2021_Human,Estrogen signaling pathway,6/137,0.1483465307448987,0.6373406506077134,0,0,1.7207144445267917,3.283474733310894,MMP2;KRT14;KRT13;ADCY2;HSPA2;HSPA1B
KEGG_2021_Human,Ras signaling pathway,9/232,0.1533604043410594,0.646902069220469,0,0,1.5178671524663676,2.845947092921085,PDGFRB;PDGFRA;NTRK2;FGF7;KDR;VEGFC;TEK;GNG11;FGF2
KEGG_2021_Human,Glycosaminoglycan biosynthesis,3/53,0.1596487129596739,0.6614018108329351,0,0,2.2504633204633206,4.129103789205752,CHST6;CHPF;CHST1
KEGG_2021_Human,Signaling pathways regulating pluripotency of stem cells,6/143,0.1703969061471356,0.6935453022129028,0,0,1.6448444475940756,2.910757561418361,DLX5;FZD4;FZD7;INHBB;FGF2;TBX3
KEGG_2021_Human,Breast cancer,6/147,0.1858100563911719,0.7432402255646876,0,0,1.5978516835364591,2.6892328450336938,FGF7;CCND1;FZD4;FZD7;FGF2;DLL1
KEGG_2021_Human,Riboflavin metabolism,1/8,0.1903874206856848,0.7486420610013369,0,0,5.349450549450549,8.873102742041626,ENPP3
KEGG_2021_Human,Gap junction,4/88,0.1968572979616303,0.7526590100253684,0,0,1.7864050842774246,2.9034016465992867,PDGFRB;PDGFRA;GJA1;ADCY2
KEGG_2021_Human,Axon guidance,7/182,0.1978974121187391,0.7526590100253684,0,0,1.5022568093385211,2.4336658005611653,CXCL12;TRPC4;BOC;SEMA3B;SLIT3;LRRC4C;MYL9
KEGG_2021_Human,Mineral absorption,3/60,0.2054405671749714,0.7687453481386027,0,0,1.973379394432026,3.1230672650256945,SLC34A2;TF;MT1A
KEGG_2021_Human,Human T-cell leukemia virus 1 infection,8/219,0.2132974882756015,0.7801313356659362,0,0,1.424055135205048,2.2002612066795475,CCNA1;HLA-DRB5;IL6;MMP7;CCND1;IL1R1;ADCY2;MSX1
KEGG_2021_Human,Cushing syndrome,6/155,0.2181578862139095,0.7801313356659362,0,0,1.511435459698964,2.301215246164701,RASD1;CCND1;FZD4;FZD7;ADCY2;PDE8B
KEGG_2021_Human,Small cell lung cancer,4/92,0.2185712793891631,0.7801313356659362,0,0,1.7048531739053985,2.592473208907379,CCND1;COL4A2;LAMA2;COL4A1
KEGG_2021_Human,Salivary secretion,4/93,0.2240983892872618,0.7877397926461324,0,0,1.6856105883119987,2.521117333034046,CST2;DMBT1;ADCY2;MUC5B
KEGG_2021_Human,Nicotinate and nicotinamide metabolism,2/35,0.2313290230468195,0.8010199006994349,0,0,2.2708004904536696,3.32425717344627,NNMT;ENPP3
KEGG_2021_Human,Cytokine-cytokine receptor interaction,10/295,0.2418394025051415,0.8064329031580619,0,0,1.3179524152847872,1.870808938441108,ACVRL1;CXCL6;CSF3;IL6;CXCL12;IL1R1;TNFRSF17;INHBB;CXCL14;BMP6
KEGG_2021_Human,Purine metabolism,5/129,0.2465125270816038,0.8064329031580619,0,0,1.5124874968742186,2.118000472659848,PDE10A;PDE3A;ADCY2;ENPP3;PDE8B
KEGG_2021_Human,JAK-STAT signaling pathway,6/162,0.2478921326626027,0.8064329031580619,0,0,1.443091859596714,2.0127690769464865,PDGFRB;PDGFRA;CSF3;IL6;CCND1;FHL1
KEGG_2021_Human,African trypanosomiasis,2/37,0.2507243035427637,0.8064329031580619,0,0,2.1408202587393337,2.9616136056158515,IL6;HBB
KEGG_2021_Human,Taurine and hypotaurine metabolism,1/11,0.2520516754221998,0.8064329031580619,0,0,3.744038461538461,5.159738595103209,GGT5
KEGG_2021_Human,Acute myeloid leukemia,3/67,0.2537482841833557,0.8064329031580619,0,0,1.7569075772200773,2.4094450311707645,CCNA1;CCND1;ZBTB16
KEGG_2021_Human,Coronavirus disease,8/232,0.259467714196494,0.8134663472106298,0,0,1.3405040378724589,1.808504828475609,C3;CSF3;IL6;VWF;C1S;C1R;MASP1;CFB
KEGG_2021_Human,Viral protein interaction with cytokine and cytokine receptor,4/100,0.2636957043100067,0.8144261672178458,0,0,1.562137330754352,2.08226575756121,CXCL6;IL6;CXCL12;CXCL14
KEGG_2021_Human,Melanogenesis,4/101,0.2694613420097562,0.8144261672178458,0,0,1.545953059881553,2.0272551551935885,EDNRB;FZD4;FZD7;ADCY2
KEGG_2021_Human,Epithelial cell signaling in Helicobacter pylori infection,3/70,0.2749354883746577,0.8144261672178458,0,0,1.6779807526076185,2.166640288039712,JAM2;ATP6V1B1;JAM3
KEGG_2021_Human,Pancreatic secretion,4/102,0.2752490950239005,0.8144261672178458,0,0,1.530099080251056,1.9739483718940452,CPA3;CLCA2;ADCY2;PRSS2
KEGG_2021_Human,Neuroactive ligand-receptor interaction,11/341,0.2773261517681457,0.8144261672178458,0,0,1.2515686274509803,1.6052131382159085,C3;EDNRB;CALCRL;EDN3;LTB4R2;PTGER2;PENK;PTGER3;TACR1;ADRA2C;PRSS2
KEGG_2021_Human,Chemical carcinogenesis,8/239,0.2855016524216393,0.827954792022754,0,0,1.299410141515405,1.6288203087000728,AR;FGF7;GSTA4;CCND1;ADCY2;FGF2;DLL1;GSTM5
KEGG_2021_Human,p53 signaling pathway,3/73,0.2962924570820927,0.8365250516133846,0,0,1.605819084390513,1.9533316332550632,TP53AIP1;CCND1;THBS1
KEGG_2021_Human,"Parathyroid hormone synthesis, secretion and action",4/106,0.2985881862244792,0.8365250516133846,0,0,1.469791785186028,1.7765225719032085,SLC34A2;CYP24A1;ADCY2;PTHLH
KEGG_2021_Human,Graft-versus-host disease,2/42,0.2992740486375471,0.8365250516133846,0,0,1.8727360308285164,2.2592604602481448,HLA-DRB5;IL6
KEGG_2021_Human,Glioma,3/75,0.3105866043415439,0.8578106215147404,0,0,1.5610521235521235,1.8253265363148,PDGFRB;PDGFRA;CCND1
KEGG_2021_Human,Thiamine metabolism,1/15,0.3270399967148799,0.8805061406692607,0,0,2.6737637362637363,2.988393005530288,ALPP
KEGG_2021_Human,Antigen processing and presentation,3/78,0.3320583943389463,0.8805061406692607,0,0,1.4983783783783784,1.6518789107143093,HLA-DRB5;HSPA2;HSPA1B
KEGG_2021_Human,cAMP signaling pathway,7/216,0.3328427429150504,0.8805061406692607,0,0,1.2556550555731387,1.3813274726773916,PDE10A;EDN3;PTGER2;PTGER3;PDE3A;ADCY2;MYL9
KEGG_2021_Human,Toxoplasmosis,4/112,0.3339850878400644,0.8805061406692607,0,0,1.387706855791962,1.5218411214376215,HLA-DRB5;LAMA2;HSPA2;HSPA1B
KEGG_2021_Human,Serotonergic synapse,4/113,0.3399101024268681,0.8860577950902631,0,0,1.3749046190974747,1.4836239657581585,CYP4X1;KCND2;ALOX15B;GNG11
KEGG_2021_Human,Other types of O-glycan biosynthesis,2/47,0.3472945081059944,0.8861591251666451,0,0,1.6642260757867695,1.7600557621423127,GALNT15;GXYLT2
KEGG_2021_Human,Gastric cancer,5/149,0.3475882775438134,0.8861591251666451,0,0,1.301073966408269,1.3748924928058786,FGF7;CCND1;FZD4;FZD7;FGF2
KEGG_2021_Human,Adrenergic signaling in cardiomyocytes,5/150,0.3527563290987455,0.8895594385968365,0,0,1.2920342154504143,1.3462708998865194,PPP1R1A;TNNC1;SCN7A;ADCY2;SCN1B
KEGG_2021_Human,Nitrogen metabolism,1/17,0.3616709694010917,0.902232955925304,0,0,2.3393028846153845,2.379118766626049,CA8
KEGG_2021_Human,Oxytocin signaling pathway,5/154,0.3734548233534652,0.9217182874255736,0,0,1.2570886010093127,1.238179771702394,CCND1;KCNJ12;ADCY2;MYL9;MYLK
KEGG_2021_Human,Transcriptional misregulation in cancer,6/192,0.384290070826018,0.930208540234436,0,0,1.2084559974945193,1.1557161001689156,CCNA1;IL6;ZBTB16;TSPAN7;ERG;PROM1
KEGG_2021_Human,Ovarian steroidogenesis,2/51,0.3849138787176977,0.930208540234436,0,0,1.528056309228894,1.458889850986057,ADCY2;BMP6
KEGG_2021_Human,Steroid biosynthesis,1/20,0.4103106939364084,0.9778167122976654,0,0,1.9696356275303644,1.7546314160652892,CYP24A1
KEGG_2021_Human,MicroRNAs in cancer,9/310,0.4181727511177017,0.9778167122976654,0,0,1.1199776785714286,0.9764644686707524,PDGFRB;PDGFRA;TNXB;CYP24A1;CCND1;ITGB3;TNC;TIMP3;THBS1
KEGG_2021_Human,Regulation of lipolysis in adipocytes,2/55,0.4215625536902972,0.9778167122976654,0,0,1.412440469698622,1.2200478646163233,PTGER3;ADCY2
KEGG_2021_Human,Osteoclast differentiation,4/127,0.4225978109398685,0.9778167122976654,0,0,1.2175307826579234,1.048701089906156,IL1R1;ITGB3;CTSK;FHL2
KEGG_2021_Human,Pantothenate and CoA biosynthesis,1/21,0.4256874480261388,0.9778167122976654,0,0,1.8710576923076925,1.5979766201806234,ENPP3
KEGG_2021_Human,Hepatocellular carcinoma,5/168,0.4455228464702951,0.9847374261316888,0,0,1.1482855376420793,0.9283966088282006,CCND1;GSTA4;FZD4;FZD7;GSTM5
KEGG_2021_Human,Tight junction,5/169,0.4506089992697806,0.9847374261316888,0,0,1.1412247116657213,0.9097333039261672,CLDN5;CCND1;MYL9;JAM2;JAM3
KEGG_2021_Human,Circadian entrainment,3/97,0.4651413572791753,0.9847374261316888,0,0,1.1943440400887209,0.9141675600536112,RASD1;ADCY2;GNG11
KEGG_2021_Human,Influenza A,5/172,0.4657911838212771,0.9847374261316888,0,0,1.1205495984774636,0.856119893559736,TPSB2;HLA-DRB5;IL6;TPSAB1;PRSS2
KEGG_2021_Human,Systemic lupus erythematosus,4/135,0.4688047559034775,0.9847374261316888,0,0,1.1427052726386815,0.8656779717611234,C3;HLA-DRB5;C1S;C1R
KEGG_2021_Human,Vitamin digestion and absorption,1/24,0.4694577326315565,0.9847374261316888,0,0,1.6267558528428094,1.2301153779906897,APOB
KEGG_2021_Human,Choline metabolism in cancer,3/98,0.4718646337560249,0.9847374261316888,0,0,1.1817110343426134,0.8875395851592647,PDGFRB;PDGFRA;WASF3
KEGG_2021_Human,Inflammatory mediator regulation of TRP channels,3/98,0.4718646337560249,0.9847374261316888,0,0,1.1817110343426134,0.8875395851592647,IL1R1;PTGER2;ADCY2
KEGG_2021_Human,Basal cell carcinoma,2/63,0.4912612238307508,0.9847374261316888,0,0,1.22669698979753,0.8719107891616824,FZD4;FZD7
KEGG_2021_Human,Measles,4/139,0.49140591215961,0.9847374261316888,0,0,1.1086180958521383,0.7876562924836312,IL6;CCND1;HSPA2;HSPA1B
KEGG_2021_Human,Chagas disease,3/102,0.4983604605175005,0.9847374261316888,0,0,1.1337311337311338,0.7895662412705036,C3;IL6;GNAL
KEGG_2021_Human,GnRH secretion,2/64,0.4995982682119627,0.9847374261316888,0,0,1.2068494002113246,0.8374943084036583,TRPC4;KCNN3
KEGG_2021_Human,Cortisol synthesis and secretion,2/65,0.5078471607192969,0.9847374261316888,0,0,1.187631892834205,0.804709372663534,ADCY2;PDE8B
KEGG_2021_Human,Inflammatory bowel disease,2/65,0.5078471607192969,0.9847374261316888,0,0,1.187631892834205,0.804709372663534,HLA-DRB5;IL6
KEGG_2021_Human,Collecting duct acid secretion,1/27,0.509898041365708,0.9847374261316888,0,0,1.4388313609467456,0.96911693828539,ATP6V1B1
KEGG_2021_Human,Fatty acid elongation,1/27,0.509898041365708,0.9847374261316888,0,0,1.4388313609467456,0.96911693828539,PPT2
KEGG_2021_Human,Th17 cell differentiation,3/107,0.5305069078672673,0.9847374261316888,0,0,1.0789463914463917,0.6839681775950849,HLA-DRB5;IL6;IL1R1
KEGG_2021_Human,Retinol metabolism,2/68,0.5320547828668357,0.9847374261316888,0,0,1.1334734629532317,0.7152317519383304,RDH12;RDH16
KEGG_2021_Human,Drug metabolism,3/108,0.5367971614067328,0.9847374261316888,0,0,1.06861555432984,0.6648231179409645,GSTA4;CES1;GSTM5
KEGG_2021_Human,Insulin resistance,3/108,0.5367971614067328,0.9847374261316888,0,0,1.06861555432984,0.6648231179409645,IL6;GFPT2;PPARGC1A
KEGG_2021_Human,HIF-1 signaling pathway,3/109,0.5430392061787159,0.9847374261316888,0,0,1.058479638668318,0.6462798915392097,IL6;TF;TEK
KEGG_2021_Human,beta-Alanine metabolism,1/30,0.5472612633586106,0.9847374261316888,0,0,1.289787798408488,0.7775214384875123,SMOX
KEGG_2021_Human,Central carbon metabolism in cancer,2/70,0.5477357690943039,0.9847374261316888,0,0,1.1000226680267482,0.6621721549499248,PDGFRB;PDGFRA
KEGG_2021_Human,Asthma,1/31,0.5590727931016738,0.9847374261316888,0,0,1.2467307692307692,0.724943514705367,HLA-DRB5
KEGG_2021_Human,Circadian rhythm,1/31,0.5590727931016738,0.9847374261316888,0,0,1.2467307692307692,0.724943514705367,RORB
KEGG_2021_Human,Galactose metabolism,1/31,0.5590727931016738,0.9847374261316888,0,0,1.2467307692307692,0.724943514705367,AKR1B10
KEGG_2021_Human,TNF signaling pathway,3/112,0.5614691886464996,0.9847374261316888,0,0,1.0291877723070384,0.5940455144811033,CXCL6;IL6;VEGFC
KEGG_2021_Human,Chemokine signaling pathway,5/192,0.5629444897823829,0.9847374261316888,0,0,0.9996683662894332,0.5743837047013594,CXCL6;CXCL12;ADCY2;CXCL14;GNG11
KEGG_2021_Human,Cholinergic synapse,3/113,0.567511705549542,0.9847374261316888,0,0,1.01977886977887,0.5776985124645819,KCNJ12;ADCY2;GNG11
KEGG_2021_Human,Kaposi sarcoma-associated herpesvirus infection,5/193,0.5675721589418067,0.9847374261316888,0,0,0.9942994392215077,0.5631586596748026,C3;IL6;CCND1;GNG11;FGF2
KEGG_2021_Human,Glutamatergic synapse,3/114,0.5735028701009963,0.9847374261316888,0,0,1.0105394970259836,0.5618522174815918,ADCY2;GNG11;SHANK3
KEGG_2021_Human,Fructose and mannose metabolism,1/33,0.5817811166727744,0.9847374261316888,0,0,1.1686899038461538,0.633033730531505,AKR1B10
KEGG_2021_Human,Gastric acid secretion,2/76,0.5925365176036395,0.9847374261316888,0,0,1.0105191897099413,0.5288479167170788,ADCY2;MYLK
KEGG_2021_Human,Metabolism of xenobiotics by cytochrome P450,2/76,0.5925365176036395,0.9847374261316888,0,0,1.0105191897099413,0.5288479167170788,GSTA4;GSTM5
KEGG_2021_Human,Pentose and glucuronate interconversions,1/34,0.5926936918788641,0.9847374261316888,0,0,1.1332167832167832,0.5927602622899321,AKR1B10
KEGG_2021_Human,Leishmaniasis,2/77,0.5996734734263459,0.9847374261316888,0,0,0.9969942196531792,0.5098329170141801,C3;HLA-DRB5
KEGG_2021_Human,AMPK signaling pathway,3/120,0.6083454353767395,0.9847374261316888,0,0,0.9584199584199584,0.4763466114685547,CCNA1;CCND1;PPARGC1A
KEGG_2021_Human,Diabetic cardiomyopathy,5/203,0.612407923519137,0.9847374261316888,0,0,0.943592905802208,0.4626970815526736,COL3A1;COL1A2;GFPT2;MMP2;COX7A1
KEGG_2021_Human,Mucin type O-glycan biosynthesis,1/36,0.6136735991907774,0.9847374261316888,0,0,1.0683516483516484,0.5216676587928447,GALNT15
KEGG_2021_Human,Starch and sucrose metabolism,1/36,0.6136735991907774,0.9847374261316888,0,0,1.0683516483516484,0.5216676587928447,ENPP3
KEGG_2021_Human,Thyroid hormone signaling pathway,3/121,0.6139648628698843,0.9847374261316888,0,0,0.950248674824946,0.46354800806642,CCND1;ITGB3;DIO2
KEGG_2021_Human,"Alanine, aspartate and glutamate metabolism",1/37,0.6237555160280996,0.9847374261316888,0,0,1.0386217948717948,0.4902261517742657,GFPT2
KEGG_2021_Human,Thyroid cancer,1/37,0.6237555160280996,0.9847374261316888,0,0,1.0386217948717948,0.4902261517742657,CCND1
KEGG_2021_Human,Allograft rejection,1/38,0.6335748168423759,0.9847374261316888,0,0,1.0104989604989605,0.4611686714593804,HLA-DRB5
KEGG_2021_Human,Primary immunodeficiency,1/38,0.6335748168423759,0.9847374261316888,0,0,1.0104989604989605,0.4611686714593804,CD79A
KEGG_2021_Human,"Glycine, serine and threonine metabolism",1/40,0.6524527047615759,0.9847374261316888,0,0,0.9585798816568049,0.4093295463721116,GCAT
KEGG_2021_Human,Protein processing in endoplasmic reticulum,4/171,0.6543288489625437,0.9847374261316888,0,0,0.8947057529042495,0.3794851744314241,DERL3;HSPA2;CRYAB;HSPA1B
KEGG_2021_Human,Insulin secretion,2/86,0.6596755857004696,0.9847374261316888,0,0,0.8897605284888522,0.3701466985951593,ADCY2;KCNN3
KEGG_2021_Human,Ferroptosis,1/41,0.6615244206248735,0.9847374261316888,0,0,0.9345673076923076,0.3861710423378754,TF
KEGG_2021_Human,Cardiac muscle contraction,2/87,0.6658776581276936,0.9847374261316888,0,0,0.8792474215119573,0.3575453676706845,TNNC1;COX7A1
KEGG_2021_Human,GABAergic synapse,2/89,0.6780081179357974,0.9847374261316888,0,0,0.8589462494186433,0.3337830919912137,ADCY2;GNG11
KEGG_2021_Human,Fat digestion and absorption,1/43,0.6789649501814042,0.9847374261316888,0,0,0.8899725274725274,0.3445847005693169,APOB
KEGG_2021_Human,Type I diabetes mellitus,1/43,0.6789649501814042,0.9847374261316888,0,0,0.8899725274725274,0.3445847005693169,HLA-DRB5
KEGG_2021_Human,Glycosphingolipid biosynthesis,1/45,0.6955084578525796,0.9847374261316888,0,0,0.8494318181818182,0.3084389771418357,ST6GALNAC5
KEGG_2021_Human,Th1 and Th2 cell differentiation,2/92,0.6955282436339223,0.9847374261316888,0,0,0.8301862556197817,0.3014270636210162,HLA-DRB5;DLL1
KEGG_2021_Human,GnRH signaling pathway,2/93,0.7011906569200015,0.9847374261316888,0,0,0.8210209828706938,0.2914422932144889,MMP2;ADCY2
KEGG_2021_Human,Amino sugar and nucleotide sugar metabolism,1/48,0.718741894426443,0.9847374261316888,0,0,0.7950900163666121,0.2625808347537538,GFPT2
KEGG_2021_Human,Apoptosis,3/142,0.7192236535913215,0.9847374261316888,0,0,0.8058109496958418,0.265581515786602,TP53AIP1;CTSK;SEPTIN4
KEGG_2021_Human,Arginine and proline metabolism,1/50,0.7332391976575385,0.9847374261316888,0,0,0.7625588697017268,0.2366092851083445,SMOX
KEGG_2021_Human,Cholesterol metabolism,1/50,0.7332391976575385,0.9847374261316888,0,0,0.7625588697017268,0.2366092851083445,APOB
KEGG_2021_Human,Vibrio cholerae infection,1/50,0.7332391976575385,0.9847374261316888,0,0,0.7625588697017268,0.2366092851083445,ATP6V1B1
KEGG_2021_Human,Progesterone-mediated oocyte maturation,2/100,0.7384139813878348,0.9847374261316888,0,0,0.7621013723408439,0.2311077451137075,CCNA1;ADCY2
KEGG_2021_Human,Phospholipase D signaling pathway,3/148,0.7448548329981632,0.9847374261316888,0,0,0.7722273998136067,0.2274718857693672,PDGFRB;PDGFRA;ADCY2
KEGG_2021_Human,Autoimmune thyroid disease,1/53,0.7535986372489463,0.9847374261316888,0,0,0.7184541420118343,0.2032473460526971,HLA-DRB5
KEGG_2021_Human,NF-kappa B signaling pathway,2/104,0.7578573837066978,0.9847374261316888,0,0,0.7320639238354302,0.2029720868505805,CXCL12;IL1R1
KEGG_2021_Human,Toll-like receptor signaling pathway,2/104,0.7578573837066978,0.9847374261316888,0,0,0.7320639238354302,0.2029720868505805,IL6;CTSK
KEGG_2021_Human,Pathogenic Escherichia coli infection,4/197,0.758127786082692,0.9847374261316888,0,0,0.7731331616239565,0.2140831426001672,CLDN5;IL6;IL1R1;WASF3
KEGG_2021_Human,mTOR signaling pathway,3/154,0.7685874206536093,0.9847374261316888,0,0,0.7413127413127413,0.1951142307752697,FZD4;FZD7;ATP6V1B1
KEGG_2021_Human,Glucagon signaling pathway,2/107,0.7716092020235203,0.9847374261316888,0,0,0.7110377098816405,0.1843557755870609,ADCY2;PPARGC1A
KEGG_2021_Human,Pyrimidine metabolism,1/56,0.7724069676250702,0.9847374261316888,0,0,0.6791608391608391,0.1753890132440393,ENPP3
KEGG_2021_Human,Epstein-Barr virus infection,4/202,0.7750436688842677,0.9847374261316888,0,0,0.75341421956509,0.1919969939318249,CCNA1;HLA-DRB5;IL6;CCND1
KEGG_2021_Human,Cellular senescence,3/156,0.7760879952968203,0.9847374261316888,0,0,0.7315466727231433,0.185439304628482,CCNA1;IL6;CCND1
KEGG_2021_Human,Endometrial cancer,1/58,0.7841427567523025,0.9847374261316888,0,0,0.6552631578947369,0.1593365333969501,CCND1
KEGG_2021_Human,Endocytosis,5/252,0.7889068281892506,0.9847374261316888,0,0,0.7544801180052098,0.1788925577719178,PDGFRA;CAV1;HSPA2;FOLR3;HSPA1B
KEGG_2021_Human,Notch signaling pathway,1/59,0.7897821518065158,0.9847374261316888,0,0,0.6439323607427055,0.151966832180726,DLL1
KEGG_2021_Human,VEGF signaling pathway,1/59,0.7897821518065158,0.9847374261316888,0,0,0.6439323607427055,0.151966832180726,KDR
KEGG_2021_Human,Glycerolipid metabolism,1/61,0.8006235942916452,0.9847374261316888,0,0,0.6224038461538461,0.1384004342163663,AKR1B10
KEGG_2021_Human,Steroid hormone biosynthesis,1/61,0.8006235942916452,0.9847374261316888,0,0,0.6224038461538461,0.1384004342163663,CYP7B1
KEGG_2021_Human,Cytosolic DNA-sensing pathway,1/63,0.8109069297920297,0.9847374261316888,0,0,0.6022642679900745,0.1262357898382818,IL6
KEGG_2021_Human,Lysine degradation,1/63,0.8109069297920297,0.9847374261316888,0,0,0.6022642679900745,0.1262357898382818,BBOX1
KEGG_2021_Human,Lipid and atherosclerosis,4/215,0.8146664312277893,0.9847374261316888,0,0,0.706518650251634,0.1448197458016589,IL6;HSPA2;APOB;HSPA1B
KEGG_2021_Human,Long-term potentiation,1/67,0.8299125219200731,0.9847374261316888,0,0,0.5656468531468531,0.1054563592008517,PPP1R1A
KEGG_2021_Human,Cell cycle,2/124,0.837310543992285,0.9847374261316888,0,0,0.6114217126251619,0.1085641964304846,CCNA1;CCND1
KEGG_2021_Human,Adipocytokine signaling pathway,1/69,0.8386877977270719,0.9847374261316888,0,0,0.5489536199095023,0.0965701389820413,PPARGC1A
KEGG_2021_Human,Prion disease,5/273,0.8423452728126536,0.9847374261316888,0,0,0.6946011222954992,0.1191694402509516,IL6;CAV1;HSPA2;COX7A1;HSPA1B
KEGG_2021_Human,Prolactin signaling pathway,1/70,0.8429044842867965,0.9847374261316888,0,0,0.5409698996655519,0.0924526386741168,CCND1
KEGG_2021_Human,Adherens junction,1/71,0.8470111516379492,0.9847374261316888,0,0,0.5332142857142858,0.0885356562974452,WASF3
KEGG_2021_Human,Lysosome,2/128,0.8500553964305875,0.9847374261316888,0,0,0.5918891641434995,0.0961546198337092,CTSK;PPT2
KEGG_2021_Human,Non-small cell lung cancer,1/72,0.8510106648938877,0.9847374261316888,0,0,0.5256771397616468,0.0848078179823753,CCND1
KEGG_2021_Human,Tuberculosis,3/180,0.8513717683767328,0.9847374261316888,0,0,0.6315686146194621,0.101623422782528,C3;HLA-DRB5;IL6
KEGG_2021_Human,Oocyte meiosis,2/129,0.853096517254865,0.9847374261316888,0,0,0.5871982765160135,0.0932955815684126,AR;ADCY2
KEGG_2021_Human,NOD-like receptor signaling pathway,3/181,0.8539662281942101,0.9847374261316888,0,0,0.6279879397856926,0.0991364566597352,IL6;DEFB4A;ANTXR1
KEGG_2021_Human,PPAR signaling pathway,1/74,0.8586993195419323,0.9847374261316888,0,0,0.5112223393045311,0.0778777982383213,ACOX2
KEGG_2021_Human,FoxO signaling pathway,2/131,0.8590107466551647,0.9847374261316888,0,0,0.5780346820809249,0.0878461539989629,IL6;CCND1
KEGG_2021_Human,Dopaminergic synapse,2/132,0.8618855725486294,0.9847374261316888,0,0,0.5735586186453239,0.0852496025720345,GNAL;GNG11
KEGG_2021_Human,Oxidative phosphorylation,2/133,0.8647066728934371,0.9847374261316888,0,0,0.569150892056068,0.0827345830216576,COX7A1;ATP6V1B1
KEGG_2021_Human,Chronic myeloid leukemia,1/76,0.8659919144755566,0.9847374261316888,0,0,0.4975384615384615,0.0715856881154443,CCND1
KEGG_2021_Human,Pancreatic cancer,1/76,0.8659919144755566,0.9847374261316888,0,0,0.4975384615384615,0.0715856881154443,CCND1
KEGG_2021_Human,Bacterial invasion of epithelial cells,1/77,0.8694960949982767,0.9847374261316888,0,0,0.4909665991902834,0.0686574743995646,CAV1
KEGG_2021_Human,Synaptic vesicle cycle,1/78,0.87290881442966,0.9847374261316888,0,0,0.4845654345654345,0.0658641590700725,ATP6V1B1
KEGG_2021_Human,Neutrophil extracellular trap formation,3/189,0.873334442599723,0.9847374261316888,0,0,0.600728608793125,0.0813607008172073,C3;VWF;ITGB3
KEGG_2021_Human,B cell receptor signaling pathway,1/81,0.8826217248808733,0.9847374261316888,0,0,0.4663221153846154,0.0582243114650844,CD79A
KEGG_2021_Human,Peroxisome,1/82,0.885691815306199,0.9847374261316888,0,0,0.4605413105413105,0.0559033721294891,ACOX2
KEGG_2021_Human,Parkinson disease,4/249,0.8918678243173871,0.9847374261316888,0,0,0.6073974657561284,0.0695089481160905,GNAL;SNCAIP;COX7A1;SNCA
KEGG_2021_Human,ErbB signaling pathway,1/85,0.8944294791973285,0.9847374261316888,0,0,0.4440247252747252,0.0495394910953368,NRG1
KEGG_2021_Human,Colorectal cancer,1/86,0.8971912802414252,0.9847374261316888,0,0,0.4387782805429864,0.0476013862102312,CCND1
KEGG_2021_Human,Retrograde endocannabinoid signaling,2/148,0.9011299221045,0.9847374261316888,0,0,0.5102805711721699,0.0531231844843689,ADCY2;GNG11
KEGG_2021_Human,Viral carcinogenesis,3/203,0.9018124474800268,0.9847374261316888,0,0,0.5582722007722007,0.0576967118696131,C3;CCNA1;CCND1
KEGG_2021_Human,Spliceosome,2/150,0.9052306093323492,0.9847374261316888,0,0,0.5033328125813675,0.050114608720735,HSPA2;HSPA1B
KEGG_2021_Human,Bile secretion,1/90,0.9075358654280916,0.9847374261316888,0,0,0.418971477960242,0.0406495313829758,ADCY2
KEGG_2021_Human,Non-alcoholic fatty liver disease,2/155,0.9147975852868092,0.9847374261316888,0,0,0.4867580943745513,0.0433470039984279,IL6;COX7A1
KEGG_2021_Human,Hepatitis C,2/157,0.918364622075724,0.9847374261316888,0,0,0.4804276213562061,0.040913588766828,CLDN5;CCND1
KEGG_2021_Human,Alzheimer disease,6/369,0.9214327093924408,0.9847374261316888,0,0,0.6135280430073016,0.0502022557208889,IL6;FZD4;FZD7;DKK1;COX7A1;SNCA
KEGG_2021_Human,Fc gamma R-mediated phagocytosis,1/97,0.9232016439266806,0.9847374261316888,0,0,0.38828125,0.0310266238013518,WASF3
KEGG_2021_Human,Aldosterone synthesis and secretion,1/98,0.9252119390848554,0.9847374261316888,0,0,0.3842585249801745,0.0298693544203607,ADCY2
KEGG_2021_Human,Hepatitis B,2/162,0.9266777936780712,0.9847374261316888,0,0,0.4652938342967245,0.0354318246559198,CCNA1;IL6
KEGG_2021_Human,Pathways of neurodegeneration,8/475,0.9305533050424956,0.9847374261316888,0,0,0.6348681601696365,0.0456952186941978,IL6;FZD4;GPX3;FZD7;SNCAIP;DKK1;COX7A1;SNCA
KEGG_2021_Human,C-type lectin receptor signaling pathway,1/104,0.9362173933787092,0.9847374261316888,0,0,0.3617625093353249,0.0238428884822325,IL6
KEGG_2021_Human,Thermogenesis,3/232,0.9432244604969924,0.9847374261316888,0,0,0.4868405523427357,0.0284563154571959,ADCY2;PPARGC1A;COX7A1
KEGG_2021_Human,Herpes simplex virus 1 infection,8/498,0.9494914408331872,0.9847374261316888,0,0,0.6043362374189442,0.0313219997206823,C3;HLA-DRB5;IL6;ZNF727;ITGB3;ZNF415;ZNF667;ZNF454
KEGG_2021_Human,Alcoholism,2/186,0.9565920486676226,0.9847374261316888,0,0,0.4041006953170813,0.0179332856611281,NTRK2;GNG11
KEGG_2021_Human,Shigellosis,3/246,0.9567881789819334,0.9847374261316888,0,0,0.4584584584584584,0.0202516003774917,C3;IL1R1;MYL9
KEGG_2021_Human,"Growth hormone synthesis, secretion and action",1/119,0.9571661819480788,0.9847374261316888,0,0,0.3155312907431551,0.0138134089140589,ADCY2
KEGG_2021_Human,Neurotrophin signaling pathway,1/119,0.9571661819480788,0.9847374261316888,0,0,0.3155312907431551,0.0138134089140589,NTRK2
KEGG_2021_Human,Salmonella infection,3/249,0.959270078904145,0.9847374261316888,0,0,0.4527968735285808,0.0188284795122648,IL6;MYL9;WASF3
KEGG_2021_Human,Insulin signaling pathway,1/137,0.9734466548436848,0.9905246663321706,0,0,0.2735152714932127,0.0073609121736611,PPARGC1A
KEGG_2021_Human,Yersinia infection,1/137,0.9734466548436848,0.9905246663321706,0,0,0.2735152714932127,0.0073609121736611,IL6
KEGG_2021_Human,Huntington disease,3/306,0.987252607599738,0.9999885952220788,0,0,0.3665277724683665,0.0047023085118289,GPX3;PPARGC1A;COX7A1
KEGG_2021_Human,Amyotrophic lateral sclerosis,3/364,0.9963162564062524,0.9999885952220788,0,0,0.3067091626648413,0.0011319240544799,GPX3;NRG1;COX7A1
KEGG_2021_Human,Human immunodeficiency virus 1 infection,1/212,0.996394233587986,0.9999885952220788,0,0,0.1756106452788917,0.0006343553234402507,GNG11
KEGG_2021_Human,Olfactory transduction,1/440,0.9999885952220788,0.9999885952220788,0,0,0.0834063430874364,9.512362444580424e-07,GNAL
GO_Biological_Process_2023,Extracellular Matrix Organization (GO:0030198),27/176,1.1259876454775108e-13,2.63706306570833e-10,0,0,7.090590440996658,211.4055686340145,COL15A1;COL14A1;COL12A1;THSD4;LOXL2;ADAMTS4;ADAMTS5;C6ORF15;ADAMTS2;FLRT2;ADAMTS1;CTSK;TPSAB1;PRSS2;MMP7;MIA;LUM;MMP2;SERPINF2;SMOC2;COL3A1;COL1A2;COL4A2;COL4A1;COL5A2;COL8A1;DDR2
GO_Biological_Process_2023,Positive Regulation Of Cell Differentiation (GO:0045597),32/283,3.256902451061376e-12,3.813832770192871e-09,0,0,5.01304393876437,132.59623807325133,ACVRL1;CSF3;TNXB;LAMA2;TWIST1;PTN;MEDAG;LOXL2;GJA1;FRZB;PDPN;BOC;KDR;CCN4;NRCAM;CCN2;APOB;CD34;SOX5;SERPINB3;EDN3;ZBTB16;SERPINF2;ADRA2C;ALOX15B;BMP6;SFRP1;IL6;SFRP2;FERMT2;DDR2;LTF
GO_Biological_Process_2023,Regulation Of Cell Migration (GO:0030334),38/434,7.396786732430943e-11,5.7744248424510894e-08,0,0,3.7912980739067694,88.44109007431648,ACVRL1;ROBO4;TNXB;SEMA3B;FAM107A;TNC;CHRD;TWIST2;STC1;TWIST1;THY1;FGF2;THBS1;MYLK;CDH5;FGF7;PDPN;KDR;SERPINB3;PDGFRB;PDGFRA;MMP7;F10;IGFBP5;FZD4;CAV1;KRT5;SULF1;PODN;ALOX15B;CLDN5;SFRP1;CXCL12;SFRP2;CDH11;CDH13;ROR2;FERMT2
GO_Biological_Process_2023,Regulation Of Angiogenesis (GO:0045765),25/205,1.576992042001554e-10,9.2332884059191e-08,0,0,5.404065860215054,121.97155882218388,SPARC;HSPB6;ECSCR;TWIST1;GATA2;THBS2;FGF2;THBS1;CDH5;ADAMTS1;CCN6;KDR;CD34;PTGIS;VEGFC;NRG1;SULF1;DCN;CLDN5;SMOC2;SFRP1;IL6;SFRP2;COL4A2;TEK
GO_Biological_Process_2023,Extracellular Structure Organization (GO:0043062),18/109,4.24802487224758e-10,1.9354143531176886e-07,0,0,7.624232626220698,164.5263410678688,COL15A1;MMP7;MIA;COL14A1;MMP2;THSD4;ADAMTS4;ADAMTS5;SMOC2;C6ORF15;ADAMTS2;COL3A1;COL1A2;COL4A2;COL4A1;ADAMTS1;COL5A2;COL8A1
GO_Biological_Process_2023,External Encapsulating Structure Organization (GO:0045229),18/110,4.958362988345913e-10,1.9354143531176886e-07,0,0,7.540971561932752,161.5636211551792,COL15A1;MMP7;MIA;COL14A1;MMP2;THSD4;ADAMTS4;ADAMTS5;SMOC2;C6ORF15;ADAMTS2;COL3A1;COL1A2;COL4A2;COL4A1;ADAMTS1;COL5A2;COL8A1
GO_Biological_Process_2023,Antimicrobial Humoral Response (GO:0019730),15/100,4.677337563145101e-08,1.564903510412261e-05,0,0,6.763775866077657,114.1586823277048,PGLYRP4;CXCL6;NRG1;CXCL14;WFDC2;JCHAIN;BPIFA1;SLPI;IGHA1;DEFB4A;PRSS2;IGHA2;KRT6A;S100A7;LTF
GO_Biological_Process_2023,Collagen Fibril Organization (GO:0030199),10/42,9.184307712848236e-08,2.688706082936321e-05,0,0,11.89273483365949,192.70017552554037,ADAMTS2;COL3A1;COL1A2;COL14A1;LUM;COL12A1;SERPINF2;COL5A2;LOXL2;DDR2
GO_Biological_Process_2023,B Cell Receptor Signaling Pathway (GO:0050853),10/46,2.3171891332752775e-07,5.960264528864533e-05,0,0,10.56914546640574,161.4726647052614,IGHG3;CD79A;IGHG4;IGHG1;IGHG2;IGKC;IGLC7;IGLC3;IGHA1;IGHA2
GO_Biological_Process_2023,Negative Regulation Of Cell Population Proliferation (GO:0008285),29/379,2.544946425646684e-07,5.960264528864533e-05,0,0,3.221492450638792,48.91509643713514,ACVRL1;NDRG4;GATA2;DLL1;THBS1;PTHLH;FRZB;ADAMTS1;CCN6;PDPN;APOD;IGFBP7;IGFBP6;PPARGC1A;TNS2;FGFBP1;IGFBP5;LDOC1;NRG1;P3H3;PODN;ALOX15B;TBX3;SFRP4;SFRP1;IL6;SFRP2;CDH13;HSPA1B
GO_Biological_Process_2023,Positive Regulation Of Smooth Muscle Cell Proliferation (GO:0048661),10/47,2.8754697846432424e-07,6.122136577849521e-05,0,0,10.28296398159412,154.88076528518195,PDGFRB;GJA1;IL6;IGFBP5;MMP2;SERPINF2;CCN4;CDH13;FGF2;THBS1
GO_Biological_Process_2023,Skeletal System Development (GO:0001501),17/149,3.627485066966359e-07,7.079641689029344e-05,0,0,4.943768037518038,73.31388526895368,DLX5;ZBTB16;NPR3;CHRD;STC1;PRELP;SULF1;BMP6;PTHLH;TBX3;ADAMTS4;GJA1;COL1A2;FRZB;CDH11;SOX5;FBN1
GO_Biological_Process_2023,Maintenance Of Blood-Brain Barrier (GO:0035633),8/29,5.325437463864919e-07,9.593980415670492e-05,0,0,14.449456975772764,208.7310871028305,CDH5;CLDN5;GJA1;IL6;LAMA2;GJB6;JAM2;JAM3
GO_Biological_Process_2023,Negative Regulation Of Signal Transduction (GO:0009968),23/267,5.851094772988897e-07,9.78804568452857e-05,0,0,3.6408338271117255,52.251306036376775,NDRG4;EGFL7;IGFBP5;TWIST1;NRG1;APCDD1;GATA2;SULF1;DKK1;FGF2;THBS1;DCN;SFRP4;SFRP1;SFRP2;BPIFB1;CILP;FRZB;PALM;APOD;TNS2;LTF;SNCA
GO_Biological_Process_2023,Positive Regulation Of Cell Migration (GO:0030335),23/272,8.094191983339141e-07,0.00012637731749986844,0,0,3.566797309720811,50.03128354864007,SERPINB3;PDGFRB;PDGFRA;MMP7;F10;FZD4;CAV1;SEMA3B;TWIST2;FAM107A;TWIST1;THBS1;MYLK;CDH5;SYDE1;CXCL12;PDPN;KDR;CCN4;CDH13;ROR2;FERMT2;DDR2
GO_Biological_Process_2023,Regulation Of Focal Adhesion Assembly (GO:0051893),10/54,1.1285121074172157e-06,0.00015546913856300697,0,0,8.643924568582102,118.37518026163322,ACVRL1;SFRP1;FAM107A;KDR;NRG1;APOD;THY1;TEK;THBS1;FERMT2
GO_Biological_Process_2023,Regulation Of Smooth Muscle Cell Proliferation (GO:0048660),10/54,1.1285121074172157e-06,0.00015546913856300697,0,0,8.643924568582102,118.37518026163322,PDGFRB;NDRG4;IL6;IGFBP5;SERPINF2;CCN4;CDH13;APOD;THBS1;PPARGC1A
GO_Biological_Process_2023,Positive Regulation Of Cell Motility (GO:2000147),20/221,1.480744671170551e-06,0.00019266133443785724,0,0,3.828760389668424,51.39331839059926,SERPINB3;PDGFRB;PDGFRA;MMP7;F10;FZD4;CAV1;SEMA3B;TWIST2;FAM107A;TWIST1;THBS1;MYLK;CDH5;CXCL12;PDPN;KDR;CDH13;ROR2;FERMT2
GO_Biological_Process_2023,Positive Regulation Of Chemotaxis (GO:0050921),9/44,1.6225828020071538e-06,0.00020000468012109236,0,0,9.765401785714284,130.18736949485705,PDGFRB;SMOC2;IL6;EDN3;KDR;CDH13;PTN;FGF2;THBS1
GO_Biological_Process_2023,Vasculature Development (GO:0001944),6/16,1.946902185205918e-06,0.000227982245887613,0,0,22.68233009708738,298.2561069811928,ACVRL1;PDGFRB;PDGFRA;CDH5;SOX18;STRA6
GO_Biological_Process_2023,Regulation Of Cell Population Proliferation (GO:0042127),43/766,2.086964586162897e-06,0.00023274624099016688,0,0,2.333686348721332,30.52415046781275,ACVRL1;CSF3;TNXB;NPR3;PTN;CLU;FGF2;THBS1;DLL1;PTHLH;FGF7;FRZB;ADAMTS1;CCN6;PDPN;KDR;IGFBP7;IGFBP6;TNS2;KRT6A;SERPINB3;PDGFRB;NTRK2;PDGFRA;FGFBP1;EDN3;VEGFC;LDOC1;NRG1;P3H3;PODN;ECRG4;ALOX15B;TBX3;BMP6;CLDN5;SFRP4;SFRP1;IL6;SFRP2;MZB1;CDH13;HSPA1B
GO_Biological_Process_2023,Positive Regulation Of MAPK Cascade (GO:0043410),24/310,2.2497420580150824e-06,0.0002394952681759692,0,0,3.240646677266396,42.14362160562008,PDGFRB;PDGFRA;NTRK2;NDRG4;RAMP3;EDN3;SERPINF2;DIRAS2;NRG1;ADRA2C;FGF2;THBS1;IL6;HAND2;KDR;ALKAL2;CCN2;ROR2;IGFBP6;TEK;FERMT2;JCAD;DDR2;S100A7
GO_Biological_Process_2023,Regulation Of Cell Death (GO:0010941),10/59,2.6366643304850217e-06,0.0002515569227521164,0,0,7.759894564479412,99.68357415462992,CCN6;HP;CCN5;HBB;CCN4;CCN2;CLU;CRYAB;HSPA1B;SNCA
GO_Biological_Process_2023,Angiogenesis Involved In Wound Healing (GO:0060055),5/10,2.661399347271592e-06,0.0002515569227521164,0,0,37.74031007751938,484.459472266006,ITGB3;MCAM;KDR;GATA2;CD34
GO_Biological_Process_2023,Positive Regulation Of Angiogenesis (GO:0045766),14/119,2.6921211679144507e-06,0.0002515569227521164,0,0,5.095069033530572,65.3451832596591,PTGIS;HSPB6;TWIST1;VEGFC;GATA2;FGF2;DLL1;THBS1;CDH5;SMOC2;SFRP2;KDR;TEK;CD34
GO_Biological_Process_2023,Epithelium Development (GO:0060429),16/154,2.7926900049338285e-06,0.0002515569227521164,0,0,4.440464916056823,56.78690896763058,NDRG4;TAGLN;TNC;KRT13;DLL1;TBX2;SALL1;DMBT1;SOX17;SOX18;KRT14;KDR;RHCG;CD34;KRT6A;CES1
GO_Biological_Process_2023,Regulation Of Endothelial Cell Migration (GO:0010594),12/88,2.9263464925906555e-06,0.00025383346243138205,0,0,6.0189225519594665,76.69164160015146,ACVRL1;SMOC2;SPARC;ITGB3;ATOH8;KDR;STC1;PTN;TEK;FGF2;THBS1;DCN
GO_Biological_Process_2023,Positive Regulation Of Vasculature Development (GO:1904018),13/104,3.0837471991186155e-06,0.0002579334264405642,0,0,5.452193475815523,69.18487348710248,PTGIS;HSPB6;TWIST1;VEGFC;GATA2;FGF2;THBS1;CDH5;SMOC2;SFRP2;KDR;TEK;CD34
GO_Biological_Process_2023,Positive Regulation Of Cell Population Proliferation (GO:0008284),31/483,4.199270570947373e-06,0.0003370231093545998,0,0,2.663161459273975,32.9715360205759,CSF3;TNXB;CHRD;PTN;FGF2;DLL1;THBS1;PTHLH;GJA1;FGF7;KDR;CCN4;KRT6A;SERPINB3;PDGFRB;NTRK2;PDGFRA;EDN3;SERPINF2;VEGFC;NRG1;TBX3;BMP6;TBX2;CLDN5;SFRP1;IL6;SFRP2;CDH13;DDR2;LTF
GO_Biological_Process_2023,Positive Regulation Of Focal Adhesion Assembly (GO:0051894),6/18,4.317119248777965e-06,0.0003370231093545998,0,0,18.9,233.4702299335428,SFRP1;KDR;NRG1;THY1;TEK;FERMT2
GO_Biological_Process_2023,Positive Regulation Of ERK1 And ERK2 Cascade (GO:0070374),17/179,4.712243217885211e-06,0.0003490295404826608,0,0,4.02200911228689,49.33133537326628,PDGFRB;PDGFRA;NTRK2;NDRG4;RAMP3;SERPINF2;NRG1;FGF2;HAND2;KDR;ALKAL2;CCN2;ROR2;TEK;FERMT2;S100A7;DDR2
GO_Biological_Process_2023,Negative Regulation Of Blood Vessel Morphogenesis (GO:2000181),11/77,4.768977495920216e-06,0.0003490295404826608,0,0,6.344117647058823,77.73687565016235,CLDN5;SPARC;COL4A2;CCN6;ECSCR;NRG1;TEK;THBS2;SULF1;THBS1;DCN
GO_Biological_Process_2023,Negative Regulation Of Cellular Process (GO:0048523),33/537,5.191738703901169e-06,0.0003634251598590168,0,0,2.545923594847775,30.979923362303857,ACVRL1;FHL1;CLU;THBS1;DLL1;PTHLH;GJA1;SOX17;FRZB;ADAMTS1;CCN6;PDPN;CCN5;CCN4;IGFBP7;IGFBP6;CCN2;MSX1;JAM2;TNS2;FGFBP1;LDOC1;NRG1;P3H3;PODN;ALOX15B;SFRP4;SFRP1;IL6;SFRP2;CDH13;CRYAB;HSPA1B
GO_Biological_Process_2023,Regulation Of Endothelial Cell Proliferation (GO:0001936),12/93,5.276027085912286e-06,0.0003634251598590168,0,0,5.645928836498581,68.61123096806703,EGFL7;SPARC;ITGB3;CAV1;ATOH8;KDR;CDH13;VEGFC;TEK;SULF1;FGF2;THBS1
GO_Biological_Process_2023,Negative Regulation Of Cell Migration (GO:0030336),16/163,5.852858429757145e-06,0.0003916398412140352,0,0,4.166659931299252,50.202337163323016,ACVRL1;NDRG4;IGFBP5;CHRD;STC1;THY1;PODN;SULF1;FGF2;ALOX15B;CLDN5;GJA1;SFRP1;COL3A1;SFRP2;CDH11
GO_Biological_Process_2023,Regulation Of Vascular Endothelial Growth Factor Signaling Pathway (GO:1900746),6/19,6.171089032374671e-06,0.00040146362538393,0,0,17.445257654966394,209.2669473430202,SMOC2;TNXB;NRG1;DLL1;DCN;JCAD
GO_Biological_Process_2023,Vascular Wound Healing (GO:0061042),4/6,6.550330114122127e-06,0.0004060414657721825,0,0,75.34622823984526,899.3322118642415,MCAM;KDR;GATA2;CD34
GO_Biological_Process_2023,Proteolysis (GO:0006508),24/330,6.589180675663781e-06,0.0004060414657721825,0,0,3.0256835128417565,36.09665103939966,CPA3;GGT5;MMP7;CPXM2;MMP2;ADAM33;HTRA1;PCOLCE;AEBP1;TRHDE;WFDC2;PRSS21;KLK12;ADAMTS4;CAPN13;ADAMTS5;ADAMTS2;ADAMTS1;ANPEP;PAPPA;CTSK;PIP;TPSAB1;PRSS2
GO_Biological_Process_2023,Positive Regulation Of Cellular Process (GO:0048522),35/594,6.761578635830536e-06,0.0004060414657721825,0,0,2.437480215257993,29.016384014734665,CSF3;TNXB;TENM4;LAMA2;HP;CHRD;TWIST1;HBB;PTN;FGF2;THBS1;DLL1;PTHLH;FGF7;KDR;CCN2;PRSS2;KRT6A;SERPINB3;PDGFRB;NTRK2;PDGFRA;EDN3;CAV1;SERPINF2;VEGFC;NRG1;TBX3;BMP6;CLDN5;SFRP1;IL6;CXCL12;SFRP2;SAA1
GO_Biological_Process_2023,Non-Canonical Wnt Signaling Pathway (GO:0035567),8/41,9.00569172022115e-06,0.0005272832502189483,0,0,9.18943824206982,106.75971181105932,SFRP4;SFRP1;SFRP2;FRZB;FZD4;FZD7;PRICKLE2;PRICKLE1
GO_Biological_Process_2023,Supramolecular Fiber Organization (GO:0097435),23/316,1.0100898143203472e-05,0.00057698301100933,0,0,3.0242334525816577,34.78741328659799,TNXB;COL14A1;LUM;COL12A1;SERPINF2;KRT13;LMOD1;LTBP2;KRT5;THSD4;LOXL2;MFAP4;COL3A1;EFEMP2;ADAMTS2;COL1A2;KRT14;COL5A2;MYL9;KRT6B;DDR2;KRT6A;SNCA
GO_Biological_Process_2023,Positive Regulation Of Phosphatidylinositol 3-Kinase Signaling (GO:0014068),10/69,1.130479199434326e-05,0.0006303767345417122,0,0,6.441341338021162,73.36870622666807,PDGFRB;PDGFRA;NTRK2;CSF3;KDR;ROR2;TEK;FGF2;DCN;DDR2
GO_Biological_Process_2023,Cell-Cell Adhesion Via Plasma-Membrane Adhesion Molecules (GO:0098742),16/172,1.1625264188759829e-05,0.0006331713658157097,0,0,3.924447829398325,44.59087083774773,ROBO4;TENM2;TENM4;PCDHB14;CDH6;CDH5;CLDN5;MAG;CDH11;CDH13;DSG1;CNTN4;FAT4;LRRC4C;LGALS7;ADGRL3
GO_Biological_Process_2023,Glomerular Filtration (GO:0003094),5/13,1.2737166977758675e-05,0.0006779646604979732,0,0,23.58406007751938,265.8156181448549,MCAM;SULF1;IGHA1;IGHA2;JCHAIN
GO_Biological_Process_2023,Positive Regulation Of Cell-Matrix Adhesion (GO:0001954),8/43,1.3056576712858148e-05,0.000679522281366973,0,0,8.663436368699527,97.4308991297042,EFEMP2;SFRP1;KDR;CDH13;NRG1;THY1;TEK;FERMT2
GO_Biological_Process_2023,Negative Regulation Of Angiogenesis (GO:0016525),11/86,1.4142021145085148e-05,0.0007200133374302046,0,0,5.580235294117647,62.31091600910454,CLDN5;SPARC;COL4A2;CCN6;ECSCR;NRG1;TEK;THBS2;SULF1;THBS1;DCN
GO_Biological_Process_2023,Cell-Cell Junction Assembly (GO:0007043),10/71,1.4653133938471867e-05,0.0007301625464659812,0,0,6.229508196721311,69.33976071102268,CDH6;CDH5;CLDN5;GJA1;GJB2;GJB6;CDH11;CDH13;DSG1;JAM3
GO_Biological_Process_2023,Positive Regulation Of Cell-Substrate Junction Organization (GO:0150117),6/23,2.1010995265553627e-05,0.0010251614773318,0,0,13.337749857224445,143.65376365706993,SFRP1;KDR;NRG1;THY1;TEK;FERMT2
GO_Biological_Process_2023,Regulation Of Phosphatidylinositol 3-Kinase Signaling (GO:0014066),11/90,2.1901355692978746e-05,0.0010467954088358,0,0,5.296599652519236,56.82701650315118,PDGFRB;PDGFRA;NTRK2;CSF3;KDR;TWIST1;ROR2;TEK;FGF2;DCN;DDR2
GO_Biological_Process_2023,Positive Regulation Of Cell Junction Assembly (GO:1901890),9/61,2.679985277977214e-05,0.0012553051042045,0,0,6.567119891826923,69.13282082832602,CLDN5;SFRP1;SLITRK4;CAV1;KDR;NRG1;THY1;TEK;FERMT2
GO_Biological_Process_2023,Renal Filtration (GO:0097205),5/15,2.846208963368972e-05,0.0013070238023941,0,0,18.86531007751938,197.46202233839983,MCAM;SULF1;IGHA1;IGHA2;JCHAIN
GO_Biological_Process_2023,Positive Regulation Of Endothelial Cell Proliferation (GO:0001938),10/77,3.0280724682137945e-05,0.0013637972539532,0,0,5.669889301048573,58.99519362438726,EGFL7;FGFBP1;ITGB3;KDR;CDH13;VEGFC;TEK;GATA2;FGF2;JCAD
GO_Biological_Process_2023,Antibacterial Humoral Response (GO:0019731),8/49,3.540670383234134e-05,0.00156457547878,0,0,7.393334284220035,75.77139510921323,BPIFA1;DMBT1;SLPI;IGHA1;IGHA2;WFDC2;JCHAIN;LTF
GO_Biological_Process_2023,Cell Junction Assembly (GO:0034329),11/95,3.656936335838249e-05,0.0015860268330616,0,0,4.980042016806722,50.87760193561421,CDH6;CDH5;CLDN5;CDH11;CDH13;DSG1;NRXN2;PCDHB14;NRCAM;SHANK3;ADGRL3
GO_Biological_Process_2023,Cellular Response To Transforming Growth Factor Beta Stimulus (GO:0071560),11/96,4.034790093200148e-05,0.0016646507642733,0,0,4.921199538638985,49.79255513306291,ACVRL1;CDH5;CLDN5;SFRP1;COL3A1;COL1A2;PDE3A;LTBP2;LRRC32;FERMT2;SOX5
GO_Biological_Process_2023,Positive Regulation Of Cell Migration Involved In Sprouting Angiogenesis (GO:0090050),5/16,4.051455745669584e-05,0.0016646507642733,0,0,17.14940098661029,173.44645553569856,FGFBP1;KDR;GATA2;FGF2;JCAD
GO_Biological_Process_2023,Regulation Of Blood Vessel Endothelial Cell Proliferation Involved In Sprouting Angiogenesis (GO:1903587),5/16,4.051455745669584e-05,0.0016646507642733,0,0,17.14940098661029,173.44645553569856,FGFBP1;GATA2;FGF2;THBS1;JCAD
GO_Biological_Process_2023,Antimicrobial Humoral Immune Response Mediated By Antimicrobial Peptide (GO:0061844),9/65,4.505122020861973e-05,0.001819137202217,0,0,6.096784319196429,61.01485237810532,CXCL6;PGLYRP4;BPIFA1;NRG1;DEFB4A;CXCL14;KRT6A;LTF;S100A7
GO_Biological_Process_2023,Sprouting Angiogenesis (GO:0002040),8/52,5.517543749992094e-05,0.0021901843156748,0,0,6.888180046074783,67.53855490644209,KDR;CDH13;VEGFC;TEK;FGF2;DLL1;THBS1;LOXL2
GO_Biological_Process_2023,Embryonic Digit Morphogenesis (GO:0042733),5/17,5.616962250491208e-05,0.0021924875984417,0,0,15.719476744186046,153.8486327252101,SALL1;TWIST1;MSX1;TBX3;TBX2
GO_Biological_Process_2023,Retina Homeostasis (GO:0001895),7/39,5.833970804744716e-05,0.0022398622335593,0,0,8.27632538910506,80.68777989238377,IGHG3;IGKC;PIP;IGHA1;IGHA2;JCHAIN;LTF
GO_Biological_Process_2023,Blood Vessel Morphogenesis (GO:0048514),8/53,6.352006090536657e-05,0.0023994190748446,0,0,6.734762833008447,65.08579043952206,EGFL7;SOX17;SOX18;COL4A1;CAV1;SERPINF2;KDR;STRA6
GO_Biological_Process_2023,Endothelial Cell Migration (GO:0043542),7/40,6.914173937309115e-05,0.0025703167239965,0,0,8.025114962858154,76.87540080104675,CDH5;PTP4A3;S100A2;SOX18;CDH13;FSTL1;LOXL2
GO_Biological_Process_2023,Regulation Of Osteoblast Differentiation (GO:0045667),10/85,7.1737347557235e-05,0.0026251385621725,0,0,5.063013698630137,48.313803457616736,IL6;CHRD;TWIST2;CCN4;TWIST1;RORB;BMP6;FERMT2;DDR2;LTF
GO_Biological_Process_2023,Positive Regulation Of Extracellular Matrix Organization (GO:1903055),5/18,7.61130545579832e-05,0.0027348296153204,0,0,14.509540846750149,137.59819468773122,EFEMP2;IL6;TNXB;PDPN;DDR2
GO_Biological_Process_2023,Regulation Of ERK1 And ERK2 Cascade (GO:0070372),18/244,7.707034782713619e-05,0.0027348296153204,0,0,3.048558208272489,28.872260522928848,PDGFRB;PDGFRA;NTRK2;NDRG4;RAMP3;SERPINF2;NRG1;FGF2;HAND2;KDR;TIMP3;ALKAL2;CCN2;ROR2;TEK;FERMT2;DDR2;S100A7
GO_Biological_Process_2023,Positive Regulation Of Epithelial Cell Proliferation (GO:0050679),12/123,8.999287861084002e-05,0.0031457212195013,0,0,4.113630329740349,38.3216752243992,FGF7;SFRP1;EGFL7;FZD7;ITGB3;KDR;CDH13;VEGFC;PTN;TEK;FGF2;BMP6
GO_Biological_Process_2023,Positive Regulation Of Macromolecule Metabolic Process (GO:0010604),23/364,9.18166864984642e-05,0.0031622747026382,0,0,2.5920338244473493,24.094811607892424,NTRK2;RAMP3;TNC;TWIST1;GATA2;DKK1;CLU;FGF2;DLL1;BMP6;CLDN5;SFRP4;CDH5;GJA1;FGF7;IL6;C1QTNF1;PIP;HAND2;PPARGC1A;CD34;HSPA1B;SNCA
GO_Biological_Process_2023,Negative Regulation Of Growth (GO:0045926),12/124,9.732569213075078e-05,0.0033034314633364,0,0,4.076690990738142,37.65821921653473,ACVRL1;GJA1;SFRP1;MT1A;SFRP2;SOX17;FRZB;FHL1;NRG1;MSX1;ALOX15B;HSPA1B
GO_Biological_Process_2023,Transforming Growth Factor Beta Receptor Signaling Pathway (GO:0007179),9/72,0.00010210503513327524,0.0034161427468875,0,0,5.417410714285714,49.78334190609425,ACVRL1;CDH5;CLDN5;COL3A1;COL1A2;LTBP2;LRRC32;FMOD;FERMT2
GO_Biological_Process_2023,Regulation Of Cell Migration Involved In Sprouting Angiogenesis (GO:0090049),6/30,0.00010585822844986044,0.0034918305778813,0,0,9.444174757281552,86.44640202661876,FGFBP1;KDR;GATA2;FGF2;THBS1;JCAD
GO_Biological_Process_2023,Negative Regulation Of Cell Differentiation (GO:0045596),16/207,0.0001108496659153102,0.0036056932996341,0,0,3.1995023586128246,29.13894184726472,CAV1;ZBTB16;ITGB3;TWIST2;CHRD;TWIST1;RORB;DLL1;PTHLH;TBX3;SFRP1;IL6;SFRP2;COL5A2;CNTN4;FERMT2
GO_Biological_Process_2023,Positive Regulation Of Leukocyte Migration (GO:0002687),6/31,0.0001283977386598722,0.0041110778709316,0,0,9.065941747572817,81.23426297655064,PLVAP;IL6;EDN3;PTN;THY1;JAM3
GO_Biological_Process_2023,Extracellular Matrix Disassembly (GO:0022617),7/44,0.00012989742205335,0.0041110778709316,0,0,7.156062677463456,64.03792666158392,ADAMTS4;ADAMTS5;MMP7;CTSK;MMP2;TPSAB1;PRSS2
GO_Biological_Process_2023,Adenylate Cyclase-Activating G Protein-Coupled Receptor Signaling Pathway (GO:0007189),11/110,0.00014069565974466087,0.0043934564682932,0,0,4.222222222222222,37.44651497693496,CALCRL;RAMP3;PTGER2;ADGRF5;PTGER3;ADCY2;ADRA2C;ADGRL4;RAMP1;PTHLH;ADGRL3
GO_Biological_Process_2023,Transmembrane Receptor Protein Serine/Threonine Kinase Signaling Pathway (GO:0007178),12/130,0.00015303021867883507,0.0047157470019188,0,0,3.868202857047717,33.9816791477289,ACVRL1;CDH5;CLDN5;COL3A1;COL1A2;DLX5;ATOH8;LTBP2;INHBB;LRRC32;BMP6;FERMT2
GO_Biological_Process_2023,Heart Development (GO:0007507),14/171,0.00016120126655576726,0.004903030730826,0,0,3.398384401814093,29.67760457326312,ACVRL1;NDRG4;TBX3;TBX2;GJA1;COL3A1;SALL1;SOX17;FLRT2;SOX18;HAND2;TEK;STRA6;FBN1
GO_Biological_Process_2023,Vocal Learning (GO:0042297),3/5,0.00016901985746683906,0.0049480563273417,0,0,56.40057915057915,489.8669115569781,NRXN2;SHANK3;STRA6
GO_Biological_Process_2023,Imitative Learning (GO:0098596),3/5,0.00016901985746683906,0.0049480563273417,0,0,56.40057915057915,489.8669115569781,NRXN2;SHANK3;STRA6
GO_Biological_Process_2023,Positive Regulation Of Extrinsic Apoptotic Signaling Pathway Via Death Domain Receptors (GO:1902043),3/5,0.00016901985746683906,0.0049480563273417,0,0,56.40057915057915,489.8669115569781,SFRP1;TIMP3;THBS1
GO_Biological_Process_2023,Cellular Component Disassembly (GO:0022411),7/46,0.00017346976919264284,0.005015632091965,0,0,6.788386710565699,58.78408369647799,ADAMTS4;ADAMTS5;MMP7;CTSK;MMP2;TPSAB1;PRSS2
GO_Biological_Process_2023,Vasculogenesis (GO:0001570),6/33,0.0001848077994991225,0.0052782910539871,0,0,8.393527508090616,72.15239243697411,PDGFRB;EGFL7;SOX17;SOX18;CAV1;KDR
GO_Biological_Process_2023,Positive Regulation Of Cellular Extravasation (GO:0002693),4/12,0.00019078208326294208,0.0053832727590579,0,0,18.830754352030947,161.27371160162352,PLVAP;THY1;JAM3;XG
GO_Biological_Process_2023,Negative Regulation Of Canonical Wnt Signaling Pathway (GO:0090090),11/114,0.000193453433433044,0.0053936659654784,0,0,4.057414810584428,34.69281874372808,SFRP4;SFRP1;SFRP2;SOX17;FRZB;CAV1;IGFBP6;PRICKLE1;DKK1;BICC1;SHISA6
GO_Biological_Process_2023,Positive Regulation Of Epithelial To Mesenchymal Transition (GO:0010718),7/47,0.00019930488194468403,0.0054914356884052,0,0,6.618336575875486,56.39269391551399,SERPINB3;IL6;TNXB;PDPN;TWIST1;FERMT2;LOXL2
GO_Biological_Process_2023,Positive Regulation Of Signal Transduction (GO:0009967),18/266,0.00022764557742844824,0.0061993714225282,0,0,2.7749470916436865,23.27548094952929,TNXB;PTGIS;VWF;LAMA2;ITGB3;SULF1;DLL1;BMP6;C3;SMOC2;SFRP1;IL6;SALL1;CTSK;TMEM108;TEK;SHANK3;JCAD
GO_Biological_Process_2023,Adherens Junction Organization (GO:0034332),6/35,0.000259158913877758,0.0069764388080656,0,0,7.813860060261131,64.52739645073761,CDH6;CDH5;CDH11;CDH13;FERMT2;JAM3
GO_Biological_Process_2023,Endothelial Cell Differentiation (GO:0045446),4/13,0.00026991373600893684,0.0071833860196923,0,0,16.73758865248227,137.5395973419731,ACVRL1;SOX18;KDR;FSTL1
GO_Biological_Process_2023,Negative Regulation Of Wnt Signaling Pathway (GO:0030178),12/140,0.00030623355283002497,0.0078834332160735,0,0,3.564157662082515,28.83817882876916,SFRP4;SFRP1;SFRP2;SOX17;FRZB;CAV1;IGFBP6;PRICKLE1;APCDD1;DKK1;BICC1;SHISA6
GO_Biological_Process_2023,Negative Regulation Of Endopeptidase Activity (GO:0010951),8/66,0.00030627139566187424,0.0078834332160735,0,0,5.22175169725079,42.24939629219373,SERPINB3;SERPINB4;CST2;SERPINF2;TIMP3;SPOCK1;NRG1;LTF
GO_Biological_Process_2023,Regulation Of Epithelial To Mesenchymal Transition (GO:0010717),9/83,0.00030631614972788086,0.0078834332160735,0,0,4.609506967905405,37.295026831833205,SERPINB3;SFRP1;IL6;SFRP2;TNXB;PDPN;TWIST1;FERMT2;LOXL2
GO_Biological_Process_2023,Calcitonin Family Receptor Signaling Pathway (GO:0097646),3/6,0.00033149088753292014,0.0083478672967967,0,0,37.5984555984556,301.2354513161108,CALCRL;RAMP3;RAMP1
GO_Biological_Process_2023,Elastic Fiber Assembly (GO:0048251),3/6,0.00033149088753292014,0.0083478672967967,0,0,37.5984555984556,301.2354513161108,MFAP4;EFEMP2;TNXB
GO_Biological_Process_2023,Regulation Of Ossification (GO:0030278),6/37,0.0003551905145476546,0.0086651685944854,0,0,7.308988412151582,58.0542443033687,SFRP1;ZBTB16;TWIST1;PTN;DKK1;DDR2
GO_Biological_Process_2023,Regulation Of Vascular Associated Smooth Muscle Cell Proliferation (GO:1904705),6/37,0.0003551905145476546,0.0086651685944854,0,0,7.308988412151582,58.0542443033687,EFEMP2;GJA1;TAFA5;IGFBP5;MMP2;FGF2
GO_Biological_Process_2023,Negative Regulation Of Smooth Muscle Cell Proliferation (GO:0048662),6/37,0.0003551905145476546,0.0086651685944854,0,0,7.308988412151582,58.0542443033687,NDRG4;EFEMP2;TAFA5;IGFBP5;APOD;PPARGC1A
GO_Biological_Process_2023,Epidermis Development (GO:0008544),9/85,0.0003665117917649852,0.008755866375509,0,0,4.487741570723684,35.50467706789829,KRTDAP;FGF7;KRT14;SVEP1;CCN2;KRT5;DLL1;PTHLH;S100A7
GO_Biological_Process_2023,Positive Regulation Of Endothelial Cell Migration (GO:0010595),9/85,0.0003665117917649852,0.008755866375509,0,0,4.487741570723684,35.50467706789829,SMOC2;SPARC;ITGB3;ATOH8;KDR;TEK;GATA2;FGF2;THBS1
GO_Biological_Process_2023,Regulation Of Endothelial Cell Chemotaxis (GO:2001026),4/14,0.00037012415507062127,0.008755866375509,0,0,15.063056092843327,119.02332938217992,SMOC2;NRG1;FGF2;THBS1
GO_Biological_Process_2023,Positive Regulation Of Gene Expression (GO:0010628),26/480,0.0003846643020988401,0.0090088379551548,0,0,2.2010857473412537,17.307444385464613,RAMP3;TNC;TWIST1;GATA2;CLU;FGF2;DLL1;THBS1;CDH5;GJA1;FGF7;C1QTNF1;PPARGC1A;CD34;NTRK2;DKK1;LARP6;BMP6;CLDN5;SFRP4;IL6;PIP;HAND2;PRR16;SAA1;HSPA1B
GO_Biological_Process_2023,Calcium-Dependent Cell-Cell Adhesion Via Plasma Membrane Cell Adhesion Molecules (GO:0016339),6/38,0.000412609415274442,0.0095676361442845,0,0,7.0802184466019416,55.17620705490407,CDH6;CDH5;CDH11;PCDHB14;CDH13;DSG1
GO_Biological_Process_2023,Negative Regulation Of Cell Growth (GO:0030308),11/125,0.000431622950189771,0.0099104014641612,0,0,3.663828689370485,28.387191358844174,ACVRL1;GJA1;MAG;SFRP1;SFRP2;SOX17;FRZB;FHL1;NRG1;MSX1;HSPA1B
GO_Biological_Process_2023,Positive Regulation Of Leukocyte Chemotaxis (GO:0002690),7/54,0.0004797865845864653,0.0109093221466165,0,0,5.630598559483401,43.02998671079738,IL6;CXCL12;EDN3;VEGFC;PTN;THBS1;S100A7
GO_Biological_Process_2023,Cardiac Myofibril Assembly (GO:0055003),4/15,0.0004943656936510496,0.0111327351397188,0,0,13.692983998593284,104.23421265229324,FHOD3;PDGFRB;PDGFRA;OBSL1
GO_Biological_Process_2023,Regulation Of Mesenchymal Stem Cell Differentiation (GO:2000739),3/7,0.0005688844420427562,0.0121120669387648,0,0,28.197393822393824,210.6862242748901,PDGFRA;LTBP2;SOX5
GO_Biological_Process_2023,Lymphatic Endothelial Cell Differentiation (GO:0060836),3/7,0.0005688844420427562,0.0121120669387648,0,0,28.197393822393824,210.6862242748901,ACVRL1;SOX18;PDPN
GO_Biological_Process_2023,Positive Regulation Of Calcium Ion Import (GO:0090280),3/7,0.0005688844420427562,0.0121120669387648,0,0,28.197393822393824,210.6862242748901,PDGFRB;CXCL12;STC1
GO_Biological_Process_2023,Positive Regulation Of Extracellular Matrix Disassembly (GO:0090091),3/7,0.0005688844420427562,0.0121120669387648,0,0,28.197393822393824,210.6862242748901,IL6;PDPN;DDR2
GO_Biological_Process_2023,Positive Regulation Of Vascular Endothelial Growth Factor Signaling Pathway (GO:1900748),3/7,0.0005688844420427562,0.0121120669387648,0,0,28.197393822393824,210.6862242748901,SMOC2;TNXB;JCAD
GO_Biological_Process_2023,Postsynaptic Density Organization (GO:0097106),3/7,0.0005688844420427562,0.0121120669387648,0,0,28.197393822393824,210.6862242748901,TMEM108;NRXN2;SHANK3
GO_Biological_Process_2023,Positive Regulation Of Positive Chemotaxis (GO:0050927),4/16,0.0006456503038142005,0.0136226397435392,0,0,12.551257253384913,92.19215404635928,CXCL12;KDR;VEGFC;CDH13
GO_Biological_Process_2023,Circulatory System Development (GO:0072359),11/132,0.0006847683081997602,0.0143189944446771,0,0,3.450623885918004,25.14272944634704,ACVRL1;CDH5;GJA1;COL3A1;SALL1;SOX17;SOX18;HAND2;TEK;STRA6;FBN1
GO_Biological_Process_2023,Negative Regulation Of Cell Motility (GO:2000146),11/133,0.0007293907594546588,0.0151171075986089,0,0,3.422163291546126,24.71931534928112,CLDN5;SFRP1;SFRP2;IGFBP5;CDH11;CHRD;STC1;THY1;PODN;SULF1;ALOX15B
GO_Biological_Process_2023,Antigen Receptor-Mediated Signaling Pathway (GO:0050851),11/134,0.0007764024511160246,0.0159503029869625,0,0,3.3941654710664757,24.30507434325928,IGHG3;IGHG4;CD79A;IGHG1;IGHG2;IGKC;IGLC7;IGLC3;THY1;IGHA1;IGHA2
GO_Biological_Process_2023,Regulation Of Endothelial Cell Apoptotic Process (GO:2000351),6/43,0.0008163828525820387,0.0162388641193419,0,0,6.121857780110207,43.53024802304348,CDH5;ECSCR;KDR;TEK;GATA2;THBS1
GO_Biological_Process_2023,Learning (GO:0007612),6/43,0.0008163828525820387,0.0162388641193419,0,0,6.121857780110207,43.53024802304348,NTRK2;CLDN5;NRXN3;PTN;SHANK3;STRA6
GO_Biological_Process_2023,Aorta Morphogenesis (GO:0035909),4/17,0.0008270299866837088,0.0162388641193419,0,0,11.58518077667014,82.22778545546988,PDGFRB;EFEMP2;MYLK;TBX2
GO_Biological_Process_2023,Embryonic Heart Tube Development (GO:0035050),4/17,0.0008270299866837088,0.0162388641193419,0,0,11.58518077667014,82.22778545546988,NDRG4;SOX17;SOX18;TBX2
GO_Biological_Process_2023,Organic Substance Transport (GO:0071702),14/201,0.0008305733425710062,0.0162388641193419,0,0,2.8487590840532016,20.207371510048706,RAMP3;CALCRL;ABCA6;TRPC4;CAV1;ABCA9;NRG1;ABCA8;CLU;TCN1;PDPN;SLCO2A1;RHCG;RAMP1
GO_Biological_Process_2023,Positive Regulation Of Epithelial Cell Migration (GO:0010634),9/95,0.0008320511077374206,0.0162388641193419,0,0,3.9638671875,28.110226709608167,SMOC2;FGF7;SPARC;ITGB3;ATOH8;KDR;TEK;FGF2;THBS1
GO_Biological_Process_2023,Auditory Behavior (GO:0031223),3/8,0.000892625445623702,0.0167242303492056,0,0,22.556756756756755,158.37873740957332,NRXN2;SHANK3;STRA6
GO_Biological_Process_2023,Integrin Activation (GO:0033622),3/8,0.000892625445623702,0.0167242303492056,0,0,22.556756756756755,158.37873740957332,CXCL12;MZB1;FERMT2
GO_Biological_Process_2023,Learned Vocalization Behavior Or Vocal Learning (GO:0098598),3/8,0.000892625445623702,0.0167242303492056,0,0,22.556756756756755,158.37873740957332,NRXN2;SHANK3;STRA6
GO_Biological_Process_2023,Positive Regulation Of Blood Vessel Endothelial Cell Proliferation Involved In Sprouting Angiogenesis (GO:1903589),3/8,0.000892625445623702,0.0167242303492056,0,0,22.556756756756755,158.37873740957332,FGFBP1;GATA2;JCAD
GO_Biological_Process_2023,Positive Regulation Of Respiratory Burst (GO:0060267),3/8,0.000892625445623702,0.0167242303492056,0,0,22.556756756756755,158.37873740957332,IGHA1;IGHA2;JCHAIN
GO_Biological_Process_2023,Bone Development (GO:0060348),6/44,0.0009247757540650464,0.0169205063751588,0,0,5.960449667858968,41.6394586575165,SFRP4;GJA1;STC1;SULF1;BMP6;LTF
GO_Biological_Process_2023,Positive Regulation Of Osteoblast Differentiation (GO:0045669),6/44,0.0009247757540650464,0.0169205063751588,0,0,5.960449667858968,41.6394586575165,IL6;CCN4;BMP6;FERMT2;DDR2;LTF
GO_Biological_Process_2023,Regulation Of Cell-Substrate Adhesion (GO:0010810),6/44,0.0009247757540650464,0.0169205063751588,0,0,5.960449667858968,41.6394586575165,FZD4;FZD7;PDPN;SPOCK1;THY1;FBLN2
GO_Biological_Process_2023,Positive Regulation Of Protein Phosphorylation (GO:0001934),21/377,0.0009607261418881976,0.0174420203434275,0,0,2.2560842696629213,15.674870031177456,ACVRL1;NTRK2;CSF3;RAMP3;TNXB;CAV1;ITGB3;VEGFC;INHBB;FGF2;BMP6;C3;FGF7;IL6;SFRP2;CCND1;KDR;FAM20A;TEK;DDR2;SNCA
GO_Biological_Process_2023,Positive Regulation Of Phosphorylation (GO:0042327),15/231,0.0011244832298988,0.0202579978801772,0,0,2.6436923583662715,17.951812395459044,PDGFRB;PDGFRA;NTRK2;FZD7;ITGB3;VEGFC;FGF2;THBS1;C3;CCND1;KDR;FAM20A;ROR2;TEK;DDR2
GO_Biological_Process_2023,Negative Regulation Of Cell-Matrix Adhesion (GO:0001953),5/31,0.0011416017157254,0.0204093986124345,0,0,7.249925462134764,49.120586651339416,ACVRL1;FAM107A;APOD;THBS1;AJAP1
GO_Biological_Process_2023,Myofibril Assembly (GO:0030239),6/46,0.0011744758360588,0.0206813714890967,0,0,5.661844660194174,38.200088435189045,FHOD3;PDGFRB;PDGFRA;LMOD1;MYL9;OBSL1
GO_Biological_Process_2023,Positive Regulation Of Blood Vessel Endothelial Cell Migration (GO:0043536),6/46,0.0011744758360588,0.0206813714890967,0,0,5.661844660194174,38.200088435189045,FGFBP1;KDR;GATA2;FGF2;THBS1;JCAD
GO_Biological_Process_2023,Adenylate Cyclase-Modulating G Protein-Coupled Receptor Signaling Pathway (GO:0007188),12/163,0.0011915729705801,0.0208258499783479,0,0,3.017681728880157,20.31648496614476,AKAP12;CALCRL;GNAL;RAMP3;PTGER2;ADGRF5;PTGER3;ADCY2;ADGRL4;RAMP1;PTHLH;ADGRL3
GO_Biological_Process_2023,Negative Regulation Of Macromolecule Metabolic Process (GO:0010605),13/186,0.0012195943372127,0.0211577032426084,0,0,2.855787174002093,19.160152931994197,ACVRL1;GATA2;FGF2;CLDN5;SFRP1;EDNRB;SFRP2;CILP;STC2;HAND2;ATOH8;KDR;CD34
GO_Biological_Process_2023,Regulation Of Fibroblast Growth Factor Receptor Signaling Pathway (GO:0040036),4/19,0.0012923763972923,0.0217242656797313,0,0,10.039458413926498,66.77517453563287,SMOC2;SULF1;FGF2;THBS1
GO_Biological_Process_2023,Regulation Of Smooth Muscle Cell Migration (GO:0014910),4/19,0.0012923763972923,0.0217242656797313,0,0,10.039458413926498,66.77517453563287,PDGFRB;NDRG4;IGFBP5;CCN4
GO_Biological_Process_2023,NAD Biosynthesis Via Nicotinamide Riboside Salvage Pathway (GO:0034356),3/9,0.0013130967390139,0.0217242656797313,0,0,18.796332046332047,124.7205615415672,SLC5A8;NNMT;PTGIS
GO_Biological_Process_2023,Embryonic Eye Morphogenesis (GO:0048048),3/9,0.0013130967390139,0.0217242656797313,0,0,18.796332046332047,124.7205615415672,MFAP5;FBN1;TBX2
GO_Biological_Process_2023,Smooth Muscle Tissue Development (GO:0048745),3/9,0.0013130967390139,0.0217242656797313,0,0,18.796332046332047,124.7205615415672,EFEMP2;MYLK;STRA6
GO_Biological_Process_2023,Regulation Of Cellular Extravasation (GO:0002691),3/9,0.0013130967390139,0.0217242656797313,0,0,18.796332046332047,124.7205615415672,PLVAP;THY1;JAM3
GO_Biological_Process_2023,Regulation Of Wound Healing (GO:0061041),6/47,0.0013171843409572,0.0217242656797313,0,0,5.523466729812929,36.63306135369023,MMRN1;CAV1;NRG1;FGF2;MYLK;AJAP1
GO_Biological_Process_2023,Calcium Ion Homeostasis (GO:0055074),9/102,0.0013824510771589,0.0226412616972461,0,0,3.664188508064516,24.124640504030097,CDH5;CXCL12;EDN3;STC2;CAV1;STC1;FAM20A;ATP6V1B1;SNCA
GO_Biological_Process_2023,Regulation Of Cell Adhesion (GO:0030155),11/144,0.0014007240970846,0.0227812210789746,0,0,3.1373433583959898,20.61474895630848,ACVRL1;CXCL12;TNXB;LAMA2;TNC;CHRD;SAA1;CDH13;NRG1;PRSS2;DLL1
GO_Biological_Process_2023,Positive Regulation Of Intracellular Signal Transduction (GO:1902533),26/525,0.001421856619998,0.0229654358898988,0,0,1.9978542944474809,13.097516766177757,CSF3;RAMP3;FGF2;THBS1;GJA1;KDR;IGFBP6;PDGFRB;NTRK2;PDGFRA;F10;VWF;CAV1;SEPTIN4;ADRA2C;BMP6;DCN;PTP4A3;IL6;CDH13;ROR2;TEK;FERMT2;JCAD;DDR2;LTF
GO_Biological_Process_2023,Canonical Wnt Signaling Pathway (GO:0060070),7/65,0.0014755034550274,0.0236686924087272,0,0,4.560143566349121,29.72646333426053,SFRP4;SFRP1;SFRP2;FRZB;FZD4;CAV1;FZD7
GO_Biological_Process_2023,Positive Regulation Of Vascular Associated Smooth Muscle Cell Proliferation (GO:1904707),4/20,0.0015824928250205,0.0252122326271975,0,0,9.411508704061896,60.69250381697934,GJA1;IGFBP5;MMP2;FGF2
GO_Biological_Process_2023,Integrin-Mediated Signaling Pathway (GO:0007229),8/85,0.0016696716055995,0.0264214250021232,0,0,3.929419508366877,25.12914196042859,COL3A1;ADAMTS1;ITGB3;ITGA8;ITGBL1;PTN;THY1;FERMT2
GO_Biological_Process_2023,Metal Ion Transport (GO:0030001),12/171,0.0017931251186582,0.0277972078988338,0,0,2.8646624902694886,18.1155392065324,NIPAL4;SLC5A8;CALCRL;RAMP3;KCNJ8;TRPC4;KCNJ12;CAV1;SCN7A;CLU;RAMP1;SLC5A5
GO_Biological_Process_2023,Regulation Of Inclusion Body Assembly (GO:0090083),3/10,0.001839695655132,0.0277972078988338,0,0,16.11031439602868,101.46525919259108,HSPA2;SNCAIP;HSPA1B
GO_Biological_Process_2023,Regulation Of Respiratory Burst (GO:0060263),3/10,0.001839695655132,0.0277972078988338,0,0,16.11031439602868,101.46525919259108,IGHA1;IGHA2;JCHAIN
GO_Biological_Process_2023,Thyroid Hormone Generation (GO:0006590),3/10,0.001839695655132,0.0277972078988338,0,0,16.11031439602868,101.46525919259108,CTSK;DIO2;SLC5A5
GO_Biological_Process_2023,Negative Regulation Of Adenylate Cyclase Activity (GO:0007194),3/10,0.001839695655132,0.0277972078988338,0,0,16.11031439602868,101.46525919259108,EDNRB;LTB4R2;PALM
GO_Biological_Process_2023,Positive Regulation Of Chondrocyte Differentiation (GO:0032332),3/10,0.001839695655132,0.0277972078988338,0,0,16.11031439602868,101.46525919259108,ZBTB16;LOXL2;SOX5
GO_Biological_Process_2023,Positive Regulation Of Transforming Growth Factor Beta Production (GO:0071636),3/10,0.001839695655132,0.0277972078988338,0,0,16.11031439602868,101.46525919259108,TNXB;SERPINF2;THBS1
GO_Biological_Process_2023,Regulation Of Lipid Storage (GO:0010883),4/21,0.0019149748121866,0.0287491731419306,0,0,8.857435430651952,55.43028096547854,C3;IL6;ITGB3;APOB
GO_Biological_Process_2023,Endoderm Formation (GO:0001706),5/35,0.0020025138812657,0.0298718949676706,0,0,6.281976744186046,39.03213243498641,SOX17;COL4A2;MMP2;COL12A1;COL8A1
GO_Biological_Process_2023,Receptor Internalization (GO:0031623),6/51,0.0020241640632254,0.0300037483295816,0,0,5.031456310679611,31.208103224235007,CALCRL;RAMP3;DMBT1;CAV1;RAMP1;SNCA
GO_Biological_Process_2023,Positive Regulation Of Cellular Biosynthetic Process (GO:0031328),12/174,0.0020748796289237,0.0305620634650283,0,0,2.8111765989958526,17.367033359982628,PDGFRB;SMOC2;IL6;NNMT;PRR16;HBB;CLU;FGF2;PPARGC1A;THBS1;LARP6;SNCA
GO_Biological_Process_2023,Regulation Of Wnt Signaling Pathway (GO:0030111),9/109,0.0021941221742934,0.0321164633262207,0,0,3.40646484375,20.85428659272859,SFRP4;SFRP1;SALL1;SFRP2;FRZB;FZD7;APCDD1;SULF1;DKK1
GO_Biological_Process_2023,Negative Regulation Of Epithelial Cell Proliferation (GO:0050680),7/70,0.0022732815734961,0.0329436519103041,0,0,4.197146562905318,25.54606209715969,SFRP1;SPARC;SFRP2;CAV1;ATOH8;SULF1;THBS1
GO_Biological_Process_2023,Synapse Organization (GO:0050808),10/131,0.002288288792385,0.0329436519103041,0,0,3.130791997541686,19.03506191427272,TNC;NRXN2;PCDHB14;NRCAM;LRRC4C;DKK1;PDZRN3;SHANK3;SNCA;ADGRL3
GO_Biological_Process_2023,Blood Vessel Endothelial Cell Migration (GO:0043534),4/22,0.0022928331602816,0.0329436519103041,0,0,8.364925854287556,50.84174361940013,CDH5;SOX18;KDR;FGF2
GO_Biological_Process_2023,Regulation Of Peptidyl-Tyrosine Phosphorylation (GO:0050730),8/90,0.0024029245034962,0.0339780113367653,0,0,3.688869871154852,22.24782776705201,CSF3;FGF7;SFRP1;IL6;SFRP2;ITGB3;NRG1;BMP6
GO_Biological_Process_2023,Regulation Of Phospholipase C Activity (GO:1900274),3/11,0.002480888103581,0.0339780113367653,0,0,14.09580115830116,84.56266590681244,PDGFRB;PDGFRA;FGF2
GO_Biological_Process_2023,Negative Regulation Of Cyclase Activity (GO:0031280),3/11,0.002480888103581,0.0339780113367653,0,0,14.09580115830116,84.56266590681244,EDNRB;LTB4R2;PALM
GO_Biological_Process_2023,Negative Regulation Of Fibrinolysis (GO:0051918),3/11,0.002480888103581,0.0339780113367653,0,0,14.09580115830116,84.56266590681244,SERPINF2;NRG1;THBS1
GO_Biological_Process_2023,Negative Regulation Of Platelet-Derived Growth Factor Receptor Signaling Pathway (GO:0010642),3/11,0.002480888103581,0.0339780113367653,0,0,14.09580115830116,84.56266590681244,NDRG4;APOD;SNCA
GO_Biological_Process_2023,Negative Regulation Of Vascular Permeability (GO:0043116),3/11,0.002480888103581,0.0339780113367653,0,0,14.09580115830116,84.56266590681244,CLDN5;PDE3A;FERMT2
GO_Biological_Process_2023,Phasic Smooth Muscle Contraction (GO:0014821),3/11,0.002480888103581,0.0339780113367653,0,0,14.09580115830116,84.56266590681244,EDNRB;EDN3;PTGER3
GO_Biological_Process_2023,Positive Regulation Of Platelet Aggregation (GO:1901731),3/11,0.002480888103581,0.0339780113367653,0,0,14.09580115830116,84.56266590681244,IL6;MMRN1;PDPN
GO_Biological_Process_2023,Negative Regulation Of Endothelial Cell Migration (GO:0010596),5/37,0.0025766292891819,0.0348813051749369,0,0,5.88874757751938,35.104433181945176,STC1;NRG1;FGF2;THBS1;DCN
GO_Biological_Process_2023,Negative Regulation Of Endothelial Cell Proliferation (GO:0001937),5/37,0.0025766292891819,0.0348813051749369,0,0,5.88874757751938,35.104433181945176,SPARC;CAV1;ATOH8;SULF1;THBS1
GO_Biological_Process_2023,Regulation Of Cell Growth (GO:0001558),14/227,0.002615117584161,0.0351988815063513,0,0,2.4976525821596245,14.852156749097407,ACVRL1;FHL1;FAM107A;TNC;NRG1;GJA1;SFRP1;SFRP2;SOX17;FRZB;SPOCK1;MSX1;PRSS2;HSPA1B
GO_Biological_Process_2023,Negative Regulation Of Cell Adhesion (GO:0007162),7/72,0.0026721567576997,0.0357610921516155,0,0,4.0675845555222985,24.09990709500244,ACVRL1;FZD4;FZD7;CDH13;SPOCK1;NRG1;JAM3
GO_Biological_Process_2023,Response To BMP (GO:0071772),4/23,0.0027190313501389,0.0359772396724603,0,0,7.924259391224677,46.81240056701078,ACVRL1;SFRP1;DLX5;BMP6
GO_Biological_Process_2023,Positive Regulation Of Epithelial Cell Apoptotic Process (GO:1904037),4/23,0.0027190313501389,0.0359772396724603,0,0,7.924259391224677,46.81240056701078,SFRP4;IL6;ECSCR;THBS1
GO_Biological_Process_2023,Defense Response To Bacterium (GO:0042742),13/204,0.0027666069002411,0.0364010862941844,0,0,2.584243723461269,15.221540929324462,PGLYRP4;WFDC2;JCHAIN;BPIFA1;IL6;SLPI;DMBT1;LCN2;IGHA1;DEFB4A;IGHA2;KRT6A;LTF
GO_Biological_Process_2023,Heart Looping (GO:0001947),5/38,0.0029045122276203,0.0380020538384738,0,0,5.710007047216349,33.3549479850673,NDRG4;SOX17;SOX18;DLL1;TBX2
GO_Biological_Process_2023,Positive Regulation Of Multicellular Organismal Process (GO:0051240),20/387,0.0030112906925764,0.0391802377889673,0,0,2.0788939831508646,12.068783045194497,SERPINB3;TNXB;ZBTB16;CAV1;DIO2;TWIST1;INHBB;PTN;FGF2;LOXL2;SYDE1;GJA1;IL6;PDPN;LCN2;SAA1;PPARGC1A;FERMT2;STRA6;SOX5
GO_Biological_Process_2023,Negative Regulation Of Cell Junction Assembly (GO:1901889),4/24,0.0031964752334538,0.0412887918627397,0,0,7.527659574468085,43.25172304218551,ACVRL1;FAM107A;APOD;THBS1
GO_Biological_Process_2023,Regulation Of Platelet-Derived Growth Factor Receptor Signaling Pathway (GO:0010640),3/12,0.0032442602639796,0.0412887918627397,0,0,12.528957528957529,71.80180073123381,NDRG4;APOD;SNCA
GO_Biological_Process_2023,Endothelium Development (GO:0003158),3/12,0.0032442602639796,0.0412887918627397,0,0,12.528957528957529,71.80180073123381,KDR;CD34;FSTL1
GO_Biological_Process_2023,Negative Regulation Of Cell-Substrate Adhesion (GO:0010812),5/39,0.0032614972222915,0.0412887918627397,0,0,5.541780665754674,31.72984713240408,FZD4;FZD7;SPOCK1;THBS1;AJAP1
GO_Biological_Process_2023,Negative Regulation Of Transport (GO:0051051),5/39,0.0032614972222915,0.0412887918627397,0,0,5.541780665754674,31.72984713240408,SFRP4;ITGB3;NRG1;CRYAB;SNCA
GO_Biological_Process_2023,Transmembrane Receptor Protein Tyrosine Kinase Signaling Pathway (GO:0007169),16/284,0.0033267676937316,0.0418886555845134,0,0,2.2711393527412445,12.958562693857775,PDGFRB;PDGFRA;NTRK2;MMP2;VEGFC;NRG1;SULF1;FGF2;FGF7;FLRT2;COL4A2;KDR;ALKAL2;ROR2;TEK;DDR2
GO_Biological_Process_2023,Regulation Of Fat Cell Differentiation (GO:0045598),7/75,0.0033685987691601,0.042188547151727,0,0,3.887531471732662,22.13272127118587,SFRP1;IL6;SFRP2;FRZB;ZBTB16;FERMT2;MEDAG
GO_Biological_Process_2023,Positive Regulation Of Protein Serine/Threonine Kinase Activity (GO:0071902),9/117,0.003543940199181,0.0441484465238399,0,0,3.15283203125,17.789905560617104,PDGFRB;CCND1;EDN3;DIRAS2;FGF2;THBS1;FERMT2;LTF;SNCA
GO_Biological_Process_2023,Wnt Signaling Pathway (GO:0016055),7/76,0.0036290160556685,0.0449690772612479,0,0,3.8309930637793945,21.5255597930018,SFRP4;SFRP1;SFRP2;FRZB;FZD4;FZD7;FERMT2
GO_Biological_Process_2023,Nitrogen Compound Transport (GO:0071705),11/163,0.0036997438277052,0.0454738790687501,0,0,2.7424793601651185,15.3564904077664,SLC5A8;CALCRL;RAMP3;TCN1;PDPN;HBB;NRG1;RHCG;SLC26A4;RAMP1;SLC7A2
GO_Biological_Process_2023,Regulation Of Chondrocyte Differentiation (GO:0032330),4/25,0.0037280037494449,0.0454738790687501,0,0,7.1688311688311686,40.08726067242351,ZBTB16;PTHLH;LOXL2;SOX5
GO_Biological_Process_2023,Regulation Of Platelet Aggregation (GO:0090330),4/25,0.0037280037494449,0.0454738790687501,0,0,7.1688311688311686,40.08726067242351,IL6;C1QTNF1;MMRN1;PDPN
GO_Biological_Process_2023,Positive Regulation Of Cell Projection Organization (GO:0031346),9/118,0.00375049703589,0.0455112127360337,0,0,3.1237456995412844,17.448827722325248,NTRK2;NDRG4;FZD4;ALKAL2;ROR2;PTN;OBSL1;SCN1B;DDR2
GO_Biological_Process_2023,Embryonic Organ Development (GO:0048568),7/77,0.0039044608115686,0.0471352949520298,0,0,3.7760700389105057,20.940708366572498,NDRG4;SALL1;SOX17;SOX18;KDR;STRA6;TBX2
GO_Biological_Process_2023,Negative Regulation Of Fibroblast Growth Factor Receptor Signaling Pathway (GO:0040037),3/13,0.0041365679767547,0.0491768639673079,0,0,11.275482625482626,61.87859510893378,SULF1;FGF2;THBS1
GO_Biological_Process_2023,Negative Regulation Of Lyase Activity (GO:0051350),3/13,0.0041365679767547,0.0491768639673079,0,0,11.275482625482626,61.87859510893378,EDNRB;LTB4R2;PALM
GO_Biological_Process_2023,Negative Regulation Of Myoblast Differentiation (GO:0045662),3/13,0.0041365679767547,0.0491768639673079,0,0,11.275482625482626,61.87859510893378,PRICKLE1;DLL1;TBX3
GO_Biological_Process_2023,Heart Morphogenesis (GO:0003007),6/59,0.0042537259439619,0.0500443732136398,0,0,4.270232643341271,23.315299369615825,ACVRL1;ADAMTS5;SOX17;FLRT2;TBX3;TBX2
GO_Biological_Process_2023,Cardiac Muscle Cell Development (GO:0055013),4/26,0.0043163806102285,0.0500443732136398,0,0,6.842623527343063,37.26039825253782,FHOD3;PDGFRB;PDGFRA;OBSL1
GO_Biological_Process_2023,Cell-Cell Adhesion Mediated By Cadherin (GO:0044331),4/26,0.0043163806102285,0.0500443732136398,0,0,6.842623527343063,37.26039825253782,CDH6;CDH5;CDH11;CDH13
GO_Biological_Process_2023,Negative Regulation Of Endothelial Cell Apoptotic Process (GO:2000352),4/26,0.0043163806102285,0.0500443732136398,0,0,6.842623527343063,37.26039825253782,CDH5;KDR;TEK;GATA2
GO_Biological_Process_2023,Positive Regulation Of Phosphatidylinositol 3-Kinase Activity (GO:0043552),4/26,0.0043163806102285,0.0500443732136398,0,0,6.842623527343063,37.26039825253782,PDGFRB;PDGFRA;TEK;FGF2
GO_Biological_Process_2023,Branching Morphogenesis Of An Epithelial Tube (GO:0048754),5/42,0.0045211773600179,0.0516516945227418,0,0,5.091661428870731,27.489792687552733,SALL1;SFRP2;COL4A1;KDR;FGF2
GO_Biological_Process_2023,Determination Of Heart Left/Right Asymmetry (GO:0061371),5/42,0.0045211773600179,0.0516516945227418,0,0,5.091661428870731,27.489792687552733,NDRG4;SOX17;SOX18;DLL1;TBX2
GO_Biological_Process_2023,Embryonic Heart Tube Morphogenesis (GO:0003143),5/42,0.0045211773600179,0.0516516945227418,0,0,5.091661428870731,27.489792687552733,NDRG4;SOX17;SOX18;DLL1;TBX2
GO_Biological_Process_2023,Negative Regulation Of Peptidase Activity (GO:0010466),6/60,0.0046246937350781,0.0525778287745287,0,0,4.190938511326861,22.53193185404705,SERPINB3;SERPINB4;SERPINF2;TIMP3;SPOCK1;NRG1
GO_Biological_Process_2023,Wound Healing (GO:0042060),7/80,0.0048264084386094,0.0546060317063931,0,0,3.620329406748041,19.30957965151659,PDGFRA;COL3A1;ITGB3;FZD7;NRG1;FGF2;KRT6A
GO_Biological_Process_2023,Hemopoiesis (GO:0030097),8/101,0.0048935032937624,0.0550989649711136,0,0,3.250707413695529,17.293265471523274,MFAP5;SFRP1;SFRP2;ZBTB16;KDR;TEK;CD34;DLL1
GO_Biological_Process_2023,Regulation Of Peptidase Activity (GO:0052547),4/27,0.0049642868850792,0.0555479268021846,0,0,6.544781767723489,34.723245555895254,SERPINB3;SERPINB4;CTSK;CAV1
GO_Biological_Process_2023,Negative Regulation Of Response To External Stimulus (GO:0032102),10/146,0.0049808132487014,0.0555479268021846,0,0,2.783325659030736,14.757643816610877,CDH5;FNDC4;PTGIS;MMRN1;SAA1;ENPP3;TEK;FGF2;AJAP1;LTF
GO_Biological_Process_2023,Regulation Of Extracellular Matrix Disassembly (GO:0010715),3/14,0.005163783927296,0.0563322071409094,0,0,10.24991224991225,53.976915802694606,IL6;PDPN;DDR2
GO_Biological_Process_2023,Aorta Development (GO:0035904),3/14,0.005163783927296,0.0563322071409094,0,0,10.24991224991225,53.976915802694606,PDGFRB;EFEMP2;TBX2
GO_Biological_Process_2023,Neuron Cell-Cell Adhesion (GO:0007158),3/14,0.005163783927296,0.0563322071409094,0,0,10.24991224991225,53.976915802694606,NRXN3;NRXN2;CNTN4
GO_Biological_Process_2023,Positive Regulation Of Endothelial Cell Chemotaxis (GO:2001028),3/14,0.005163783927296,0.0563322071409094,0,0,10.24991224991225,53.976915802694606,SMOC2;KDR;FGF2
GO_Biological_Process_2023,Enzyme-Linked Receptor Protein Signaling Pathway (GO:0007167),9/124,0.0051954554835339,0.0563322071409094,0,0,2.959850543478261,15.568727966739438,PDGFRB;PDGFRA;NTRK2;KDR;ALKAL2;ROR2;PTN;TEK;DDR2
GO_Biological_Process_2023,Neuron Projection Guidance (GO:0097485),9/124,0.0051954554835339,0.0563322071409094,0,0,2.959850543478261,15.568727966739438,ROBO4;CXCL12;FEZ1;BOC;SEMA3B;NRXN3;NRCAM;CNTN4;SCN1B
GO_Biological_Process_2023,Embryonic Organ Morphogenesis (GO:0048562),5/44,0.005532227076089,0.0597072618073757,0,0,4.83005366726297,25.1025849899209,MFAP5;PDGFRA;HOXB9;SOX17;FBN1
GO_Biological_Process_2023,Vascular Endothelial Growth Factor Receptor Signaling Pathway (GO:0048010),4/28,0.005674314436032,0.0609598367393897,0,0,6.271760154738878,32.43632383314687,KDR;VEGFC;CLEC14A;SULF1
GO_Biological_Process_2023,Regulation Of Neuron Projection Development (GO:0010975),11/174,0.006024412931024,0.0639977316338213,0,0,2.5559485143750758,13.065843290405589,NTRK2;MAG;NDRG4;SPOCK1;ALKAL2;ROR2;PTN;LRRC4C;SHANK3;SCN1B;DDR2
GO_Biological_Process_2023,Regulation Of Anatomical Structure Morphogenesis (GO:0022603),9/127,0.006063187527093,0.0639977316338213,0,0,2.8841532044491527,14.725100779951042,SFRP1;IL6;SPARC;LRRC4C;WTIP;FGF2;SHANK3;DLL1;FERMT2
GO_Biological_Process_2023,Regulation Of Intrinsic Apoptotic Signaling Pathway In Response To DNA Damage (GO:1902229),3/15,0.0063311427059256,0.0639977316338213,0,0,9.39527027027027,47.56143745606087,CXCL12;SFRP2;CLU
GO_Biological_Process_2023,Digestive Tract Morphogenesis (GO:0048546),3/15,0.0063311427059256,0.0639977316338213,0,0,9.39527027027027,47.56143745606087,PDGFRA;SOX17;STRA6
GO_Biological_Process_2023,Negative Regulation Of Cell-Substrate Junction Organization (GO:0150118),3/15,0.0063311427059256,0.0639977316338213,0,0,9.39527027027027,47.56143745606087,FAM107A;APOD;THBS1
GO_Biological_Process_2023,Negative Regulation Of Focal Adhesion Assembly (GO:0051895),3/15,0.0063311427059256,0.0639977316338213,0,0,9.39527027027027,47.56143745606087,FAM107A;APOD;THBS1
GO_Biological_Process_2023,Negative Regulation Of Protein Processing (GO:0010955),3/15,0.0063311427059256,0.0639977316338213,0,0,9.39527027027027,47.56143745606087,SERPINF2;GAS1;THBS1
GO_Biological_Process_2023,Negative Regulation Of Cell Death (GO:0060548),6/64,0.0063496428150031,0.0639977316338213,0,0,3.901104787412119,19.737080710949723,CCN6;CCN5;CCN4;CCN2;HSPA1B;SNCA
GO_Biological_Process_2023,Amylin Receptor Signaling Pathway (GO:0097647),2/5,0.0064284674066085,0.0639977316338213,0,0,25.017341040462423,126.26299855257412,RAMP3;RAMP1
GO_Biological_Process_2023,Glomerulus Vasculature Development (GO:0072012),2/5,0.0064284674066085,0.0639977316338213,0,0,25.017341040462423,126.26299855257412,TEK;CD34
GO_Biological_Process_2023,Iron Coordination Entity Transport (GO:1901678),2/5,0.0064284674066085,0.0639977316338213,0,0,25.017341040462423,126.26299855257412,LCN2;NRG1
GO_Biological_Process_2023,Negative Regulation Of Cardiac Muscle Cell Differentiation (GO:2000726),2/5,0.0064284674066085,0.0639977316338213,0,0,25.017341040462423,126.26299855257412,FZD7;DKK1
GO_Biological_Process_2023,Negative Regulation Of Insulin-Like Growth Factor Receptor Signaling Pathway (GO:0043569),2/5,0.0064284674066085,0.0639977316338213,0,0,25.017341040462423,126.26299855257412,IGFBP5;CILP
GO_Biological_Process_2023,Negative Regulation Of Morphogenesis Of An Epithelium (GO:1905331),2/5,0.0064284674066085,0.0639977316338213,0,0,25.017341040462423,126.26299855257412,SULF1;TBX2
GO_Biological_Process_2023,Positive Regulation Of Endothelial Cell Development (GO:1901552),2/5,0.0064284674066085,0.0639977316338213,0,0,25.017341040462423,126.26299855257412,CDH5;CLDN5
GO_Biological_Process_2023,Positive Regulation Of Establishment Of Endothelial Barrier (GO:1903142),2/5,0.0064284674066085,0.0639977316338213,0,0,25.017341040462423,126.26299855257412,CDH5;CLDN5
GO_Biological_Process_2023,Postsynaptic Density Assembly (GO:0097107),2/5,0.0064284674066085,0.0639977316338213,0,0,25.017341040462423,126.26299855257412,NRXN2;SHANK3
GO_Biological_Process_2023,Positive Regulation Of Calcium Ion Transport (GO:0051928),4/29,0.0064489601475584,0.0639977316338213,0,0,6.020580270793037,30.366821790132555,PDGFRB;CXCL12;STC1;MYLK
GO_Biological_Process_2023,Epithelial Cell Migration (GO:0010631),5/46,0.0066931226577898,0.0658002822340542,0,0,4.593968614104746,23.000506656796947,PTP4A3;S100A2;CDH13;FSTL1;LOXL2
GO_Biological_Process_2023,Homotypic Cell-Cell Adhesion (GO:0034109),5/46,0.0066931226577898,0.0658002822340542,0,0,4.593968614104746,23.000506656796947,PDGFRA;ITGB3;HBB;MYL9;XG
GO_Biological_Process_2023,Regulation Of Kinase Activity (GO:0043549),7/85,0.0067148878966434,0.0658002822340542,0,0,3.3873840167614486,16.948532522695434,PDGFRB;PDGFRA;NTRK2;KDR;ROR2;TEK;DDR2
GO_Biological_Process_2023,Positive Regulation Of Metabolic Process (GO:0009893),8/108,0.0072878809794895,0.0705563394375031,0,0,3.022066276803119,14.873227468552626,GJA1;CAV1;DIO2;LCN2;IGHA1;IGHA2;PPARGC1A;JCHAIN
GO_Biological_Process_2023,Negative Regulation Of Peptidyl-Tyrosine Phosphorylation (GO:0050732),4/30,0.0072906208983244,0.0705563394375031,0,0,5.7887219163814905,28.48726475100837,SFRP1;SFRP2;CAV1;THY1
GO_Biological_Process_2023,Positive Regulation Of Lipid Kinase Activity (GO:0090218),4/30,0.0072906208983244,0.0705563394375031,0,0,5.7887219163814905,28.48726475100837,PDGFRB;PDGFRA;TEK;FGF2
GO_Biological_Process_2023,Regulation Of Fibrinolysis (GO:0051917),3/16,0.007643183832824,0.072470998123376,0,0,8.672111672111672,42.2673609003672,SERPINF2;NRG1;THBS1
GO_Biological_Process_2023,Regulation Of Osteoblast Proliferation (GO:0033688),3/16,0.007643183832824,0.072470998123376,0,0,8.672111672111672,42.2673609003672,SFRP1;NPR3;LTF
GO_Biological_Process_2023,Positive Regulation Of Homotypic Cell-Cell Adhesion (GO:0034112),3/16,0.007643183832824,0.072470998123376,0,0,8.672111672111672,42.2673609003672,IL6;MMRN1;PDPN
GO_Biological_Process_2023,Positive Regulation Of Smooth Muscle Cell Migration (GO:0014911),3/16,0.007643183832824,0.072470998123376,0,0,8.672111672111672,42.2673609003672,PDGFRB;IGFBP5;CCN4
GO_Biological_Process_2023,Positive Regulation Of Stem Cell Proliferation (GO:2000648),3/16,0.007643183832824,0.072470998123376,0,0,8.672111672111672,42.2673609003672,GJA1;LTBP2;FERMT2
GO_Biological_Process_2023,Cell-Matrix Adhesion (GO:0007160),8/109,0.0076913478281899,0.0726336153775038,0,0,2.9919904271128868,14.563989850253511,COL3A1;ITGB3;CDH11;ITGA8;ITGBL1;THY1;CD34;FERMT2
GO_Biological_Process_2023,Epithelial Cell Differentiation (GO:0030855),9/132,0.0077525138734038,0.0729172188414126,0,0,2.766196646341464,13.442991282593278,TAGLN;DMBT1;FZD7;KRT14;KDR;KRT13;RHCG;FSTL1;CES1
GO_Biological_Process_2023,Positive Regulation Of Cell Adhesion (GO:0045785),7/88,0.0080837081805372,0.075728178235273,0,0,3.2614209540279577,15.713214946800951,SFRP2;CXCL12;LAMA2;CHRD;SAA1;PRSS2;FBLN2
GO_Biological_Process_2023,Regulation Of Long-Term Synaptic Potentiation (GO:1900271),4/31,0.0082015892273493,0.0759214307132493,0,0,5.574038254889318,26.77448772141497,FAM107A;PTN;NSG1;SHANK3
GO_Biological_Process_2023,Endodermal Cell Differentiation (GO:0035987),4/31,0.0082015892273493,0.0759214307132493,0,0,5.574038254889318,26.77448772141497,COL4A2;MMP2;COL12A1;COL8A1
GO_Biological_Process_2023,Regulation Of Cell Morphogenesis (GO:0022604),4/31,0.0082015892273493,0.0759214307132493,0,0,5.574038254889318,26.77448772141497,SPARC;PDPN;WTIP;FERMT2
GO_Biological_Process_2023,Regulation Of Canonical Wnt Signaling Pathway (GO:0060828),12/207,0.0082721723447226,0.0762733371312612,0,0,2.331449297264621,11.17896861003172,SFRP4;SFRP1;SFRP2;SOX17;FRZB;FZD7;CAV1;PRICKLE1;IGFBP6;DKK1;BICC1;SHISA6
GO_Biological_Process_2023,Positive Regulation Of Developmental Process (GO:0051094),13/233,0.0083373098734179,0.0765724695040973,0,0,2.2402201145311382,10.723966556295954,TNXB;EDN3;FZD4;ZBTB16;SERPINF2;PTN;DCN;SYDE1;GJA1;KDR;CCN2;SHANK3;SOX5
GO_Biological_Process_2023,Cell-Cell Junction Organization (GO:0045216),6/68,0.0085002328533199,0.0777638489940438,0,0,3.648668963357344,17.395619350487046,CDH6;CDH5;CLDN5;CDH11;CDH13;DSG1
GO_Biological_Process_2023,NAD Biosynthetic Process (GO:0009435),3/17,0.0091037928228268,0.0798030704597191,0,0,8.052261445118589,37.83809315224398,SLC5A8;NNMT;PTGIS
GO_Biological_Process_2023,Regulation Of Leukocyte Chemotaxis (GO:0002688),3/17,0.0091037928228268,0.0798030704597191,0,0,8.052261445118589,37.83809315224398,IL6;EDN3;PTN
GO_Biological_Process_2023,Extracellular Matrix Assembly (GO:0085029),3/17,0.0091037928228268,0.0798030704597191,0,0,8.052261445118589,37.83809315224398,MFAP4;EFEMP2;TNXB
GO_Biological_Process_2023,Positive Regulation Of Cartilage Development (GO:0061036),3/17,0.0091037928228268,0.0798030704597191,0,0,8.052261445118589,37.83809315224398,ZBTB16;LOXL2;SOX5
GO_Biological_Process_2023,Positive Regulation Of Stem Cell Differentiation (GO:2000738),3/17,0.0091037928228268,0.0798030704597191,0,0,8.052261445118589,37.83809315224398,LTBP2;PTN;SOX5
GO_Biological_Process_2023,Regulation Of Adenylate Cyclase Activity (GO:0045761),3/17,0.0091037928228268,0.0798030704597191,0,0,8.052261445118589,37.83809315224398,EDNRB;LTB4R2;PALM
GO_Biological_Process_2023,Regulation Of Cartilage Development (GO:0061035),3/17,0.0091037928228268,0.0798030704597191,0,0,8.052261445118589,37.83809315224398,ZBTB16;PTHLH;SOX5
GO_Biological_Process_2023,Regulation Of Endopeptidase Activity (GO:0052548),6/69,0.0091105489935625,0.0798030704597191,0,0,3.5905686546463245,16.869648804170957,SERPINB3;SERPINB4;SERPINF2;TIMP3;SPOCK1;NRG1
GO_Biological_Process_2023,Negative Regulation Of Osteoblast Differentiation (GO:0045668),4/32,0.0091840496475021,0.0798030704597191,0,0,5.374689140646588,25.208834785738844,CHRD;TWIST2;TWIST1;RORB
GO_Biological_Process_2023,Regulation Of Collagen Fibril Organization (GO:1904026),2/6,0.0094769684394675,0.0798030704597191,0,0,18.76204238921002,87.41030665235238,EFEMP2;TNXB
GO_Biological_Process_2023,Cellular Response To Prostaglandin E Stimulus (GO:0071380),2/6,0.0094769684394675,0.0798030704597191,0,0,18.76204238921002,87.41030665235238,SFRP1;PTGER2
GO_Biological_Process_2023,Definitive Hemopoiesis (GO:0060216),2/6,0.0094769684394675,0.0798030704597191,0,0,18.76204238921002,87.41030665235238,MFAP5;TEK
GO_Biological_Process_2023,Smooth Muscle Cell Migration (GO:0014909),2/6,0.0094769684394675,0.0798030704597191,0,0,18.76204238921002,87.41030665235238,PDGFRB;ITGB3
GO_Biological_Process_2023,Gap Junction Assembly (GO:0016264),2/6,0.0094769684394675,0.0798030704597191,0,0,18.76204238921002,87.41030665235238,GJB2;GJB6
GO_Biological_Process_2023,Glandular Epithelial Cell Development (GO:0002068),2/6,0.0094769684394675,0.0798030704597191,0,0,18.76204238921002,87.41030665235238,DLL1;BMP6
GO_Biological_Process_2023,Type B Pancreatic Cell Development (GO:0003323),2/6,0.0094769684394675,0.0798030704597191,0,0,18.76204238921002,87.41030665235238,DLL1;BMP6
GO_Biological_Process_2023,Vascular Associated Smooth Muscle Contraction (GO:0014829),2/6,0.0094769684394675,0.0798030704597191,0,0,18.76204238921002,87.41030665235238,EDNRB;EDN3
GO_Biological_Process_2023,Negative Regulation Of Cardiocyte Differentiation (GO:1905208),2/6,0.0094769684394675,0.0798030704597191,0,0,18.76204238921002,87.41030665235238,FZD7;DKK1
GO_Biological_Process_2023,Negative Regulation Of Plasminogen Activation (GO:0010757),2/6,0.0094769684394675,0.0798030704597191,0,0,18.76204238921002,87.41030665235238,SERPINF2;THBS1
GO_Biological_Process_2023,Norepinephrine Biosynthetic Process (GO:0042421),2/6,0.0094769684394675,0.0798030704597191,0,0,18.76204238921002,87.41030665235238,MOXD1;HAND2
GO_Biological_Process_2023,Positive Regulation Of Membrane Depolarization (GO:1904181),2/6,0.0094769684394675,0.0798030704597191,0,0,18.76204238921002,87.41030665235238,KDR;DCN
GO_Biological_Process_2023,Cell Chemotaxis (GO:0060326),5/50,0.009506855959975,0.0798030704597191,0,0,4.184754521963824,19.483137641461067,PDGFRB;PDGFRA;HOXB9;CXCL12;DEFB4A
GO_Biological_Process_2023,Positive Regulation Of Fat Cell Differentiation (GO:0045600),5/50,0.009506855959975,0.0798030704597191,0,0,4.184754521963824,19.483137641461067,SFRP1;SFRP2;FRZB;ZBTB16;MEDAG
GO_Biological_Process_2023,Nervous System Development (GO:0007399),20/433,0.0100798219106458,0.0843105104097589,0,0,1.8429001561042564,8.472216873454375,DLX5;ZBTB16;MAMDC2;LSAMP;PCDHB14;NRXN2;NRG1;PTN;ECRG4;FGF2;EDNRB;FEZ1;BOC;SPOCK1;NRCAM;FAT4;CNTN4;MDGA1;SHANK3;ADGRL3
GO_Biological_Process_2023,Positive Regulation Of Neuron Projection Development (GO:0010976),7/92,0.0102151636032446,0.0850434644188002,0,0,3.1073014419775693,14.243503256775345,NTRK2;NDRG4;ALKAL2;ROR2;PTN;SCN1B;DDR2
GO_Biological_Process_2023,Positive Regulation Of Reproductive Process (GO:2000243),4/33,0.0102400755619563,0.0850434644188002,0,0,5.189088241179217,23.77352902070265,SYDE1;PDE3A;INHBB;TACR1
GO_Biological_Process_2023,Cholesterol Transport (GO:0030301),5/51,0.0103201938679027,0.0854059860022199,0,0,4.093570947084597,18.72257195172821,CAV1;ABCA8;APOB;CLU;CES1
GO_Biological_Process_2023,Kidney Development (GO:0001822),6/71,0.0104240090884765,0.0856597518779374,0,0,3.479731142643764,15.880252644990184,SALL1;SOX17;ZBTB16;ITGA8;SULF1;STRA6
GO_Biological_Process_2023,Negative Regulation Of Supramolecular Fiber Organization (GO:1902904),6/71,0.0104240090884765,0.0856597518779374,0,0,3.479731142643764,15.880252644990184,CDH5;BMERB1;CLU;CRYAB;SHANK3;SNCA
GO_Biological_Process_2023,Regulation Of Collagen Biosynthetic Process (GO:0032965),3/18,0.0107162403727355,0.0865428791480921,0,0,7.515057915057915,34.088264348490064,IL6;SERPINF2;LARP6
GO_Biological_Process_2023,Regulation Of Epithelial Cell Differentiation (GO:0030856),3/18,0.0107162403727355,0.0865428791480921,0,0,7.515057915057915,34.088264348490064,CAV1;ALOX15B;DLL1
GO_Biological_Process_2023,Endothelial Cell Proliferation (GO:0001935),3/18,0.0107162403727355,0.0865428791480921,0,0,7.515057915057915,34.088264348490064,TEK;CD34;LOXL2
GO_Biological_Process_2023,Mesenchyme Morphogenesis (GO:0072132),3/18,0.0107162403727355,0.0865428791480921,0,0,7.515057915057915,34.088264348490064,ACVRL1;ADAMTS5;TBX2
GO_Biological_Process_2023,Negative Regulation Of Lipid Storage (GO:0010888),3/18,0.0107162403727355,0.0865428791480921,0,0,7.515057915057915,34.088264348490064,IL6;ITGB3;CES1
GO_Biological_Process_2023,Regulation Of Peptidyl-Serine Phosphorylation (GO:0033135),7/93,0.0108064326925252,0.0866735115270343,0,0,3.071011673151751,13.904354531852338,CSF3;IL6;SFRP2;RAMP3;CAV1;DKK1;SNCA
GO_Biological_Process_2023,Positive Regulation Of Protein Kinase B Signaling (GO:0051897),7/93,0.0108064326925252,0.0866735115270343,0,0,3.071011673151751,13.904354531852338,CSF3;RAMP3;F10;TEK;FGF2;THBS1;FERMT2
GO_Biological_Process_2023,Regulation Of Phosphatidylinositol 3-Kinase Activity (GO:0043551),4/34,0.0113716267489779,0.0905862239663481,0,0,5.015860735009671,22.45417224246995,PDGFRB;PDGFRA;TEK;FGF2
GO_Biological_Process_2023,Embryonic Limb Morphogenesis (GO:0030326),4/34,0.0113716267489779,0.0905862239663481,0,0,5.015860735009671,22.45417224246995,SALL1;TWIST1;TBX3;TBX2
GO_Biological_Process_2023,Positive Regulation Of Transmembrane Receptor Protein Serine/Threonine Kinase Signaling Pathway (GO:0090100),7/95,0.0120628851031322,0.0951622976571543,0,0,3.0009064379200567,13.256869961530144,ACVRL1;CDH5;TNXB;INHBB;SULF1;THBS1;BMP6
GO_Biological_Process_2023,Cellular Response To Alcohol (GO:0097306),5/53,0.0120872065613312,0.0951622976571543,0,0,3.9226017441860463,17.3206704448942,SFRP1;PTGER2;ADCY2;CES1;SLC5A5
GO_Biological_Process_2023,Regulation Of Cellular Response To Growth Factor Stimulus (GO:0090287),3/19,0.0124832197466172,0.0951622976571543,0,0,7.045004826254826,30.88086250090088,SFRP4;SULF1;FSTL1
GO_Biological_Process_2023,Regulation Of Granulocyte Chemotaxis (GO:0071622),3/19,0.0124832197466172,0.0951622976571543,0,0,7.045004826254826,30.88086250090088,THBS1;JAM3;S100A7
GO_Biological_Process_2023,Regulation Of Insulin-Like Growth Factor Receptor Signaling Pathway (GO:0043567),3/19,0.0124832197466172,0.0951622976571543,0,0,7.045004826254826,30.88086250090088,IGFBP5;CILP;IGFBP6
GO_Biological_Process_2023,Dopamine Metabolic Process (GO:0042417),3/19,0.0124832197466172,0.0951622976571543,0,0,7.045004826254826,30.88086250090088,MOXD1;SNCAIP;SNCA
GO_Biological_Process_2023,Embryonic Digestive Tract Development (GO:0048566),3/19,0.0124832197466172,0.0951622976571543,0,0,7.045004826254826,30.88086250090088,PDGFRA;SALL1;STRA6
GO_Biological_Process_2023,Skeletal Muscle Contraction (GO:0003009),3/19,0.0124832197466172,0.0951622976571543,0,0,7.045004826254826,30.88086250090088,JSRP1;TNNC1;STAC2
GO_Biological_Process_2023,Eye Morphogenesis (GO:0048592),3/19,0.0124832197466172,0.0951622976571543,0,0,7.045004826254826,30.88086250090088,MFAP5;COL5A2;FBN1
GO_Biological_Process_2023,Receptor Clustering (GO:0043113),3/19,0.0124832197466172,0.0951622976571543,0,0,7.045004826254826,30.88086250090088,NRXN2;PTN;THY1
GO_Biological_Process_2023,Platelet Aggregation (GO:0070527),4/35,0.0125805473650586,0.0951622976571543,0,0,4.853809196980096,21.238344597620618,PDGFRA;ITGB3;HBB;MYL9
GO_Biological_Process_2023,Regulation Of Signal Transduction (GO:0009966),11/193,0.0125883135792267,0.0951622976571543,0,0,2.286867054514113,10.005012237238326,RGS4;RGS5;IGFBP5;MZB1;TMEM108;GAS1;IGFBP7;IGFBP6;SULF1;CLU;DLL1
GO_Biological_Process_2023,Gland Development (GO:0048732),6/74,0.0126379715805105,0.0951622976571543,0,0,3.325699600228441,14.536797173538098,SALL1;HAND2;CAV1;NRG1;TBX3;STRA6
GO_Biological_Process_2023,UV Protection (GO:0009650),2/7,0.0130402148549936,0.0951622976571543,0,0,15.008863198458574,65.13422246534685,MFAP4;SCARA3
GO_Biological_Process_2023,Regulation Of Positive Chemotaxis (GO:0050926),2/7,0.0130402148549936,0.0951622976571543,0,0,15.008863198458574,65.13422246534685,KDR;CDH13
GO_Biological_Process_2023,Regulation Of Transforming Growth Factor Beta Activation (GO:1901388),2/7,0.0130402148549936,0.0951622976571543,0,0,15.008863198458574,65.13422246534685,TNXB;LRRC32
GO_Biological_Process_2023,Folic Acid Transport (GO:0015884),2/7,0.0130402148549936,0.0951622976571543,0,0,15.008863198458574,65.13422246534685,PDPN;FOLR3
GO_Biological_Process_2023,Negative Regulation Of Neural Precursor Cell Proliferation (GO:2000178),2/7,0.0130402148549936,0.0951622976571543,0,0,15.008863198458574,65.13422246534685,PTN;GATA2
GO_Biological_Process_2023,Negative Regulation Of Nitric Oxide Biosynthetic Process (GO:0045019),2/7,0.0130402148549936,0.0951622976571543,0,0,15.008863198458574,65.13422246534685,PTGIS;CAV1
GO_Biological_Process_2023,Negative Regulation Of Nitric Oxide Metabolic Process (GO:1904406),2/7,0.0130402148549936,0.0951622976571543,0,0,15.008863198458574,65.13422246534685,PTGIS;CAV1
GO_Biological_Process_2023,Norepinephrine Metabolic Process (GO:0042415),2/7,0.0130402148549936,0.0951622976571543,0,0,15.008863198458574,65.13422246534685,MOXD1;RNF180
GO_Biological_Process_2023,Positive Regulation Of Fibroblast Migration (GO:0010763),2/7,0.0130402148549936,0.0951622976571543,0,0,15.008863198458574,65.13422246534685,THBS1;DDR2
GO_Biological_Process_2023,Positive Regulation Of Gluconeogenesis (GO:0045722),2/7,0.0130402148549936,0.0951622976571543,0,0,15.008863198458574,65.13422246534685,NNMT;PPARGC1A
GO_Biological_Process_2023,Positive Regulation Of Oligodendrocyte Differentiation (GO:0048714),2/7,0.0130402148549936,0.0951622976571543,0,0,15.008863198458574,65.13422246534685,TENM4;PTN
GO_Biological_Process_2023,Proximal/Distal Pattern Formation (GO:0009954),2/7,0.0130402148549936,0.0951622976571543,0,0,15.008863198458574,65.13422246534685,HOXB9;DLL1
GO_Biological_Process_2023,Peptidyl-Tyrosine Modification (GO:0018212),5/54,0.0130431671852888,0.0951622976571543,0,0,3.8423508938459103,16.673846621902445,PDGFRB;PDGFRA;KDR;TEK;DDR2
GO_Biological_Process_2023,Regulation Of Blood Vessel Endothelial Cell Migration (GO:0043535),5/54,0.0130431671852888,0.0951622976571543,0,0,3.8423508938459103,16.673846621902445,KDR;NRG1;GATA2;FGF2;THBS1
GO_Biological_Process_2023,Substrate Adhesion-Dependent Cell Spreading (GO:0034446),4/36,0.0138685644320689,0.1008701177015696,0,0,4.701885880077369,20.115281634002905,ITGB3;ITGA8;TEK;FERMT2
GO_Biological_Process_2023,Neuron Migration (GO:0001764),5/55,0.0140488959020424,0.1018653690482458,0,0,3.76531007751938,16.05984372989411,NTRK2;SPOCK1;NRCAM;SEPTIN4;MDGA1
GO_Biological_Process_2023,Regulation Of Fibroblast Migration (GO:0010762),3/20,0.0144068824251342,0.1025559837071867,0,0,6.630252100840337,28.112595383763622,FGF2;THBS1;DDR2
GO_Biological_Process_2023,Endothelial Cell Development (GO:0001885),3/20,0.0144068824251342,0.1025559837071867,0,0,6.630252100840337,28.112595383763622,ROBO4;SOX18;STC1
GO_Biological_Process_2023,Negative Regulation Of Reproductive Process (GO:2000242),3/20,0.0144068824251342,0.1025559837071867,0,0,6.630252100840337,28.112595383763622,GJA1;PAEP;SULF1
GO_Biological_Process_2023,Positive Regulation Of Epithelial Cell Differentiation (GO:0030858),3/20,0.0144068824251342,0.1025559837071867,0,0,6.630252100840337,28.112595383763622,SFRP4;ATOH8;FGF2
GO_Biological_Process_2023,Positive Regulation Of Phospholipase Activity (GO:0010518),3/20,0.0144068824251342,0.1025559837071867,0,0,6.630252100840337,28.112595383763622,PDGFRB;PDGFRA;FGF2
GO_Biological_Process_2023,Regulation Of Calcium Ion Import (GO:0090279),3/20,0.0144068824251342,0.1025559837071867,0,0,6.630252100840337,28.112595383763622,PDGFRB;CXCL12;STC1
GO_Biological_Process_2023,Positive Regulation Of Macromolecule Biosynthetic Process (GO:0010557),8/122,0.0145919351886453,0.1032456562290256,0,0,2.6490202113470813,11.19816681401638,PDGFRB;SMOC2;IL6;KDR;PRR16;FGF2;THBS1;LARP6
GO_Biological_Process_2023,Receptor-Mediated Endocytosis (GO:0006898),8/122,0.0145919351886453,0.1032456562290256,0,0,2.6490202113470813,11.19816681401638,CALCRL;RAMP3;CAV1;TMEM108;LDLRAD3;DLL1;RAMP1;SNCA
GO_Biological_Process_2023,Positive Regulation Of Signaling (GO:0023056),4/37,0.0152372867884583,0.1073696423920626,0,0,4.559170036926323,19.07561200871485,RAMP3;TNXB;EDN3;SNCA
GO_Biological_Process_2023,Positive Regulation Of Protein Modification Process (GO:0031401),12/225,0.0152664777611258,0.1073696423920626,0,0,2.132433105509284,8.918039641661043,C3;CDH5;NTRK2;NNMT;CCND1;ITGB3;KDR;VEGFC;FAM20A;TEK;RAMP1;FGF2
GO_Biological_Process_2023,Negative Regulation Of Apoptotic Process (GO:0043066),21/482,0.0155813483394041,0.1092560413499535,0,0,1.732659436008677,7.210775333329485,NTRK2;CAV1;FHL2;VSTM2L;DKK1;FSTL1;CLU;DLL1;THBS1;TBX3;MAG;SFRP1;IL6;PDPN;KDR;TEK;PPARGC1A;CRYAB;HSPA1B;LTF;SNCA
GO_Biological_Process_2023,Axon Guidance (GO:0007411),9/149,0.0162501440956668,0.1136054849911989,0,0,2.428166852678572,10.00320608006883,ROBO4;CXCL12;FEZ1;BOC;SEMA3B;NRXN3;NRCAM;CNTN4;SCN1B
GO_Biological_Process_2023,Endocardial Cushion Morphogenesis (GO:0003203),3/21,0.0164888721058119,0.1142512972538801,0,0,6.261583011583012,25.704233714490528,ACVRL1;ADAMTS5;TBX2
GO_Biological_Process_2023,Focal Adhesion Assembly (GO:0048041),3/21,0.0164888721058119,0.1142512972538801,0,0,6.261583011583012,25.704233714490528,CDH11;THY1;FERMT2
GO_Biological_Process_2023,Positive Regulation Of Blood Coagulation (GO:0030194),3/21,0.0164888721058119,0.1142512972538801,0,0,6.261583011583012,25.704233714490528,SERPINF2;NRG1;THBS1
GO_Biological_Process_2023,Response To Transforming Growth Factor Beta (GO:0071559),4/38,0.0166882044380025,0.1143526604023927,0,0,4.424849243372397,18.11114304624571,SFRP1;FNDC4;PDE3A;SOX5
GO_Biological_Process_2023,Negative Regulation Of Epithelial Cell Apoptotic Process (GO:1904036),4/38,0.0166882044380025,0.1143526604023927,0,0,4.424849243372397,18.11114304624571,CDH5;KDR;TEK;GATA2
GO_Biological_Process_2023,Positive Regulation Of Endocytosis (GO:0045807),6/79,0.0170277487506489,0.1143526604023927,0,0,3.097113977922596,12.614269546182788,C3;SGIP1;GATA2;CLU;DLL1;SNCA
GO_Biological_Process_2023,Cyclooxygenase Pathway (GO:0019371),2/8,0.0170894240567196,0.1143526604023927,0,0,12.506743737957612,50.89363580021031,PTGIS;PTGDS
GO_Biological_Process_2023,Response To Magnesium Ion (GO:0032026),2/8,0.0170894240567196,0.1143526604023927,0,0,12.506743737957612,50.89363580021031,THBS1;SNCA
GO_Biological_Process_2023,Response To Vitamin D (GO:0033280),2/8,0.0170894240567196,0.1143526604023927,0,0,12.506743737957612,50.89363580021031,SFRP1;CYP24A1
GO_Biological_Process_2023,Sensory Organ Morphogenesis (GO:0090596),2/8,0.0170894240567196,0.1143526604023927,0,0,12.506743737957612,50.89363580021031,COL5A2;STRA6
GO_Biological_Process_2023,Synapse Pruning (GO:0098883),2/8,0.0170894240567196,0.1143526604023927,0,0,12.506743737957612,50.89363580021031,C3;DKK1
GO_Biological_Process_2023,Type B Pancreatic Cell Differentiation (GO:0003309),2/8,0.0170894240567196,0.1143526604023927,0,0,12.506743737957612,50.89363580021031,DLL1;BMP6
GO_Biological_Process_2023,Mesodermal Cell Differentiation (GO:0048333),2/8,0.0170894240567196,0.1143526604023927,0,0,12.506743737957612,50.89363580021031,ITGB3;ITGA8
GO_Biological_Process_2023,Negative Regulation Of Long-Term Synaptic Potentiation (GO:1900272),2/8,0.0170894240567196,0.1143526604023927,0,0,12.506743737957612,50.89363580021031,FAM107A;PTN
GO_Biological_Process_2023,Negative Regulation Of Transporter Activity (GO:0032410),2/8,0.0170894240567196,0.1143526604023927,0,0,12.506743737957612,50.89363580021031,TWIST1;SNCA
GO_Biological_Process_2023,Renal System Development (GO:0072001),5/58,0.0173750241477695,0.1156031436195351,0,0,3.551630832236361,14.393770625814078,SALL1;SOX17;ITGA8;SULF1;STRA6
GO_Biological_Process_2023,Inorganic Anion Transport (GO:0015698),5/58,0.0173750241477695,0.1156031436195351,0,0,3.551630832236361,14.393770625814078,SLC34A2;SLC5A8;ENPP3;SLC26A4;SLC5A5
GO_Biological_Process_2023,Regulation Of Nitric Oxide Biosynthetic Process (GO:0045428),4/39,0.0182226883051931,0.1202184112979223,0,0,4.298203923735839,17.21468431649292,PTGIS;CAV1;HBB;CLU
GO_Biological_Process_2023,Regulation Of Receptor-Mediated Endocytosis (GO:0048259),4/39,0.0182226883051931,0.1202184112979223,0,0,4.298203923735839,17.21468431649292,C3;SGIP1;CLU;DKK1
GO_Biological_Process_2023,Digestive Tract Development (GO:0048565),4/39,0.0182226883051931,0.1202184112979223,0,0,4.298203923735839,17.21468431649292,CLMP;EDNRB;SALL1;STRA6
GO_Biological_Process_2023,Mammary Gland Development (GO:0030879),3/22,0.0187303570871683,0.1228753397707235,0,0,5.931721194879089,23.5940717489396,CAV1;NRG1;TBX3
GO_Biological_Process_2023,Positive Regulation Of Cholesterol Efflux (GO:0010875),3/22,0.0187303570871683,0.1228753397707235,0,0,5.931721194879089,23.5940717489396,CAV1;ABCA8;CES1
GO_Biological_Process_2023,Positive Regulation Of Kinase Activity (GO:0033674),7/104,0.0190407741203348,0.1245628295805146,0,0,2.721208231377111,10.779175465609113,PDGFRB;PDGFRA;NTRK2;KDR;ROR2;TEK;DDR2
GO_Biological_Process_2023,Positive Regulation Of Wound Healing (GO:0090303),4/40,0.0198419903261779,0.1294427335484924,0,0,4.1785944551902,16.379901656369682,SMOC2;THBS1;FERMT2;MYLK
GO_Biological_Process_2023,Regulation Of Extracellular Matrix Organization (GO:1903053),3/23,0.0211320611436687,0.1334566682225043,0,0,5.63484555984556,21.733395941719756,EFEMP2;LAMA2;DDR2
GO_Biological_Process_2023,Artery Development (GO:0060840),3/23,0.0211320611436687,0.1334566682225043,0,0,5.63484555984556,21.733395941719756,ACVRL1;EFEMP2;STRA6
GO_Biological_Process_2023,Endocardial Cushion Development (GO:0003197),3/23,0.0211320611436687,0.1334566682225043,0,0,5.63484555984556,21.733395941719756,ACVRL1;ADAMTS5;TBX2
GO_Biological_Process_2023,BMP Signaling Pathway (GO:0030509),5/61,0.0211845889133085,0.1334566682225043,0,0,3.3608457918050942,12.954317255699044,ACVRL1;DLX5;CHRD;INHBB;BMP6
GO_Biological_Process_2023,Regulation Of Pathway-Restricted SMAD Protein Phosphorylation (GO:0060393),5/61,0.0211845889133085,0.1334566682225043,0,0,3.3608457918050942,12.954317255699044,ACVRL1;TNXB;INHBB;DKK1;BMP6
GO_Biological_Process_2023,Positive Regulation Of Proteasomal Ubiquitin-Dependent Protein Catabolic Process (GO:0032436),6/83,0.0212194845400313,0.1334566682225043,0,0,2.9356197200857395,11.310459688055092,SH3RF3;RNF180;CAV1;PRICKLE1;CLU;HSPA1B
GO_Biological_Process_2023,Negative Regulation Of Proteolysis (GO:0045861),4/41,0.0215472438952054,0.1334566682225043,0,0,4.065450363322704,15.60119570765584,SERPINB3;SERPINB4;TIMP3;GAS1
GO_Biological_Process_2023,Adrenal Gland Development (GO:0030325),2/9,0.021596958691857,0.1334566682225043,0,0,10.719515551885491,41.11151579669636,SALL1;STRA6
GO_Biological_Process_2023,Biomineral Tissue Development (GO:0031214),2/9,0.021596958691857,0.1334566682225043,0,0,10.719515551885491,41.11151579669636,FAM20A;DDR2
GO_Biological_Process_2023,Regulation Of Tau-Protein Kinase Activity (GO:1902947),2/9,0.021596958691857,0.1334566682225043,0,0,10.719515551885491,41.11151579669636,CLU;DKK1
GO_Biological_Process_2023,Cellular Response To Prostaglandin Stimulus (GO:0071379),2/9,0.021596958691857,0.1334566682225043,0,0,10.719515551885491,41.11151579669636,SFRP1;PTGER2
GO_Biological_Process_2023,Vasoconstriction (GO:0042310),2/9,0.021596958691857,0.1334566682225043,0,0,10.719515551885491,41.11151579669636,EDNRB;EDN3
GO_Biological_Process_2023,Mesenchymal To Epithelial Transition (GO:0060231),2/9,0.021596958691857,0.1334566682225043,0,0,10.719515551885491,41.11151579669636,SALL1;FZD7
GO_Biological_Process_2023,Negative Regulation Of Cell Adhesion Mediated By Integrin (GO:0033629),2/9,0.021596958691857,0.1334566682225043,0,0,10.719515551885491,41.11151579669636,NRG1;JAM3
GO_Biological_Process_2023,Negative Regulation Of Lipid Localization (GO:1905953),2/9,0.021596958691857,0.1334566682225043,0,0,10.719515551885491,41.11151579669636,IL6;ITGB3
GO_Biological_Process_2023,Negative Regulation Of Vascular Endothelial Growth Factor Signaling Pathway (GO:1900747),2/9,0.021596958691857,0.1334566682225043,0,0,10.719515551885491,41.11151579669636,NRG1;DCN
GO_Biological_Process_2023,Positive Regulation Of Receptor Recycling (GO:0001921),2/9,0.021596958691857,0.1334566682225043,0,0,10.719515551885491,41.11151579669636,RAMP3;SNCA
GO_Biological_Process_2023,Positive Regulation Of Vasculogenesis (GO:2001214),2/9,0.021596958691857,0.1334566682225043,0,0,10.719515551885491,41.11151579669636,KDR;CD34
GO_Biological_Process_2023,Regulation Of Actin Filament-Based Movement (GO:1903115),2/9,0.021596958691857,0.1334566682225043,0,0,10.719515551885491,41.11151579669636,PDPN;STC1
GO_Biological_Process_2023,Regulation Of Cardiac Muscle Cell Differentiation (GO:2000725),2/9,0.021596958691857,0.1334566682225043,0,0,10.719515551885491,41.11151579669636,FZD7;DKK1
GO_Biological_Process_2023,Positive Regulation Of Calcium Ion Transmembrane Transport (GO:1904427),4/42,0.0233394645728792,0.1438448053412715,0,0,3.95826122365876,14.873600344468564,RAMP3;CAV1;THY1;SNCA
GO_Biological_Process_2023,Regulation Of Supramolecular Fiber Organization (GO:1902903),3/24,0.0236942929360428,0.1445105053547195,0,0,5.366243794815223,20.08328043786515,CSF3;EFEMP2;AEBP1
GO_Biological_Process_2023,Response To Copper Ion (GO:0046688),3/24,0.0236942929360428,0.1445105053547195,0,0,5.366243794815223,20.08328043786515,MT1A;LOXL2;SNCA
GO_Biological_Process_2023,Dicarboxylic Acid Transport (GO:0006835),3/24,0.0236942929360428,0.1445105053547195,0,0,5.366243794815223,20.08328043786515,GJA1;PDPN;FOLR3
GO_Biological_Process_2023,Positive Regulation Of Vascular Endothelial Growth Factor Production (GO:0010575),3/24,0.0236942929360428,0.1445105053547195,0,0,5.366243794815223,20.08328043786515,C3;IL6;SULF1
GO_Biological_Process_2023,Skeletal System Morphogenesis (GO:0048705),4/43,0.0252195511111501,0.1526206426416371,0,0,3.8565689629519415,14.192697303363476,PDGFRA;SFRP4;HOXB9;LTF
GO_Biological_Process_2023,Positive Regulation Of Receptor-Mediated Endocytosis (GO:0048260),4/43,0.0252195511111501,0.1526206426416371,0,0,3.8565689629519415,14.192697303363476,C3;SFRP4;SGIP1;CLU
GO_Biological_Process_2023,Positive Regulation Of Stress Fiber Assembly (GO:0051496),4/43,0.0252195511111501,0.1526206426416371,0,0,3.8565689629519415,14.192697303363476,SFRP1;SERPINF2;CCN2;FERMT2
GO_Biological_Process_2023,Axonogenesis (GO:0007409),10/188,0.0258560540670279,0.153073851011355,0,0,2.121968381011016,7.756241118744369,ROBO4;CXCL12;FEZ1;SLITRK4;BOC;SEMA3B;NRXN3;NRCAM;CNTN4;SCN1B
GO_Biological_Process_2023,Regulation Of Protein Kinase B Signaling (GO:0051896),8/136,0.0261546749533355,0.153073851011355,0,0,2.357577972709552,8.590371291634169,NTRK2;CSF3;RAMP3;F10;TEK;FGF2;THBS1;FERMT2
GO_Biological_Process_2023,Regulation Of Myelination (GO:0031641),3/25,0.026416973981486,0.153073851011355,0,0,5.122060372060372,18.612279304479177,TENM4;PTN;JAM2
GO_Biological_Process_2023,Cardiac Conduction System Development (GO:0003161),3/25,0.026416973981486,0.153073851011355,0,0,5.122060372060372,18.612279304479177,GJA1;GJB6;MSX1
GO_Biological_Process_2023,Negative Regulation Of Intrinsic Apoptotic Signaling Pathway In Response To DNA Damage (GO:1902230),3/25,0.026416973981486,0.153073851011355,0,0,5.122060372060372,18.612279304479177,CXCL12;SFRP2;CLU
GO_Biological_Process_2023,Regulation Of Actin Cytoskeleton Reorganization (GO:2000249),3/25,0.026416973981486,0.153073851011355,0,0,5.122060372060372,18.612279304479177,PDGFRA;TEK;CLU
GO_Biological_Process_2023,Regulation Of Mitochondrial Depolarization (GO:0051900),2/10,0.0265362867252818,0.153073851011355,0,0,9.379094412331408,34.03900497877081,KDR;DCN
GO_Biological_Process_2023,Basement Membrane Organization (GO:0071711),2/10,0.0265362867252818,0.153073851011355,0,0,9.379094412331408,34.03900497877081,FLRT2;COL4A1
GO_Biological_Process_2023,Regulation Of Peroxisome Proliferator Activated Receptor Signaling Pathway (GO:0035358),2/10,0.0265362867252818,0.153073851011355,0,0,9.379094412331408,34.03900497877081,PTGIS;TWIST1
GO_Biological_Process_2023,Cellular Response To Forskolin (GO:1904322),2/10,0.0265362867252818,0.153073851011355,0,0,9.379094412331408,34.03900497877081,ADCY2;SLC5A5
GO_Biological_Process_2023,Response To Forskolin (GO:1904321),2/10,0.0265362867252818,0.153073851011355,0,0,9.379094412331408,34.03900497877081,ADCY2;SLC5A5
GO_Biological_Process_2023,Response To Prostaglandin E (GO:0034695),2/10,0.0265362867252818,0.153073851011355,0,0,9.379094412331408,34.03900497877081,SFRP1;PTGER2
GO_Biological_Process_2023,Hematopoietic Stem Cell Proliferation (GO:0071425),2/10,0.0265362867252818,0.153073851011355,0,0,9.379094412331408,34.03900497877081,SFRP2;CD34
GO_Biological_Process_2023,Induction Of Positive Chemotaxis (GO:0050930),2/10,0.0265362867252818,0.153073851011355,0,0,9.379094412331408,34.03900497877081,CXCL12;VEGFC
GO_Biological_Process_2023,Negative Regulation Of Inclusion Body Assembly (GO:0090084),2/10,0.0265362867252818,0.153073851011355,0,0,9.379094412331408,34.03900497877081,HSPA2;HSPA1B
GO_Biological_Process_2023,Negative Regulation Of Oxidoreductase Activity (GO:0051354),2/10,0.0265362867252818,0.153073851011355,0,0,9.379094412331408,34.03900497877081,HP;SNCA
GO_Biological_Process_2023,Neuron Projection Fasciculation (GO:0106030),2/10,0.0265362867252818,0.153073851011355,0,0,9.379094412331408,34.03900497877081,NRCAM;CNTN4
GO_Biological_Process_2023,Positive Regulation Of Non-Canonical Wnt Signaling Pathway (GO:2000052),2/10,0.0265362867252818,0.153073851011355,0,0,9.379094412331408,34.03900497877081,SFRP1;DKK1
GO_Biological_Process_2023,Regulation Of Biosynthetic Process (GO:0009889),2/10,0.0265362867252818,0.153073851011355,0,0,9.379094412331408,34.03900497877081,CCN6;SNCA
GO_Biological_Process_2023,Regulation Of Cell-Matrix Adhesion (GO:0001952),5/65,0.0270550911316641,0.1556831042514923,0,0,3.1361434108527133,11.321101625316912,SFRP1;CDH13;THY1;THBS1;AJAP1
GO_Biological_Process_2023,Cellular Response To Ketone (GO:1901655),4/44,0.0271882867084534,0.1560660967431321,0,0,3.759961315280464,13.554544111184216,SFRP1;PTGER2;ADCY2;SLC5A5
GO_Biological_Process_2023,Negative Regulation Of Neuron Death (GO:1901215),6/88,0.0273742412424675,0.1567493227135914,0,0,2.755908122188018,9.916178549542463,NTRK2;MAG;VSTM2L;CLU;PPARGC1A;SNCA
GO_Biological_Process_2023,Cellular Response To BMP Stimulus (GO:0071773),5/66,0.0286687541699193,0.1633299003429162,0,0,3.084572372601347,10.956238986055435,ACVRL1;SFRP1;DLX5;INHBB;BMP6
GO_Biological_Process_2023,Response To Reactive Oxygen Species (GO:0000302),5/66,0.0286687541699193,0.1633299003429162,0,0,3.084572372601347,10.956238986055435,PDGFRA;HP;HBB;APOD;S100A7
GO_Biological_Process_2023,Positive Regulation Of Peptidyl-Serine Phosphorylation (GO:0033138),6/89,0.0287326724770629,0.1633299003429162,0,0,2.7225640425780795,9.664341094702444,CSF3;IL6;SFRP2;RAMP3;CAV1;SNCA
GO_Biological_Process_2023,"Wnt Signaling Pathway, Planar Cell Polarity Pathway (GO:0060071)",3/26,0.0292996653270071,0.1657483482991566,0,0,4.899110290414638,17.294737173763675,FZD7;PRICKLE2;PRICKLE1
GO_Biological_Process_2023,Regulation Of Vascular Endothelial Growth Factor Production (GO:0010574),3/26,0.0292996653270071,0.1657483482991566,0,0,4.899110290414638,17.294737173763675,C3;IL6;SULF1
GO_Biological_Process_2023,Regulation Of Gene Expression (GO:0010468),40/1127,0.0295300355158962,0.1666490197065758,0,0,1.4070655468999536,4.95617364334501,ACVRL1;RAMP3;TNC;TWIST1;RORB;GATA2;CLU;FGF2;DLL1;PTHLH;CDH5;GJA1;FGF7;C1QTNF1;SOX17;ZNF727;STC2;ATOH8;KDR;CCN4;PPARGC1A;CD34;NTRK2;EDN3;FZD7;NRG1;WTIP;DKK1;BMP6;CLDN5;SFRP4;PTP4A3;SFRP1;IL6;SFRP2;CILP;PIP;HAND2;HSPA1B;LTF
GO_Biological_Process_2023,Positive Regulation Of Proteasomal Protein Catabolic Process (GO:1901800),6/90,0.0301347355079848,0.1696527657685108,0,0,2.69001386962552,9.420635081076648,SH3RF3;RNF180;ECSCR;PRICKLE1;CLU;HSPA1B
GO_Biological_Process_2023,Peptidyl-Tyrosine Phosphorylation (GO:0018108),5/67,0.0303420595433024,0.1704103200249742,0,0,3.0346649162290573,10.606822799001984,PDGFRB;PDGFRA;KDR;TEK;DDR2
GO_Biological_Process_2023,Negative Regulation Of Gene Expression (GO:0010629),15/336,0.0308783013575366,0.171649448370446,0,0,1.769236452292121,6.152876375789641,ACVRL1;IGFBP5;GATA2;FGF2;CLDN5;SFRP1;SFRP2;CILP;STC2;HAND2;ATOH8;KDR;TDRD12;CD34;HSPA1B
GO_Biological_Process_2023,Response To Hydrogen Peroxide (GO:0042542),4/46,0.031394269210424,0.171649448370446,0,0,3.580547112462006,12.392738712077453,IL6;HP;HBB;CLU
GO_Biological_Process_2023,Positive Regulation Of MAP Kinase Activity (GO:0043406),6/91,0.0315808733779815,0.171649448370446,0,0,2.658229583095374,9.18472446365409,PDGFRB;EDN3;DIRAS2;FGF2;DKK1;THBS1
GO_Biological_Process_2023,Regulation Of Actin Cytoskeleton Organization (GO:0032956),6/91,0.0315808733779815,0.171649448370446,0,0,2.658229583095374,9.18472446365409,PDGFRB;PDGFRA;CSF3;FAM107A;NRG1;CLU
GO_Biological_Process_2023,Regulation Of Monocyte Chemotactic Protein-1 Production (GO:0071637),2/11,0.0318819428015132,0.171649448370446,0,0,8.336544637122671,28.72536095453524,TWIST1;APOD
GO_Biological_Process_2023,Regulation Of Muscle System Process (GO:0090257),2/11,0.0318819428015132,0.171649448370446,0,0,8.336544637122671,28.72536095453524,TNNC1;MYL9
GO_Biological_Process_2023,Biogenic Amine Biosynthetic Process (GO:0042401),2/11,0.0318819428015132,0.171649448370446,0,0,8.336544637122671,28.72536095453524,MOXD1;SMOX
GO_Biological_Process_2023,Catecholamine Biosynthetic Process (GO:0042423),2/11,0.0318819428015132,0.171649448370446,0,0,8.336544637122671,28.72536095453524,MOXD1;SNCA
GO_Biological_Process_2023,Central Nervous System Myelination (GO:0022010),2/11,0.0318819428015132,0.171649448370446,0,0,8.336544637122671,28.72536095453524,TENM4;CLU
GO_Biological_Process_2023,Macrophage Chemotaxis (GO:0048246),2/11,0.0318819428015132,0.171649448370446,0,0,8.336544637122671,28.72536095453524,EDNRB;SAA1
GO_Biological_Process_2023,Negative Regulation Of Amyloid Fibril Formation (GO:1905907),2/11,0.0318819428015132,0.171649448370446,0,0,8.336544637122671,28.72536095453524,CLU;CRYAB
GO_Biological_Process_2023,Negative Regulation Of Bone Remodeling (GO:0046851),2/11,0.0318819428015132,0.171649448370446,0,0,8.336544637122671,28.72536095453524,IL6;SFRP1
GO_Biological_Process_2023,Negative Regulation Of Cellular Response To Vascular Endothelial Growth Factor Stimulus (GO:1902548),2/11,0.0318819428015132,0.171649448370446,0,0,8.336544637122671,28.72536095453524,NRG1;DCN
GO_Biological_Process_2023,Negative Regulation Of Microtubule Polymerization (GO:0031115),2/11,0.0318819428015132,0.171649448370446,0,0,8.336544637122671,28.72536095453524,CDH5;SNCA
GO_Biological_Process_2023,Negative Regulation Of Voltage-Gated Potassium Channel Activity (GO:1903817),2/11,0.0318819428015132,0.171649448370446,0,0,8.336544637122671,28.72536095453524,KCNE4;CAV1
GO_Biological_Process_2023,Positive Regulation Of Behavior (GO:0048520),2/11,0.0318819428015132,0.171649448370446,0,0,8.336544637122671,28.72536095453524,SGIP1;STRA6
GO_Biological_Process_2023,Positive Regulation Of Vascular Permeability (GO:0043117),2/11,0.0318819428015132,0.171649448370446,0,0,8.336544637122671,28.72536095453524,PDE3A;BMP6
GO_Biological_Process_2023,Regulation Of Cell Activation (GO:0050865),2/11,0.0318819428015132,0.171649448370446,0,0,8.336544637122671,28.72536095453524,IL6;NRG1
GO_Biological_Process_2023,Skin Development (GO:0043588),5/68,0.0320755401377458,0.1719014073286059,0,0,2.986341823551126,10.272005082273536,COL3A1;COL1A2;COL5A2;DLL1;S100A7
GO_Biological_Process_2023,Intermediate Filament Organization (GO:0045109),5/68,0.0320755401377458,0.1719014073286059,0,0,2.986341823551126,10.272005082273536,KRT14;KRT13;KRT5;KRT6B;KRT6A
GO_Biological_Process_2023,Respiratory Tube Development (GO:0030323),3/27,0.0323415928719373,0.172145478422903,0,0,4.694739382239383,16.10953421901894,FGF7;PDPN;STRA6
GO_Biological_Process_2023,Dorsal/Ventral Pattern Formation (GO:0009953),3/27,0.0323415928719373,0.172145478422903,0,0,4.694739382239383,16.10953421901894,ACVRL1;SFRP1;CHRD
GO_Biological_Process_2023,Negative Regulation Of Neurogenesis (GO:0050768),3/27,0.0323415928719373,0.172145478422903,0,0,4.694739382239383,16.10953421901894,IL6;PTN;THY1
GO_Biological_Process_2023,Regulation Of Chemotaxis (GO:0050920),3/28,0.0355416714941139,0.187053021661157,0,0,4.506718146718146,15.039141204709969,PDGFRB;PDGFRA;THBS1
GO_Biological_Process_2023,Regulation Of Monoatomic Ion Transport (GO:0043269),3/28,0.0355416714941139,0.187053021661157,0,0,4.506718146718146,15.039141204709969,KCNJ8;KCNJ12;STC1
GO_Biological_Process_2023,Regulation Of Platelet Activation (GO:0010543),3/28,0.0355416714941139,0.187053021661157,0,0,4.506718146718146,15.039141204709969,PDGFRA;C1QTNF1;NRG1
GO_Biological_Process_2023,Cell-Substrate Junction Assembly (GO:0007044),3/28,0.0355416714941139,0.187053021661157,0,0,4.506718146718146,15.039141204709969,CDH11;THY1;FERMT2
GO_Biological_Process_2023,Negative Regulation Of Wound Healing (GO:0061045),3/28,0.0355416714941139,0.187053021661157,0,0,4.506718146718146,15.039141204709969,MMRN1;FGF2;AJAP1
GO_Biological_Process_2023,Sulfur Compound Biosynthetic Process (GO:0044272),5/70,0.0357249260559007,0.1875959121590122,0,0,2.8941562313655336,9.643058321020291,GGT5;CHST6;CHPF;DSEL;CHST1
GO_Biological_Process_2023,Cellular Response To Hormone Stimulus (GO:0032870),6/94,0.0361878185300573,0.1896015011127388,0,0,2.5672109443954105,8.520657127378053,SFRP1;RAMP3;CAV1;RAMP1;HSPA1B;SLC5A5
GO_Biological_Process_2023,Cellular Response To Lipid (GO:0071396),11/228,0.0371667043861843,0.1916451700700576,0,0,1.914538718713292,6.303316161255457,CXCL6;SFRP1;IL6;RAMP3;FZD4;FZD7;LDOC1;ADCY2;RORB;HSPA1B;SLC5A5
GO_Biological_Process_2023,Regulation Of Cold-Induced Thermogenesis (GO:0120161),8/146,0.0375616101410714,0.1916451700700576,0,0,2.1856089499110096,7.172671909394138,ADAMTS5;GJA1;NOVA1;CAV1;NPR3;DIO2;LCN2;PPARGC1A
GO_Biological_Process_2023,Axonal Fasciculation (GO:0007413),2/12,0.0376094908641922,0.1916451700700576,0,0,7.502504816955684,24.611958377905705,NRCAM;CNTN4
GO_Biological_Process_2023,cAMP Metabolic Process (GO:0046058),2/12,0.0376094908641922,0.1916451700700576,0,0,7.502504816955684,24.611958377905705,ADCY2;PTHLH
GO_Biological_Process_2023,Response To Iron Ion (GO:0010039),2/12,0.0376094908641922,0.1916451700700576,0,0,7.502504816955684,24.611958377905705,BMP6;SNCA
GO_Biological_Process_2023,Dendrite Self-Avoidance (GO:0070593),2/12,0.0376094908641922,0.1916451700700576,0,0,7.502504816955684,24.611958377905705,ROBO4;CNTN4
GO_Biological_Process_2023,Eye Photoreceptor Cell Differentiation (GO:0001754),2/12,0.0376094908641922,0.1916451700700576,0,0,7.502504816955684,24.611958377905705,RORB;PROM1
GO_Biological_Process_2023,Macrophage Migration (GO:1905517),2/12,0.0376094908641922,0.1916451700700576,0,0,7.502504816955684,24.611958377905705,EDNRB;SAA1
GO_Biological_Process_2023,Phosphate Ion Homeostasis (GO:0055062),2/12,0.0376094908641922,0.1916451700700576,0,0,7.502504816955684,24.611958377905705,SFRP4;SLC34A2
GO_Biological_Process_2023,Positive Regulation Of Alcohol Biosynthetic Process (GO:1902932),2/12,0.0376094908641922,0.1916451700700576,0,0,7.502504816955684,24.611958377905705,BMP6;SNCA
GO_Biological_Process_2023,Positive Regulation Of Fatty Acid Oxidation (GO:0046321),2/12,0.0376094908641922,0.1916451700700576,0,0,7.502504816955684,24.611958377905705,TWIST1;PPARGC1A
GO_Biological_Process_2023,Regulation Of Actin Filament Organization (GO:0110053),2/12,0.0376094908641922,0.1916451700700576,0,0,7.502504816955684,24.611958377905705,CSF3;CXCL12
GO_Biological_Process_2023,Synapse Assembly (GO:0007416),5/71,0.0376416644885681,0.1916451700700576,0,0,2.8501585623678647,9.34750469840259,NRXN2;PCDHB14;NRCAM;SHANK3;ADGRL3
GO_Biological_Process_2023,Neuron Differentiation (GO:0030182),9/173,0.0377485715194874,0.1917725694113657,0,0,2.0702529535060976,6.783820704193655,NTRK2;TENM2;SALL1;TENM4;FZD4;FZD7;HAND2;SPOCK1;RORB
GO_Biological_Process_2023,Heterophilic Cell-Cell Adhesion Via Plasma Membrane Cell Adhesion Molecules (GO:0007157),4/49,0.0383812278656372,0.194144353480178,0,0,3.3413281753707285,10.89335400039782,TENM2;TENM4;FAT4;LGALS7
GO_Biological_Process_2023,Positive Regulation Of Pathway-Restricted SMAD Protein Phosphorylation (GO:0010862),4/49,0.0383812278656372,0.194144353480178,0,0,3.3413281753707285,10.89335400039782,ACVRL1;TNXB;INHBB;BMP6
GO_Biological_Process_2023,Regulation Of Establishment Of Planar Polarity (GO:0090175),3/29,0.0388985279760869,0.194243822004255,0,0,4.333160083160083,14.06889926285675,FZD7;PRICKLE2;PRICKLE1
GO_Biological_Process_2023,Regulation Of Muscle Contraction (GO:0006937),3/29,0.0388985279760869,0.194243822004255,0,0,4.333160083160083,14.06889926285675,CAV1;TNNC1;MYL9
GO_Biological_Process_2023,Defense Response To Fungus (GO:0050832),3/29,0.0388985279760869,0.194243822004255,0,0,4.333160083160083,14.06889926285675,NRG1;DEFB4A;LTF
GO_Biological_Process_2023,Response To Steroid Hormone (GO:0048545),3/29,0.0388985279760869,0.194243822004255,0,0,4.333160083160083,14.06889926285675,CAV1;THBS1;HSPA1B
GO_Biological_Process_2023,Modified Amino Acid Transport (GO:0072337),3/29,0.0388985279760869,0.194243822004255,0,0,4.333160083160083,14.06889926285675,PDPN;FOLR3;SLC7A2
GO_Biological_Process_2023,Regulation Of Blood Coagulation (GO:0030193),3/29,0.0388985279760869,0.194243822004255,0,0,4.333160083160083,14.06889926285675,CAV1;NRG1;THBS1
GO_Biological_Process_2023,Positive Regulation Of Cell Death (GO:0010942),4/50,0.0408920460184331,0.2037641952663201,0,0,3.2685224119081657,10.448876864790265,HP;HBB;CLU;SNCA
GO_Biological_Process_2023,Regulation Of Cell Motility (GO:2000145),7/123,0.0421172906294459,0.2069280090346277,0,0,2.27326244465316,7.200097136624182,FGF7;ROBO4;TNXB;TNC;TWIST1;KRT5;FGF2
GO_Biological_Process_2023,Regulation Of Macrophage Derived Foam Cell Differentiation (GO:0010743),3/30,0.0424105227739629,0.2069280090346277,0,0,4.172458172458173,13.186464773214364,ITGB3;APOB;ALOX15B
GO_Biological_Process_2023,Artery Morphogenesis (GO:0048844),3/30,0.0424105227739629,0.2069280090346277,0,0,4.172458172458173,13.186464773214364,PDGFRB;STRA6;TBX2
GO_Biological_Process_2023,Cardiac Muscle Cell Action Potential Involved In Contraction (GO:0086002),3/30,0.0424105227739629,0.2069280090346277,0,0,4.172458172458173,13.186464773214364,GJA1;KCNE4;SCN1B
GO_Biological_Process_2023,Regulation Of Vasculature Development (GO:1901342),3/30,0.0424105227739629,0.2069280090346277,0,0,4.172458172458173,13.186464773214364,IL6;SFRP1;FGF2
GO_Biological_Process_2023,Embryonic Skeletal System Morphogenesis (GO:0048704),3/30,0.0424105227739629,0.2069280090346277,0,0,4.172458172458173,13.186464773214364,PDGFRA;HOXB9;TWIST1
GO_Biological_Process_2023,Negative Regulation Of Blood Coagulation (GO:0030195),3/30,0.0424105227739629,0.2069280090346277,0,0,4.172458172458173,13.186464773214364,PDGFRA;C1QTNF1;SERPINF2
GO_Biological_Process_2023,Positive Regulation Of Locomotion (GO:0040017),3/30,0.0424105227739629,0.2069280090346277,0,0,4.172458172458173,13.186464773214364,PDGFRB;TWIST1;THBS1
GO_Biological_Process_2023,Positive Regulation Of Phosphate Metabolic Process (GO:0045937),3/30,0.0424105227739629,0.2069280090346277,0,0,4.172458172458173,13.186464773214364,FZD7;THBS1;SNCA
GO_Biological_Process_2023,Prostaglandin Metabolic Process (GO:0006693),3/30,0.0424105227739629,0.2069280090346277,0,0,4.172458172458173,13.186464773214364,PTGIS;PTGDS;CES1
GO_Biological_Process_2023,Positive Regulation Of Actin Filament Bundle Assembly (GO:0032233),4/51,0.0434939089744159,0.2070615854897308,0,0,3.198814766039755,10.028714129928431,SFRP1;SERPINF2;CCN2;FERMT2
GO_Biological_Process_2023,Branching Involved In Blood Vessel Morphogenesis (GO:0001569),2/13,0.0436954879705849,0.2070615854897308,0,0,6.820108600455422,21.35042112322841,SFRP2;KDR
GO_Biological_Process_2023,Catecholamine Metabolic Process (GO:0006584),2/13,0.0436954879705849,0.2070615854897308,0,0,6.820108600455422,21.35042112322841,RNF180;SNCAIP
GO_Biological_Process_2023,Regulation Of Trophoblast Cell Migration (GO:1901163),2/13,0.0436954879705849,0.2070615854897308,0,0,6.820108600455422,21.35042112322841,SYDE1;GJA1
GO_Biological_Process_2023,Regulation Of Vasculogenesis (GO:2001212),2/13,0.0436954879705849,0.2070615854897308,0,0,6.820108600455422,21.35042112322841,KDR;CD34
GO_Biological_Process_2023,Response To UV-A (GO:0070141),2/13,0.0436954879705849,0.2070615854897308,0,0,6.820108600455422,21.35042112322841,CCND1;MMP2
GO_Biological_Process_2023,Response To Progesterone (GO:0032570),2/13,0.0436954879705849,0.2070615854897308,0,0,6.820108600455422,21.35042112322841,CAV1;THBS1
GO_Biological_Process_2023,Eye Photoreceptor Cell Development (GO:0042462),2/13,0.0436954879705849,0.2070615854897308,0,0,6.820108600455422,21.35042112322841,RORB;THY1
GO_Biological_Process_2023,Lipid Oxidation (GO:0034440),2/13,0.0436954879705849,0.2070615854897308,0,0,6.820108600455422,21.35042112322841,ALOX15B;PPARGC1A
GO_Biological_Process_2023,Mature B Cell Differentiation Involved In Immune Response (GO:0002313),2/13,0.0436954879705849,0.2070615854897308,0,0,6.820108600455422,21.35042112322841,IL6;DLL1
GO_Biological_Process_2023,Membrane Depolarization (GO:0051899),2/13,0.0436954879705849,0.2070615854897308,0,0,6.820108600455422,21.35042112322841,CAV1;SCN1B
GO_Biological_Process_2023,Negative Regulation Of Cell Activation (GO:0050866),2/13,0.0436954879705849,0.2070615854897308,0,0,6.820108600455422,21.35042112322841,PDGFRA;C1QTNF1
GO_Biological_Process_2023,Negative Regulation Of Secretion (GO:0051048),2/13,0.0436954879705849,0.2070615854897308,0,0,6.820108600455422,21.35042112322841,PTGER3;NRG1
GO_Biological_Process_2023,Positive Regulation Of Cardiac Muscle Cell Proliferation (GO:0060045),2/13,0.0436954879705849,0.2070615854897308,0,0,6.820108600455422,21.35042112322841,FGF2;TBX2
GO_Biological_Process_2023,Negative Regulation Of Neuron Apoptotic Process (GO:0043524),5/74,0.0437640840381796,0.2070615854897308,0,0,2.725817323896192,8.528923756028705,NTRK2;MAG;VSTM2L;CLU;PPARGC1A
GO_Biological_Process_2023,Cellular Response To Organic Cyclic Compound (GO:0071407),8/152,0.0458028527911362,0.2137734287905207,0,0,2.0938921377517867,6.456325656923033,SFRP1;RAMP3;IGFBP5;PDE3A;ADCY2;CLU;HSPA1B;SLC5A5
GO_Biological_Process_2023,Regulation Of BMP Signaling Pathway (GO:0030510),5/75,0.0459298062237921,0.2137734287905207,0,0,2.6867386489479514,8.276877237158242,CDH5;SFRP4;CHRD;SULF1;FSTL1
GO_Biological_Process_2023,Central Nervous System Neuron Differentiation (GO:0021953),3/31,0.046075770711223,0.2137734287905207,0,0,4.023234969663541,12.38137706973013,NTRK2;SPOCK1;MDGA1
GO_Biological_Process_2023,Negative Regulation Of Chemotaxis (GO:0050922),3/31,0.046075770711223,0.2137734287905207,0,0,4.023234969663541,12.38137706973013,SEMA3B;NRG1;THBS1
GO_Biological_Process_2023,Negative Regulation Of Microtubule Polymerization Or Depolymerization (GO:0031111),3/31,0.046075770711223,0.2137734287905207,0,0,4.023234969663541,12.38137706973013,CDH5;BMERB1;SNCA
GO_Biological_Process_2023,Positive Regulation Of Cholesterol Transport (GO:0032376),3/31,0.046075770711223,0.2137734287905207,0,0,4.023234969663541,12.38137706973013,CAV1;ABCA8;CES1
GO_Biological_Process_2023,Positive Regulation Of Extrinsic Apoptotic Signaling Pathway (GO:2001238),3/31,0.046075770711223,0.2137734287905207,0,0,4.023234969663541,12.38137706973013,SFRP1;CAV1;THBS1
GO_Biological_Process_2023,Positive Regulation Of Mononuclear Cell Migration (GO:0071677),3/31,0.046075770711223,0.2137734287905207,0,0,4.023234969663541,12.38137706973013,CXCL12;JAM2;S100A7
GO_Biological_Process_2023,Cardiac Muscle Tissue Development (GO:0048738),4/52,0.0461867442220339,0.2137734287905207,0,0,3.132011605415861,9.631131260938234,GJA1;NRG1;MSX1;TBX2
GO_Biological_Process_2023,Cartilage Development (GO:0051216),4/52,0.0461867442220339,0.2137734287905207,0,0,3.132011605415861,9.631131260938234,ZBTB16;SULF1;FGF2;SOX5
GO_Biological_Process_2023,Regulation Of Proteolysis (GO:0030162),4/52,0.0461867442220339,0.2137734287905207,0,0,3.132011605415861,9.631131260938234,SERPINB3;SERPINB4;CAV1;RHOBTB3
GO_Biological_Process_2023,Negative Regulation Of Cysteine-Type Endopeptidase Activity (GO:2000117),4/53,0.0489703831014036,0.2229907542017005,0,0,3.0679351044092686,9.254547702347448,CST2;THBS1;LTF;SNCA
GO_Biological_Process_2023,Regulation Of Cholesterol Efflux (GO:0010874),3/32,0.0498921606336276,0.2229907542017005,0,0,3.884303022234057,11.644718586882888,CAV1;ABCA8;CES1
GO_Biological_Process_2023,Amide Transport (GO:0042886),3/32,0.0498921606336276,0.2229907542017005,0,0,3.884303022234057,11.644718586882888,GJA1;PDPN;FOLR3
GO_Biological_Process_2023,Regulation Of Transmembrane Transport (GO:0034762),3/32,0.0498921606336276,0.2229907542017005,0,0,3.884303022234057,11.644718586882888,KCNJ8;KCNJ12;SNCA
GO_Biological_Process_2023,Respiratory System Development (GO:0060541),3/32,0.0498921606336276,0.2229907542017005,0,0,3.884303022234057,11.644718586882888,FGF7;PDPN;STRA6
GO_Biological_Process_2023,Regulation Of Cholesterol Storage (GO:0010885),2/14,0.0501174493292288,0.2229907542017005,0,0,6.2514450867052025,18.71298846190736,APOB;CES1
GO_Biological_Process_2023,Regulation Of Integrin Activation (GO:0033623),2/14,0.0501174493292288,0.2229907542017005,0,0,6.2514450867052025,18.71298846190736,FERMT2;JAM3
GO_Biological_Process_2023,Regulation Of Non-Canonical Wnt Signaling Pathway (GO:2000050),2/14,0.0501174493292288,0.2229907542017005,0,0,6.2514450867052025,18.71298846190736,SFRP4;SFRP1
GO_Biological_Process_2023,Bone Morphogenesis (GO:0060349),2/14,0.0501174493292288,0.2229907542017005,0,0,6.2514450867052025,18.71298846190736,SFRP4;LTF
GO_Biological_Process_2023,Embryonic Cranial Skeleton Morphogenesis (GO:0048701),2/14,0.0501174493292288,0.2229907542017005,0,0,6.2514450867052025,18.71298846190736,PDGFRA;TWIST1
GO_Biological_Process_2023,Striated Muscle Cell Development (GO:0055002),2/14,0.0501174493292288,0.2229907542017005,0,0,6.2514450867052025,18.71298846190736,LMOD1;MYL9
GO_Biological_Process_2023,Genitalia Development (GO:0048806),2/14,0.0501174493292288,0.2229907542017005,0,0,6.2514450867052025,18.71298846190736,TBX3;STRA6
GO_Biological_Process_2023,Glucosamine-Containing Compound Metabolic Process (GO:1901071),2/14,0.0501174493292288,0.2229907542017005,0,0,6.2514450867052025,18.71298846190736,CHST6;CHST1
GO_Biological_Process_2023,Vascular Endothelial Growth Factor Signaling Pathway (GO:0038084),2/14,0.0501174493292288,0.2229907542017005,0,0,6.2514450867052025,18.71298846190736,KDR;VEGFC
GO_Biological_Process_2023,Medium-Chain Fatty Acid Metabolic Process (GO:0051791),2/14,0.0501174493292288,0.2229907542017005,0,0,6.2514450867052025,18.71298846190736,GLYATL2;CES1
GO_Biological_Process_2023,Negative Regulation Of Smooth Muscle Cell Migration (GO:0014912),2/14,0.0501174493292288,0.2229907542017005,0,0,6.2514450867052025,18.71298846190736,NDRG4;IGFBP5
GO_Biological_Process_2023,Positive Regulation Of Acute Inflammatory Response (GO:0002675),2/14,0.0501174493292288,0.2229907542017005,0,0,6.2514450867052025,18.71298846190736,IL6;PTGER3
GO_Biological_Process_2023,Prostanoid Biosynthetic Process (GO:0046457),2/14,0.0501174493292288,0.2229907542017005,0,0,6.2514450867052025,18.71298846190736,PTGIS;PTGDS
GO_Biological_Process_2023,Regulation Of Bone Remodeling (GO:0046850),2/14,0.0501174493292288,0.2229907542017005,0,0,6.2514450867052025,18.71298846190736,SFRP1;ITGB3
GO_Biological_Process_2023,Regulation Of Cell Fate Specification (GO:0042659),2/14,0.0501174493292288,0.2229907542017005,0,0,6.2514450867052025,18.71298846190736,DKK1;FGF2
GO_Biological_Process_2023,Cellular Response To Growth Factor Stimulus (GO:0071363),8/155,0.0503352108211052,0.2229907542017005,0,0,2.0508413891872537,6.130068337133668,ACVRL1;SFRP1;DLX5;KDR;PDE3A;GAS1;BMP6;SOX5
GO_Biological_Process_2023,Positive Regulation Of Response To External Stimulus (GO:0032103),8/155,0.0503352108211052,0.2229907542017005,0,0,2.0508413891872537,6.130068337133668,PDGFRB;SERPINF2;CCN4;NRG1;PTN;THBS1;BMP6;SNCA
GO_Biological_Process_2023,Monoatomic Cation Homeostasis (GO:0055080),5/77,0.050449669137333,0.2229907542017005,0,0,2.611837855297157,7.800982693803705,CAV1;FAM20A;BMP6;ATP6V1B1;SNCA
GO_Biological_Process_2023,Regulation Of Inflammatory Response (GO:0050727),11/240,0.0504633218304446,0.2229907542017005,0,0,1.813083311927391,5.414788734920057,CDH5;IL6;FNDC4;PTGIS;IL1R1;SAA1;TNC;CCN4;ENPP3;TEK;SNCA
GO_Biological_Process_2023,Positive Regulation Of Apoptotic Process (GO:0043065),12/270,0.0512645586006283,0.2261047010219806,0,0,1.756385068762279,5.217790833313768,SFRP4;SFRP1;IL6;SFRP2;PTGIS;FRZB;CTSK;HTRA1;NRG1;SEPTIN4;CLU;SNCA
GO_Biological_Process_2023,Regulation Of Potassium Ion Transmembrane Transport (GO:1901379),3/33,0.0538573740475799,0.2344497584004315,0,0,3.7546332046332047,10.968845322673072,DPP6;CAV1;FHL1
GO_Biological_Process_2023,Regulation Of Sprouting Angiogenesis (GO:1903670),3/33,0.0538573740475799,0.2344497584004315,0,0,3.7546332046332047,10.968845322673072,DLL1;FGF2;THBS1
GO_Biological_Process_2023,Epithelial Tube Morphogenesis (GO:0060562),3/33,0.0538573740475799,0.2344497584004315,0,0,3.7546332046332047,10.968845322673072,ACVRL1;SOX17;COL4A1
GO_Biological_Process_2023,Lung Development (GO:0030324),3/33,0.0538573740475799,0.2344497584004315,0,0,3.7546332046332047,10.968845322673072,FGF7;PDPN;STRA6
GO_Biological_Process_2023,Negative Regulation Of Blood Vessel Endothelial Cell Migration (GO:0043537),3/33,0.0538573740475799,0.2344497584004315,0,0,3.7546332046332047,10.968845322673072,NRG1;FGF2;THBS1
GO_Biological_Process_2023,Negative Regulation Of Epithelial Cell Migration (GO:0010633),3/33,0.0538573740475799,0.2344497584004315,0,0,3.7546332046332047,10.968845322673072,STC1;THBS1;DCN
GO_Biological_Process_2023,Regulation Of Cell Adhesion Mediated By Integrin (GO:0033628),3/33,0.0538573740475799,0.2344497584004315,0,0,3.7546332046332047,10.968845322673072,SFRP2;NRG1;JAM3
GO_Biological_Process_2023,Cellular Response To Fibroblast Growth Factor Stimulus (GO:0044344),4/55,0.0548089326820977,0.2381493883886327,0,0,2.9473205142792125,8.558730210641464,FGF7;SFRP1;FLRT2;FGF2
GO_Biological_Process_2023,Regulation Of Neuron Differentiation (GO:0045664),5/79,0.0552213165629565,0.2390542022004516,0,0,2.540985753195056,7.359726967482516,NRCAM;CNTN4;ADRA2C;DKK1;DLL1
GO_Biological_Process_2023,Negative Regulation Of Cellular Component Organization (GO:0051129),5/79,0.0552213165629565,0.2390542022004516,0,0,2.540985753195056,7.359726967482516,HSPA2;CLU;CRYAB;BMP6;HSPA1B
GO_Biological_Process_2023,Regulation Of Neuron Apoptotic Process (GO:0043523),6/105,0.0566463668738297,0.2399128528767371,0,0,2.2806707855251545,6.54764030879574,NTRK2;MAG;VSTM2L;CLU;DKK1;PPARGC1A
GO_Biological_Process_2023,Positive Regulation Of Stress-Activated MAPK Cascade (GO:0032874),6/105,0.0566463668738297,0.2399128528767371,0,0,2.2806707855251545,6.54764030879574,SH3RF3;FZD7;HAND2;SERPINF2;CCN2;IGFBP6
GO_Biological_Process_2023,N-acetylglucosamine Metabolic Process (GO:0006044),2/15,0.0568538144093036,0.2399128528767371,0,0,5.770268267378094,16.544928433619624,CHST6;CHST1
GO_Biological_Process_2023,Gas Transport (GO:0015669),2/15,0.0568538144093036,0.2399128528767371,0,0,5.770268267378094,16.544928433619624,HBB;CYGB
GO_Biological_Process_2023,Keratan Sulfate Biosynthetic Process (GO:0018146),2/15,0.0568538144093036,0.2399128528767371,0,0,5.770268267378094,16.544928433619624,CHST6;CHST1
GO_Biological_Process_2023,Negative Regulation Of Cation Transmembrane Transport (GO:1904063),2/15,0.0568538144093036,0.2399128528767371,0,0,5.770268267378094,16.544928433619624,CAV1;TWIST1
GO_Biological_Process_2023,Negative Regulation Of Platelet Activation (GO:0010544),2/15,0.0568538144093036,0.2399128528767371,0,0,5.770268267378094,16.544928433619624,PDGFRA;C1QTNF1
GO_Biological_Process_2023,Platelet-Derived Growth Factor Receptor Signaling Pathway (GO:0048008),2/15,0.0568538144093036,0.2399128528767371,0,0,5.770268267378094,16.544928433619624,PDGFRB;PDGFRA
GO_Biological_Process_2023,Positive Regulation Of Collagen Biosynthetic Process (GO:0032967),2/15,0.0568538144093036,0.2399128528767371,0,0,5.770268267378094,16.544928433619624,SERPINF2;LARP6
GO_Biological_Process_2023,Positive Regulation Of Endothelial Cell Apoptotic Process (GO:2000353),2/15,0.0568538144093036,0.2399128528767371,0,0,5.770268267378094,16.544928433619624,ECSCR;THBS1
GO_Biological_Process_2023,Positive Regulation Of Glucose Metabolic Process (GO:0010907),2/15,0.0568538144093036,0.2399128528767371,0,0,5.770268267378094,16.544928433619624,NNMT;PPARGC1A
GO_Biological_Process_2023,Positive Regulation Of Muscle Cell Differentiation (GO:0051149),2/15,0.0568538144093036,0.2399128528767371,0,0,5.770268267378094,16.544928433619624,LAMA2;NRG1
GO_Biological_Process_2023,Positive Regulation Of Sprouting Angiogenesis (GO:1903672),2/15,0.0568538144093036,0.2399128528767371,0,0,5.770268267378094,16.544928433619624,DLL1;FGF2
GO_Biological_Process_2023,Regulation Of Amyloid Fibril Formation (GO:1905906),2/15,0.0568538144093036,0.2399128528767371,0,0,5.770268267378094,16.544928433619624,CLU;CRYAB
GO_Biological_Process_2023,Regulation Of Mitotic Nuclear Division (GO:0007088),4/56,0.0578630501514157,0.241571477462581,0,0,2.890492486237167,8.236967831498355,PDGFRB;EDN3;CCDC8;OBSL1
GO_Biological_Process_2023,Regulation Of Reactive Oxygen Species Metabolic Process (GO:2000377),4/56,0.0578630501514157,0.241571477462581,0,0,2.890492486237167,8.236967831498355,PDGFRB;CCN6;THBS1;SNCA
GO_Biological_Process_2023,Peptide Metabolic Process (GO:0006518),4/56,0.0578630501514157,0.241571477462581,0,0,2.890492486237167,8.236967831498355,CPXM2;ANPEP;AEBP1;TRHDE
GO_Biological_Process_2023,Cellular Response To Vascular Endothelial Growth Factor Stimulus (GO:0035924),3/34,0.0579689027899105,0.241571477462581,0,0,3.6333291817162783,10.347171318177388,KDR;VEGFC;GAS1
GO_Biological_Process_2023,Response To Estrogen (GO:0043627),3/34,0.0579689027899105,0.241571477462581,0,0,3.6333291817162783,10.347171318177388,SLC34A2;SFRP1;CAV1
GO_Biological_Process_2023,Embryonic Skeletal System Development (GO:0048706),3/34,0.0579689027899105,0.241571477462581,0,0,3.6333291817162783,10.347171318177388,PDGFRA;HOXB9;SULF1
GO_Biological_Process_2023,Regulation Of DNA Biosynthetic Process (GO:2000278),3/34,0.0579689027899105,0.241571477462581,0,0,3.6333291817162783,10.347171318177388,PDGFRB;SMOC2;FGF2
GO_Biological_Process_2023,Striated Muscle Contraction (GO:0006941),4/57,0.0610063905424408,0.2537779158976847,0,0,2.8358089120835004,7.931124169893333,JSRP1;TNNC1;STAC2;SCN1B
GO_Biological_Process_2023,Regulation Of Establishment Of Endothelial Barrier (GO:1903140),2/16,0.0638839142154624,0.2593900133093751,0,0,5.357830993669144,14.737719721914749,CDH5;CLDN5
GO_Biological_Process_2023,Regulation Of Plasminogen Activation (GO:0010755),2/16,0.0638839142154624,0.2593900133093751,0,0,5.357830993669144,14.737719721914749,SERPINF2;THBS1
GO_Biological_Process_2023,Regulation Of Presynapse Assembly (GO:1905606),2/16,0.0638839142154624,0.2593900133093751,0,0,5.357830993669144,14.737719721914749,MDGA1;SNCA
GO_Biological_Process_2023,Regulation Of Presynapse Organization (GO:0099174),2/16,0.0638839142154624,0.2593900133093751,0,0,5.357830993669144,14.737719721914749,MDGA1;SNCA
GO_Biological_Process_2023,Regulation Of Protein Kinase A Signaling (GO:0010738),2/16,0.0638839142154624,0.2593900133093751,0,0,5.357830993669144,14.737719721914749,AKAP12;RAMP3
GO_Biological_Process_2023,Regulation Of Secretion (GO:0051046),2/16,0.0638839142154624,0.2593900133093751,0,0,5.357830993669144,14.737719721914749,NRG1;CES1
GO_Biological_Process_2023,Regulation Of Transforming Growth Factor Beta Production (GO:0071634),2/16,0.0638839142154624,0.2593900133093751,0,0,5.357830993669144,14.737719721914749,SERPINF2;LRRC32
GO_Biological_Process_2023,Reverse Cholesterol Transport (GO:0043691),2/16,0.0638839142154624,0.2593900133093751,0,0,5.357830993669144,14.737719721914749,CLU;CES1
GO_Biological_Process_2023,Negative Regulation Of Amyloid-Beta Formation (GO:1902430),2/16,0.0638839142154624,0.2593900133093751,0,0,5.357830993669144,14.737719721914749,NTRK2;CLU
GO_Biological_Process_2023,Positive Regulation Of Cardiac Muscle Tissue Growth (GO:0055023),2/16,0.0638839142154624,0.2593900133093751,0,0,5.357830993669144,14.737719721914749,FGF2;TBX2
GO_Biological_Process_2023,Positive Regulation Of Collagen Metabolic Process (GO:0010714),2/16,0.0638839142154624,0.2593900133093751,0,0,5.357830993669144,14.737719721914749,SERPINF2;LARP6
GO_Biological_Process_2023,Positive Regulation Of Lymphocyte Migration (GO:2000403),2/16,0.0638839142154624,0.2593900133093751,0,0,5.357830993669144,14.737719721914749,CXCL12;JAM2
GO_Biological_Process_2023,Response To Organic Cyclic Compound (GO:0014070),4/58,0.0642383465924157,0.2593900133093751,0,0,2.783150655491081,7.640179791979332,SFRP1;CYP24A1;IGFBP5;CLU
GO_Biological_Process_2023,Eye Development (GO:0001654),4/58,0.0642383465924157,0.2593900133093751,0,0,2.783150655491081,7.640179791979332,CPAMD8;COL5A2;STRA6;FBN1
GO_Biological_Process_2023,Glycosaminoglycan Biosynthetic Process (GO:0006024),4/58,0.0642383465924157,0.2593900133093751,0,0,2.783150655491081,7.640179791979332,CHST6;CHPF;DSEL;CHST1
GO_Biological_Process_2023,Muscle Organ Development (GO:0007517),4/58,0.0642383465924157,0.2593900133093751,0,0,2.783150655491081,7.640179791979332,TAGLN;LAMA2;FHL1;COL6A3
GO_Biological_Process_2023,Regulation Of Bone Mineralization (GO:0030500),4/58,0.0642383465924157,0.2593900133093751,0,0,2.783150655491081,7.640179791979332,TWIST1;PTN;BMP6;DDR2
GO_Biological_Process_2023,Protein Localization To Membrane (GO:0072657),9/192,0.0646821417071181,0.2607324886025313,0,0,1.853483606557377,5.075338800852324,DPP6;RAMP3;CAV1;NRXN2;THY1;PTN;SHANK3;RAMP1;FERMT2
GO_Biological_Process_2023,Positive Regulation Of Wnt Signaling Pathway (GO:0030177),6/109,0.0655106634046457,0.2632017854631545,0,0,2.191648600245075,5.97343107523527,SFRP4;SFRP1;SALL1;SFRP2;CAV1;SULF1
GO_Biological_Process_2023,Positive Regulation Of Ubiquitin-Dependent Protein Catabolic Process (GO:2000060),5/83,0.0655194880123907,0.2632017854631545,0,0,2.4101818723911745,6.568728121791499,SH3RF3;RNF180;PRICKLE1;CLU;HSPA1B
GO_Biological_Process_2023,Blood Vessel Diameter Maintenance (GO:0097746),3/36,0.066620025113282,0.2667078612227462,0,0,3.4127764127764126,9.244358344455057,EDNRB;EDN3;SERPINF2
GO_Biological_Process_2023,Positive Regulation Of Phospholipase C Activity (GO:0010863),3/36,0.066620025113282,0.2667078612227462,0,0,3.4127764127764126,9.244358344455057,PDGFRB;PDGFRA;FGF2
GO_Biological_Process_2023,Potassium Ion Transmembrane Transport (GO:0071805),7/137,0.0674601537848671,0.2695423843079209,0,0,2.0269829392397485,5.465188230462287,KCND2;KCNJ8;KCNE4;KCNJ12;KCNK15;ABCC9;KCNN3
GO_Biological_Process_2023,Negative Regulation Of Protein-Containing Complex Assembly (GO:0031333),4/59,0.0675582321045045,0.2695423843079209,0,0,2.732407244592931,7.363196378941943,CLU;DKK1;CRYAB;JAM3
GO_Biological_Process_2023,Central Nervous System Development (GO:0007417),12/283,0.0679465254195966,0.2706305485249922,0,0,1.6709994997788875,4.493374926845601,C3;NDRG4;COL4A1;ZBTB16;SPOCK1;APOD;NRCAM;CNTN4;ECRG4;DLL1;MDGA1;ADGRL3
GO_Biological_Process_2023,Negative Regulation Of Inflammatory Response (GO:0050728),6/111,0.0702302734056413,0.2760300573544359,0,0,2.1496809986130376,5.709500744033713,CDH5;FNDC4;PTGIS;SAA1;ENPP3;TEK
GO_Biological_Process_2023,Defense Response To Gram-positive Bacterium (GO:0050830),5/85,0.0710440681603511,0.2760300573544359,0,0,2.34968507751938,6.213636254690682,PGLYRP4;IL6;DMBT1;DEFB4A;KRT6A
GO_Biological_Process_2023,Positive Regulation Of Amide Metabolic Process (GO:0034250),5/85,0.0710440681603511,0.2760300573544359,0,0,2.34968507751938,6.213636254690682,IL6;PRR16;CLU;THBS1;LARP6
GO_Biological_Process_2023,Regulation Of Receptor Recycling (GO:0001919),2/17,0.07118793964222,0.2760300573544359,0,0,5.0003853564547205,13.213177587970588,RAMP3;SNCA
GO_Biological_Process_2023,Cell Migration Involved In Sprouting Angiogenesis (GO:0002042),2/17,0.07118793964222,0.2760300573544359,0,0,5.0003853564547205,13.213177587970588,KDR;FGF2
GO_Biological_Process_2023,Ventricular Cardiac Muscle Cell Action Potential (GO:0086005),2/17,0.07118793964222,0.2760300573544359,0,0,5.0003853564547205,13.213177587970588,KCNJ8;KCNE4
GO_Biological_Process_2023,Keratan Sulfate Metabolic Process (GO:0042339),2/17,0.07118793964222,0.2760300573544359,0,0,5.0003853564547205,13.213177587970588,CHST6;CHST1
GO_Biological_Process_2023,Muscle Tissue Morphogenesis (GO:0060415),2/17,0.07118793964222,0.2760300573544359,0,0,5.0003853564547205,13.213177587970588,EFEMP2;MYLK
GO_Biological_Process_2023,Negative Regulation Of Cellular Senescence (GO:2000773),2/17,0.07118793964222,0.2760300573544359,0,0,5.0003853564547205,13.213177587970588,TWIST1;TBX2
GO_Biological_Process_2023,Negative Regulation Of Insulin Secretion (GO:0046676),2/17,0.07118793964222,0.2760300573544359,0,0,5.0003853564547205,13.213177587970588,SFRP1;INHBB
GO_Biological_Process_2023,Negative Regulation Of Striated Muscle Cell Differentiation (GO:0051154),2/17,0.07118793964222,0.2760300573544359,0,0,5.0003853564547205,13.213177587970588,FZD7;DKK1
GO_Biological_Process_2023,Negative Regulation Of Vascular Associated Smooth Muscle Cell Proliferation (GO:1904706),2/17,0.07118793964222,0.2760300573544359,0,0,5.0003853564547205,13.213177587970588,EFEMP2;TAFA5
GO_Biological_Process_2023,Positive Regulation Of Glial Cell Differentiation (GO:0045687),2/17,0.07118793964222,0.2760300573544359,0,0,5.0003853564547205,13.213177587970588,TENM4;PTN
GO_Biological_Process_2023,Positive Regulation Of Macrophage Derived Foam Cell Differentiation (GO:0010744),2/17,0.07118793964222,0.2760300573544359,0,0,5.0003853564547205,13.213177587970588,APOB;ALOX15B
GO_Biological_Process_2023,Postsynaptic Membrane Organization (GO:0001941),2/17,0.07118793964222,0.2760300573544359,0,0,5.0003853564547205,13.213177587970588,NRXN2;SHANK3
GO_Biological_Process_2023,Prostaglandin Biosynthetic Process (GO:0001516),2/17,0.07118793964222,0.2760300573544359,0,0,5.0003853564547205,13.213177587970588,PTGIS;PTGDS
GO_Biological_Process_2023,Intracellular Calcium Ion Homeostasis (GO:0006874),7/139,0.0716931163720191,0.277529386021932,0,0,1.9960647329324368,5.260350236357052,CDH5;CXCL12;EDN3;TRPC4;STC2;CAV1;STC1
GO_Biological_Process_2023,Calcium Ion Transport (GO:0006816),6/112,0.072661819115692,0.279891415080511,0,0,2.129291078952189,5.582871783255608,CALCRL;RAMP3;TRPC4;CAV1;CLU;RAMP1
GO_Biological_Process_2023,Regulation Of Protein Serine/Threonine Kinase Activity (GO:0071900),6/112,0.072661819115692,0.279891415080511,0,0,2.129291078952189,5.582871783255608,DIRAS3;CCNA1;CCND1;THY1;LTF;SNCA
GO_Biological_Process_2023,Negative Regulation Of Defense Response (GO:0031348),6/112,0.072661819115692,0.279891415080511,0,0,2.129291078952189,5.582871783255608,CDH5;FNDC4;PTGIS;SAA1;ENPP3;TEK
GO_Biological_Process_2023,Negative Regulation Of Intrinsic Apoptotic Signaling Pathway (GO:2001243),4/61,0.0744586699444717,0.2863418801477058,0,0,2.636261834470121,6.847719307370876,SFRP2;CXCL12;NME5;CLU
GO_Biological_Process_2023,Positive Regulation Of Cellular Component Organization (GO:0051130),6/113,0.0751410814295689,0.2884177095592714,0,0,2.109282279285001,5.459640617054611,CDH5;NRG1;CLU;SHANK3;DLL1;SNCA
GO_Biological_Process_2023,Brain Development (GO:0007420),8/169,0.0752447568491523,0.2884177095592714,0,0,1.8711513082222464,4.840685376156407,NDRG4;COL4A1;NRCAM;APOD;CNTN4;SHANK3;MDGA1;ADGRL3
GO_Biological_Process_2023,Connective Tissue Development (GO:0061448),3/38,0.0758222846994634,0.2896831823264981,0,0,3.217429674572532,8.298919173987738,ZBTB16;SULF1;SOX5
GO_Biological_Process_2023,Positive Regulation Of Bone Mineralization (GO:0030501),3/38,0.0758222846994634,0.2896831823264981,0,0,3.217429674572532,8.298919173987738,PTN;BMP6;LTF
GO_Biological_Process_2023,Fat Cell Differentiation (GO:0045444),4/62,0.078037482130987,0.2936708042577454,0,0,2.5906756486360303,6.607689297874616,ADGRF5;INHBB;GATA2;PPARGC1A
GO_Biological_Process_2023,Regulation Of Epidermal Cell Differentiation (GO:0045604),2/18,0.078746910791573,0.2936708042577454,0,0,4.6876204238921,11.913663387820096,SFRP4;DLL1
GO_Biological_Process_2023,Regulation Of Establishment Or Maintenance Of Cell Polarity (GO:0032878),2/18,0.078746910791573,0.2936708042577454,0,0,4.6876204238921,11.913663387820096,CDH5;TEK
GO_Biological_Process_2023,Regulation Of Nervous System Process (GO:0031644),2/18,0.078746910791573,0.2936708042577454,0,0,4.6876204238921,11.913663387820096,TMEM108;NPTX2
GO_Biological_Process_2023,Regulation Of Oligodendrocyte Differentiation (GO:0048713),2/18,0.078746910791573,0.2936708042577454,0,0,4.6876204238921,11.913663387820096,TENM4;PTN
GO_Biological_Process_2023,Branching Involved In Ureteric Bud Morphogenesis (GO:0001658),2/18,0.078746910791573,0.2936708042577454,0,0,4.6876204238921,11.913663387820096,SALL1;FGF2
GO_Biological_Process_2023,Regulation Of Ventricular Cardiac Muscle Cell Membrane Repolarization (GO:0060307),2/18,0.078746910791573,0.2936708042577454,0,0,4.6876204238921,11.913663387820096,KCNE4;SCN1B
GO_Biological_Process_2023,Energy Reserve Metabolic Process (GO:0006112),2/18,0.078746910791573,0.2936708042577454,0,0,4.6876204238921,11.913663387820096,GFPT2;ADGRF5
GO_Biological_Process_2023,Ureteric Bud Morphogenesis (GO:0060675),2/18,0.078746910791573,0.2936708042577454,0,0,4.6876204238921,11.913663387820096,SALL1;FGF2
GO_Biological_Process_2023,Heart Trabecula Morphogenesis (GO:0061384),2/18,0.078746910791573,0.2936708042577454,0,0,4.6876204238921,11.913663387820096,NRG1;TEK
GO_Biological_Process_2023,Myoblast Fusion (GO:0007520),2/18,0.078746910791573,0.2936708042577454,0,0,4.6876204238921,11.913663387820096,ADAMTS5;JAM2
GO_Biological_Process_2023,Negative Regulation Of Amyloid Precursor Protein Catabolic Process (GO:1902992),2/18,0.078746910791573,0.2936708042577454,0,0,4.6876204238921,11.913663387820096,NTRK2;CLU
GO_Biological_Process_2023,Negative Regulation Of Peptide Hormone Secretion (GO:0090278),2/18,0.078746910791573,0.2936708042577454,0,0,4.6876204238921,11.913663387820096,SFRP1;INHBB
GO_Biological_Process_2023,Positive Regulation Of Monocyte Chemotaxis (GO:0090026),2/18,0.078746910791573,0.2936708042577454,0,0,4.6876204238921,11.913663387820096,CXCL12;S100A7
GO_Biological_Process_2023,Regulation Of Cell-Cell Adhesion Mediated By Cadherin (GO:2000047),2/18,0.078746910791573,0.2936708042577454,0,0,4.6876204238921,11.913663387820096,SERPINF2;BMP6
GO_Biological_Process_2023,Positive Regulation Of Transferase Activity (GO:0051347),7/143,0.080621789722676,0.2987615854073596,0,0,1.9369563973449304,4.877229714925846,PDGFRB;PDGFRA;NTRK2;KDR;ROR2;TEK;DDR2
GO_Biological_Process_2023,Fibroblast Growth Factor Receptor Signaling Pathway (GO:0008543),3/39,0.0806222553276905,0.2987615854073596,0,0,3.127895752895753,7.875980658500448,FGF7;FLRT2;FGF2
GO_Biological_Process_2023,Vitamin Transport (GO:0051180),3/39,0.0806222553276905,0.2987615854073596,0,0,3.127895752895753,7.875980658500448,TCN1;PDPN;FOLR3
GO_Biological_Process_2023,Positive Regulation Of Intrinsic Apoptotic Signaling Pathway (GO:2001244),3/39,0.0806222553276905,0.2987615854073596,0,0,3.127895752895753,7.875980658500448,CAV1;MSX1;SEPTIN4
GO_Biological_Process_2023,Negative Regulation Of Multicellular Organismal Process (GO:0051241),10/231,0.0812062757930813,0.300450391638857,0,0,1.7052890703172734,4.2815762701225335,ADAMTS5;GJA1;SFRP1;SFRP2;NOVA1;NPR3;STC1;PAEP;DKK1;LOXL2
GO_Biological_Process_2023,Generation Of Neurons (GO:0048699),8/172,0.081400840947303,0.3006952200293118,0,0,1.83663766462226,4.606966221862836,NTRK2;FZD4;FZD7;SPOCK1;NRCAM;SEPTIN4;MDGA1;ADGRL3
GO_Biological_Process_2023,Response To Metal Ion (GO:0010038),4/64,0.0854474360506031,0.3150298917299095,0,0,2.504061895551257,6.15962635733684,CAV1;THBS1;LOXL2;SNCA
GO_Biological_Process_2023,Positive Regulation Of Monoatomic Ion Transport (GO:0043270),3/40,0.0855503890436474,0.3150298917299095,0,0,3.043201502660962,7.482166556186998,FHL1;SCN1B;MYLK
GO_Biological_Process_2023,Regulation Of Nuclear Division (GO:0051783),2/19,0.0865426474094673,0.3166920003640194,0,0,4.411651365748612,10.795831259103313,CCDC8;OBSL1
GO_Biological_Process_2023,Cardiac Ventricle Development (GO:0003231),2/19,0.0865426474094673,0.3166920003640194,0,0,4.411651365748612,10.795831259103313,SALL1;STRA6
GO_Biological_Process_2023,Regulation Of Tissue Remodeling (GO:0034103),2/19,0.0865426474094673,0.3166920003640194,0,0,4.411651365748612,10.795831259103313,HAND2;DDR2
GO_Biological_Process_2023,Positive Regulation Of Mitochondrial Fission (GO:0090141),2/19,0.0865426474094673,0.3166920003640194,0,0,4.411651365748612,10.795831259103313,KDR;DCN
GO_Biological_Process_2023,Regulation Of MAPK Cascade (GO:0043408),9/204,0.086722385140693,0.3168546427449346,0,0,1.7383413461538462,4.250319753297956,NTRK2;IL6;CAV1;KDR;IGFBP6;TEK;ADRA2C;FGF2;JCAD
GO_Biological_Process_2023,Regulation Of Protein Phosphorylation (GO:0001932),11/265,0.0876128866862901,0.3196096271328528,0,0,1.6325073336421183,3.974873233326224,C3;CDH5;NTRK2;CCND1;ITGB3;KDR;VEGFC;NRG1;FAM20A;TEK;FGF2
GO_Biological_Process_2023,Negative Regulation Of Protein Metabolic Process (GO:0051248),7/147,0.0901648590861445,0.3279642429284742,0,0,1.881225680933852,4.526446301250044,SERPINB3;EDNRB;IGFBP5;ITGB3;INHBB;CLU;CRYAB
GO_Biological_Process_2023,Inflammatory Response (GO:0006954),10/236,0.0904386050655438,0.3279642429284742,0,0,1.6671284831061777,4.00624987631819,GGT5;CXCL6;IL6;LTB4R2;PTGER2;PTGER3;HP;TACR1;ACKR1;THBS1
GO_Biological_Process_2023,Regulation Of Heart Rate By Cardiac Conduction (GO:0086091),3/41,0.0906032729183274,0.3279642429284742,0,0,2.962964844543792,7.114863604572128,KCNE4;CAV1;SCN1B
GO_Biological_Process_2023,Cellular Response To Retinoic Acid (GO:0071300),3/41,0.0906032729183274,0.3279642429284742,0,0,2.962964844543792,7.114863604572128,FZD4;FZD7;RORB
GO_Biological_Process_2023,Positive Regulation Of Ossification (GO:0045778),3/41,0.0906032729183274,0.3279642429284742,0,0,2.962964844543792,7.114863604572128,ZBTB16;PTN;BMP6
GO_Biological_Process_2023,Regulation Of Membrane Depolarization (GO:0003254),2/20,0.0945577401545575,0.3370688393332935,0,0,4.166345536287733,9.826511866940434,FHL1;SCN1B
GO_Biological_Process_2023,Calcium-Mediated Signaling Using Intracellular Calcium Source (GO:0035584),2/20,0.0945577401545575,0.3370688393332935,0,0,4.166345536287733,9.826511866940434,KDR;CLU
GO_Biological_Process_2023,Cellular Response To Copper Ion (GO:0071280),2/20,0.0945577401545575,0.3370688393332935,0,0,4.166345536287733,9.826511866940434,MT1A;SNCA
GO_Biological_Process_2023,Cellular Response To Estradiol Stimulus (GO:0071392),2/20,0.0945577401545575,0.3370688393332935,0,0,4.166345536287733,9.826511866940434,SFRP1;RAMP3
GO_Biological_Process_2023,Response To Ketone (GO:1901654),2/20,0.0945577401545575,0.3370688393332935,0,0,4.166345536287733,9.826511866940434,CAV1;THBS1
GO_Biological_Process_2023,Xenobiotic Transport (GO:0042908),2/20,0.0945577401545575,0.3370688393332935,0,0,4.166345536287733,9.826511866940434,GJA1;ABCA8
GO_Biological_Process_2023,Hydrogen Peroxide Catabolic Process (GO:0042744),2/20,0.0945577401545575,0.3370688393332935,0,0,4.166345536287733,9.826511866940434,GPX3;HBB
GO_Biological_Process_2023,Mesoderm Formation (GO:0001707),2/20,0.0945577401545575,0.3370688393332935,0,0,4.166345536287733,9.826511866940434,ITGB3;ITGA8
GO_Biological_Process_2023,Microglial Cell Activation (GO:0001774),2/20,0.0945577401545575,0.3370688393332935,0,0,4.166345536287733,9.826511866940434,CLU;SNCA
GO_Biological_Process_2023,Regulation Of Cardiac Muscle Cell Proliferation (GO:0060043),2/20,0.0945577401545575,0.3370688393332935,0,0,4.166345536287733,9.826511866940434,FGF2;TBX2
GO_Biological_Process_2023,Organic Hydroxy Compound Biosynthetic Process (GO:1901617),3/42,0.0957774158965026,0.3398647091357714,0,0,2.886842886842887,6.771749242092228,ACOX2;CYP7B1;ALOX15B
GO_Biological_Process_2023,Potassium Ion Import Across Plasma Membrane (GO:1990573),3/42,0.0957774158965026,0.3398647091357714,0,0,2.886842886842887,6.771749242092228,KCNJ8;KCNJ12;ABCC9
GO_Biological_Process_2023,Regulation Of Axonogenesis (GO:0050770),3/42,0.0957774158965026,0.3398647091357714,0,0,2.886842886842887,6.771749242092228,NTRK2;THY1;LRRC4C
GO_Biological_Process_2023,Neuron Development (GO:0048666),7/150,0.0977216448682098,0.3462391713787406,0,0,1.8414737013958804,4.282590535920369,NTRK2;IL6;TENM2;TNXB;TENM4;TMEM108;CNTN4
GO_Biological_Process_2023,Muscle Contraction (GO:0006936),5/94,0.0989304718802711,0.3499926965915332,0,0,2.111096594373312,4.883679930829024,KCNJ12;LMOD1;SCN7A;CRYAB;MYLK
GO_Biological_Process_2023,Potassium Ion Transport (GO:0006813),6/122,0.0995757967366816,0.3517443679597413,0,0,1.944727150987613,4.486166891011143,KCND2;KCNJ8;KCNJ12;KCNK15;ABCC9;KCNN3
GO_Biological_Process_2023,Regulation Of Filopodium Assembly (GO:0051489),3/43,0.1010692594727815,0.3548788690933347,0,0,2.814527027027027,6.450753136273341,TENM2;PALM;CLU
GO_Biological_Process_2023,Response To Amyloid-Beta (GO:1904645),3/43,0.1010692594727815,0.3548788690933347,0,0,2.814527027027027,6.450753136273341,GJA1;RAMP3;MMP2
GO_Biological_Process_2023,Energy Derivation By Oxidation Of Organic Compounds (GO:0015980),3/43,0.1010692594727815,0.3548788690933347,0,0,2.814527027027027,6.450753136273341,GFPT2;ADGRF5;PPARGC1A
GO_Biological_Process_2023,Positive Regulation Of miRNA Transcription (GO:1902895),3/43,0.1010692594727815,0.3548788690933347,0,0,2.814527027027027,6.450753136273341,ATOH8;GATA2;FGF2
GO_Biological_Process_2023,Neuropeptide Signaling Pathway (GO:0007218),4/68,0.1012455827873458,0.3549658007304849,0,0,2.3470744680851063,5.375284500404256,LTB4R2;PENK;PNOC;SORCS2
GO_Biological_Process_2023,Cellular Response To Nerve Growth Factor Stimulus (GO:1990090),2/21,0.1027755230244203,0.3571220696189799,0,0,3.946861373085894,8.979930796646556,NTRK2;TMEM108
GO_Biological_Process_2023,Innate Immune Response In Mucosa (GO:0002227),2/21,0.1027755230244203,0.3571220696189799,0,0,3.946861373085894,8.979930796646556,BPIFB1;LTF
GO_Biological_Process_2023,Negative Regulation Of Osteoclast Differentiation (GO:0045671),2/21,0.1027755230244203,0.3571220696189799,0,0,3.946861373085894,8.979930796646556,FBN1;LTF
GO_Biological_Process_2023,Peptide Catabolic Process (GO:0043171),2/21,0.1027755230244203,0.3571220696189799,0,0,3.946861373085894,8.979930796646556,ANPEP;TRHDE
GO_Biological_Process_2023,Positive Regulation Of T Cell Cytokine Production (GO:0002726),2/21,0.1027755230244203,0.3571220696189799,0,0,3.946861373085894,8.979930796646556,IL6;IL1R1
GO_Biological_Process_2023,Positive Regulation Of Transcription Regulatory Region DNA Binding (GO:2000679),2/21,0.1027755230244203,0.3571220696189799,0,0,3.946861373085894,8.979930796646556,HAND2;TWIST1
GO_Biological_Process_2023,Response To Molecule Of Bacterial Origin (GO:0002237),4/69,0.1053917944012906,0.3638039325795266,0,0,2.3108466002083023,5.199567760268087,IL6;SLPI;S100A7;SNCA
GO_Biological_Process_2023,Regulation Of Cellular Component Organization (GO:0051128),7/153,0.1056164533035965,0.3638039325795266,0,0,1.80335536485262,4.053836664283697,SLITRK4;FAM107A;TNC;CDH13;SPOCK1;NRG1;SNCAIP
GO_Biological_Process_2023,Positive Regulation Of Supramolecular Fiber Organization (GO:1902905),5/96,0.1057785293485384,0.3638039325795266,0,0,2.064485901695204,4.6376770598978965,CSF3;EFEMP2;TNXB;LMOD1;CLU
GO_Biological_Process_2023,Positive Regulation Of Leukocyte Cell-Cell Adhesion (GO:1903039),3/44,0.1064751879069821,0.3638039325795266,0,0,2.745738770129014,6.150024583362811,HLA-DRB5;IL6;THY1
GO_Biological_Process_2023,Positive Regulation Of Programmed Cell Death (GO:0043068),10/245,0.1085778350585892,0.3638039325795266,0,0,1.602531540159054,3.5580815312167235,SFRP4;SFRP1;IL6;SFRP2;FRZB;HTRA1;NRG1;SEPTIN4;CLU;SNCA
GO_Biological_Process_2023,Regulation Of G Protein-Coupled Receptor Signaling Pathway (GO:0008277),4/70,0.1096140311472835,0.3638039325795266,0,0,2.2757165465095834,5.031131136363379,RGS4;C3;RGS5;RAMP3
GO_Biological_Process_2023,Regulation Of Histone Acetylation (GO:0035065),2/22,0.1111800464106713,0.3638039325795266,0,0,3.749325626204239,8.235784987659104,TWIST1;PPARGC1A
GO_Biological_Process_2023,Cellular Response To Low-Density Lipoprotein Particle Stimulus (GO:0071404),2/22,0.1111800464106713,0.3638039325795266,0,0,3.749325626204239,8.235784987659104,CDH13;CES1
GO_Biological_Process_2023,Negative Regulation Of Axonogenesis (GO:0050771),2/22,0.1111800464106713,0.3638039325795266,0,0,3.749325626204239,8.235784987659104,MAG;THY1
GO_Biological_Process_2023,Negative Regulation Of Cell Development (GO:0010721),2/22,0.1111800464106713,0.3638039325795266,0,0,3.749325626204239,8.235784987659104,IL6;PTHLH
GO_Biological_Process_2023,Negative Regulation Of Extrinsic Apoptotic Signaling Pathway In Absence Of Ligand (GO:2001240),2/22,0.1111800464106713,0.3638039325795266,0,0,3.749325626204239,8.235784987659104,EYA4;HSPA1B
GO_Biological_Process_2023,Negative Regulation Of Signal Transduction In Absence Of Ligand (GO:1901099),2/22,0.1111800464106713,0.3638039325795266,0,0,3.749325626204239,8.235784987659104,EYA4;HSPA1B
GO_Biological_Process_2023,Regulation Of Cardiac Muscle Cell Membrane Repolarization (GO:0099623),2/22,0.1111800464106713,0.3638039325795266,0,0,3.749325626204239,8.235784987659104,KCNE4;SCN1B
GO_Biological_Process_2023,Positive Regulation Of Cold-Induced Thermogenesis (GO:0120162),5/98,0.112853424896285,0.3638039325795266,0,0,2.0198799699924983,4.406702297375973,GJA1;CAV1;DIO2;LCN2;PPARGC1A
GO_Biological_Process_2023,Positive Regulation Of Protein-Containing Complex Assembly (GO:0031334),5/98,0.112853424896285,0.3638039325795266,0,0,2.0198799699924983,4.406702297375973,CDH5;NRG1;CLU;FERMT2;SNCA
GO_Biological_Process_2023,Negative Regulation Of Cellular Response To Growth Factor Stimulus (GO:0090288),4/71,0.1139108910889607,0.3638039325795266,0,0,2.241635151130229,4.869590999348913,CHRD;SULF1;FGF2;THBS1
GO_Biological_Process_2023,Positive Regulation Of Cell-Substrate Adhesion (GO:0010811),4/71,0.1139108910889607,0.3638039325795266,0,0,2.241635151130229,4.869590999348913,SFRP1;CDH13;FBLN2;FERMT2
GO_Biological_Process_2023,Regulation Of Fibroblast Proliferation (GO:0048145),3/46,0.1176146061146165,0.3638039325795266,0,0,2.617760617760618,5.602903125914727,PDGFRA;SFRP1;DDR2
GO_Biological_Process_2023,Regulation Of Nervous System Development (GO:0051960),3/46,0.1176146061146165,0.3638039325795266,0,0,2.617760617760618,5.602903125914727,TENM4;PTN;DLL1
GO_Biological_Process_2023,Cardiac Conduction (GO:0061337),3/46,0.1176146061146165,0.3638039325795266,0,0,2.617760617760618,5.602903125914727,KCNE4;CAV1;SCN1B
GO_Biological_Process_2023,Negative Regulation Of Cellular Metabolic Process (GO:0031324),3/46,0.1176146061146165,0.3638039325795266,0,0,2.617760617760618,5.602903125914727,ITGB3;TWIST1;TBX2
GO_Biological_Process_2023,Negative Regulation Of Cold-Induced Thermogenesis (GO:0120163),3/46,0.1176146061146165,0.3638039325795266,0,0,2.617760617760618,5.602903125914727,ADAMTS5;NOVA1;NPR3
GO_Biological_Process_2023,Cellular Response To Hypoxia (GO:0071456),4/72,0.1182809312802316,0.3638039325795266,0,0,2.2085561497326203,4.71458871357839,SFRP1;PTGIS;KCND2;TWIST1
GO_Biological_Process_2023,Cholesterol Homeostasis (GO:0042632),4/72,0.1182809312802316,0.3638039325795266,0,0,2.2085561497326203,4.71458871357839,CAV1;CYP7B1;APOB;CES1
GO_Biological_Process_2023,Cell-Cell Signaling By Wnt (GO:0198738),2/23,0.119756051336926,0.3638039325795266,0,0,3.570602807597027,7.577885021517431,FZD4;FERMT2
GO_Biological_Process_2023,Cellular Response To Interleukin-6 (GO:0071354),2/23,0.119756051336926,0.3638039325795266,0,0,3.570602807597027,7.577885021517431,IL6;PTGIS
GO_Biological_Process_2023,Regulation Of Toll-Like Receptor 4 Signaling Pathway (GO:0034143),2/23,0.119756051336926,0.3638039325795266,0,0,3.570602807597027,7.577885021517431,BPIFB1;LTF
GO_Biological_Process_2023,Endocrine System Development (GO:0035270),2/23,0.119756051336926,0.3638039325795266,0,0,3.570602807597027,7.577885021517431,SALL1;STRA6
GO_Biological_Process_2023,Glial Cell Development (GO:0021782),2/23,0.119756051336926,0.3638039325795266,0,0,3.570602807597027,7.577885021517431,MXRA8;DLL1
GO_Biological_Process_2023,Negative Regulation Of Neuron Differentiation (GO:0045665),2/23,0.119756051336926,0.3638039325795266,0,0,3.570602807597027,7.577885021517431,CNTN4;DLL1
GO_Biological_Process_2023,Positive Regulation Of Morphogenesis Of An Epithelium (GO:1905332),2/23,0.119756051336926,0.3638039325795266,0,0,3.570602807597027,7.577885021517431,GJA1;FGF2
GO_Biological_Process_2023,Protein Localization To Cell Junction (GO:1902414),2/23,0.119756051336926,0.3638039325795266,0,0,3.570602807597027,7.577885021517431,FERMT2;JAM3
GO_Biological_Process_2023,Regulation Of T Cell Migration (GO:2000404),2/23,0.119756051336926,0.3638039325795266,0,0,3.570602807597027,7.577885021517431,CXCL12;APOD
GO_Biological_Process_2023,Cellular Response To Decreased Oxygen Levels (GO:0036294),4/73,0.1227226704750096,0.3638039325795266,0,0,2.176435959969725,4.565788690714734,SFRP1;PTGIS;KCND2;TWIST1
GO_Biological_Process_2023,Sterol Homeostasis (GO:0055092),4/73,0.1227226704750096,0.3638039325795266,0,0,2.176435959969725,4.565788690714734,CAV1;CYP7B1;APOB;CES1
GO_Biological_Process_2023,Positive Regulation Of Lymphocyte Activation (GO:0051251),3/47,0.1233406606645092,0.3638039325795266,0,0,2.558134433134433,5.353676923688036,HLA-DRB5;IL6;THY1
GO_Biological_Process_2023,B Cell Chemotaxis (GO:0035754),1/5,0.123649842157687,0.3638039325795266,0,0,9.36298076923077,19.571453322596746,CYP7B1
GO_Biological_Process_2023,Regulation Of Circadian Sleep/Wake Cycle (GO:0042749),1/5,0.123649842157687,0.3638039325795266,0,0,9.36298076923077,19.571453322596746,PTGDS
GO_Biological_Process_2023,"Regulation Of Circadian Sleep/Wake Cycle, Sleep (GO:0045187)",1/5,0.123649842157687,0.3638039325795266,0,0,9.36298076923077,19.571453322596746,PTGDS
GO_Biological_Process_2023,Regulation Of Epinephrine Secretion (GO:0014060),1/5,0.123649842157687,0.3638039325795266,0,0,9.36298076923077,19.571453322596746,ADRA2C
GO_Biological_Process_2023,L-ornithine Transmembrane Transport (GO:1903352),1/5,0.123649842157687,0.3638039325795266,0,0,9.36298076923077,19.571453322596746,SLC7A2
GO_Biological_Process_2023,Regulation Of Glucagon Secretion (GO:0070092),1/5,0.123649842157687,0.3638039325795266,0,0,9.36298076923077,19.571453322596746,IL6
GO_Biological_Process_2023,Regulation Of Glutamate Receptor Signaling Pathway (GO:1900449),1/5,0.123649842157687,0.3638039325795266,0,0,9.36298076923077,19.571453322596746,SHANK3
GO_Biological_Process_2023,Regulation Of Hepatocyte Proliferation (GO:2000345),1/5,0.123649842157687,0.3638039325795266,0,0,9.36298076923077,19.571453322596746,PTN
GO_Biological_Process_2023,Regulation Of Hormone Biosynthetic Process (GO:0046885),1/5,0.123649842157687,0.3638039325795266,0,0,9.36298076923077,19.571453322596746,STC2
GO_Biological_Process_2023,Regulation Of Interleukin-1-Mediated Signaling Pathway (GO:2000659),1/5,0.123649842157687,0.3638039325795266,0,0,9.36298076923077,19.571453322596746,IL6
GO_Biological_Process_2023,Regulation Of Keratinocyte Apoptotic Process (GO:1902172),1/5,0.123649842157687,0.3638039325795266,0,0,9.36298076923077,19.571453322596746,SFRP4
GO_Biological_Process_2023,Activation Of Transmembrane Receptor Protein Tyrosine Kinase Activity (GO:0007171),1/5,0.123649842157687,0.3638039325795266,0,0,9.36298076923077,19.571453322596746,NRG1
GO_Biological_Process_2023,Regulation Of Long-Chain Fatty Acid Import Across Plasma Membrane (GO:0010746),1/5,0.123649842157687,0.3638039325795266,0,0,9.36298076923077,19.571453322596746,THBS1
GO_Biological_Process_2023,Regulation Of mRNA Binding (GO:1902415),1/5,0.123649842157687,0.3638039325795266,0,0,9.36298076923077,19.571453322596746,LARP6
GO_Biological_Process_2023,Regulation Of Mast Cell Chemotaxis (GO:0060753),1/5,0.123649842157687,0.3638039325795266,0,0,9.36298076923077,19.571453322596746,VEGFC
GO_Biological_Process_2023,Ammonium Homeostasis (GO:0097272),1/5,0.123649842157687,0.3638039325795266,0,0,9.36298076923077,19.571453322596746,RHCG
GO_Biological_Process_2023,"Anterior/Posterior Axis Specification, Embryo (GO:0008595)",1/5,0.123649842157687,0.3638039325795266,0,0,9.36298076923077,19.571453322596746,TBX3
GO_Biological_Process_2023,Regulation Of Monoatomic Anion Transport (GO:0044070),1/5,0.123649842157687,0.3638039325795266,0,0,9.36298076923077,19.571453322596746,STC1
GO_Biological_Process_2023,Astrocyte Differentiation (GO:0048708),1/5,0.123649842157687,0.3638039325795266,0,0,9.36298076923077,19.571453322596746,DLL1
GO_Biological_Process_2023,Autocrine Signaling (GO:0035425),1/5,0.123649842157687,0.3638039325795266,0,0,9.36298076923077,19.571453322596746,SERPINB3
GO_Biological_Process_2023,Regulation Of Neutrophil Extravasation (GO:2000389),1/5,0.123649842157687,0.3638039325795266,0,0,9.36298076923077,19.571453322596746,XG
GO_Biological_Process_2023,Regulation Of Nitric Oxide Mediated Signal Transduction (GO:0010749),1/5,0.123649842157687,0.3638039325795266,0,0,9.36298076923077,19.571453322596746,THBS1
GO_Biological_Process_2023,Cell Junction Disassembly (GO:0150146),1/5,0.123649842157687,0.3638039325795266,0,0,9.36298076923077,19.571453322596746,DKK1
GO_Biological_Process_2023,Regulation Of Ribonuclease Activity (GO:0060700),1/5,0.123649842157687,0.3638039325795266,0,0,9.36298076923077,19.571453322596746,PDE3A
GO_Biological_Process_2023,Cellular Heat Acclimation (GO:0070370),1/5,0.123649842157687,0.3638039325795266,0,0,9.36298076923077,19.571453322596746,HSPA1B
GO_Biological_Process_2023,Cellular Response To Iron Ion (GO:0071281),1/5,0.123649842157687,0.3638039325795266,0,0,9.36298076923077,19.571453322596746,BMP6
GO_Biological_Process_2023,Regulation Of Tooth Mineralization (GO:0070170),1/5,0.123649842157687,0.3638039325795266,0,0,9.36298076923077,19.571453322596746,ASPN
GO_Biological_Process_2023,Renal Filtration Cell Differentiation (GO:0061318),1/5,0.123649842157687,0.3638039325795266,0,0,9.36298076923077,19.571453322596746,PROM1
GO_Biological_Process_2023,Chondrocyte Development (GO:0002063),1/5,0.123649842157687,0.3638039325795266,0,0,9.36298076923077,19.571453322596746,SULF1
GO_Biological_Process_2023,Reproductive System Development (GO:0061458),1/5,0.123649842157687,0.3638039325795266,0,0,9.36298076923077,19.571453322596746,TBX3
GO_Biological_Process_2023,Response To cGMP (GO:0070305),1/5,0.123649842157687,0.3638039325795266,0,0,9.36298076923077,19.571453322596746,PDE3A
GO_Biological_Process_2023,Response To Gonadotropin (GO:0034698),1/5,0.123649842157687,0.3638039325795266,0,0,9.36298076923077,19.571453322596746,SLC5A5
GO_Biological_Process_2023,Response To Heparin (GO:0071503),1/5,0.123649842157687,0.3638039325795266,0,0,9.36298076923077,19.571453322596746,SFRP1
GO_Biological_Process_2023,Dendrite Extension (GO:0097484),1/5,0.123649842157687,0.3638039325795266,0,0,9.36298076923077,19.571453322596746,TMEM108
GO_Biological_Process_2023,Dermatan Sulfate Metabolic Process (GO:0030205),1/5,0.123649842157687,0.3638039325795266,0,0,9.36298076923077,19.571453322596746,DSEL
GO_Biological_Process_2023,Response To Peptidoglycan (GO:0032494),1/5,0.123649842157687,0.3638039325795266,0,0,9.36298076923077,19.571453322596746,IL6
GO_Biological_Process_2023,Dermatan Sulfate Proteoglycan Metabolic Process (GO:0050655),1/5,0.123649842157687,0.3638039325795266,0,0,9.36298076923077,19.571453322596746,DSEL
GO_Biological_Process_2023,Ear Development (GO:0043583),1/5,0.123649842157687,0.3638039325795266,0,0,9.36298076923077,19.571453322596746,STRA6
GO_Biological_Process_2023,Enamel Mineralization (GO:0070166),1/5,0.123649842157687,0.3638039325795266,0,0,9.36298076923077,19.571453322596746,FAM20A
GO_Biological_Process_2023,Endothelin Receptor Signaling Pathway (GO:0086100),1/5,0.123649842157687,0.3638039325795266,0,0,9.36298076923077,19.571453322596746,EDNRB
GO_Biological_Process_2023,Forebrain Neuron Differentiation (GO:0021879),1/5,0.123649842157687,0.3638039325795266,0,0,9.36298076923077,19.571453322596746,SHANK3
GO_Biological_Process_2023,Tight Junction Organization (GO:0120193),1/5,0.123649842157687,0.3638039325795266,0,0,9.36298076923077,19.571453322596746,CLDN5
GO_Biological_Process_2023,Glomerular Epithelial Cell Differentiation (GO:0072311),1/5,0.123649842157687,0.3638039325795266,0,0,9.36298076923077,19.571453322596746,PROM1
GO_Biological_Process_2023,Transmembrane Receptor Protein Tyrosine Phosphatase Signaling Pathway (GO:0007185),1/5,0.123649842157687,0.3638039325795266,0,0,9.36298076923077,19.571453322596746,PTN
GO_Biological_Process_2023,Tripartite Regional Subdivision (GO:0007351),1/5,0.123649842157687,0.3638039325795266,0,0,9.36298076923077,19.571453322596746,TBX3
GO_Biological_Process_2023,Vascular Endothelial Growth Factor Receptor-2 Signaling Pathway (GO:0036324),1/5,0.123649842157687,0.3638039325795266,0,0,9.36298076923077,19.571453322596746,KDR
GO_Biological_Process_2023,Heat Acclimation (GO:0010286),1/5,0.123649842157687,0.3638039325795266,0,0,9.36298076923077,19.571453322596746,HSPA1B
GO_Biological_Process_2023,Heme Transport (GO:0015886),1/5,0.123649842157687,0.3638039325795266,0,0,9.36298076923077,19.571453322596746,NRG1
GO_Biological_Process_2023,Humoral Immune Response Mediated By Circulating Immunoglobulin (GO:0002455),1/5,0.123649842157687,0.3638039325795266,0,0,9.36298076923077,19.571453322596746,C1R
GO_Biological_Process_2023,Inflammatory Response To Wounding (GO:0090594),1/5,0.123649842157687,0.3638039325795266,0,0,9.36298076923077,19.571453322596746,IL6
GO_Biological_Process_2023,Intracellular Phosphate Ion Homeostasis (GO:0030643),1/5,0.123649842157687,0.3638039325795266,0,0,9.36298076923077,19.571453322596746,SLC34A2
GO_Biological_Process_2023,Leukocyte Apoptotic Process (GO:0071887),1/5,0.123649842157687,0.3638039325795266,0,0,9.36298076923077,19.571453322596746,IL6
GO_Biological_Process_2023,Leukocyte Chemotaxis Involved In Inflammatory Response (GO:0002232),1/5,0.123649842157687,0.3638039325795266,0,0,9.36298076923077,19.571453322596746,PTN
GO_Biological_Process_2023,Mesenchymal To Epithelial Transition Involved In Metanephros Morphogenesis (GO:0003337),1/5,0.123649842157687,0.3638039325795266,0,0,9.36298076923077,19.571453322596746,SALL1
GO_Biological_Process_2023,Negative Regulation Of Cardiac Muscle Cell Apoptotic Process (GO:0010667),1/5,0.123649842157687,0.3638039325795266,0,0,9.36298076923077,19.571453322596746,HAND2
GO_Biological_Process_2023,Negative Regulation Of Cellular Extravasation (GO:0002692),1/5,0.123649842157687,0.3638039325795266,0,0,9.36298076923077,19.571453322596746,CXCL12
GO_Biological_Process_2023,Negative Regulation Of Histone Acetylation (GO:0035067),1/5,0.123649842157687,0.3638039325795266,0,0,9.36298076923077,19.571453322596746,TWIST1
GO_Biological_Process_2023,Negative Regulation Of Lamellipodium Organization (GO:1902744),1/5,0.123649842157687,0.3638039325795266,0,0,9.36298076923077,19.571453322596746,NRG1
GO_Biological_Process_2023,Negative Regulation Of Mast Cell Activation (GO:0033004),1/5,0.123649842157687,0.3638039325795266,0,0,9.36298076923077,19.571453322596746,ENPP3
GO_Biological_Process_2023,Negative Regulation Of Nervous System Process (GO:0031645),1/5,0.123649842157687,0.3638039325795266,0,0,9.36298076923077,19.571453322596746,JAM2
GO_Biological_Process_2023,Negative Regulation Of Neuron Migration (GO:2001223),1/5,0.123649842157687,0.3638039325795266,0,0,9.36298076923077,19.571453322596746,COL3A1
GO_Biological_Process_2023,Negative Regulation Of Trophoblast Cell Migration (GO:1901164),1/5,0.123649842157687,0.3638039325795266,0,0,9.36298076923077,19.571453322596746,GJA1
GO_Biological_Process_2023,Neurotransmitter-Gated Ion Channel Clustering (GO:0072578),1/5,0.123649842157687,0.3638039325795266,0,0,9.36298076923077,19.571453322596746,SHANK3
GO_Biological_Process_2023,Ornithine Transport (GO:0015822),1/5,0.123649842157687,0.3638039325795266,0,0,9.36298076923077,19.571453322596746,SLC7A2
GO_Biological_Process_2023,Positive Regulation Of T-helper 1 Cell Cytokine Production (GO:2000556),1/5,0.123649842157687,0.3638039325795266,0,0,9.36298076923077,19.571453322596746,IL1R1
GO_Biological_Process_2023,"Positive Regulation Of Wnt Signaling Pathway, Planar Cell Polarity Pathway (GO:2000096)",1/5,0.123649842157687,0.3638039325795266,0,0,9.36298076923077,19.571453322596746,DKK1
GO_Biological_Process_2023,Positive Regulation Of Animal Organ Morphogenesis (GO:0110110),1/5,0.123649842157687,0.3638039325795266,0,0,9.36298076923077,19.571453322596746,CD34
GO_Biological_Process_2023,Positive Regulation Of Epithelial Cell Differentiation Involved In Kidney Development (GO:2000698),1/5,0.123649842157687,0.3638039325795266,0,0,9.36298076923077,19.571453322596746,PROM1
GO_Biological_Process_2023,Positive Regulation Of Fever Generation (GO:0031622),1/5,0.123649842157687,0.3638039325795266,0,0,9.36298076923077,19.571453322596746,PTGER3
GO_Biological_Process_2023,Positive Regulation Of Gap Junction Assembly (GO:1903598),1/5,0.123649842157687,0.3638039325795266,0,0,9.36298076923077,19.571453322596746,CAV1
GO_Biological_Process_2023,Positive Regulation Of Intrinsic Apoptotic Signaling Pathway By P53 Class Mediator (GO:1902255),1/5,0.123649842157687,0.3638039325795266,0,0,9.36298076923077,19.571453322596746,MSX1
GO_Biological_Process_2023,Positive Regulation Of Osteoblast Proliferation (GO:0033690),1/5,0.123649842157687,0.3638039325795266,0,0,9.36298076923077,19.571453322596746,LTF
GO_Biological_Process_2023,Positive Regulation Of Peroxisome Proliferator Activated Receptor Signaling Pathway (GO:0035360),1/5,0.123649842157687,0.3638039325795266,0,0,9.36298076923077,19.571453322596746,PTGIS
GO_Biological_Process_2023,Positive Regulation Of Tau-Protein Kinase Activity (GO:1902949),1/5,0.123649842157687,0.3638039325795266,0,0,9.36298076923077,19.571453322596746,DKK1
GO_Biological_Process_2023,Positive Regulation Of Urine Volume (GO:0035810),1/5,0.123649842157687,0.3638039325795266,0,0,9.36298076923077,19.571453322596746,NPR3
GO_Biological_Process_2023,Positive Regulation Of Vascular Associated Smooth Muscle Cell Differentiation (GO:1905065),1/5,0.123649842157687,0.3638039325795266,0,0,9.36298076923077,19.571453322596746,EFEMP2
GO_Biological_Process_2023,Positive Regulation Of Vesicle Fusion (GO:0031340),1/5,0.123649842157687,0.3638039325795266,0,0,9.36298076923077,19.571453322596746,SNCA
GO_Biological_Process_2023,Protection From Natural Killer Cell Mediated Cytotoxicity (GO:0042270),1/5,0.123649842157687,0.3638039325795266,0,0,9.36298076923077,19.571453322596746,SERPINB4
GO_Biological_Process_2023,Protein Import (GO:0017038),1/5,0.123649842157687,0.3638039325795266,0,0,9.36298076923077,19.571453322596746,CLU
GO_Biological_Process_2023,Protein Repair (GO:0030091),1/5,0.123649842157687,0.3638039325795266,0,0,9.36298076923077,19.571453322596746,MSRB3
GO_Biological_Process_2023,Proton-Transporting V-type ATPase Complex Assembly (GO:0070070),1/5,0.123649842157687,0.3638039325795266,0,0,9.36298076923077,19.571453322596746,ATP6V1B1
GO_Biological_Process_2023,Regulation Of T-helper 1 Cell Cytokine Production (GO:2000554),1/5,0.123649842157687,0.3638039325795266,0,0,9.36298076923077,19.571453322596746,IL1R1
GO_Biological_Process_2023,Regulation Of Apoptotic DNA Fragmentation (GO:1902510),1/5,0.123649842157687,0.3638039325795266,0,0,9.36298076923077,19.571453322596746,IL6
GO_Biological_Process_2023,Regulation Of Basement Membrane Organization (GO:0110011),1/5,0.123649842157687,0.3638039325795266,0,0,9.36298076923077,19.571453322596746,LAMA2
GO_Biological_Process_2023,Regulation Of Blood Vessel Remodeling (GO:0060312),1/5,0.123649842157687,0.3638039325795266,0,0,9.36298076923077,19.571453322596746,NRG1
GO_Biological_Process_2023,Regulation Of cGMP-mediated Signaling (GO:0010752),1/5,0.123649842157687,0.3638039325795266,0,0,9.36298076923077,19.571453322596746,THBS1
GO_Biological_Process_2023,Inorganic Cation Transmembrane Transport (GO:0098662),11/284,0.1247622674620736,0.3666163493051147,0,0,1.517388493859082,3.1582092776755064,KCND2;KCNJ8;TRPC4;KCNK15;ABCC9;KCNN3;SLC39A2;RHCG;CLU;SCN1B;ATP6V1B1
GO_Biological_Process_2023,Negative Regulation Of Programmed Cell Death (GO:0043069),14/381,0.1251110472914066,0.3671805423013463,0,0,1.438004181244592,2.988968706946584,FHL2;DKK1;FSTL1;THBS1;TBX3;SFRP1;IL6;PDPN;KDR;TEK;CRYAB;HSPA1B;LTF;SNCA
GO_Biological_Process_2023,Regulation Of Cysteine-Type Endopeptidase Activity (GO:2000116),2/24,0.1284889443384816,0.3738150405474831,0,0,3.4081275179541075,6.993179164713768,CST2;LTF
GO_Biological_Process_2023,Negative Regulation Of Ossification (GO:0030279),2/24,0.1284889443384816,0.3738150405474831,0,0,3.4081275179541075,6.993179164713768,SFRP1;DKK1
GO_Biological_Process_2023,Neuromuscular Junction Development (GO:0007528),2/24,0.1284889443384816,0.3738150405474831,0,0,3.4081275179541075,6.993179164713768,TNC;PDZRN3
GO_Biological_Process_2023,Positive Regulation Of BMP Signaling Pathway (GO:0030513),2/24,0.1284889443384816,0.3738150405474831,0,0,3.4081275179541075,6.993179164713768,CDH5;SULF1
GO_Biological_Process_2023,Positive Regulation Of Cellular Response To Transforming Growth Factor Beta Stimulus (GO:1903846),2/24,0.1284889443384816,0.3738150405474831,0,0,3.4081275179541075,6.993179164713768,TNXB;THBS1
GO_Biological_Process_2023,Positive Regulation Of Transforming Growth Factor Beta Receptor Signaling Pathway (GO:0030511),2/24,0.1284889443384816,0.3738150405474831,0,0,3.4081275179541075,6.993179164713768,TNXB;THBS1
GO_Biological_Process_2023,Regulation Of AMPA Receptor Activity (GO:2000311),2/24,0.1284889443384816,0.3738150405474831,0,0,3.4081275179541075,6.993179164713768,SHANK3;SHISA6
GO_Biological_Process_2023,Inorganic Cation Import Across Plasma Membrane (GO:0098659),5/103,0.131496084099102,0.3794984022549008,0,0,1.916330485682645,3.88780952584622,KCNJ8;KCNJ12;SCN7A;ABCC9;CLU
GO_Biological_Process_2023,Regulation Of Stress Fiber Assembly (GO:0051492),4/75,0.1318151449471197,0.3794984022549008,0,0,2.1149099626774186,4.285557859191,SFRP1;SERPINF2;CCN2;FERMT2
GO_Biological_Process_2023,Defense Response To Gram-negative Bacterium (GO:0050829),4/75,0.1318151449471197,0.3794984022549008,0,0,2.1149099626774186,4.285557859191,IL6;DMBT1;DEFB4A;LTF
GO_Biological_Process_2023,Positive Regulation Of miRNA Metabolic Process (GO:2000630),3/49,0.1350866911710813,0.3794984022549008,0,0,2.4466593923115663,4.897817089797091,ATOH8;GATA2;FGF2
GO_Biological_Process_2023,Activation Of Protein Kinase B Activity (GO:0032148),2/25,0.1373647732501339,0.3794984022549008,0,0,3.259780514367094,6.471040216312456,NRG1;ADRA2C
GO_Biological_Process_2023,Regulation Of Monocyte Chemotaxis (GO:0090025),2/25,0.1373647732501339,0.3794984022549008,0,0,3.259780514367094,6.471040216312456,CXCL12;S100A7
GO_Biological_Process_2023,Bile Acid Biosynthetic Process (GO:0006699),2/25,0.1373647732501339,0.3794984022549008,0,0,3.259780514367094,6.471040216312456,ACOX2;CYP7B1
GO_Biological_Process_2023,Regulation Of Synapse Organization (GO:0050807),2/25,0.1373647732501339,0.3794984022549008,0,0,3.259780514367094,6.471040216312456,SLITRK4;MDGA1
GO_Biological_Process_2023,Sterol Transport (GO:0015918),2/25,0.1373647732501339,0.3794984022549008,0,0,3.259780514367094,6.471040216312456,CAV1;APOB
GO_Biological_Process_2023,Myotube Differentiation (GO:0014902),2/25,0.1373647732501339,0.3794984022549008,0,0,3.259780514367094,6.471040216312456,ADAMTS5;JAM2
GO_Biological_Process_2023,Negative Regulation Of Response To Wounding (GO:1903035),2/25,0.1373647732501339,0.3794984022549008,0,0,3.259780514367094,6.471040216312456,MMRN1;FGF2
GO_Biological_Process_2023,Negative Regulation Of Signaling Receptor Activity (GO:2000272),2/25,0.1373647732501339,0.3794984022549008,0,0,3.259780514367094,6.471040216312456,RAMP3;CNRIP1
GO_Biological_Process_2023,Peptide Hormone Secretion (GO:0030072),2/25,0.1373647732501339,0.3794984022549008,0,0,3.259780514367094,6.471040216312456,IL6;EDN3
GO_Biological_Process_2023,Positive Regulation Of T Cell Migration (GO:2000406),2/25,0.1373647732501339,0.3794984022549008,0,0,3.259780514367094,6.471040216312456,CXCL12;S100A7
GO_Biological_Process_2023,Positive Regulation Of Peptidase Activity (GO:0010952),2/25,0.1373647732501339,0.3794984022549008,0,0,3.259780514367094,6.471040216312456,SERPINB3;CTSK
GO_Biological_Process_2023,Regulation Of B Cell Activation (GO:0050864),2/25,0.1373647732501339,0.3794984022549008,0,0,3.259780514367094,6.471040216312456,IL6;MZB1
GO_Biological_Process_2023,Regulation Of Biomineral Tissue Development (GO:0070167),2/25,0.1373647732501339,0.3794984022549008,0,0,3.259780514367094,6.471040216312456,TWIST1;DDR2
GO_Biological_Process_2023,Cellular Response To Organonitrogen Compound (GO:0071417),5/105,0.1393190470916194,0.3794984022549008,0,0,1.87781007751938,3.701142393244576,SFRP1;IGFBP5;PDE3A;CLU;SLC5A5
GO_Biological_Process_2023,Blood Circulation (GO:0008015),3/50,0.141099118034364,0.3794984022549008,0,0,2.394479585968948,4.689091823547907,ACVRL1;CXCL12;EDN3
GO_Biological_Process_2023,Negative Regulation Of Transforming Growth Factor Beta Receptor Signaling Pathway (GO:0030512),4/77,0.1411757968360373,0.3794984022549008,0,0,2.056755252907978,4.026611319392895,CILP;CAV1;ASPN;FBN1
GO_Biological_Process_2023,Positive Regulation Of JNK Cascade (GO:0046330),4/77,0.1411757968360373,0.3794984022549008,0,0,2.056755252907978,4.026611319392895,SH3RF3;FZD7;SERPINF2;CCN2
GO_Biological_Process_2023,Positive Regulation Of Tumor Necrosis Factor Production (GO:0032760),4/78,0.1459526524274951,0.3794984022549008,0,0,2.0288567097077737,3.9044799755647497,IL6;TWIST1;CLU;THBS1
GO_Biological_Process_2023,Acute Inflammatory Response (GO:0002526),2/26,0.1463702039208586,0.3794984022549008,0,0,3.123795761078998,6.002736612764308,IL6;HP
GO_Biological_Process_2023,Regulation Of Myeloid Cell Differentiation (GO:0045637),2/26,0.1463702039208586,0.3794984022549008,0,0,3.123795761078998,6.002736612764308,CSF3;ZBTB16
GO_Biological_Process_2023,cAMP-mediated Signaling (GO:0019933),2/26,0.1463702039208586,0.3794984022549008,0,0,3.123795761078998,6.002736612764308,PDE3A;ADCY2
GO_Biological_Process_2023,Camera-Type Eye Development (GO:0043010),2/26,0.1463702039208586,0.3794984022549008,0,0,3.123795761078998,6.002736612764308,STRA6;FBN1
GO_Biological_Process_2023,Regulation Of Reactive Oxygen Species Biosynthetic Process (GO:1903426),2/26,0.1463702039208586,0.3794984022549008,0,0,3.123795761078998,6.002736612764308,CCN6;SNCA
GO_Biological_Process_2023,Response To Glucocorticoid (GO:0051384),2/26,0.1463702039208586,0.3794984022549008,0,0,3.123795761078998,6.002736612764308,IL6;FAM107A
GO_Biological_Process_2023,Negative Regulation Of Catalytic Activity (GO:0043086),2/26,0.1463702039208586,0.3794984022549008,0,0,3.123795761078998,6.002736612764308,SERPINB3;HP
GO_Biological_Process_2023,Negative Regulation Of Protein Polymerization (GO:0032272),2/26,0.1463702039208586,0.3794984022549008,0,0,3.123795761078998,6.002736612764308,CDH5;SNCA
GO_Biological_Process_2023,Positive Regulation Of Nuclear Division (GO:0051785),2/26,0.1463702039208586,0.3794984022549008,0,0,3.123795761078998,6.002736612764308,PDGFRB;EDN3
GO_Biological_Process_2023,Protein Localization To Cell Surface (GO:0034394),2/26,0.1463702039208586,0.3794984022549008,0,0,3.123795761078998,6.002736612764308,FGF7;JAM3
GO_Biological_Process_2023,Regulation Of Cardiac Muscle Cell Contraction (GO:0086004),2/26,0.1463702039208586,0.3794984022549008,0,0,3.123795761078998,6.002736612764308,CAV1;STC1
GO_Biological_Process_2023,Regulation Of Endothelial Cell Chemotaxis To Fibroblast Growth Factor (GO:2000544),1/6,0.1464844387866909,0.3794984022549008,0,0,7.49,14.387062209635584,FGF2
GO_Biological_Process_2023,G Protein-Coupled Receptor Internalization (GO:0002031),1/6,0.1464844387866909,0.3794984022549008,0,0,7.49,14.387062209635584,DMBT1
GO_Biological_Process_2023,Regulation Of Entry Of Bacterium Into Host Cell (GO:2000535),1/6,0.1464844387866909,0.3794984022549008,0,0,7.49,14.387062209635584,KRT6A
GO_Biological_Process_2023,Regulation Of Glial Cell Apoptotic Process (GO:0034350),1/6,0.1464844387866909,0.3794984022549008,0,0,7.49,14.387062209635584,DLL1
GO_Biological_Process_2023,Regulation Of Inositol Phosphate Biosynthetic Process (GO:0010919),1/6,0.1464844387866909,0.3794984022549008,0,0,7.49,14.387062209635584,SNCA
GO_Biological_Process_2023,Adherens Junction Maintenance (GO:0034334),1/6,0.1464844387866909,0.3794984022549008,0,0,7.49,14.387062209635584,FERMT2
GO_Biological_Process_2023,Aldehyde Biosynthetic Process (GO:0046184),1/6,0.1464844387866909,0.3794984022549008,0,0,7.49,14.387062209635584,DDR2
GO_Biological_Process_2023,Angiotensin-Activated Signaling Pathway (GO:0038166),1/6,0.1464844387866909,0.3794984022549008,0,0,7.49,14.387062209635584,CAV1
GO_Biological_Process_2023,Regulation Of Norepinephrine Secretion (GO:0014061),1/6,0.1464844387866909,0.3794984022549008,0,0,7.49,14.387062209635584,ADRA2C
GO_Biological_Process_2023,Regulation Of Nuclease Activity (GO:0032069),1/6,0.1464844387866909,0.3794984022549008,0,0,7.49,14.387062209635584,PDE3A
GO_Biological_Process_2023,Regulation Of Nucleotide-Binding Oligomerization Domain Containing 2 Signaling Pathway (GO:0070432),1/6,0.1464844387866909,0.3794984022549008,0,0,7.49,14.387062209635584,HSPA1B
GO_Biological_Process_2023,Regulation Of Osteoclast Development (GO:2001204),1/6,0.1464844387866909,0.3794984022549008,0,0,7.49,14.387062209635584,LTF
GO_Biological_Process_2023,Bleb Assembly (GO:0032060),1/6,0.1464844387866909,0.3794984022549008,0,0,7.49,14.387062209635584,MYLK
GO_Biological_Process_2023,Cardiac Muscle Cell Myoblast Differentiation (GO:0060379),1/6,0.1464844387866909,0.3794984022549008,0,0,7.49,14.387062209635584,NRG1
GO_Biological_Process_2023,Cardiac Pacemaker Cell Development (GO:0060926),1/6,0.1464844387866909,0.3794984022549008,0,0,7.49,14.387062209635584,TBX3
GO_Biological_Process_2023,Cellular Hypotonic Response (GO:0071476),1/6,0.1464844387866909,0.3794984022549008,0,0,7.49,14.387062209635584,MYLK
GO_Biological_Process_2023,Regulation Of Skeletal Muscle Satellite Cell Proliferation (GO:0014842),1/6,0.1464844387866909,0.3794984022549008,0,0,7.49,14.387062209635584,FGF2
GO_Biological_Process_2023,Regulation Of Striated Muscle Cell Differentiation (GO:0051153),1/6,0.1464844387866909,0.3794984022549008,0,0,7.49,14.387062209635584,NRG1
GO_Biological_Process_2023,Cellular Response To Gonadotropin Stimulus (GO:0071371),1/6,0.1464844387866909,0.3794984022549008,0,0,7.49,14.387062209635584,SLC5A5
GO_Biological_Process_2023,Regulation Of Systemic Arterial Blood Pressure By Renin-Angiotensin (GO:0003081),1/6,0.1464844387866909,0.3794984022549008,0,0,7.49,14.387062209635584,SERPINF2
GO_Biological_Process_2023,Regulation Of Transforming Growth Factor Beta1 Production (GO:0032908),1/6,0.1464844387866909,0.3794984022549008,0,0,7.49,14.387062209635584,THBS1
GO_Biological_Process_2023,Cytolysis By Host Of Symbiont Cells (GO:0051838),1/6,0.1464844387866909,0.3794984022549008,0,0,7.49,14.387062209635584,NRG1
GO_Biological_Process_2023,Dendrite Arborization (GO:0140059),1/6,0.1464844387866909,0.3794984022549008,0,0,7.49,14.387062209635584,PTN
GO_Biological_Process_2023,Retinal Rod Cell Differentiation (GO:0060221),1/6,0.1464844387866909,0.3794984022549008,0,0,7.49,14.387062209635584,RORB
GO_Biological_Process_2023,Epithelial Cell Differentiation Involved In Kidney Development (GO:0035850),1/6,0.1464844387866909,0.3794984022549008,0,0,7.49,14.387062209635584,SALL1
GO_Biological_Process_2023,Spinal Cord Dorsal/Ventral Patterning (GO:0021513),1/6,0.1464844387866909,0.3794984022549008,0,0,7.49,14.387062209635584,CHRD
GO_Biological_Process_2023,Spontaneous Synaptic Transmission (GO:0098814),1/6,0.1464844387866909,0.3794984022549008,0,0,7.49,14.387062209635584,NSG1
GO_Biological_Process_2023,Excitatory Chemical Synaptic Transmission (GO:0098976),1/6,0.1464844387866909,0.3794984022549008,0,0,7.49,14.387062209635584,SHISA6
GO_Biological_Process_2023,"Synaptic Transmission, Dopaminergic (GO:0001963)",1/6,0.1464844387866909,0.3794984022549008,0,0,7.49,14.387062209635584,SNCA
GO_Biological_Process_2023,Toll-Like Receptor 3 Signaling Pathway (GO:0034138),1/6,0.1464844387866909,0.3794984022549008,0,0,7.49,14.387062209635584,SCARA3
GO_Biological_Process_2023,Ureter Development (GO:0072189),1/6,0.1464844387866909,0.3794984022549008,0,0,7.49,14.387062209635584,SOX17
GO_Biological_Process_2023,Heart Trabecula Formation (GO:0060347),1/6,0.1464844387866909,0.3794984022549008,0,0,7.49,14.387062209635584,TEK
GO_Biological_Process_2023,Hemostasis (GO:0007599),1/6,0.1464844387866909,0.3794984022549008,0,0,7.49,14.387062209635584,VWF
GO_Biological_Process_2023,Hypotonic Response (GO:0006971),1/6,0.1464844387866909,0.3794984022549008,0,0,7.49,14.387062209635584,MYLK
GO_Biological_Process_2023,Long-Chain Fatty Acid Catabolic Process (GO:0042758),1/6,0.1464844387866909,0.3794984022549008,0,0,7.49,14.387062209635584,GLYATL2
GO_Biological_Process_2023,Maintenance Of Protein Location In Extracellular Region (GO:0071694),1/6,0.1464844387866909,0.3794984022549008,0,0,7.49,14.387062209635584,FBN1
GO_Biological_Process_2023,Negative Regulation Of Blood Vessel Endothelial Cell Proliferation Involved In Sprouting Angiogenesis (GO:1903588),1/6,0.1464844387866909,0.3794984022549008,0,0,7.49,14.387062209635584,THBS1
GO_Biological_Process_2023,Negative Regulation Of Catecholamine Secretion (GO:0033604),1/6,0.1464844387866909,0.3794984022549008,0,0,7.49,14.387062209635584,ADRA2C
GO_Biological_Process_2023,Negative Regulation Of Dendritic Cell Apoptotic Process (GO:2000669),1/6,0.1464844387866909,0.3794984022549008,0,0,7.49,14.387062209635584,CXCL12
GO_Biological_Process_2023,Negative Regulation Of Digestive System Process (GO:0060457),1/6,0.1464844387866909,0.3794984022549008,0,0,7.49,14.387062209635584,PTGER3
GO_Biological_Process_2023,Negative Regulation Of Low-Density Lipoprotein Receptor Activity (GO:1905598),1/6,0.1464844387866909,0.3794984022549008,0,0,7.49,14.387062209635584,ITGB3
GO_Biological_Process_2023,Negative Regulation Of Lymphocyte Differentiation (GO:0045620),1/6,0.1464844387866909,0.3794984022549008,0,0,7.49,14.387062209635584,SFRP1
GO_Biological_Process_2023,Negative Regulation Of Membrane Protein Ectodomain Proteolysis (GO:0051045),1/6,0.1464844387866909,0.3794984022549008,0,0,7.49,14.387062209635584,TIMP3
GO_Biological_Process_2023,Negative Regulation Of miRNA Processing (GO:1903799),1/6,0.1464844387866909,0.3794984022549008,0,0,7.49,14.387062209635584,IL6
GO_Biological_Process_2023,Negative Regulation Of Neuron Projection Regeneration (GO:0070571),1/6,0.1464844387866909,0.3794984022549008,0,0,7.49,14.387062209635584,THY1
GO_Biological_Process_2023,Noradrenergic Neuron Differentiation (GO:0003357),1/6,0.1464844387866909,0.3794984022549008,0,0,7.49,14.387062209635584,HAND2
GO_Biological_Process_2023,Nose Development (GO:0043584),1/6,0.1464844387866909,0.3794984022549008,0,0,7.49,14.387062209635584,STRA6
GO_Biological_Process_2023,Pituitary Gland Development (GO:0021983),1/6,0.1464844387866909,0.3794984022549008,0,0,7.49,14.387062209635584,SALL1
GO_Biological_Process_2023,Polyamine Biosynthetic Process (GO:0006596),1/6,0.1464844387866909,0.3794984022549008,0,0,7.49,14.387062209635584,SMOX
GO_Biological_Process_2023,Positive Regulation Of ER-associated Ubiquitin-Dependent Protein Catabolic Process (GO:1903071),1/6,0.1464844387866909,0.3794984022549008,0,0,7.49,14.387062209635584,CAV1
GO_Biological_Process_2023,Positive Regulation Of RNA Binding (GO:1905216),1/6,0.1464844387866909,0.3794984022549008,0,0,7.49,14.387062209635584,LARP6
GO_Biological_Process_2023,Positive Regulation Of Cilium Movement (GO:0003353),1/6,0.1464844387866909,0.3794984022549008,0,0,7.49,14.387062209635584,TACR1
GO_Biological_Process_2023,Positive Regulation Of Cilium-Dependent Cell Motility (GO:2000155),1/6,0.1464844387866909,0.3794984022549008,0,0,7.49,14.387062209635584,TACR1
GO_Biological_Process_2023,Positive Regulation Of Fibroblast Apoptotic Process (GO:2000271),1/6,0.1464844387866909,0.3794984022549008,0,0,7.49,14.387062209635584,SFRP1
GO_Biological_Process_2023,Positive Regulation Of Flagellated Sperm Motility (GO:1902093),1/6,0.1464844387866909,0.3794984022549008,0,0,7.49,14.387062209635584,TACR1
GO_Biological_Process_2023,Positive Regulation Of Gastrulation (GO:2000543),1/6,0.1464844387866909,0.3794984022549008,0,0,7.49,14.387062209635584,TENM4
GO_Biological_Process_2023,Positive Regulation Of Gliogenesis (GO:0014015),1/6,0.1464844387866909,0.3794984022549008,0,0,7.49,14.387062209635584,IL6
GO_Biological_Process_2023,Positive Regulation Of Immune Response To Tumor Cell (GO:0002839),1/6,0.1464844387866909,0.3794984022549008,0,0,7.49,14.387062209635584,NRG1
GO_Biological_Process_2023,Positive Regulation Of mRNA Binding (GO:1902416),1/6,0.1464844387866909,0.3794984022549008,0,0,7.49,14.387062209635584,LARP6
GO_Biological_Process_2023,Positive Regulation Of Steroid Metabolic Process (GO:0045940),1/6,0.1464844387866909,0.3794984022549008,0,0,7.49,14.387062209635584,CES1
GO_Biological_Process_2023,Positive Regulation Of Trophoblast Cell Migration (GO:1901165),1/6,0.1464844387866909,0.3794984022549008,0,0,7.49,14.387062209635584,SYDE1
GO_Biological_Process_2023,Protein Localization To Basolateral Plasma Membrane (GO:1903361),1/6,0.1464844387866909,0.3794984022549008,0,0,7.49,14.387062209635584,CAV1
GO_Biological_Process_2023,Regulation Of Aldosterone Biosynthetic Process (GO:0032347),1/6,0.1464844387866909,0.3794984022549008,0,0,7.49,14.387062209635584,BMP6
GO_Biological_Process_2023,Regulation Of Atrial Cardiac Muscle Cell Membrane Depolarization (GO:0060371),1/6,0.1464844387866909,0.3794984022549008,0,0,7.49,14.387062209635584,SCN1B
GO_Biological_Process_2023,Regulation Of Bile Acid Metabolic Process (GO:1904251),1/6,0.1464844387866909,0.3794984022549008,0,0,7.49,14.387062209635584,CES1
GO_Biological_Process_2023,Regulation Of Cell Adhesion Molecule Production (GO:0060353),1/6,0.1464844387866909,0.3794984022549008,0,0,7.49,14.387062209635584,CAV1
GO_Biological_Process_2023,SMAD Protein Signal Transduction (GO:0060395),3/51,0.1471994461631786,0.3796708181874056,0,0,2.3444739382239383,4.491934311564137,ATOH8;INHBB;BMP6
GO_Biological_Process_2023,Regulation Of Release Of Sequestered Calcium Ion Into Cytosol (GO:0051279),3/51,0.1471994461631786,0.3796708181874056,0,0,2.3444739382239383,4.491934311564137,JSRP1;THY1;SNCA
GO_Biological_Process_2023,Regulation Of Synapse Assembly (GO:0051963),3/51,0.1471994461631786,0.3796708181874056,0,0,2.3444739382239383,4.491934311564137,SLITRK4;MDGA1;SNCA
GO_Biological_Process_2023,Sensory Perception (GO:0007600),3/51,0.1471994461631786,0.3796708181874056,0,0,2.3444739382239383,4.491934311564137,PENK;PNOC;TMEM150C
GO_Biological_Process_2023,Protein-Containing Complex Assembly (GO:0065003),12/328,0.1505575079383453,0.3879050424550107,0,0,1.4296834199597126,2.706977106119207,CXCL12;MZB1;NRG1;NSG1;FMOD;PPARGC1A;CLU;COX7A1;FERMT2;WASF3;JCHAIN;SNCA
GO_Biological_Process_2023,Positive Regulation Of Protein Modification By Small Protein Conjugation Or Removal (GO:1903322),4/79,0.1507916586267007,0.3880813895645418,0,0,2.0017021276595743,3.786932458831696,CAV1;FAM107A;PRICKLE1;SEPTIN4
GO_Biological_Process_2023,Rho Protein Signal Transduction (GO:0007266),3/52,0.1533838997134362,0.3889314212546932,0,0,2.296509337325664,4.305521775116821,COL1A2;PDPN;CDH13
GO_Biological_Process_2023,Arachidonic Acid Metabolic Process (GO:0019369),3/52,0.1533838997134362,0.3889314212546932,0,0,2.296509337325664,4.305521775116821,PTGIS;PTGDS;ALOX15B
GO_Biological_Process_2023,Negative Regulation Of Response To Stimulus (GO:0048585),3/52,0.1533838997134362,0.3889314212546932,0,0,2.296509337325664,4.305521775116821,COL3A1;THY1;CLU
GO_Biological_Process_2023,Regulation Of Extrinsic Apoptotic Signaling Pathway In Absence Of Ligand (GO:2001239),2/27,0.155492497348592,0.3889314212546932,0,0,2.99868978805395,5.58103488008764,EYA4;HSPA1B
GO_Biological_Process_2023,Regulation Of Immunoglobulin Production (GO:0002637),2/27,0.155492497348592,0.3889314212546932,0,0,2.99868978805395,5.58103488008764,IL6;MZB1
GO_Biological_Process_2023,Regulation Of Mitochondrial Fission (GO:0090140),2/27,0.155492497348592,0.3889314212546932,0,0,2.99868978805395,5.58103488008764,KDR;DCN
GO_Biological_Process_2023,Cell Surface Receptor Signaling Pathway Involved In Cell-Cell Signaling (GO:1905114),2/27,0.155492497348592,0.3889314212546932,0,0,2.99868978805395,5.58103488008764,FZD4;FERMT2
GO_Biological_Process_2023,Regulation Of Transcription Regulatory Region DNA Binding (GO:2000677),2/27,0.155492497348592,0.3889314212546932,0,0,2.99868978805395,5.58103488008764,HAND2;TWIST1
GO_Biological_Process_2023,Chaperone Cofactor-Dependent Protein Refolding (GO:0051085),2/27,0.155492497348592,0.3889314212546932,0,0,2.99868978805395,5.58103488008764,HSPA2;HSPA1B
GO_Biological_Process_2023,Negative Regulation Of Notch Signaling Pathway (GO:0045746),2/27,0.155492497348592,0.3889314212546932,0,0,2.99868978805395,5.58103488008764,EGFL7;GATA2
GO_Biological_Process_2023,Peptide Cross-Linking (GO:0018149),2/27,0.155492497348592,0.3889314212546932,0,0,2.99868978805395,5.58103488008764,COL3A1;THBS1
GO_Biological_Process_2023,Positive Regulation Of Filopodium Assembly (GO:0051491),2/27,0.155492497348592,0.3889314212546932,0,0,2.99868978805395,5.58103488008764,TENM2;PALM
GO_Biological_Process_2023,Positive Regulation Of Nitric Oxide Biosynthetic Process (GO:0045429),2/27,0.155492497348592,0.3889314212546932,0,0,2.99868978805395,5.58103488008764,HBB;CLU
GO_Biological_Process_2023,Positive Regulation Of Response To Wounding (GO:1903036),2/27,0.155492497348592,0.3889314212546932,0,0,2.99868978805395,5.58103488008764,PTN;MYLK
GO_Biological_Process_2023,Regulation Of SMAD Protein Signal Transduction (GO:0060390),2/27,0.155492497348592,0.3889314212546932,0,0,2.99868978805395,5.58103488008764,CILP;BMP6
GO_Biological_Process_2023,Regulation Of Proteasomal Ubiquitin-Dependent Protein Catabolic Process (GO:0032434),5/109,0.1555549331006314,0.3889314212546932,0,0,1.805213923673226,3.3590632575369166,SH3RF3;RNF180;PRICKLE1;CLU;HSPA1B
GO_Biological_Process_2023,Negative Regulation Of Developmental Process (GO:0051093),5/109,0.1555549331006314,0.3889314212546932,0,0,1.805213923673226,3.3590632575369166,SFRP1;THY1;DLL1;LOXL2;TBX2
GO_Biological_Process_2023,Regulation Of Cyclin-Dependent Protein Kinase Activity (GO:1904029),3/53,0.1596487129596739,0.3889314212546932,0,0,2.2504633204633206,4.129103789205752,DIRAS3;CCNA1;CCND1
GO_Biological_Process_2023,Negative Regulation Of Metabolic Process (GO:0009892),3/53,0.1596487129596739,0.3889314212546932,0,0,2.2504633204633206,4.129103789205752,ADAMTS5;NOVA1;NPR3
GO_Biological_Process_2023,Positive Regulation Of Chemokine Production (GO:0032722),3/53,0.1596487129596739,0.3889314212546932,0,0,2.2504633204633206,4.129103789205752,IL6;TWIST1;ALOX15B
GO_Biological_Process_2023,Response To Lipid (GO:0033993),5/110,0.15973152467929,0.3889314212546932,0,0,1.7879291251384275,3.279528385860601,CYP24A1;SLPI;GPX3;S100A7;SNCA
GO_Biological_Process_2023,Regulation Of Transforming Growth Factor Beta Receptor Signaling Pathway (GO:0017015),5/111,0.1639532828584538,0.3889314212546932,0,0,1.7709704548778704,3.202222292710992,TNXB;CILP;CAV1;THBS1;ASPN
GO_Biological_Process_2023,Cytoskeleton Organization (GO:0007010),5/111,0.1639532828584538,0.3889314212546932,0,0,1.7709704548778704,3.202222292710992,KRT13;THY1;WTIP;OBSL1;WASF3
GO_Biological_Process_2023,Negative Regulation Of Transmembrane Receptor Protein Serine/Threonine Kinase Signaling Pathway (GO:0090101),5/111,0.1639532828584538,0.3889314212546932,0,0,1.7709704548778704,3.202222292710992,CILP;CAV1;CHRD;DKK1;ASPN
GO_Biological_Process_2023,Apoptotic Cell Clearance (GO:0043277),2/28,0.1647194881119896,0.3889314212546932,0,0,2.883207351415444,5.199897107408015,ITGB3;THBS1
GO_Biological_Process_2023,Regulation Of Sodium Ion Transmembrane Transport (GO:1902305),2/28,0.1647194881119896,0.3889314212546932,0,0,2.883207351415444,5.199897107408015,BPIFA1;SCN1B
GO_Biological_Process_2023,Diterpenoid Metabolic Process (GO:0016101),2/28,0.1647194881119896,0.3889314212546932,0,0,2.883207351415444,5.199897107408015,AKR1B10;RDH12
GO_Biological_Process_2023,Establishment Of Endothelial Barrier (GO:0061028),2/28,0.1647194881119896,0.3889314212546932,0,0,2.883207351415444,5.199897107408015,ROBO4;SOX18
GO_Biological_Process_2023,Fatty Acid Derivative Biosynthetic Process (GO:1901570),2/28,0.1647194881119896,0.3889314212546932,0,0,2.883207351415444,5.199897107408015,GGT5;PPT2
GO_Biological_Process_2023,Limb Development (GO:0060173),2/28,0.1647194881119896,0.3889314212546932,0,0,2.883207351415444,5.199897107408015,SALL1;DKK1
GO_Biological_Process_2023,Mucosal Immune Response (GO:0002385),2/28,0.1647194881119896,0.3889314212546932,0,0,2.883207351415444,5.199897107408015,BPIFB1;LTF
GO_Biological_Process_2023,Positive Regulation Of Fibroblast Proliferation (GO:0048146),2/28,0.1647194881119896,0.3889314212546932,0,0,2.883207351415444,5.199897107408015,PDGFRA;DDR2
GO_Biological_Process_2023,Positive Regulation Of Nitric Oxide Metabolic Process (GO:1904407),2/28,0.1647194881119896,0.3889314212546932,0,0,2.883207351415444,5.199897107408015,HBB;CLU
GO_Biological_Process_2023,"Regulation Of DNA Damage Response, Signal Transduction By P53 Class Mediator (GO:0043516)",2/28,0.1647194881119896,0.3889314212546932,0,0,2.883207351415444,5.199897107408015,TWIST1;MSX1
GO_Biological_Process_2023,Regulation Of Bone Resorption (GO:0045124),2/28,0.1647194881119896,0.3889314212546932,0,0,2.883207351415444,5.199897107408015,IL6;ITGB3
GO_Biological_Process_2023,Cellular Response To Organic Substance (GO:0071310),4/82,0.1656647025090564,0.3889314212546932,0,0,1.9244160095223928,3.459694698695154,CSF3;RAMP3;IGFBP5;RAMP1
GO_Biological_Process_2023,Positive Regulation Of Tumor Necrosis Factor Superfamily Cytokine Production (GO:1903557),4/82,0.1656647025090564,0.3889314212546932,0,0,1.9244160095223928,3.459694698695154,IL6;TWIST1;CLU;THBS1
GO_Biological_Process_2023,Regulation Of Myoblast Differentiation (GO:0045661),3/54,0.1659901356352369,0.3889314212546932,0,0,2.206223029752441,3.961994700136047,BOC;DLL1;TBX3
GO_Biological_Process_2023,Negative Regulation Of Neuron Projection Development (GO:0010977),3/54,0.1659901356352369,0.3889314212546932,0,0,2.206223029752441,3.961994700136047,MAG;SPOCK1;THY1
GO_Biological_Process_2023,Regulation Of Chaperone-Mediated Autophagy (GO:1904714),1/7,0.1687251596903366,0.3889314212546932,0,0,6.241346153846154,11.106376629703425,SNCA
GO_Biological_Process_2023,Regulation Of Dopamine Receptor Signaling Pathway (GO:0060159),1/7,0.1687251596903366,0.3889314212546932,0,0,6.241346153846154,11.106376629703425,PALM
GO_Biological_Process_2023,Regulation Of Dopamine Uptake Involved In Synaptic Transmission (GO:0051584),1/7,0.1687251596903366,0.3889314212546932,0,0,6.241346153846154,11.106376629703425,SNCA
GO_Biological_Process_2023,Regulation Of Extent Of Cell Growth (GO:0061387),1/7,0.1687251596903366,0.3889314212546932,0,0,6.241346153846154,11.106376629703425,NRCAM
GO_Biological_Process_2023,T-helper 17 Cell Lineage Commitment (GO:0072540),1/7,0.1687251596903366,0.3889314212546932,0,0,6.241346153846154,11.106376629703425,IL6
GO_Biological_Process_2023,Regulation Of Lipase Activity (GO:0060191),1/7,0.1687251596903366,0.3889314212546932,0,0,6.241346153846154,11.106376629703425,SNCA
GO_Biological_Process_2023,Regulation Of Lipoprotein Metabolic Process (GO:0050746),1/7,0.1687251596903366,0.3889314212546932,0,0,6.241346153846154,11.106376629703425,ITGB3
GO_Biological_Process_2023,Amine Transport (GO:0015837),1/7,0.1687251596903366,0.3889314212546932,0,0,6.241346153846154,11.106376629703425,RHCG
GO_Biological_Process_2023,Atrial Cardiac Muscle Cell To AV Node Cell Signaling (GO:0086026),1/7,0.1687251596903366,0.3889314212546932,0,0,6.241346153846154,11.106376629703425,GJA1
GO_Biological_Process_2023,Regulation Of Protein Glycosylation (GO:0060049),1/7,0.1687251596903366,0.3889314212546932,0,0,6.241346153846154,11.106376629703425,RAMP1
GO_Biological_Process_2023,Catecholamine Catabolic Process (GO:0042424),1/7,0.1687251596903366,0.3889314212546932,0,0,6.241346153846154,11.106376629703425,MOXD1
GO_Biological_Process_2023,Cell Migration Involved In Heart Development (GO:0060973),1/7,0.1687251596903366,0.3889314212546932,0,0,6.241346153846154,11.106376629703425,PDGFRB
GO_Biological_Process_2023,Cellular Biogenic Amine Catabolic Process (GO:0042402),1/7,0.1687251596903366,0.3889314212546932,0,0,6.241346153846154,11.106376629703425,SMOX
GO_Biological_Process_2023,Regulation Of Stem Cell Division (GO:2000035),1/7,0.1687251596903366,0.3889314212546932,0,0,6.241346153846154,11.106376629703425,SFRP2
GO_Biological_Process_2023,Cellular Response To Epinephrine Stimulus (GO:0071872),1/7,0.1687251596903366,0.3889314212546932,0,0,6.241346153846154,11.106376629703425,SNCA
GO_Biological_Process_2023,Regulation Of Vascular Wound Healing (GO:0061043),1/7,0.1687251596903366,0.3889314212546932,0,0,6.241346153846154,11.106376629703425,SMOC2
GO_Biological_Process_2023,"Regulation Of Wound Healing, Spreading Of Epidermal Cells (GO:1903689)",1/7,0.1687251596903366,0.3889314212546932,0,0,6.241346153846154,11.106376629703425,FERMT2
GO_Biological_Process_2023,Response To Auditory Stimulus (GO:0010996),1/7,0.1687251596903366,0.3889314212546932,0,0,6.241346153846154,11.106376629703425,PTN
GO_Biological_Process_2023,Response To Epinephrine (GO:0071871),1/7,0.1687251596903366,0.3889314212546932,0,0,6.241346153846154,11.106376629703425,SNCA
GO_Biological_Process_2023,Response To Hydroperoxide (GO:0033194),1/7,0.1687251596903366,0.3889314212546932,0,0,6.241346153846154,11.106376629703425,GPX3
GO_Biological_Process_2023,Dermatan Sulfate Proteoglycan Biosynthetic Process (GO:0050651),1/7,0.1687251596903366,0.3889314212546932,0,0,6.241346153846154,11.106376629703425,DSEL
GO_Biological_Process_2023,Dopamine Catabolic Process (GO:0042420),1/7,0.1687251596903366,0.3889314212546932,0,0,6.241346153846154,11.106376629703425,MOXD1
GO_Biological_Process_2023,Dopamine Uptake (GO:0090494),1/7,0.1687251596903366,0.3889314212546932,0,0,6.241346153846154,11.106376629703425,SNCA
GO_Biological_Process_2023,Sinoatrial Node Development (GO:0003163),1/7,0.1687251596903366,0.3889314212546932,0,0,6.241346153846154,11.106376629703425,GJB6
GO_Biological_Process_2023,"Endonucleolytic Cleavage In ITS1 To Separate SSU-rRNA From 5.8S rRNA And LSU-rRNA From Tricistronic rRNA Transcript (SSU-rRNA, 5.8S rRNA, LSU-rRNA) (GO:0000447)",1/7,0.1687251596903366,0.3889314212546932,0,0,6.241346153846154,11.106376629703425,LTB4R2
GO_Biological_Process_2023,Sodium-Dependent Phosphate Transport (GO:0044341),1/7,0.1687251596903366,0.3889314212546932,0,0,6.241346153846154,11.106376629703425,SLC34A2
GO_Biological_Process_2023,Tooth Mineralization (GO:0034505),1/7,0.1687251596903366,0.3889314212546932,0,0,6.241346153846154,11.106376629703425,FAM20A
GO_Biological_Process_2023,Glutathione Catabolic Process (GO:0006751),1/7,0.1687251596903366,0.3889314212546932,0,0,6.241346153846154,11.106376629703425,GGT5
GO_Biological_Process_2023,Venous Blood Vessel Development (GO:0060841),1/7,0.1687251596903366,0.3889314212546932,0,0,6.241346153846154,11.106376629703425,ACVRL1
GO_Biological_Process_2023,Ventricular Cardiac Muscle Cell Membrane Repolarization (GO:0099625),1/7,0.1687251596903366,0.3889314212546932,0,0,6.241346153846154,11.106376629703425,KCNJ8
GO_Biological_Process_2023,Ventricular Trabecula Myocardium Morphogenesis (GO:0003222),1/7,0.1687251596903366,0.3889314212546932,0,0,6.241346153846154,11.106376629703425,NRG1
GO_Biological_Process_2023,Hepoxilin Biosynthetic Process (GO:0051122),1/7,0.1687251596903366,0.3889314212546932,0,0,6.241346153846154,11.106376629703425,ALOX15B
GO_Biological_Process_2023,Hepoxilin Metabolic Process (GO:0051121),1/7,0.1687251596903366,0.3889314212546932,0,0,6.241346153846154,11.106376629703425,ALOX15B
GO_Biological_Process_2023,Intermediate Filament Bundle Assembly (GO:0045110),1/7,0.1687251596903366,0.3889314212546932,0,0,6.241346153846154,11.106376629703425,KRT14
GO_Biological_Process_2023,Kidney Epithelium Development (GO:0072073),1/7,0.1687251596903366,0.3889314212546932,0,0,6.241346153846154,11.106376629703425,SALL1
GO_Biological_Process_2023,Leukocyte Aggregation (GO:0070486),1/7,0.1687251596903366,0.3889314212546932,0,0,6.241346153846154,11.106376629703425,JAM2
GO_Biological_Process_2023,Monosaccharide Biosynthetic Process (GO:0046364),1/7,0.1687251596903366,0.3889314212546932,0,0,6.241346153846154,11.106376629703425,DSEL
GO_Biological_Process_2023,Myeloid Leukocyte Mediated Immunity (GO:0002444),1/7,0.1687251596903366,0.3889314212546932,0,0,6.241346153846154,11.106376629703425,IL6
GO_Biological_Process_2023,"Negative Regulation Of CD8-positive, Alpha-Beta T Cell Activation (GO:2001186)",1/7,0.1687251596903366,0.3889314212546932,0,0,6.241346153846154,11.106376629703425,DAPL1
GO_Biological_Process_2023,Negative Regulation Of SMAD Protein Signal Transduction (GO:0060392),1/7,0.1687251596903366,0.3889314212546932,0,0,6.241346153846154,11.106376629703425,CILP
GO_Biological_Process_2023,Negative Regulation Of T Cell Apoptotic Process (GO:0070233),1/7,0.1687251596903366,0.3889314212546932,0,0,6.241346153846154,11.106376629703425,PIP
GO_Biological_Process_2023,Negative Regulation Of cAMP-dependent Protein Kinase Activity (GO:2000480),1/7,0.1687251596903366,0.3889314212546932,0,0,6.241346153846154,11.106376629703425,PKIG
GO_Biological_Process_2023,Negative Regulation Of Cell Cycle G2/M Phase Transition (GO:1902750),1/7,0.1687251596903366,0.3889314212546932,0,0,6.241346153846154,11.106376629703425,FHL1
GO_Biological_Process_2023,"Negative Regulation Of Complement Activation, Classical Pathway (GO:0045959)",1/7,0.1687251596903366,0.3889314212546932,0,0,6.241346153846154,11.106376629703425,SVEP1
GO_Biological_Process_2023,Negative Regulation Of Glial Cell Apoptotic Process (GO:0034351),1/7,0.1687251596903366,0.3889314212546932,0,0,6.241346153846154,11.106376629703425,DLL1
GO_Biological_Process_2023,Negative Regulation Of Intracellular Transport (GO:0032387),1/7,0.1687251596903366,0.3889314212546932,0,0,6.241346153846154,11.106376629703425,CRYAB
GO_Biological_Process_2023,Negative Regulation Of Leukocyte Proliferation (GO:0070664),1/7,0.1687251596903366,0.3889314212546932,0,0,6.241346153846154,11.106376629703425,ENPP3
GO_Biological_Process_2023,Negative Regulation Of Monooxygenase Activity (GO:0032769),1/7,0.1687251596903366,0.3889314212546932,0,0,6.241346153846154,11.106376629703425,SNCA
GO_Biological_Process_2023,Negative Regulation Of Osteoblast Proliferation (GO:0033689),1/7,0.1687251596903366,0.3889314212546932,0,0,6.241346153846154,11.106376629703425,SFRP1
GO_Biological_Process_2023,Negative Regulation Of Peptidyl-Lysine Acetylation (GO:2000757),1/7,0.1687251596903366,0.3889314212546932,0,0,6.241346153846154,11.106376629703425,TWIST1
GO_Biological_Process_2023,Negative Regulation Of Striated Muscle Cell Apoptotic Process (GO:0010664),1/7,0.1687251596903366,0.3889314212546932,0,0,6.241346153846154,11.106376629703425,HAND2
GO_Biological_Process_2023,Neuron Fate Specification (GO:0048665),1/7,0.1687251596903366,0.3889314212546932,0,0,6.241346153846154,11.106376629703425,DLL1
GO_Biological_Process_2023,Neuron Projection Arborization (GO:0140058),1/7,0.1687251596903366,0.3889314212546932,0,0,6.241346153846154,11.106376629703425,PTN
GO_Biological_Process_2023,Osteoblast Development (GO:0002076),1/7,0.1687251596903366,0.3889314212546932,0,0,6.241346153846154,11.106376629703425,PTHLH
GO_Biological_Process_2023,Peptidyl-Lysine Hydroxylation (GO:0017185),1/7,0.1687251596903366,0.3889314212546932,0,0,6.241346153846154,11.106376629703425,P3H3
GO_Biological_Process_2023,Positive Regulation Of Arp2/3 Complex-Mediated Actin Nucleation (GO:2000601),1/7,0.1687251596903366,0.3889314212546932,0,0,6.241346153846154,11.106376629703425,WASF3
GO_Biological_Process_2023,Positive Regulation Of T-helper 2 Cell Cytokine Production (GO:2000553),1/7,0.1687251596903366,0.3889314212546932,0,0,6.241346153846154,11.106376629703425,IL6
GO_Biological_Process_2023,Positive Regulation Of Apoptotic Cell Clearance (GO:2000427),1/7,0.1687251596903366,0.3889314212546932,0,0,6.241346153846154,11.106376629703425,C3
GO_Biological_Process_2023,Positive Regulation Of Cell Migration By Vascular Endothelial Growth Factor Signaling Pathway (GO:0038089),1/7,0.1687251596903366,0.3889314212546932,0,0,6.241346153846154,11.106376629703425,KDR
GO_Biological_Process_2023,Positive Regulation Of Epithelial Tube Formation (GO:1905278),1/7,0.1687251596903366,0.3889314212546932,0,0,6.241346153846154,11.106376629703425,FGF2
GO_Biological_Process_2023,Positive Regulation Of Execution Phase Of Apoptosis (GO:1900119),1/7,0.1687251596903366,0.3889314212546932,0,0,6.241346153846154,11.106376629703425,PTGIS
GO_Biological_Process_2023,Positive Regulation Of Microtubule Nucleation (GO:0090063),1/7,0.1687251596903366,0.3889314212546932,0,0,6.241346153846154,11.106376629703425,HSPA1B
GO_Biological_Process_2023,Positive Regulation Of Neuron Projection Arborization (GO:0150012),1/7,0.1687251596903366,0.3889314212546932,0,0,6.241346153846154,11.106376629703425,FZD4
GO_Biological_Process_2023,Positive Regulation Of Vascular Associated Smooth Muscle Cell Migration (GO:1904754),1/7,0.1687251596903366,0.3889314212546932,0,0,6.241346153846154,11.106376629703425,IGFBP5
GO_Biological_Process_2023,Postsynaptic Membrane Assembly (GO:0097104),1/7,0.1687251596903366,0.3889314212546932,0,0,6.241346153846154,11.106376629703425,NRXN2
GO_Biological_Process_2023,Regulation Of Apoptotic Cell Clearance (GO:2000425),1/7,0.1687251596903366,0.3889314212546932,0,0,6.241346153846154,11.106376629703425,C3
GO_Biological_Process_2023,Regulation Of Cardiac Muscle Cell Action Potential Involved In Regulation Of Contraction (GO:0098909),1/7,0.1687251596903366,0.3889314212546932,0,0,6.241346153846154,11.106376629703425,CAV1
GO_Biological_Process_2023,Vascular Transport (GO:0010232),4/83,0.1707353475969396,0.3931781554297271,0,0,1.8999583772004995,3.3584435587003254,KCNJ8;ABCC9;SLC7A2;SLC5A5
GO_Biological_Process_2023,Regulation Of Protein Ubiquitination (GO:0031396),5/113,0.1725284150754477,0.3969170413621793,0,0,1.737995262704565,3.053993684936399,CAV1;FAM107A;PRICKLE1;SEPTIN4;HSPA1B
GO_Biological_Process_2023,Regulation Of Developmental Growth (GO:0048638),2/29,0.1740395629713169,0.3984366143488019,0,0,2.7762791693427533,4.854248146983421,NRCAM;DLL1
GO_Biological_Process_2023,Regulation Of Monoatomic Ion Transmembrane Transport (GO:0034765),2/29,0.1740395629713169,0.3984366143488019,0,0,2.7762791693427533,4.854248146983421,KCNJ8;KCNJ12
GO_Biological_Process_2023,Chondrocyte Differentiation (GO:0002062),2/29,0.1740395629713169,0.3984366143488019,0,0,2.7762791693427533,4.854248146983421,SULF1;SOX5
GO_Biological_Process_2023,Heterotypic Cell-Cell Adhesion (GO:0034113),2/29,0.1740395629713169,0.3984366143488019,0,0,2.7762791693427533,4.854248146983421,ITGB3;JAM3
GO_Biological_Process_2023,Morphogenesis Of An Epithelium (GO:0002009),2/29,0.1740395629713169,0.3984366143488019,0,0,2.7762791693427533,4.854248146983421,TNC;KRT6A
GO_Biological_Process_2023,Positive Regulation Of Protein Ubiquitination (GO:0031398),4/84,0.1758595837864212,0.4022101027615219,0,0,1.8761121856866536,3.260813221745655,CAV1;FAM107A;PRICKLE1;SEPTIN4
GO_Biological_Process_2023,Regulation Of MAP Kinase Activity (GO:0043405),5/114,0.1768798134966581,0.4041488031309008,0,0,1.721961453666169,2.982927646929637,PDGFRB;EDN3;DIRAS2;FGF2;THBS1
GO_Biological_Process_2023,Positive Regulation Of Protein Kinase Activity (GO:0045860),6/145,0.1780355781815445,0.4063931034124535,0,0,1.621009988126004,2.7974934405044727,ITGB3;CLU;DKK1;DDR2;LTF;SNCA
GO_Biological_Process_2023,Cellular Response To Peptide (GO:1901653),3/56,0.1788879143649198,0.4079410861174705,0,0,2.122750783128142,3.653245279865701,GJA1;CAV1;LDOC1
GO_Biological_Process_2023,Response To Interleukin-1 (GO:0070555),4/85,0.1810356597910403,0.4086960029751364,0,0,1.8528547890250016,3.1666423249516105,SFRP1;PTGIS;IL1R1;SNCA
GO_Biological_Process_2023,Transport Across Blood-Brain Barrier (GO:0150104),4/85,0.1810356597910403,0.4086960029751364,0,0,1.8528547890250016,3.1666423249516105,KCNJ8;ABCC9;SLC7A2;SLC5A5
GO_Biological_Process_2023,Positive Regulation Of Canonical Wnt Signaling Pathway (GO:0090263),4/85,0.1810356597910403,0.4086960029751364,0,0,1.8528547890250016,3.1666423249516105,SFRP4;SFRP1;SFRP2;CAV1
GO_Biological_Process_2023,Regulation Of Potassium Ion Transport (GO:0043266),2/30,0.1834416406409888,0.4086960029751364,0,0,2.6769887145609688,4.539794592623619,DPP6;FHL1
GO_Biological_Process_2023,Negative Regulation Of Axon Extension (GO:0030517),2/30,0.1834416406409888,0.4086960029751364,0,0,2.6769887145609688,4.539794592623619,MAG;SEMA3B
GO_Biological_Process_2023,Negative Regulation Of Epithelial To Mesenchymal Transition (GO:0010719),2/30,0.1834416406409888,0.4086960029751364,0,0,2.6769887145609688,4.539794592623619,SFRP1;SFRP2
GO_Biological_Process_2023,Positive Regulation Of Cell Communication (GO:0010647),2/30,0.1834416406409888,0.4086960029751364,0,0,2.6769887145609688,4.539794592623619,TNXB;EDN3
GO_Biological_Process_2023,Monoatomic Anion Transport (GO:0006820),3/57,0.1854368895991085,0.4086960029751364,0,0,2.083333333333333,3.5105014012841966,SLC5A8;SLC26A4;SLC5A5
GO_Biological_Process_2023,"Regulation Of Complement Activation, Classical Pathway (GO:0030450)",1/8,0.1903874206856848,0.4086960029751364,0,0,5.349450549450549,8.873102742041626,SVEP1
GO_Biological_Process_2023,Regulation Of Dendritic Cell Antigen Processing And Presentation (GO:0002604),1/8,0.1903874206856848,0.4086960029751364,0,0,5.349450549450549,8.873102742041626,THBS1
GO_Biological_Process_2023,Regulation Of Endothelial Cell Differentiation (GO:0045601),1/8,0.1903874206856848,0.4086960029751364,0,0,5.349450549450549,8.873102742041626,ATOH8
GO_Biological_Process_2023,Regulation Of Fibroblast Apoptotic Process (GO:2000269),1/8,0.1903874206856848,0.4086960029751364,0,0,5.349450549450549,8.873102742041626,SFRP1
GO_Biological_Process_2023,Regulation Of Gap Junction Assembly (GO:1903596),1/8,0.1903874206856848,0.4086960029751364,0,0,5.349450549450549,8.873102742041626,CAV1
GO_Biological_Process_2023,Regulation Of Glial Cell Proliferation (GO:0060251),1/8,0.1903874206856848,0.4086960029751364,0,0,5.349450549450549,8.873102742041626,IL6
GO_Biological_Process_2023,T-helper 17 Cell Differentiation (GO:0072539),1/8,0.1903874206856848,0.4086960029751364,0,0,5.349450549450549,8.873102742041626,IL6
GO_Biological_Process_2023,UDP-N-acetylglucosamine Biosynthetic Process (GO:0006048),1/8,0.1903874206856848,0.4086960029751364,0,0,5.349450549450549,8.873102742041626,GFPT2
GO_Biological_Process_2023,Regulation Of Intrinsic Apoptotic Signaling Pathway By P53 Class Mediator (GO:1902253),1/8,0.1903874206856848,0.4086960029751364,0,0,5.349450549450549,8.873102742041626,MSX1
GO_Biological_Process_2023,Adult Heart Development (GO:0007512),1/8,0.1903874206856848,0.4086960029751364,0,0,5.349450549450549,8.873102742041626,HAND2
GO_Biological_Process_2023,Angiotensin Maturation (GO:0002003),1/8,0.1903874206856848,0.4086960029751364,0,0,5.349450549450549,8.873102742041626,CPA3
GO_Biological_Process_2023,Regulation Of Morphogenesis Of An Epithelium (GO:1905330),1/8,0.1903874206856848,0.4086960029751364,0,0,5.349450549450549,8.873102742041626,GJA1
GO_Biological_Process_2023,Regulation Of Nephron Tubule Epithelial Cell Differentiation (GO:0072182),1/8,0.1903874206856848,0.4086960029751364,0,0,5.349450549450549,8.873102742041626,PROM1
GO_Biological_Process_2023,Regulation Of Neutrophil Migration (GO:1902622),1/8,0.1903874206856848,0.4086960029751364,0,0,5.349450549450549,8.873102742041626,JAM3
GO_Biological_Process_2023,Regulation Of Pinocytosis (GO:0048548),1/8,0.1903874206856848,0.4086960029751364,0,0,5.349450549450549,8.873102742041626,CAV1
GO_Biological_Process_2023,Brown Fat Cell Differentiation (GO:0050873),1/8,0.1903874206856848,0.4086960029751364,0,0,5.349450549450549,8.873102742041626,PPARGC1A
GO_Biological_Process_2023,Cardioblast Differentiation (GO:0010002),1/8,0.1903874206856848,0.4086960029751364,0,0,5.349450549450549,8.873102742041626,NRG1
GO_Biological_Process_2023,Cellular Response To Muramyl Dipeptide (GO:0071225),1/8,0.1903874206856848,0.4086960029751364,0,0,5.349450549450549,8.873102742041626,LDOC1
GO_Biological_Process_2023,Regulation Of Tumor Necrosis Factor Superfamily Cytokine Production (GO:1903555),1/8,0.1903874206856848,0.4086960029751364,0,0,5.349450549450549,8.873102742041626,LTF
GO_Biological_Process_2023,Regulation Of Urine Volume (GO:0035809),1/8,0.1903874206856848,0.4086960029751364,0,0,5.349450549450549,8.873102742041626,NPR3
GO_Biological_Process_2023,Cobalamin Transport (GO:0015889),1/8,0.1903874206856848,0.4086960029751364,0,0,5.349450549450549,8.873102742041626,TCN1
GO_Biological_Process_2023,Collagen-Activated Signaling Pathway (GO:0038065),1/8,0.1903874206856848,0.4086960029751364,0,0,5.349450549450549,8.873102742041626,DDR2
GO_Biological_Process_2023,"Complement Activation, Lectin Pathway (GO:0001867)",1/8,0.1903874206856848,0.4086960029751364,0,0,5.349450549450549,8.873102742041626,MASP1
GO_Biological_Process_2023,Response To Misfolded Protein (GO:0051788),1/8,0.1903874206856848,0.4086960029751364,0,0,5.349450549450549,8.873102742041626,CLU
GO_Biological_Process_2023,Response To Vitamin (GO:0033273),1/8,0.1903874206856848,0.4086960029751364,0,0,5.349450549450549,8.873102742041626,CYP24A1
GO_Biological_Process_2023,Selenocysteine Incorporation (GO:0001514),1/8,0.1903874206856848,0.4086960029751364,0,0,5.349450549450549,8.873102742041626,DIO2
GO_Biological_Process_2023,Embryonic Digestive Tract Morphogenesis (GO:0048557),1/8,0.1903874206856848,0.4086960029751364,0,0,5.349450549450549,8.873102742041626,PDGFRA
GO_Biological_Process_2023,Embryonic Forelimb Morphogenesis (GO:0035115),1/8,0.1903874206856848,0.4086960029751364,0,0,5.349450549450549,8.873102742041626,TBX3
GO_Biological_Process_2023,Endochondral Ossification (GO:0001958),1/8,0.1903874206856848,0.4086960029751364,0,0,5.349450549450549,8.873102742041626,DLX5
GO_Biological_Process_2023,Skin Morphogenesis (GO:0043589),1/8,0.1903874206856848,0.4086960029751364,0,0,5.349450549450549,8.873102742041626,COL1A2
GO_Biological_Process_2023,Somite Development (GO:0061053),1/8,0.1903874206856848,0.4086960029751364,0,0,5.349450549450549,8.873102742041626,SFRP2
GO_Biological_Process_2023,Translational Readthrough (GO:0006451),1/8,0.1903874206856848,0.4086960029751364,0,0,5.349450549450549,8.873102742041626,DIO2
GO_Biological_Process_2023,Unsaturated Fatty Acid Biosynthetic Process (GO:0006636),1/8,0.1903874206856848,0.4086960029751364,0,0,5.349450549450549,8.873102742041626,ALOX15B
GO_Biological_Process_2023,Vascular Associated Smooth Muscle Cell Differentiation (GO:0035886),1/8,0.1903874206856848,0.4086960029751364,0,0,5.349450549450549,8.873102742041626,EFEMP2
GO_Biological_Process_2023,Hyaluronan Catabolic Process (GO:0030214),1/8,0.1903874206856848,0.4086960029751364,0,0,5.349450549450549,8.873102742041626,FGF2
GO_Biological_Process_2023,Negative Regulation Of cAMP-mediated Signaling (GO:0043951),1/8,0.1903874206856848,0.4086960029751364,0,0,5.349450549450549,8.873102742041626,PDE3A
GO_Biological_Process_2023,Negative Regulation Of Cholesterol Storage (GO:0010887),1/8,0.1903874206856848,0.4086960029751364,0,0,5.349450549450549,8.873102742041626,CES1
GO_Biological_Process_2023,Negative Regulation Of Platelet Aggregation (GO:0090331),1/8,0.1903874206856848,0.4086960029751364,0,0,5.349450549450549,8.873102742041626,C1QTNF1
GO_Biological_Process_2023,"Negative Regulation Of Retrograde Protein Transport, ER To Cytosol (GO:1904153)",1/8,0.1903874206856848,0.4086960029751364,0,0,5.349450549450549,8.873102742041626,DERL3
GO_Biological_Process_2023,Neuronal Ion Channel Clustering (GO:0045161),1/8,0.1903874206856848,0.4086960029751364,0,0,5.349450549450549,8.873102742041626,NRCAM
GO_Biological_Process_2023,"Phototransduction, Visible Light (GO:0007603)",1/8,0.1903874206856848,0.4086960029751364,0,0,5.349450549450549,8.873102742041626,DMBT1
GO_Biological_Process_2023,Positive Regulation Of ATP Biosynthetic Process (GO:2001171),1/8,0.1903874206856848,0.4086960029751364,0,0,5.349450549450549,8.873102742041626,PPARGC1A
GO_Biological_Process_2023,Positive Regulation Of Actin Cytoskeleton Reorganization (GO:2000251),1/8,0.1903874206856848,0.4086960029751364,0,0,5.349450549450549,8.873102742041626,TEK
GO_Biological_Process_2023,Positive Regulation Of Calcium Ion Import Across Plasma Membrane (GO:1905665),1/8,0.1903874206856848,0.4086960029751364,0,0,5.349450549450549,8.873102742041626,RAMP3
GO_Biological_Process_2023,Positive Regulation Of Cell-Cell Adhesion Mediated By Cadherin (GO:2000049),1/8,0.1903874206856848,0.4086960029751364,0,0,5.349450549450549,8.873102742041626,SERPINF2
GO_Biological_Process_2023,Positive Regulation Of Epithelial Cell Proliferation Involved In Wound Healing (GO:0060054),1/8,0.1903874206856848,0.4086960029751364,0,0,5.349450549450549,8.873102742041626,FZD7
GO_Biological_Process_2023,Positive Regulation Of Fatty Acid Beta-Oxidation (GO:0032000),1/8,0.1903874206856848,0.4086960029751364,0,0,5.349450549450549,8.873102742041626,TWIST1
GO_Biological_Process_2023,Positive Regulation Of Inositol Phosphate Biosynthetic Process (GO:0060732),1/8,0.1903874206856848,0.4086960029751364,0,0,5.349450549450549,8.873102742041626,SNCA
GO_Biological_Process_2023,Positive Regulation Of Membrane Invagination (GO:1905155),1/8,0.1903874206856848,0.4086960029751364,0,0,5.349450549450549,8.873102742041626,C3
GO_Biological_Process_2023,Positive Regulation Of Monocyte Chemotactic Protein-1 Production (GO:0071639),1/8,0.1903874206856848,0.4086960029751364,0,0,5.349450549450549,8.873102742041626,TWIST1
GO_Biological_Process_2023,Positive Regulation Of Tumor Necrosis Factor-Mediated Signaling Pathway (GO:1903265),1/8,0.1903874206856848,0.4086960029751364,0,0,5.349450549450549,8.873102742041626,HSPA1B
GO_Biological_Process_2023,Pyrimidine-Containing Compound Metabolic Process (GO:0072527),1/8,0.1903874206856848,0.4086960029751364,0,0,5.349450549450549,8.873102742041626,ENPP3
GO_Biological_Process_2023,Regulation Of DNA-templated Transcription Initiation (GO:2000142),1/8,0.1903874206856848,0.4086960029751364,0,0,5.349450549450549,8.873102742041626,TWIST1
GO_Biological_Process_2023,Regulation Of ER-associated Ubiquitin-Dependent Protein Catabolic Process (GO:1903069),1/8,0.1903874206856848,0.4086960029751364,0,0,5.349450549450549,8.873102742041626,CAV1
GO_Biological_Process_2023,"Regulation Of Wnt Signaling Pathway, Planar Cell Polarity Pathway (GO:2000095)",1/8,0.1903874206856848,0.4086960029751364,0,0,5.349450549450549,8.873102742041626,DKK1
GO_Biological_Process_2023,Regulation Of Angiotensin Levels In Blood (GO:0002002),1/8,0.1903874206856848,0.4086960029751364,0,0,5.349450549450549,8.873102742041626,CPA3
GO_Biological_Process_2023,Regulation Of Insulin Secretion (GO:0050796),4/87,0.191536285607373,0.408875371692751,0,0,1.8080212532916968,2.988076962104461,SFRP1;IL6;INHBB;MYRIP
GO_Biological_Process_2023,Regulation Of Neuron Death (GO:1901214),3/58,0.192047720734347,0.408875371692751,0,0,2.045349245349245,3.3748495561510725,CLU;DKK1;SNCA
GO_Biological_Process_2023,Positive Regulation Of Mitochondrion Organization (GO:0010822),3/58,0.192047720734347,0.408875371692751,0,0,2.045349245349245,3.3748495561510725,KDR;PPARGC1A;DCN
GO_Biological_Process_2023,Regulation Of Extrinsic Apoptotic Signaling Pathway Via Death Domain Receptors (GO:1902041),2/31,0.192915151887485,0.408875371692751,0,0,2.584545877350342,4.25288268387585,SFRP1;THBS1
GO_Biological_Process_2023,Regulation Of Gluconeogenesis (GO:0006111),2/31,0.192915151887485,0.408875371692751,0,0,2.584545877350342,4.25288268387585,NNMT;PPARGC1A
GO_Biological_Process_2023,Actin Filament Polymerization (GO:0030041),2/31,0.192915151887485,0.408875371692751,0,0,2.584545877350342,4.25288268387585,FAM107A;WASF3
GO_Biological_Process_2023,Regulation Of Macrophage Activation (GO:0043030),2/31,0.192915151887485,0.408875371692751,0,0,2.584545877350342,4.25288268387585,IL6;THBS1
GO_Biological_Process_2023,Bile Acid Metabolic Process (GO:0008206),2/31,0.192915151887485,0.408875371692751,0,0,2.584545877350342,4.25288268387585,ACOX2;CYP7B1
GO_Biological_Process_2023,Cellular Response To cAMP (GO:0071320),2/31,0.192915151887485,0.408875371692751,0,0,2.584545877350342,4.25288268387585,IGFBP5;SLC5A5
GO_Biological_Process_2023,Regulation Of Transmembrane Receptor Protein Serine/Threonine Kinase Signaling Pathway (GO:0090092),2/31,0.192915151887485,0.408875371692751,0,0,2.584545877350342,4.25288268387585,SFRP4;FSTL1
GO_Biological_Process_2023,Response To Estradiol (GO:0032355),2/31,0.192915151887485,0.408875371692751,0,0,2.584545877350342,4.25288268387585,SFRP1;RAMP3
GO_Biological_Process_2023,Modulation Of Excitatory Postsynaptic Potential (GO:0098815),2/31,0.192915151887485,0.408875371692751,0,0,2.584545877350342,4.25288268387585,TMEM108;SHANK3
GO_Biological_Process_2023,Negative Chemotaxis (GO:0050919),2/31,0.192915151887485,0.408875371692751,0,0,2.584545877350342,4.25288268387585,ITGB3;SEMA3B
GO_Biological_Process_2023,Positive Regulation Of Proteolysis Involved In Protein Catabolic Process (GO:1903052),2/31,0.192915151887485,0.408875371692751,0,0,2.584545877350342,4.25288268387585,ECSCR;CLU
GO_Biological_Process_2023,Negative Regulation Of Protein Phosphorylation (GO:0001933),6/149,0.1937150289192576,0.4101994554510862,0,0,1.5753411636906782,2.585713193496915,SFRP1;SFRP2;CAV1;THY1;DKK1;SNCA
GO_Biological_Process_2023,Positive Regulation Of DNA-binding Transcription Factor Activity (GO:0051091),9/246,0.1940137741340258,0.4104609385924919,0,0,1.427165743670886,2.3403036665359767,CSF3;IL6;FZD4;CAV1;PPARGC1A;CLU;HSPA1B;DDR2;LTF
GO_Biological_Process_2023,Regulation Of Protein Binding (GO:0043393),5/118,0.1946873585746178,0.4115142543156633,0,0,1.6606640598202649,2.717444733186739,CLDN5;CSF3;SLPI;CAV1;DKK1
GO_Biological_Process_2023,Regulation Of miRNA Transcription (GO:1902893),3/59,0.1987168018720284,0.4166022006540432,0,0,2.0087217319360176,3.2458423728880548,ATOH8;GATA2;FGF2
GO_Biological_Process_2023,Regulation Of Multicellular Organismal Development (GO:2000026),3/59,0.1987168018720284,0.4166022006540432,0,0,2.0087217319360176,3.2458423728880548,SOX17;PTN;ALOX15B
GO_Biological_Process_2023,Positive Regulation Of Protein Binding (GO:0032092),3/59,0.1987168018720284,0.4166022006540432,0,0,2.0087217319360176,3.2458423728880548,CLDN5;CSF3;CAV1
GO_Biological_Process_2023,Monoatomic Cation Transmembrane Transport (GO:0098655),10/281,0.1995805726616324,0.4166022006540432,0,0,1.3870494869332255,2.235281917445642,KCND2;KCNJ8;TRPC4;KCNK15;ABCC9;KCNN3;SLC39A2;CLU;SCN1B;ATP6V1B1
GO_Biological_Process_2023,Cellular Response To Chemical Stress (GO:0062197),4/89,0.2022230787187588,0.4166022006540432,0,0,1.765297531004665,2.8216230478221034,CAV1;PPARGC1A;HSPA1B;SNCA
GO_Biological_Process_2023,Sodium Ion Transport (GO:0006814),4/89,0.2022230787187588,0.4166022006540432,0,0,1.765297531004665,2.8216230478221034,SLC5A8;SCN7A;SCN1B;SLC5A5
GO_Biological_Process_2023,'De Novo' Post-Translational Protein Folding (GO:0051084),2/32,0.20245002061572,0.4166022006540432,0,0,2.4982658959537574,3.990385767777952,HSPA2;HSPA1B
GO_Biological_Process_2023,Transition Metal Ion Transport (GO:0000041),2/32,0.20245002061572,0.4166022006540432,0,0,2.4982658959537574,3.990385767777952,SLC39A2;LTF
GO_Biological_Process_2023,Negative Regulation Of G1/S Transition Of Mitotic Cell Cycle (GO:2000134),2/32,0.20245002061572,0.4166022006540432,0,0,2.4982658959537574,3.990385767777952,FHL1;FAM107A
GO_Biological_Process_2023,Negative Regulation Of Fat Cell Differentiation (GO:0045599),2/32,0.20245002061572,0.4166022006540432,0,0,2.4982658959537574,3.990385767777952,IL6;FERMT2
GO_Biological_Process_2023,Purine Ribonucleoside Triphosphate Metabolic Process (GO:0009205),2/32,0.20245002061572,0.4166022006540432,0,0,2.4982658959537574,3.990385767777952,ENPP3;HSPA1B
GO_Biological_Process_2023,Response To Retinoic Acid (GO:0032526),3/60,0.2054405671749714,0.4166022006540432,0,0,1.973379394432026,3.1230672650256945,FZD4;FZD7;RORB
GO_Biological_Process_2023,Sterol Metabolic Process (GO:0016125),3/60,0.2054405671749714,0.4166022006540432,0,0,1.973379394432026,3.1230672650256945,CYP7B1;APOB;CES1
GO_Biological_Process_2023,Homophilic Cell Adhesion Via Plasma Membrane Adhesion Molecules (GO:0007156),3/60,0.2054405671749714,0.4166022006540432,0,0,1.973379394432026,3.1230672650256945,ROBO4;CDH13;CNTN4
GO_Biological_Process_2023,Regulation Of Dendritic Cell Apoptotic Process (GO:2000668),1/9,0.2114862383443903,0.4166022006540432,0,0,4.680528846153846,7.271647848783415,CXCL12
GO_Biological_Process_2023,SNARE Complex Assembly (GO:0035493),1/9,0.2114862383443903,0.4166022006540432,0,0,4.680528846153846,7.271647848783415,SNCA
GO_Biological_Process_2023,Actin-Mediated Cell Contraction (GO:0070252),1/9,0.2114862383443903,0.4166022006540432,0,0,4.680528846153846,7.271647848783415,PDPN
GO_Biological_Process_2023,Regulation Of Long-Term Synaptic Depression (GO:1900452),1/9,0.2114862383443903,0.4166022006540432,0,0,4.680528846153846,7.271647848783415,SHANK3
GO_Biological_Process_2023,Adherens Junction Assembly (GO:0034333),1/9,0.2114862383443903,0.4166022006540432,0,0,4.680528846153846,7.271647848783415,JAM3
GO_Biological_Process_2023,Regulation Of Mast Cell Activation Involved In Immune Response (GO:0033006),1/9,0.2114862383443903,0.4166022006540432,0,0,4.680528846153846,7.271647848783415,ENPP3
GO_Biological_Process_2023,Amino Sugar Biosynthetic Process (GO:0046349),1/9,0.2114862383443903,0.4166022006540432,0,0,4.680528846153846,7.271647848783415,GFPT2
GO_Biological_Process_2023,Amino Sugar Metabolic Process (GO:0006040),1/9,0.2114862383443903,0.4166022006540432,0,0,4.680528846153846,7.271647848783415,GFPT2
GO_Biological_Process_2023,Apical Protein Localization (GO:0045176),1/9,0.2114862383443903,0.4166022006540432,0,0,4.680528846153846,7.271647848783415,JAM3
GO_Biological_Process_2023,Axon Regeneration (GO:0031103),1/9,0.2114862383443903,0.4166022006540432,0,0,4.680528846153846,7.271647848783415,TNC
GO_Biological_Process_2023,cAMP Biosynthetic Process (GO:0006171),1/9,0.2114862383443903,0.4166022006540432,0,0,4.680528846153846,7.271647848783415,ADCY2
GO_Biological_Process_2023,Regulation Of Postsynaptic Neurotransmitter Receptor Activity (GO:0098962),1/9,0.2114862383443903,0.4166022006540432,0,0,4.680528846153846,7.271647848783415,NPTX2
GO_Biological_Process_2023,Camera-Type Eye Morphogenesis (GO:0048593),1/9,0.2114862383443903,0.4166022006540432,0,0,4.680528846153846,7.271647848783415,TBX2
GO_Biological_Process_2023,Carnitine Metabolic Process (GO:0009437),1/9,0.2114862383443903,0.4166022006540432,0,0,4.680528846153846,7.271647848783415,BBOX1
GO_Biological_Process_2023,Cell Differentiation In Spinal Cord (GO:0021515),1/9,0.2114862383443903,0.4166022006540432,0,0,4.680528846153846,7.271647848783415,MDGA1
GO_Biological_Process_2023,Cell Differentiation Involved In Metanephros Development (GO:0072202),1/9,0.2114862383443903,0.4166022006540432,0,0,4.680528846153846,7.271647848783415,SALL1
GO_Biological_Process_2023,Regulation Of Transmembrane Transporter Activity (GO:0022898),1/9,0.2114862383443903,0.4166022006540432,0,0,4.680528846153846,7.271647848783415,SNCA
GO_Biological_Process_2023,Cellular Response To Purine-Containing Compound (GO:0071415),1/9,0.2114862383443903,0.4166022006540432,0,0,4.680528846153846,7.271647848783415,CLU
GO_Biological_Process_2023,Chondroitin Sulfate Proteoglycan Metabolic Process (GO:0050654),1/9,0.2114862383443903,0.4166022006540432,0,0,4.680528846153846,7.271647848783415,DSEL
GO_Biological_Process_2023,Ectoderm Development (GO:0007398),1/9,0.2114862383443903,0.4166022006540432,0,0,4.680528846153846,7.271647848783415,KRT6B
GO_Biological_Process_2023,Sequestering Of Extracellular Ligand From Receptor (GO:0035581),1/9,0.2114862383443903,0.4166022006540432,0,0,4.680528846153846,7.271647848783415,FBN1
GO_Biological_Process_2023,Endodermal Cell Fate Commitment (GO:0001711),1/9,0.2114862383443903,0.4166022006540432,0,0,4.680528846153846,7.271647848783415,SOX17
GO_Biological_Process_2023,Excitatory Synapse Assembly (GO:1904861),1/9,0.2114862383443903,0.4166022006540432,0,0,4.680528846153846,7.271647848783415,SHANK3
GO_Biological_Process_2023,Forelimb Morphogenesis (GO:0035136),1/9,0.2114862383443903,0.4166022006540432,0,0,4.680528846153846,7.271647848783415,TBX3
GO_Biological_Process_2023,Fructose 6-Phosphate Metabolic Process (GO:0006002),1/9,0.2114862383443903,0.4166022006540432,0,0,4.680528846153846,7.271647848783415,GFPT2
GO_Biological_Process_2023,Toxin Transport (GO:1901998),1/9,0.2114862383443903,0.4166022006540432,0,0,4.680528846153846,7.271647848783415,ANTXR1
GO_Biological_Process_2023,Granulocyte Migration (GO:0097530),1/9,0.2114862383443903,0.4166022006540432,0,0,4.680528846153846,7.271647848783415,JAM3
GO_Biological_Process_2023,Hematopoietic Stem Cell Differentiation (GO:0060218),1/9,0.2114862383443903,0.4166022006540432,0,0,4.680528846153846,7.271647848783415,SFRP1
GO_Biological_Process_2023,Leukotriene D4 Biosynthetic Process (GO:1901750),1/9,0.2114862383443903,0.4166022006540432,0,0,4.680528846153846,7.271647848783415,GGT5
GO_Biological_Process_2023,Lipid Import Into Cell (GO:0140354),1/9,0.2114862383443903,0.4166022006540432,0,0,4.680528846153846,7.271647848783415,STRA6
GO_Biological_Process_2023,Lung Epithelium Development (GO:0060428),1/9,0.2114862383443903,0.4166022006540432,0,0,4.680528846153846,7.271647848783415,STRA6
GO_Biological_Process_2023,Muscle Cell Fate Commitment (GO:0042693),1/9,0.2114862383443903,0.4166022006540432,0,0,4.680528846153846,7.271647848783415,TBX2
GO_Biological_Process_2023,Muscle Cell Migration (GO:0014812),1/9,0.2114862383443903,0.4166022006540432,0,0,4.680528846153846,7.271647848783415,ITGB3
GO_Biological_Process_2023,Myelin Assembly (GO:0032288),1/9,0.2114862383443903,0.4166022006540432,0,0,4.680528846153846,7.271647848783415,TENM4
GO_Biological_Process_2023,Myelin Maintenance (GO:0043217),1/9,0.2114862383443903,0.4166022006540432,0,0,4.680528846153846,7.271647848783415,CLU
GO_Biological_Process_2023,Negative Regulation Of Bone Resorption (GO:0045779),1/9,0.2114862383443903,0.4166022006540432,0,0,4.680528846153846,7.271647848783415,IL6
GO_Biological_Process_2023,Negative Regulation Of Delayed Rectifier Potassium Channel Activity (GO:1902260),1/9,0.2114862383443903,0.4166022006540432,0,0,4.680528846153846,7.271647848783415,KCNE4
GO_Biological_Process_2023,Negative Regulation Of Hormone Secretion (GO:0046888),1/9,0.2114862383443903,0.4166022006540432,0,0,4.680528846153846,7.271647848783415,GJA1
GO_Biological_Process_2023,Negative Regulation Of Humoral Immune Response Mediated By Circulating Immunoglobulin (GO:0002924),1/9,0.2114862383443903,0.4166022006540432,0,0,4.680528846153846,7.271647848783415,SVEP1
GO_Biological_Process_2023,Negative Regulation Of Lymphocyte Apoptotic Process (GO:0070229),1/9,0.2114862383443903,0.4166022006540432,0,0,4.680528846153846,7.271647848783415,PIP
GO_Biological_Process_2023,Negative Regulation Of Phosphatidylinositol 3-Kinase Signaling (GO:0014067),1/9,0.2114862383443903,0.4166022006540432,0,0,4.680528846153846,7.271647848783415,TWIST1
GO_Biological_Process_2023,Negative Regulation Of Protein Autophosphorylation (GO:0031953),1/9,0.2114862383443903,0.4166022006540432,0,0,4.680528846153846,7.271647848783415,CAV1
GO_Biological_Process_2023,Negative Regulation Of Protein Exit From Endoplasmic Reticulum (GO:0070862),1/9,0.2114862383443903,0.4166022006540432,0,0,4.680528846153846,7.271647848783415,DERL3
GO_Biological_Process_2023,Negative Regulation Of Protein Maturation (GO:1903318),1/9,0.2114862383443903,0.4166022006540432,0,0,4.680528846153846,7.271647848783415,GAS1
GO_Biological_Process_2023,Negative Regulation Of Toll-Like Receptor 4 Signaling Pathway (GO:0034144),1/9,0.2114862383443903,0.4166022006540432,0,0,4.680528846153846,7.271647848783415,BPIFB1
GO_Biological_Process_2023,Neuron Projection Regeneration (GO:0031102),1/9,0.2114862383443903,0.4166022006540432,0,0,4.680528846153846,7.271647848783415,PTN
GO_Biological_Process_2023,Neuron Remodeling (GO:0016322),1/9,0.2114862383443903,0.4166022006540432,0,0,4.680528846153846,7.271647848783415,C3
GO_Biological_Process_2023,Nucleoside Metabolic Process (GO:0009116),1/9,0.2114862383443903,0.4166022006540432,0,0,4.680528846153846,7.271647848783415,NME5
GO_Biological_Process_2023,Organic Hydroxy Compound Catabolic Process (GO:1901616),1/9,0.2114862383443903,0.4166022006540432,0,0,4.680528846153846,7.271647848783415,CYP24A1
GO_Biological_Process_2023,Positive Regulation Of ATP Metabolic Process (GO:1903580),1/9,0.2114862383443903,0.4166022006540432,0,0,4.680528846153846,7.271647848783415,PPARGC1A
GO_Biological_Process_2023,Positive Regulation Of Epidermis Development (GO:0045684),1/9,0.2114862383443903,0.4166022006540432,0,0,4.680528846153846,7.271647848783415,SFRP4
GO_Biological_Process_2023,Positive Regulation Of Keratinocyte Migration (GO:0051549),1/9,0.2114862383443903,0.4166022006540432,0,0,4.680528846153846,7.271647848783415,FGF7
GO_Biological_Process_2023,Positive Regulation Of miRNA-mediated Gene Silencing (GO:2000637),1/9,0.2114862383443903,0.4166022006540432,0,0,4.680528846153846,7.271647848783415,WTIP
GO_Biological_Process_2023,"Positive Regulation Of Phagocytosis, Engulfment (GO:0060100)",1/9,0.2114862383443903,0.4166022006540432,0,0,4.680528846153846,7.271647848783415,C3
GO_Biological_Process_2023,Positive Regulation Of Protein Kinase A Signaling (GO:0010739),1/9,0.2114862383443903,0.4166022006540432,0,0,4.680528846153846,7.271647848783415,RAMP3
GO_Biological_Process_2023,Positive Regulation Of Skeletal Muscle Tissue Development (GO:0048643),1/9,0.2114862383443903,0.4166022006540432,0,0,4.680528846153846,7.271647848783415,DLL1
GO_Biological_Process_2023,Positive Regulation Of Tissue Remodeling (GO:0034105),1/9,0.2114862383443903,0.4166022006540432,0,0,4.680528846153846,7.271647848783415,NRG1
GO_Biological_Process_2023,Positive Regulation Of Vascular Endothelial Growth Factor Receptor Signaling Pathway (GO:0030949),1/9,0.2114862383443903,0.4166022006540432,0,0,4.680528846153846,7.271647848783415,ITGB3
GO_Biological_Process_2023,Postsynapse Assembly (GO:0099068),1/9,0.2114862383443903,0.4166022006540432,0,0,4.680528846153846,7.271647848783415,NRXN2
GO_Biological_Process_2023,"Regulation Of CD8-positive, Alpha-Beta T Cell Activation (GO:2001185)",1/9,0.2114862383443903,0.4166022006540432,0,0,4.680528846153846,7.271647848783415,DAPL1
GO_Biological_Process_2023,Regulation Of Actin Filament Length (GO:0030832),1/9,0.2114862383443903,0.4166022006540432,0,0,4.680528846153846,7.271647848783415,CXCL12
GO_Biological_Process_2023,Actin Filament Bundle Assembly (GO:0051017),2/33,0.212036645251759,0.4166022006540432,0,0,2.417552364969856,3.749614445030473,CALD1;FAM107A
GO_Biological_Process_2023,Actin Filament Bundle Organization (GO:0061572),2/33,0.212036645251759,0.4166022006540432,0,0,2.417552364969856,3.749614445030473,CALD1;FAM107A
GO_Biological_Process_2023,Cardiac Muscle Contraction (GO:0060048),2/33,0.212036645251759,0.4166022006540432,0,0,2.417552364969856,3.749614445030473,TNNC1;SCN1B
GO_Biological_Process_2023,Ventricular Cardiac Muscle Tissue Morphogenesis (GO:0055010),2/33,0.212036645251759,0.4166022006540432,0,0,2.417552364969856,3.749614445030473,TNNC1;NRG1
GO_Biological_Process_2023,Inositol Lipid-Mediated Signaling (GO:0048017),2/33,0.212036645251759,0.4166022006540432,0,0,2.417552364969856,3.749614445030473,PDGFRB;PDGFRA
GO_Biological_Process_2023,Positive Regulation Of DNA Binding (GO:0043388),2/33,0.212036645251759,0.4166022006540432,0,0,2.417552364969856,3.749614445030473,HAND2;TWIST1
GO_Biological_Process_2023,Positive Regulation Of Protein Dephosphorylation (GO:0035307),2/33,0.212036645251759,0.4166022006540432,0,0,2.417552364969856,3.749614445030473,PDGFRB;CDH5
GO_Biological_Process_2023,Positive Regulation Of Release Of Sequestered Calcium Ion Into Cytosol (GO:0051281),2/33,0.212036645251759,0.4166022006540432,0,0,2.417552364969856,3.749614445030473,THY1;SNCA
GO_Biological_Process_2023,Regulation Of Amyloid-Beta Formation (GO:1902003),2/33,0.212036645251759,0.4166022006540432,0,0,2.417552364969856,3.749614445030473,NTRK2;CLU
GO_Biological_Process_2023,Negative Regulation Of Nucleic Acid-Templated Transcription (GO:1903507),15/456,0.2124020456966537,0.4169703193810252,0,0,1.279745099620876,1.982676268029009,ZBTB16;TWIST2;TWIST1;NRG1;RORB;PRICKLE1;TBX3;TBX2;LOXL2;SFRP1;SALL1;SFRP2;SOX18;ATOH8;CRYAB
GO_Biological_Process_2023,Regulation Of Epithelial Cell Proliferation (GO:0050678),4/91,0.2130818437304587,0.4179545042016201,0,0,1.7245381177883012,2.6662720723984745,FGF7;SFRP1;SFRP2;BMP6
GO_Biological_Process_2023,Positive Regulation Of Apoptotic Signaling Pathway (GO:2001235),3/62,0.2190381057424887,0.4292780281580826,0,0,1.906288855441398,2.894717861550968,CTSK;CAV1;SEPTIN4
GO_Biological_Process_2023,Regulation Of Apoptotic Process (GO:0042981),22/705,0.2205591387143326,0.4312927578743917,0,0,1.2132962851031492,1.8340058245738151,FHL2;HTRA1;NRG1;SEPTIN4;DKK1;FSTL1;CLU;THBS1;TBX3;SFRP4;SFRP1;IL6;SFRP2;FRZB;PDPN;KDR;GAS1;TEK;CRYAB;HSPA1B;LTF;SNCA
GO_Biological_Process_2023,ATP Metabolic Process (GO:0046034),2/34,0.2216658811009567,0.4312927578743917,0,0,2.341883429672447,3.5282442710635262,ENPP3;HSPA1B
GO_Biological_Process_2023,Cellular Response To Hydrogen Peroxide (GO:0070301),2/34,0.2216658811009567,0.4312927578743917,0,0,2.341883429672447,3.5282442710635262,IL6;CLU
GO_Biological_Process_2023,Organophosphate Biosynthetic Process (GO:0090407),2/34,0.2216658811009567,0.4312927578743917,0,0,2.341883429672447,3.5282442710635262,FGF2;DDR2
GO_Biological_Process_2023,Positive Regulation Of Immunoglobulin Production (GO:0002639),2/34,0.2216658811009567,0.4312927578743917,0,0,2.341883429672447,3.5282442710635262,IL6;MZB1
GO_Biological_Process_2023,Positive Regulation Of Neuron Death (GO:1901216),2/34,0.2216658811009567,0.4312927578743917,0,0,2.341883429672447,3.5282442710635262,CLU;SNCA
GO_Biological_Process_2023,Regulation Of Blood Circulation (GO:1903522),2/34,0.2216658811009567,0.4312927578743917,0,0,2.341883429672447,3.5282442710635262,KCNJ12;TBX2
GO_Biological_Process_2023,Protein Polymerization (GO:0051258),3/63,0.2259049743786035,0.4312927578743917,0,0,1.8744208494208492,2.7884649984779606,FAM107A;KRT5;WASF3
GO_Biological_Process_2023,Response To Cytokine (GO:0034097),5/125,0.2272374229328201,0.4312927578743917,0,0,1.5632267441860466,2.3163266917713368,CSF3;COL3A1;IL1R1;TIMP3;SNCA
GO_Biological_Process_2023,Intracellular Monoatomic Cation Homeostasis (GO:0030003),7/190,0.2276897851136053,0.4312927578743917,0,0,1.4359890285131085,2.1249351620727466,CDH5;CXCL12;EDN3;STC2;CAV1;STC1;BMP6
GO_Biological_Process_2023,Regulation Of Cellular Senescence (GO:2000772),2/35,0.2313290230468195,0.4312927578743917,0,0,2.2708004904536696,3.32425717344627,TWIST1;TBX2
GO_Biological_Process_2023,Action Potential (GO:0001508),2/35,0.2313290230468195,0.4312927578743917,0,0,2.2708004904536696,3.32425717344627,KCND2;KCNE4
GO_Biological_Process_2023,Regulation Of Sodium Ion Transport (GO:0002028),2/35,0.2313290230468195,0.4312927578743917,0,0,2.2708004904536696,3.32425717344627,BPIFA1;SCN1B
GO_Biological_Process_2023,Dendrite Morphogenesis (GO:0048813),2/35,0.2313290230468195,0.4312927578743917,0,0,2.2708004904536696,3.32425717344627,PTN;SHANK3
GO_Biological_Process_2023,Skeletal Muscle Organ Development (GO:0060538),2/35,0.2313290230468195,0.4312927578743917,0,0,2.2708004904536696,3.32425717344627,CAV1;STRA6
GO_Biological_Process_2023,Macrophage Activation (GO:0042116),2/35,0.2313290230468195,0.4312927578743917,0,0,2.2708004904536696,3.32425717344627,CLU;SNCA
GO_Biological_Process_2023,Negative Regulation Of Cell Cycle G1/S Phase Transition (GO:1902807),2/35,0.2313290230468195,0.4312927578743917,0,0,2.2708004904536696,3.32425717344627,FHL1;FAM107A
GO_Biological_Process_2023,Positive Regulation Of Mitotic Nuclear Division (GO:0045840),2/35,0.2313290230468195,0.4312927578743917,0,0,2.2708004904536696,3.32425717344627,PDGFRB;EDN3
GO_Biological_Process_2023,Regulation Of G2/M Transition Of Mitotic Cell Cycle (GO:0010389),2/35,0.2313290230468195,0.4312927578743917,0,0,2.2708004904536696,3.32425717344627,CCND1;FHL1
GO_Biological_Process_2023,Regulation Of Axon Extension (GO:0030516),2/35,0.2313290230468195,0.4312927578743917,0,0,2.2708004904536696,3.32425717344627,MAG;NRCAM
GO_Biological_Process_2023,Regulation Of Coagulation (GO:0050818),1/10,0.232036240359408,0.4312927578743917,0,0,4.160256410256411,6.077559297974501,NRG1
GO_Biological_Process_2023,Regulation Of Gene Expression By Genomic Imprinting (GO:0006349),1/10,0.232036240359408,0.4312927578743917,0,0,4.160256410256411,6.077559297974501,DIRAS3
GO_Biological_Process_2023,T-helper Cell Lineage Commitment (GO:0002295),1/10,0.232036240359408,0.4312927578743917,0,0,4.160256410256411,6.077559297974501,IL6
GO_Biological_Process_2023,UDP-N-acetylglucosamine Metabolic Process (GO:0006047),1/10,0.232036240359408,0.4312927578743917,0,0,4.160256410256411,6.077559297974501,GFPT2
GO_Biological_Process_2023,Acidic Amino Acid Transport (GO:0015800),1/10,0.232036240359408,0.4312927578743917,0,0,4.160256410256411,6.077559297974501,GJA1
GO_Biological_Process_2023,Regulation Of Lamellipodium Morphogenesis (GO:2000392),1/10,0.232036240359408,0.4312927578743917,0,0,4.160256410256411,6.077559297974501,PDPN
GO_Biological_Process_2023,Regulation Of Lipid Transport (GO:0032368),1/10,0.232036240359408,0.4312927578743917,0,0,4.160256410256411,6.077559297974501,ITGB3
GO_Biological_Process_2023,Regulation Of Long-Term Neuronal Synaptic Plasticity (GO:0048169),1/10,0.232036240359408,0.4312927578743917,0,0,4.160256410256411,6.077559297974501,SHANK3
GO_Biological_Process_2023,Ammonium Transmembrane Transport (GO:0072488),1/10,0.232036240359408,0.4312927578743917,0,0,4.160256410256411,6.077559297974501,RHCG
GO_Biological_Process_2023,Regulation Of Microtubule Nucleation (GO:0010968),1/10,0.232036240359408,0.4312927578743917,0,0,4.160256410256411,6.077559297974501,HSPA1B
GO_Biological_Process_2023,"Regulation Of Phagocytosis, Engulfment (GO:0060099)",1/10,0.232036240359408,0.4312927578743917,0,0,4.160256410256411,6.077559297974501,C3
GO_Biological_Process_2023,Regulation Of Phospholipase Activity (GO:0010517),1/10,0.232036240359408,0.4312927578743917,0,0,4.160256410256411,6.077559297974501,SNCA
GO_Biological_Process_2023,Cellular Response To UV-A (GO:0071492),1/10,0.232036240359408,0.4312927578743917,0,0,4.160256410256411,6.077559297974501,MMP2
GO_Biological_Process_2023,Cellular Response To Increased Oxygen Levels (GO:0036295),1/10,0.232036240359408,0.4312927578743917,0,0,4.160256410256411,6.077559297974501,CAV1
GO_Biological_Process_2023,Response To Corticosteroid (GO:0031960),1/10,0.232036240359408,0.4312927578743917,0,0,4.160256410256411,6.077559297974501,IL6
GO_Biological_Process_2023,Engulfment Of Apoptotic Cell (GO:0043652),1/10,0.232036240359408,0.4312927578743917,0,0,4.160256410256411,6.077559297974501,THBS1
GO_Biological_Process_2023,Surfactant Homeostasis (GO:0043129),1/10,0.232036240359408,0.4312927578743917,0,0,4.160256410256411,6.077559297974501,BPIFA1
GO_Biological_Process_2023,Very-Low-Density Lipoprotein Particle Assembly (GO:0034379),1/10,0.232036240359408,0.4312927578743917,0,0,4.160256410256411,6.077559297974501,APOB
GO_Biological_Process_2023,Mesonephros Development (GO:0001823),1/10,0.232036240359408,0.4312927578743917,0,0,4.160256410256411,6.077559297974501,ZBTB16
GO_Biological_Process_2023,Negative Regulation Of Alpha-Beta T Cell Activation (GO:0046636),1/10,0.232036240359408,0.4312927578743917,0,0,4.160256410256411,6.077559297974501,DAPL1
GO_Biological_Process_2023,Negative Regulation Of Exocytosis (GO:0045920),1/10,0.232036240359408,0.4312927578743917,0,0,4.160256410256411,6.077559297974501,SNCA
GO_Biological_Process_2023,Negative Regulation Of Homotypic Cell-Cell Adhesion (GO:0034111),1/10,0.232036240359408,0.4312927578743917,0,0,4.160256410256411,6.077559297974501,C1QTNF1
GO_Biological_Process_2023,Negative Regulation Of Lipopolysaccharide-Mediated Signaling Pathway (GO:0031665),1/10,0.232036240359408,0.4312927578743917,0,0,4.160256410256411,6.077559297974501,LTF
GO_Biological_Process_2023,Negative Regulation Of Lymphocyte Migration (GO:2000402),1/10,0.232036240359408,0.4312927578743917,0,0,4.160256410256411,6.077559297974501,APOD
GO_Biological_Process_2023,Negative Regulation Of Sprouting Angiogenesis (GO:1903671),1/10,0.232036240359408,0.4312927578743917,0,0,4.160256410256411,6.077559297974501,THBS1
GO_Biological_Process_2023,Negative Regulation Of Transmembrane Transport (GO:0034763),1/10,0.232036240359408,0.4312927578743917,0,0,4.160256410256411,6.077559297974501,THBS1
GO_Biological_Process_2023,Nucleoside Triphosphate Metabolic Process (GO:0009141),1/10,0.232036240359408,0.4312927578743917,0,0,4.160256410256411,6.077559297974501,ENPP3
GO_Biological_Process_2023,Oxygen Transport (GO:0015671),1/10,0.232036240359408,0.4312927578743917,0,0,4.160256410256411,6.077559297974501,HBB
GO_Biological_Process_2023,Phenol-Containing Compound Biosynthetic Process (GO:0046189),1/10,0.232036240359408,0.4312927578743917,0,0,4.160256410256411,6.077559297974501,MOXD1
GO_Biological_Process_2023,Positive Regulation Of Actin Nucleation (GO:0051127),1/10,0.232036240359408,0.4312927578743917,0,0,4.160256410256411,6.077559297974501,WASF3
GO_Biological_Process_2023,Positive Regulation Of Cholesterol Metabolic Process (GO:0090205),1/10,0.232036240359408,0.4312927578743917,0,0,4.160256410256411,6.077559297974501,CES1
GO_Biological_Process_2023,Positive Regulation Of Dendrite Development (GO:1900006),1/10,0.232036240359408,0.4312927578743917,0,0,4.160256410256411,6.077559297974501,PTN
GO_Biological_Process_2023,Positive Regulation Of Integrin Activation (GO:0033625),1/10,0.232036240359408,0.4312927578743917,0,0,4.160256410256411,6.077559297974501,FERMT2
GO_Biological_Process_2023,Positive Regulation Of Lipid Localization (GO:1905954),1/10,0.232036240359408,0.4312927578743917,0,0,4.160256410256411,6.077559297974501,C3
GO_Biological_Process_2023,Positive Regulation Of Nitric-Oxide Synthase Biosynthetic Process (GO:0051770),1/10,0.232036240359408,0.4312927578743917,0,0,4.160256410256411,6.077559297974501,KDR
GO_Biological_Process_2023,Positive Regulation Of Post-Transcriptional Gene Silencing By RNA (GO:1900370),1/10,0.232036240359408,0.4312927578743917,0,0,4.160256410256411,6.077559297974501,WTIP
GO_Biological_Process_2023,Positive Regulation Of Toll-Like Receptor 4 Signaling Pathway (GO:0034145),1/10,0.232036240359408,0.4312927578743917,0,0,4.160256410256411,6.077559297974501,LTF
GO_Biological_Process_2023,Prostaglandin Transport (GO:0015732),1/10,0.232036240359408,0.4312927578743917,0,0,4.160256410256411,6.077559297974501,SLCO2A1
GO_Biological_Process_2023,Protein Kinase C Signaling (GO:0070528),1/10,0.232036240359408,0.4312927578743917,0,0,4.160256410256411,6.077559297974501,PLVAP
GO_Biological_Process_2023,Protein Oxidation (GO:0018158),1/10,0.232036240359408,0.4312927578743917,0,0,4.160256410256411,6.077559297974501,LOXL2
GO_Biological_Process_2023,Receptor-Mediated Endocytosis Of Virus By Host Cell (GO:0019065),1/10,0.232036240359408,0.4312927578743917,0,0,4.160256410256411,6.077559297974501,CAV1
GO_Biological_Process_2023,Regulation Of T-helper 2 Cell Cytokine Production (GO:2000551),1/10,0.232036240359408,0.4312927578743917,0,0,4.160256410256411,6.077559297974501,IL6
GO_Biological_Process_2023,Regulation Of Axon Regeneration (GO:0048679),1/10,0.232036240359408,0.4312927578743917,0,0,4.160256410256411,6.077559297974501,PTN
GO_Biological_Process_2023,Regulation Of Calcium Ion Import Across Plasma Membrane (GO:1905664),1/10,0.232036240359408,0.4312927578743917,0,0,4.160256410256411,6.077559297974501,RAMP3
GO_Biological_Process_2023,Regulation Of Cardiac Muscle Cell Apoptotic Process (GO:0010665),1/10,0.232036240359408,0.4312927578743917,0,0,4.160256410256411,6.077559297974501,HAND2
GO_Biological_Process_2023,Regulation Of Secretion By Cell (GO:1903530),3/64,0.2328127228396039,0.4323928603412786,0,0,1.8435976960567124,2.687082197613542,SAA1;SEPTIN4;SNCAIP
GO_Biological_Process_2023,Response To Lipopolysaccharide (GO:0032496),6/159,0.2350029041946952,0.4361147397971285,0,0,1.4716162193032554,2.1311319277141547,CXCL6;IL6;SLPI;LDOC1;S100A7;SNCA
GO_Biological_Process_2023,Regulation Of Response To External Stimulus (GO:0032101),5/127,0.2368200850356072,0.4387916448998356,0,0,1.5374412250603635,2.2146142249178467,PDGFRA;IL1R1;CAV1;TNC;NRG1
GO_Biological_Process_2023,Regulation Of Tumor Necrosis Factor Production (GO:0032680),5/127,0.2368200850356072,0.4387916448998356,0,0,1.5374412250603635,2.2146142249178467,IL6;TWIST1;CLU;THBS1;LTF
GO_Biological_Process_2023,Regulation Of Cell Differentiation (GO:0045595),7/193,0.2392416303006774,0.4428338325517147,0,0,1.4126082590686582,2.020427081580629,TNXB;EDN3;SERPINF2;CCN2;ALOX15B;DLL1;PTHLH
GO_Biological_Process_2023,Monocarboxylic Acid Biosynthetic Process (GO:0072330),3/65,0.2397580271885458,0.4428338325517147,0,0,1.8137688379623864,2.5902887745859706,ACOX2;DSEL;CYP7B1
GO_Biological_Process_2023,Positive Regulation Of DNA Biosynthetic Process (GO:2000573),3/65,0.2397580271885458,0.4428338325517147,0,0,1.8137688379623864,2.5902887745859706,PDGFRB;SMOC2;FGF2
GO_Biological_Process_2023,Positive Regulation Of Cell Cycle (GO:0045787),3/65,0.2397580271885458,0.4428338325517147,0,0,1.8137688379623864,2.5902887745859706,SMOC2;CCND1;TBX3
GO_Biological_Process_2023,Regulation Of Receptor Internalization (GO:0002090),2/36,0.2410177889176415,0.4434121458327702,0,0,2.2038989006007026,3.135893662983683,SFRP4;DKK1
GO_Biological_Process_2023,Negative Regulation Of Sequestering Of Calcium Ion (GO:0051283),2/36,0.2410177889176415,0.4434121458327702,0,0,2.2038989006007026,3.135893662983683,CLU;FGF2
GO_Biological_Process_2023,Positive Regulation Of Myeloid Cell Differentiation (GO:0045639),2/36,0.2410177889176415,0.4434121458327702,0,0,2.2038989006007026,3.135893662983683,CSF3;HSPA1B
GO_Biological_Process_2023,Positive Regulation Of Signaling Receptor Activity (GO:2000273),2/36,0.2410177889176415,0.4434121458327702,0,0,2.2038989006007026,3.135893662983683,ADRA2C;SHANK3
GO_Biological_Process_2023,Protein Destabilization (GO:0031648),2/36,0.2410177889176415,0.4434121458327702,0,0,2.2038989006007026,3.135893662983683,SOX17;SNCA
GO_Biological_Process_2023,Regulation Of Endocytosis (GO:0030100),3/66,0.2467376183744151,0.4495849381864372,0,0,1.7848869277440709,2.4978239219647023,CDH13;DLL1;SNCA
GO_Biological_Process_2023,Protein Autophosphorylation (GO:0046777),6/162,0.2478921326626027,0.4495849381864372,0,0,1.443091859596714,2.0127690769464865,PDGFRB;PDGFRA;NTRK2;KDR;TEK;DDR2
GO_Biological_Process_2023,Aortic Valve Morphogenesis (GO:0003180),2/37,0.2507243035427637,0.4495849381864372,0,0,2.1408202587393337,2.9616136056158515,CDH11;TWIST1
GO_Biological_Process_2023,Calcium Ion Import Across Plasma Membrane (GO:0098703),2/37,0.2507243035427637,0.4495849381864372,0,0,2.1408202587393337,2.9616136056158515,SCN7A;CLU
GO_Biological_Process_2023,Ventricular Septum Development (GO:0003281),2/37,0.2507243035427637,0.4495849381864372,0,0,2.1408202587393337,2.9616136056158515,SALL1;STRA6
GO_Biological_Process_2023,Muscle Tissue Development (GO:0060537),2/37,0.2507243035427637,0.4495849381864372,0,0,2.1408202587393337,2.9616136056158515,CAV1;STRA6
GO_Biological_Process_2023,Regulation Of Cellular Component Biogenesis (GO:0044087),2/37,0.2507243035427637,0.4495849381864372,0,0,2.1408202587393337,2.9616136056158515,NRG1;SNCAIP
GO_Biological_Process_2023,Positive Regulation Of Peptidyl-Tyrosine Phosphorylation (GO:0050731),5/130,0.2513972049687728,0.4495849381864372,0,0,1.5003100775193798,2.071509781702866,CSF3;FGF7;IL6;ITGB3;BMP6
GO_Biological_Process_2023,Regulation Of Epithelial Cell Apoptotic Process (GO:1904035),1/11,0.2520516754221998,0.4495849381864372,0,0,3.744038461538461,5.159738595103209,TEK
GO_Biological_Process_2023,Regulation Of Fatty Acid Metabolic Process (GO:0019217),1/11,0.2520516754221998,0.4495849381864372,0,0,3.744038461538461,5.159738595103209,CAV1
GO_Biological_Process_2023,Regulation Of Keratinocyte Migration (GO:0051547),1/11,0.2520516754221998,0.4495849381864372,0,0,3.744038461538461,5.159738595103209,FGF7
GO_Biological_Process_2023,Regulation Of Leukocyte Tethering Or Rolling (GO:1903236),1/11,0.2520516754221998,0.4495849381864372,0,0,3.744038461538461,5.159738595103209,CXCL12
GO_Biological_Process_2023,Brain Morphogenesis (GO:0048854),1/11,0.2520516754221998,0.4495849381864372,0,0,3.744038461538461,5.159738595103209,SHANK3
GO_Biological_Process_2023,Carbon Dioxide Transport (GO:0015670),1/11,0.2520516754221998,0.4495849381864372,0,0,3.744038461538461,5.159738595103209,HBB
GO_Biological_Process_2023,Cellular Response To UV-B (GO:0071493),1/11,0.2520516754221998,0.4495849381864372,0,0,3.744038461538461,5.159738595103209,MFAP4
GO_Biological_Process_2023,Regulation Of Ventricular Cardiac Muscle Cell Action Potential (GO:0098911),1/11,0.2520516754221998,0.4495849381864372,0,0,3.744038461538461,5.159738595103209,CAV1
GO_Biological_Process_2023,Desensitization Of G Protein-Coupled Receptor Signaling Pathway (GO:0002029),1/11,0.2520516754221998,0.4495849381864372,0,0,3.744038461538461,5.159738595103209,DMBT1
GO_Biological_Process_2023,Digestive System Development (GO:0055123),1/11,0.2520516754221998,0.4495849381864372,0,0,3.744038461538461,5.159738595103209,CLMP
GO_Biological_Process_2023,Smooth Muscle Cell Differentiation (GO:0051145),1/11,0.2520516754221998,0.4495849381864372,0,0,3.744038461538461,5.159738595103209,EDNRB
GO_Biological_Process_2023,Sulfate Transport (GO:0008272),1/11,0.2520516754221998,0.4495849381864372,0,0,3.744038461538461,5.159738595103209,SLC26A4
GO_Biological_Process_2023,Fatty Acid Beta-Oxidation Using acyl-CoA Oxidase (GO:0033540),1/11,0.2520516754221998,0.4495849381864372,0,0,3.744038461538461,5.159738595103209,ACOX2
GO_Biological_Process_2023,Vitamin D Metabolic Process (GO:0042359),1/11,0.2520516754221998,0.4495849381864372,0,0,3.744038461538461,5.159738595103209,CYP24A1
GO_Biological_Process_2023,Leukotriene D4 Metabolic Process (GO:1901748),1/11,0.2520516754221998,0.4495849381864372,0,0,3.744038461538461,5.159738595103209,GGT5
GO_Biological_Process_2023,Magnesium Ion Transport (GO:0015693),1/11,0.2520516754221998,0.4495849381864372,0,0,3.744038461538461,5.159738595103209,NIPAL4
GO_Biological_Process_2023,Negative Regulation Of calcineurin-NFAT Signaling Cascade (GO:0070885),1/11,0.2520516754221998,0.4495849381864372,0,0,3.744038461538461,5.159738595103209,FHL2
GO_Biological_Process_2023,Negative Regulation Of Calcineurin-Mediated Signaling (GO:0106057),1/11,0.2520516754221998,0.4495849381864372,0,0,3.744038461538461,5.159738595103209,FHL2
GO_Biological_Process_2023,Negative Regulation Of Leukocyte Apoptotic Process (GO:2000107),1/11,0.2520516754221998,0.4495849381864372,0,0,3.744038461538461,5.159738595103209,CXCL12
GO_Biological_Process_2023,Negative Regulation Of Nitrogen Compound Metabolic Process (GO:0051172),1/11,0.2520516754221998,0.4495849381864372,0,0,3.744038461538461,5.159738595103209,EDNRB
GO_Biological_Process_2023,Negative Regulation Of Potassium Ion Transmembrane Transport (GO:1901380),1/11,0.2520516754221998,0.4495849381864372,0,0,3.744038461538461,5.159738595103209,CAV1
GO_Biological_Process_2023,Neurotransmitter Biosynthetic Process (GO:0042136),1/11,0.2520516754221998,0.4495849381864372,0,0,3.744038461538461,5.159738595103209,MOXD1
GO_Biological_Process_2023,Nucleoside Phosphate Catabolic Process (GO:1901292),1/11,0.2520516754221998,0.4495849381864372,0,0,3.744038461538461,5.159738595103209,ENPP3
GO_Biological_Process_2023,Podocyte Differentiation (GO:0072112),1/11,0.2520516754221998,0.4495849381864372,0,0,3.744038461538461,5.159738595103209,PROM1
GO_Biological_Process_2023,Polyamine Metabolic Process (GO:0006595),1/11,0.2520516754221998,0.4495849381864372,0,0,3.744038461538461,5.159738595103209,SMOX
GO_Biological_Process_2023,Positive Regulation Of Coagulation (GO:0050820),1/11,0.2520516754221998,0.4495849381864372,0,0,3.744038461538461,5.159738595103209,THBS1
GO_Biological_Process_2023,Positive Regulation Of Hemostasis (GO:1900048),1/11,0.2520516754221998,0.4495849381864372,0,0,3.744038461538461,5.159738595103209,THBS1
GO_Biological_Process_2023,Positive Regulation Of Keratinocyte Proliferation (GO:0010838),1/11,0.2520516754221998,0.4495849381864372,0,0,3.744038461538461,5.159738595103209,FGF7
GO_Biological_Process_2023,Positive Regulation Of Myelination (GO:0031643),1/11,0.2520516754221998,0.4495849381864372,0,0,3.744038461538461,5.159738595103209,TENM4
GO_Biological_Process_2023,Regulation Of T Cell Apoptotic Process (GO:0070232),1/11,0.2520516754221998,0.4495849381864372,0,0,3.744038461538461,5.159738595103209,PIP
GO_Biological_Process_2023,Regulation Of Astrocyte Differentiation (GO:0048710),1/11,0.2520516754221998,0.4495849381864372,0,0,3.744038461538461,5.159738595103209,IL6
GO_Biological_Process_2023,Regulation Of Cell Communication By Electrical Coupling Involved In Cardiac Conduction (GO:1901844),1/11,0.2520516754221998,0.4495849381864372,0,0,3.744038461538461,5.159738595103209,CAV1
GO_Biological_Process_2023,Negative Regulation Of Cellular Catabolic Process (GO:0031330),3/67,0.2537482841833557,0.4522667287347177,0,0,1.7569075772200773,2.4094450311707645,DAPL1;HP;TIMP3
GO_Biological_Process_2023,Regulation Of Intracellular Transport (GO:0032386),2/38,0.2604410830799749,0.4624359488804407,0,0,2.081245985870263,2.800063835633346,GAS1;CRYAB
GO_Biological_Process_2023,Response To cAMP (GO:0051591),2/38,0.2604410830799749,0.4624359488804407,0,0,2.081245985870263,2.800063835633346,IGFBP5;SLC5A5
GO_Biological_Process_2023,Response To Peptide (GO:1901652),2/38,0.2604410830799749,0.4624359488804407,0,0,2.081245985870263,2.800063835633346,RAMP3;MMP2
GO_Biological_Process_2023,Signal Release From Synapse (GO:0099643),2/38,0.2604410830799749,0.4624359488804407,0,0,2.081245985870263,2.800063835633346,NRXN2;SNCA
GO_Biological_Process_2023,Positive Regulation Of Production Of Molecular Mediator Of Immune Response (GO:0002702),2/38,0.2604410830799749,0.4624359488804407,0,0,2.081245985870263,2.800063835633346,IL6;MZB1
GO_Biological_Process_2023,Cellular Response To Oxygen-Containing Compound (GO:1901701),13/406,0.2624002312398998,0.4625176165231863,0,0,1.2428021878944522,1.6627255857256695,PDGFRA;CXCL6;RAMP3;IGFBP5;FZD4;FZD7;LDOC1;RORB;CLU;SLC5A5;SFRP1;IL6;PDE3A
GO_Biological_Process_2023,Anterograde Trans-Synaptic Signaling (GO:0098916),7/199,0.2628848553548833,0.4625176165231863,0,0,1.3680386673151752,1.8277532251021733,KCND2;PENK;PNOC;PCDHB14;NRXN2;NPTX2;SNCA
GO_Biological_Process_2023,Regulation Of Heart Contraction (GO:0008016),3/69,0.2678502831358694,0.4625176165231863,0,0,1.7034924534924536,2.244056772927486,KCNJ12;SCN1B;TBX2
GO_Biological_Process_2023,Regulation Of Monoatomic Ion Transmembrane Transporter Activity (GO:0032412),3/69,0.2678502831358694,0.4625176165231863,0,0,1.7034924534924536,2.244056772927486,FHL1;SCN1B;SHISA6
GO_Biological_Process_2023,Regulation Of Monoatomic Cation Transmembrane Transport (GO:1904062),2/39,0.2701610201586983,0.4625176165231863,0,0,2.0248919439670883,2.650051264795779,BPIFA1;DPP6
GO_Biological_Process_2023,Regulation Of Protein Tyrosine Kinase Activity (GO:0061097),2/39,0.2701610201586983,0.4625176165231863,0,0,2.0248919439670883,2.650051264795779,CAV1;THY1
GO_Biological_Process_2023,Release Of Sequestered Calcium Ion Into Cytosol (GO:0051209),2/39,0.2701610201586983,0.4625176165231863,0,0,2.0248919439670883,2.650051264795779,CLU;FGF2
GO_Biological_Process_2023,Negative Regulation Of Protein Secretion (GO:0050709),2/39,0.2701610201586983,0.4625176165231863,0,0,2.0248919439670883,2.650051264795779,SFRP1;INHBB
GO_Biological_Process_2023,Odontogenesis (GO:0042476),2/39,0.2701610201586983,0.4625176165231863,0,0,2.0248919439670883,2.650051264795779,COL1A2;MSX1
GO_Biological_Process_2023,Positive Regulation Of Pattern Recognition Receptor Signaling Pathway (GO:0062208),2/39,0.2701610201586983,0.4625176165231863,0,0,2.0248919439670883,2.650051264795779,CAV1;LTF
GO_Biological_Process_2023,NADPH Regeneration (GO:0006740),1/12,0.2715464230227929,0.4625176165231863,0,0,3.403496503496504,4.436873487374571,DDR2
GO_Biological_Process_2023,Regulation Of Leukocyte Adhesion To Vascular Endothelial Cell (GO:1904994),1/12,0.2715464230227929,0.4625176165231863,0,0,3.403496503496504,4.436873487374571,IL6
GO_Biological_Process_2023,Regulation Of Lymphocyte Migration (GO:2000401),1/12,0.2715464230227929,0.4625176165231863,0,0,3.403496503496504,4.436873487374571,JAM2
GO_Biological_Process_2023,Regulation Of Monooxygenase Activity (GO:0032768),1/12,0.2715464230227929,0.4625176165231863,0,0,3.403496503496504,4.436873487374571,SNCA
GO_Biological_Process_2023,Atrial Cardiac Muscle Cell Action Potential (GO:0086014),1/12,0.2715464230227929,0.4625176165231863,0,0,3.403496503496504,4.436873487374571,GJA1
GO_Biological_Process_2023,Atrial Cardiac Muscle Tissue Development (GO:0003228),1/12,0.2715464230227929,0.4625176165231863,0,0,3.403496503496504,4.436873487374571,GJB6
GO_Biological_Process_2023,Calcium Ion Import (GO:0070509),1/12,0.2715464230227929,0.4625176165231863,0,0,3.403496503496504,4.436873487374571,TRPC4
GO_Biological_Process_2023,Cell-Cell Junction Maintenance (GO:0045217),1/12,0.2715464230227929,0.4625176165231863,0,0,3.403496503496504,4.436873487374571,FERMT2
GO_Biological_Process_2023,"Regulation Of Retrograde Protein Transport, ER To Cytosol (GO:1904152)",1/12,0.2715464230227929,0.4625176165231863,0,0,3.403496503496504,4.436873487374571,DERL3
GO_Biological_Process_2023,Regulation Of Vascular Associated Smooth Muscle Cell Migration (GO:1904752),1/12,0.2715464230227929,0.4625176165231863,0,0,3.403496503496504,4.436873487374571,IGFBP5
GO_Biological_Process_2023,Response To Interleukin-6 (GO:0070741),1/12,0.2715464230227929,0.4625176165231863,0,0,3.403496503496504,4.436873487374571,PTGIS
GO_Biological_Process_2023,Response To Muramyl Dipeptide (GO:0032495),1/12,0.2715464230227929,0.4625176165231863,0,0,3.403496503496504,4.436873487374571,LDOC1
GO_Biological_Process_2023,Detection Of Bacterium (GO:0016045),1/12,0.2715464230227929,0.4625176165231863,0,0,3.403496503496504,4.436873487374571,PGLYRP4
GO_Biological_Process_2023,Endochondral Bone Morphogenesis (GO:0060350),1/12,0.2715464230227929,0.4625176165231863,0,0,3.403496503496504,4.436873487374571,DLX5
GO_Biological_Process_2023,Epithelial Cell Morphogenesis (GO:0003382),1/12,0.2715464230227929,0.4625176165231863,0,0,3.403496503496504,4.436873487374571,STC1
GO_Biological_Process_2023,Sphingomyelin Metabolic Process (GO:0006684),1/12,0.2715464230227929,0.4625176165231863,0,0,3.403496503496504,4.436873487374571,ABCA8
GO_Biological_Process_2023,Spinal Cord Development (GO:0021510),1/12,0.2715464230227929,0.4625176165231863,0,0,3.403496503496504,4.436873487374571,DLL1
GO_Biological_Process_2023,Steroid Catabolic Process (GO:0006706),1/12,0.2715464230227929,0.4625176165231863,0,0,3.403496503496504,4.436873487374571,CYP24A1
GO_Biological_Process_2023,Synaptic Membrane Adhesion (GO:0099560),1/12,0.2715464230227929,0.4625176165231863,0,0,3.403496503496504,4.436873487374571,LRRC4C
GO_Biological_Process_2023,Fibrinolysis (GO:0042730),1/12,0.2715464230227929,0.4625176165231863,0,0,3.403496503496504,4.436873487374571,SERPINF2
GO_Biological_Process_2023,Granulocyte Activation (GO:0036230),1/12,0.2715464230227929,0.4625176165231863,0,0,3.403496503496504,4.436873487374571,CXCL6
GO_Biological_Process_2023,Granulocyte Differentiation (GO:0030851),1/12,0.2715464230227929,0.4625176165231863,0,0,3.403496503496504,4.436873487374571,CSF3
GO_Biological_Process_2023,Low-Density Lipoprotein Particle Remodeling (GO:0034374),1/12,0.2715464230227929,0.4625176165231863,0,0,3.403496503496504,4.436873487374571,APOB
GO_Biological_Process_2023,Mesoderm Morphogenesis (GO:0048332),1/12,0.2715464230227929,0.4625176165231863,0,0,3.403496503496504,4.436873487374571,TBX3
GO_Biological_Process_2023,Negative Regulation By Host Of Viral Process (GO:0044793),1/12,0.2715464230227929,0.4625176165231863,0,0,3.403496503496504,4.436873487374571,LTF
GO_Biological_Process_2023,Negative Regulation Of JUN Kinase Activity (GO:0043508),1/12,0.2715464230227929,0.4625176165231863,0,0,3.403496503496504,4.436873487374571,SERPINB3
GO_Biological_Process_2023,Negative Regulation Of Complement Activation (GO:0045916),1/12,0.2715464230227929,0.4625176165231863,0,0,3.403496503496504,4.436873487374571,SVEP1
GO_Biological_Process_2023,Negative Regulation Of Hippo Signaling (GO:0035331),1/12,0.2715464230227929,0.4625176165231863,0,0,3.403496503496504,4.436873487374571,WTIP
GO_Biological_Process_2023,Negative Regulation Of Macrophage Derived Foam Cell Differentiation (GO:0010745),1/12,0.2715464230227929,0.4625176165231863,0,0,3.403496503496504,4.436873487374571,ITGB3
GO_Biological_Process_2023,Negative Regulation Of Potassium Ion Transport (GO:0043267),1/12,0.2715464230227929,0.4625176165231863,0,0,3.403496503496504,4.436873487374571,CAV1
GO_Biological_Process_2023,Neutrophil Mediated Immunity (GO:0002446),1/12,0.2715464230227929,0.4625176165231863,0,0,3.403496503496504,4.436873487374571,IL6
GO_Biological_Process_2023,Nucleotide Metabolic Process (GO:0009117),1/12,0.2715464230227929,0.4625176165231863,0,0,3.403496503496504,4.436873487374571,ENPP3
GO_Biological_Process_2023,Positive Regulation Of ERAD Pathway (GO:1904294),1/12,0.2715464230227929,0.4625176165231863,0,0,3.403496503496504,4.436873487374571,CAV1
GO_Biological_Process_2023,Positive Regulation Of T Cell Chemotaxis (GO:0010820),1/12,0.2715464230227929,0.4625176165231863,0,0,3.403496503496504,4.436873487374571,S100A7
GO_Biological_Process_2023,Positive Regulation Of T-helper 1 Type Immune Response (GO:0002827),1/12,0.2715464230227929,0.4625176165231863,0,0,3.403496503496504,4.436873487374571,IL1R1
GO_Biological_Process_2023,Positive Regulation Of Calcium-Mediated Signaling (GO:0050850),1/12,0.2715464230227929,0.4625176165231863,0,0,3.403496503496504,4.436873487374571,CDH13
GO_Biological_Process_2023,Positive Regulation Of Cell Morphogenesis Involved In Differentiation (GO:0010770),1/12,0.2715464230227929,0.4625176165231863,0,0,3.403496503496504,4.436873487374571,OBSL1
GO_Biological_Process_2023,Positive Regulation Of Integrin-Mediated Signaling Pathway (GO:2001046),1/12,0.2715464230227929,0.4625176165231863,0,0,3.403496503496504,4.436873487374571,LAMA2
GO_Biological_Process_2023,Positive Regulation Of Neuroinflammatory Response (GO:0150078),1/12,0.2715464230227929,0.4625176165231863,0,0,3.403496503496504,4.436873487374571,IL6
GO_Biological_Process_2023,Positive Regulation Of Purine Nucleotide Biosynthetic Process (GO:1900373),1/12,0.2715464230227929,0.4625176165231863,0,0,3.403496503496504,4.436873487374571,PPARGC1A
GO_Biological_Process_2023,Positive Regulation Of Sodium Ion Transport (GO:0010765),1/12,0.2715464230227929,0.4625176165231863,0,0,3.403496503496504,4.436873487374571,SCN1B
GO_Biological_Process_2023,Positive Regulation Of Vascular Endothelial Cell Proliferation (GO:1905564),1/12,0.2715464230227929,0.4625176165231863,0,0,3.403496503496504,4.436873487374571,FGF2
GO_Biological_Process_2023,Positive Regulation Of Vasoconstriction (GO:0045907),1/12,0.2715464230227929,0.4625176165231863,0,0,3.403496503496504,4.436873487374571,CAV1
GO_Biological_Process_2023,Positive Regulation Of Voltage-Gated Calcium Channel Activity (GO:1901387),1/12,0.2715464230227929,0.4625176165231863,0,0,3.403496503496504,4.436873487374571,STAC2
GO_Biological_Process_2023,Regulation Of SNARE Complex Assembly (GO:0035542),1/12,0.2715464230227929,0.4625176165231863,0,0,3.403496503496504,4.436873487374571,SNCA
GO_Biological_Process_2023,Regulation Of Cell Communication By Electrical Coupling (GO:0010649),1/12,0.2715464230227929,0.4625176165231863,0,0,3.403496503496504,4.436873487374571,CAV1
GO_Biological_Process_2023,Negative Regulation Of Extrinsic Apoptotic Signaling Pathway (GO:2001237),3/70,0.2749354883746577,0.4665934157778612,0,0,1.6779807526076185,2.166640288039712,EYA4;THBS1;HSPA1B
GO_Biological_Process_2023,Neutrophil Chemotaxis (GO:0030593),3/70,0.2749354883746577,0.4665934157778612,0,0,1.6779807526076185,2.166640288039712,CXCL6;EDN3;SAA1
GO_Biological_Process_2023,Regulation Of Notch Signaling Pathway (GO:0008593),3/70,0.2749354883746577,0.4665934157778612,0,0,1.6779807526076185,2.166640288039712,EGFL7;GATA2;DLL1
GO_Biological_Process_2023,Regulation Of Actin Filament-Based Process (GO:0032970),3/70,0.2749354883746577,0.4665934157778612,0,0,1.6779807526076185,2.166640288039712,PDGFRB;FAM107A;NRG1
GO_Biological_Process_2023,Regulation Of Cellular Biosynthetic Process (GO:0031326),3/70,0.2749354883746577,0.4665934157778612,0,0,1.6779807526076185,2.166640288039712,C3;STC2;CES1
GO_Biological_Process_2023,Regulation Of Cytosolic Calcium Ion Concentration (GO:0051480),2/40,0.2798773693075183,0.4725212743333323,0,0,1.971503904269344,2.51052044217813,TRPC4;CAV1
GO_Biological_Process_2023,Regulation Of Microtubule Polymerization (GO:0031113),2/40,0.2798773693075183,0.4725212743333323,0,0,1.971503904269344,2.51052044217813,CDH5;SNCA
GO_Biological_Process_2023,Cellular Response To Heat (GO:0034605),2/40,0.2798773693075183,0.4725212743333323,0,0,1.971503904269344,2.51052044217813,THBS1;HSPA1B
GO_Biological_Process_2023,Cyclic-Nucleotide-Mediated Signaling (GO:0019935),2/40,0.2798773693075183,0.4725212743333323,0,0,1.971503904269344,2.51052044217813,PDE3A;ADCY2
GO_Biological_Process_2023,Retinoid Metabolic Process (GO:0001523),2/40,0.2798773693075183,0.4725212743333323,0,0,1.971503904269344,2.51052044217813,AKR1B10;RDH12
GO_Biological_Process_2023,Negative Regulation Of Mitotic Cell Cycle Phase Transition (GO:1901991),2/40,0.2798773693075183,0.4725212743333323,0,0,1.971503904269344,2.51052044217813,FHL1;FAM107A
GO_Biological_Process_2023,Negative Regulation Of Protein Binding (GO:0032091),3/71,0.2820395145035963,0.4725212743333323,0,0,1.6532193958664547,2.0924931729974707,SLPI;CAV1;DKK1
GO_Biological_Process_2023,Chemical Synaptic Transmission (GO:0007268),9/273,0.283161283122592,0.4725212743333323,0,0,1.2794078480113635,1.61427831642321,KCND2;PENK;PNOC;PCDHB14;NRXN2;NSG1;NPTX2;SHISA6;SNCA
GO_Biological_Process_2023,Regulation Of Cellular Localization (GO:0060341),3/72,0.2891594525732905,0.4725212743333323,0,0,1.6291757596105425,2.021443818021447,ITGB3;KRT5;SLC26A4
GO_Biological_Process_2023,Regulation Of Chemokine Production (GO:0032642),2/41,0.2895837331082398,0.4725212743333323,0,0,1.9208537127612275,2.3805347327254744,IL6;ALOX15B
GO_Biological_Process_2023,Detection Of Chemical Stimulus Involved In Sensory Perception Of Bitter Taste (GO:0001580),2/41,0.2895837331082398,0.4725212743333323,0,0,1.9208537127612275,2.3805347327254744,CST2;PIP
GO_Biological_Process_2023,Heart Contraction (GO:0060047),2/41,0.2895837331082398,0.4725212743333323,0,0,1.9208537127612275,2.3805347327254744,TNNC1;SCN1B
GO_Biological_Process_2023,Visual System Development (GO:0150063),2/41,0.2895837331082398,0.4725212743333323,0,0,1.9208537127612275,2.3805347327254744,C3;CPAMD8
GO_Biological_Process_2023,Positive Regulation Of Actin Filament Polymerization (GO:0030838),2/41,0.2895837331082398,0.4725212743333323,0,0,1.9208537127612275,2.3805347327254744,CSF3;LMOD1
GO_Biological_Process_2023,ERBB2 Signaling Pathway (GO:0038128),1/13,0.2905340030059772,0.4725212743333323,0,0,3.1197115384615386,3.856071589509544,NRG1
GO_Biological_Process_2023,Regulation Of Fatty Acid Beta-Oxidation (GO:0031998),1/13,0.2905340030059772,0.4725212743333323,0,0,3.1197115384615386,3.856071589509544,TWIST1
GO_Biological_Process_2023,Regulation Of Flagellated Sperm Motility (GO:1901317),1/13,0.2905340030059772,0.4725212743333323,0,0,3.1197115384615386,3.856071589509544,TACR1
GO_Biological_Process_2023,Regulation Of Gastrulation (GO:0010470),1/13,0.2905340030059772,0.4725212743333323,0,0,3.1197115384615386,3.856071589509544,TENM4
GO_Biological_Process_2023,Regulation Of Lamellipodium Organization (GO:1902743),1/13,0.2905340030059772,0.4725212743333323,0,0,3.1197115384615386,3.856071589509544,PDPN
GO_Biological_Process_2023,Acute-Phase Response (GO:0006953),1/13,0.2905340030059772,0.4725212743333323,0,0,3.1197115384615386,3.856071589509544,IL6
GO_Biological_Process_2023,acyl-CoA Biosynthetic Process (GO:0071616),1/13,0.2905340030059772,0.4725212743333323,0,0,3.1197115384615386,3.856071589509544,PPT2
GO_Biological_Process_2023,Regulation Of Nitric-Oxide Synthase Biosynthetic Process (GO:0051769),1/13,0.2905340030059772,0.4725212743333323,0,0,3.1197115384615386,3.856071589509544,KDR
GO_Biological_Process_2023,Regulation Of Oxidoreductase Activity (GO:0051341),1/13,0.2905340030059772,0.4725212743333323,0,0,3.1197115384615386,3.856071589509544,HP
GO_Biological_Process_2023,Cardiac Left Ventricle Morphogenesis (GO:0003214),1/13,0.2905340030059772,0.4725212743333323,0,0,3.1197115384615386,3.856071589509544,SFRP2
GO_Biological_Process_2023,Cardiocyte Differentiation (GO:0035051),1/13,0.2905340030059772,0.4725212743333323,0,0,3.1197115384615386,3.856071589509544,NRG1
GO_Biological_Process_2023,Regulation Of Response To Endoplasmic Reticulum Stress (GO:1905897),1/13,0.2905340030059772,0.4725212743333323,0,0,3.1197115384615386,3.856071589509544,CLU
GO_Biological_Process_2023,Regulation Of Short-Term Neuronal Synaptic Plasticity (GO:0048172),1/13,0.2905340030059772,0.4725212743333323,0,0,3.1197115384615386,3.856071589509544,SHISA6
GO_Biological_Process_2023,Clathrin Coat Assembly (GO:0048268),1/13,0.2905340030059772,0.4725212743333323,0,0,3.1197115384615386,3.856071589509544,NSG1
GO_Biological_Process_2023,Response To Chemokine (GO:1990868),1/13,0.2905340030059772,0.4725212743333323,0,0,3.1197115384615386,3.856071589509544,CXCL12
GO_Biological_Process_2023,Cranial Nerve Development (GO:0021545),1/13,0.2905340030059772,0.4725212743333323,0,0,3.1197115384615386,3.856071589509544,SALL1
GO_Biological_Process_2023,Secondary Palate Development (GO:0062009),1/13,0.2905340030059772,0.4725212743333323,0,0,3.1197115384615386,3.856071589509544,LRRC32
GO_Biological_Process_2023,Embryonic Hemopoiesis (GO:0035162),1/13,0.2905340030059772,0.4725212743333323,0,0,3.1197115384615386,3.856071589509544,KDR
GO_Biological_Process_2023,Endolysosomal Toll-Like Receptor Signaling Pathway (GO:0140894),1/13,0.2905340030059772,0.4725212743333323,0,0,3.1197115384615386,3.856071589509544,SCARA3
GO_Biological_Process_2023,"Endonucleolytic Cleavage Of Tricistronic rRNA Transcript (SSU-rRNA, 5.8S rRNA, LSU-rRNA) (GO:0000479)",1/13,0.2905340030059772,0.4725212743333323,0,0,3.1197115384615386,3.856071589509544,LTB4R2
GO_Biological_Process_2023,Sodium-Independent Organic Anion Transport (GO:0043252),1/13,0.2905340030059772,0.4725212743333323,0,0,3.1197115384615386,3.856071589509544,SLCO2A1
GO_Biological_Process_2023,Substrate-Dependent Cell Migration (GO:0006929),1/13,0.2905340030059772,0.4725212743333323,0,0,3.1197115384615386,3.856071589509544,VEGFC
GO_Biological_Process_2023,Thymus Development (GO:0048538),1/13,0.2905340030059772,0.4725212743333323,0,0,3.1197115384615386,3.856071589509544,HAND2
GO_Biological_Process_2023,Heparan Sulfate Proteoglycan Metabolic Process (GO:0030201),1/13,0.2905340030059772,0.4725212743333323,0,0,3.1197115384615386,3.856071589509544,SULF1
GO_Biological_Process_2023,Interleukin-6-Mediated Signaling Pathway (GO:0070102),1/13,0.2905340030059772,0.4725212743333323,0,0,3.1197115384615386,3.856071589509544,IL6
GO_Biological_Process_2023,Killing By Host Of Symbiont Cells (GO:0051873),1/13,0.2905340030059772,0.4725212743333323,0,0,3.1197115384615386,3.856071589509544,NRG1
GO_Biological_Process_2023,Membrane Depolarization During Action Potential (GO:0086010),1/13,0.2905340030059772,0.4725212743333323,0,0,3.1197115384615386,3.856071589509544,SCN1B
GO_Biological_Process_2023,Membrane Protein Intracellular Domain Proteolysis (GO:0031293),1/13,0.2905340030059772,0.4725212743333323,0,0,3.1197115384615386,3.856071589509544,MMP7
GO_Biological_Process_2023,"Negative Regulation Of DNA Damage Response, Signal Transduction By P53 Class Mediator (GO:0043518)",1/13,0.2905340030059772,0.4725212743333323,0,0,3.1197115384615386,3.856071589509544,TWIST1
GO_Biological_Process_2023,Negative Regulation Of Cartilage Development (GO:0061037),1/13,0.2905340030059772,0.4725212743333323,0,0,3.1197115384615386,3.856071589509544,PTHLH
GO_Biological_Process_2023,Negative Regulation Of Cell Migration Involved In Sprouting Angiogenesis (GO:0090051),1/13,0.2905340030059772,0.4725212743333323,0,0,3.1197115384615386,3.856071589509544,THBS1
GO_Biological_Process_2023,Negative Regulation Of Interleukin-12 Production (GO:0032695),1/13,0.2905340030059772,0.4725212743333323,0,0,3.1197115384615386,3.856071589509544,THBS1
GO_Biological_Process_2023,Nucleotide-Sugar Metabolic Process (GO:0009225),1/13,0.2905340030059772,0.4725212743333323,0,0,3.1197115384615386,3.856071589509544,GFPT2
GO_Biological_Process_2023,Peptidyl-Tyrosine Autophosphorylation (GO:0038083),1/13,0.2905340030059772,0.4725212743333323,0,0,3.1197115384615386,3.856071589509544,KDR
GO_Biological_Process_2023,Plasma Membrane Tubulation (GO:0097320),1/13,0.2905340030059772,0.4725212743333323,0,0,3.1197115384615386,3.856071589509544,CAVIN2
GO_Biological_Process_2023,Positive Regulation Of Glycoprotein Biosynthetic Process (GO:0010560),1/13,0.2905340030059772,0.4725212743333323,0,0,3.1197115384615386,3.856071589509544,RAMP1
GO_Biological_Process_2023,Positive Regulation Of Granulocyte Macrophage Colony-Stimulating Factor Production (GO:0032725),1/13,0.2905340030059772,0.4725212743333323,0,0,3.1197115384615386,3.856071589509544,PAEP
GO_Biological_Process_2023,Positive Regulation Of Macrophage Chemotaxis (GO:0010759),1/13,0.2905340030059772,0.4725212743333323,0,0,3.1197115384615386,3.856071589509544,THBS1
GO_Biological_Process_2023,Positive Regulation Of Protein Deacetylation (GO:0090312),1/13,0.2905340030059772,0.4725212743333323,0,0,3.1197115384615386,3.856071589509544,NNMT
GO_Biological_Process_2023,Positive Regulation Of Type 2 Immune Response (GO:0002830),1/13,0.2905340030059772,0.4725212743333323,0,0,3.1197115384615386,3.856071589509544,IL6
GO_Biological_Process_2023,Potassium Ion Export Across Plasma Membrane (GO:0097623),1/13,0.2905340030059772,0.4725212743333323,0,0,3.1197115384615386,3.856071589509544,KCNE4
GO_Biological_Process_2023,Protein Hydroxylation (GO:0018126),1/13,0.2905340030059772,0.4725212743333323,0,0,3.1197115384615386,3.856071589509544,P3H3
GO_Biological_Process_2023,Protein Localization To Synapse (GO:0035418),1/13,0.2905340030059772,0.4725212743333323,0,0,3.1197115384615386,3.856071589509544,NRXN2
GO_Biological_Process_2023,Regulation Of T Cell Chemotaxis (GO:0010819),1/13,0.2905340030059772,0.4725212743333323,0,0,3.1197115384615386,3.856071589509544,S100A7
GO_Biological_Process_2023,Regulation Of cAMP-dependent Protein Kinase Activity (GO:2000479),1/13,0.2905340030059772,0.4725212743333323,0,0,3.1197115384615386,3.856071589509544,PKIG
GO_Biological_Process_2023,Regulation Of Cellular Ketone Metabolic Process (GO:0010565),1/13,0.2905340030059772,0.4725212743333323,0,0,3.1197115384615386,3.856071589509544,CES1
GO_Biological_Process_2023,Cellular Response To Reactive Oxygen Species (GO:0034614),3/73,0.2962924570820927,0.4805518936885464,0,0,1.605819084390513,1.9533316332550632,PDGFRA;IL6;CLU
GO_Biological_Process_2023,Granulocyte Chemotaxis (GO:0071621),3/73,0.2962924570820927,0.4805518936885464,0,0,1.605819084390513,1.9533316332550632,CXCL6;EDN3;SAA1
GO_Biological_Process_2023,Positive Regulation Of Secretion By Cell (GO:1903532),3/73,0.2962924570820927,0.4805518936885464,0,0,1.605819084390513,1.9533316332550632,EDN3;BMP6;SNCA
GO_Biological_Process_2023,Protein Tetramerization (GO:0051262),3/73,0.2962924570820927,0.4805518936885464,0,0,1.605819084390513,1.9533316332550632,KCNJ12;CLU;SNCA
GO_Biological_Process_2023,Regulation Of Neurotransmitter Receptor Activity (GO:0099601),2/42,0.2992740486375471,0.4840377750411684,0,0,1.8727360308285164,2.2592604602481448,NPTX2;SHISA6
GO_Biological_Process_2023,Cardiac Ventricle Morphogenesis (GO:0003208),2/42,0.2992740486375471,0.4840377750411684,0,0,1.8727360308285164,2.2592604602481448,SFRP2;TNNC1
GO_Biological_Process_2023,Sensory Perception Of Bitter Taste (GO:0050913),2/42,0.2992740486375471,0.4840377750411684,0,0,1.8727360308285164,2.2592604602481448,CST2;PIP
GO_Biological_Process_2023,Positive Regulation Of Neuron Differentiation (GO:0045666),2/42,0.2992740486375471,0.4840377750411684,0,0,1.8727360308285164,2.2592604602481448,NRCAM;ADRA2C
GO_Biological_Process_2023,Protein Stabilization (GO:0050821),7/208,0.2994751221326443,0.4840377750411684,0,0,1.306173413090191,1.5748845402948113,SOX17;DSG1;MSX1;PPARGC1A;CRYAB;CLU;HSPA1B
GO_Biological_Process_2023,Glycolipid Biosynthetic Process (GO:0009247),2/43,0.3089425743621404,0.4890152727721879,0,0,1.826965552892523,2.1459534878476334,CWH43;ST6GALNAC5
GO_Biological_Process_2023,Negative Regulation Of BMP Signaling Pathway (GO:0030514),2/43,0.3089425743621404,0.4890152727721879,0,0,1.826965552892523,2.1459534878476334,CHRD;FBN1
GO_Biological_Process_2023,Neurotransmitter Secretion (GO:0007269),2/43,0.3089425743621404,0.4890152727721879,0,0,1.826965552892523,2.1459534878476334,NRXN2;SNCA
GO_Biological_Process_2023,Positive Regulation Of Biomineral Tissue Development (GO:0070169),2/43,0.3089425743621404,0.4890152727721879,0,0,1.826965552892523,2.1459534878476334,PTN;BMP6
GO_Biological_Process_2023,Regulation Of JUN Kinase Activity (GO:0043506),2/43,0.3089425743621404,0.4890152727721879,0,0,1.826965552892523,2.1459534878476334,SERPINB3;DKK1
GO_Biological_Process_2023,Regulation Of Establishment Of Protein Localization (GO:0070201),1/14,0.3090275848432272,0.4890152727721879,0,0,2.879585798816568,3.3815688293319623,PTP4A3
GO_Biological_Process_2023,Regulation Of Feeding Behavior (GO:0060259),1/14,0.3090275848432272,0.4890152727721879,0,0,2.879585798816568,3.3815688293319623,SGIP1
GO_Biological_Process_2023,MHC Class II Protein Complex Assembly (GO:0002399),1/14,0.3090275848432272,0.4890152727721879,0,0,2.879585798816568,3.3815688293319623,HLA-DRB5
GO_Biological_Process_2023,Regulation Of Hemopoiesis (GO:1903706),1/14,0.3090275848432272,0.4890152727721879,0,0,2.879585798816568,3.3815688293319623,PTN
GO_Biological_Process_2023,Regulation Of Microglial Cell Activation (GO:1903978),1/14,0.3090275848432272,0.4890152727721879,0,0,2.879585798816568,3.3815688293319623,IL6
GO_Biological_Process_2023,Regulation Of Neuron Projection Arborization (GO:0150011),1/14,0.3090275848432272,0.4890152727721879,0,0,2.879585798816568,3.3815688293319623,FZD4
GO_Biological_Process_2023,Respiratory Electron Transport Chain (GO:0022904),1/14,0.3090275848432272,0.4890152727721879,0,0,2.879585798816568,3.3815688293319623,PPARGC1A
GO_Biological_Process_2023,Electron Transport Chain (GO:0022900),1/14,0.3090275848432272,0.4890152727721879,0,0,2.879585798816568,3.3815688293319623,PPARGC1A
GO_Biological_Process_2023,Endoderm Development (GO:0007492),1/14,0.3090275848432272,0.4890152727721879,0,0,2.879585798816568,3.3815688293319623,SOX17
GO_Biological_Process_2023,Smooth Muscle Contraction (GO:0006939),1/14,0.3090275848432272,0.4890152727721879,0,0,2.879585798816568,3.3815688293319623,MYLK
GO_Biological_Process_2023,Striated Muscle Tissue Development (GO:0014706),1/14,0.3090275848432272,0.4890152727721879,0,0,2.879585798816568,3.3815688293319623,TBX2
GO_Biological_Process_2023,Hyaluronan Metabolic Process (GO:0030212),1/14,0.3090275848432272,0.4890152727721879,0,0,2.879585798816568,3.3815688293319623,FGF2
GO_Biological_Process_2023,Icosanoid Transport (GO:0071715),1/14,0.3090275848432272,0.4890152727721879,0,0,2.879585798816568,3.3815688293319623,SLCO2A1
GO_Biological_Process_2023,Membrane Repolarization During Cardiac Muscle Cell Action Potential (GO:0086013),1/14,0.3090275848432272,0.4890152727721879,0,0,2.879585798816568,3.3815688293319623,KCNJ8
GO_Biological_Process_2023,Negative Regulation Of Androgen Receptor Signaling Pathway (GO:0060766),1/14,0.3090275848432272,0.4890152727721879,0,0,2.879585798816568,3.3815688293319623,SFRP1
GO_Biological_Process_2023,Negative Regulation Of Chondrocyte Differentiation (GO:0032331),1/14,0.3090275848432272,0.4890152727721879,0,0,2.879585798816568,3.3815688293319623,PTHLH
GO_Biological_Process_2023,Negative Regulation Of Receptor Signaling Pathway Via STAT (GO:1904893),1/14,0.3090275848432272,0.4890152727721879,0,0,2.879585798816568,3.3815688293319623,CAV1
GO_Biological_Process_2023,Odontogenesis Of Dentin-Containing Tooth (GO:0042475),1/14,0.3090275848432272,0.4890152727721879,0,0,2.879585798816568,3.3815688293319623,MSX1
GO_Biological_Process_2023,Peptide Antigen Assembly With MHC Class II Protein Complex (GO:0002503),1/14,0.3090275848432272,0.4890152727721879,0,0,2.879585798816568,3.3815688293319623,HLA-DRB5
GO_Biological_Process_2023,Photoreceptor Cell Development (GO:0042461),1/14,0.3090275848432272,0.4890152727721879,0,0,2.879585798816568,3.3815688293319623,RORB
GO_Biological_Process_2023,Positive Regulation Of Heterotypic Cell-Cell Adhesion (GO:0034116),1/14,0.3090275848432272,0.4890152727721879,0,0,2.879585798816568,3.3815688293319623,THY1
GO_Biological_Process_2023,Positive Regulation Of Histone Acetylation (GO:0035066),1/14,0.3090275848432272,0.4890152727721879,0,0,2.879585798816568,3.3815688293319623,PPARGC1A
GO_Biological_Process_2023,Positive Regulation Of Long-Term Synaptic Potentiation (GO:1900273),1/14,0.3090275848432272,0.4890152727721879,0,0,2.879585798816568,3.3815688293319623,SHANK3
GO_Biological_Process_2023,Positive Regulation Of Transcription From RNA Polymerase II Promoter Involved In Cellular Response To Chemical Stimulus (GO:1901522),1/14,0.3090275848432272,0.4890152727721879,0,0,2.879585798816568,3.3815688293319623,DLX5
GO_Biological_Process_2023,Positive Regulation Of Transporter Activity (GO:0032411),1/14,0.3090275848432272,0.4890152727721879,0,0,2.879585798816568,3.3815688293319623,PPARGC1A
GO_Biological_Process_2023,Regulation Of ATP Biosynthetic Process (GO:2001169),1/14,0.3090275848432272,0.4890152727721879,0,0,2.879585798816568,3.3815688293319623,PPARGC1A
GO_Biological_Process_2023,Lipid Transport (GO:0006869),4/108,0.3103479142939618,0.4901111363968028,0,0,1.441377771165005,1.6865003582931877,ABCA6;SLCO2A1;ABCA9;ABCA8
GO_Biological_Process_2023,Positive Regulation Of DNA Metabolic Process (GO:0051054),4/108,0.3103479142939618,0.4901111363968028,0,0,1.441377771165005,1.6865003582931877,PDGFRB;SMOC2;EYA4;FGF2
GO_Biological_Process_2023,Positive Regulation Of Translation (GO:0045727),4/108,0.3103479142939618,0.4901111363968028,0,0,1.441377771165005,1.6865003582931877,IL6;PRR16;THBS1;LARP6
GO_Biological_Process_2023,Positive Regulation Of Neurogenesis (GO:0050769),3/75,0.3105866043415439,0.4901575656117897,0,0,1.5610521235521235,1.8253265363148,NTRK2;OBSL1;SHANK3
GO_Biological_Process_2023,Regulation Of Insulin Receptor Signaling Pathway (GO:0046626),2/44,0.3185838776501563,0.5010902897627039,0,0,1.7833746215249104,2.039947812598641,MZB1;TNS2
GO_Biological_Process_2023,Lymphocyte Chemotaxis (GO:0048247),2/44,0.3185838776501563,0.5010902897627039,0,0,1.7833746215249104,2.039947812598641,SAA1;CYP7B1
GO_Biological_Process_2023,Negative Regulation Of Immune System Process (GO:0002683),2/44,0.3185838776501563,0.5010902897627039,0,0,1.7833746215249104,2.039947812598641,COL3A1;BPIFB1
GO_Biological_Process_2023,Neural Crest Cell Development (GO:0014032),2/44,0.3185838776501563,0.5010902897627039,0,0,1.7833746215249104,2.039947812598641,SEMA3B;NRG1
GO_Biological_Process_2023,Positive Regulation Of Biosynthetic Process (GO:0009891),2/44,0.3185838776501563,0.5010902897627039,0,0,1.7833746215249104,2.039947812598641,SERPINF2;LARP6
GO_Biological_Process_2023,Negative Regulation Of Cytokine Production (GO:0001818),6/178,0.3194634118202764,0.5021364499886491,0,0,1.307766990291262,1.492309297263306,IL6;APOD;INHBB;CD34;DLL1;THBS1
GO_Biological_Process_2023,Regulation Of JNK Cascade (GO:0046328),4/110,0.322150949241993,0.5023709742753082,0,0,1.414035984088172,1.601728130778754,SH3RF3;FZD7;SERPINF2;CCN2
GO_Biological_Process_2023,Positive Regulation Of Cytokine Production (GO:0001819),10/320,0.3239718612885883,0.5023709742753082,0,0,1.21008774698567,1.3638882234576015,C3;IL6;IL1R1;SERPINF2;SAA1;TWIST1;PAEP;SULF1;ALOX15B;HSPA1B
GO_Biological_Process_2023,Actomyosin Structure Organization (GO:0031032),3/77,0.3249004821498179,0.5023709742753082,0,0,1.518704998434728,1.7073833676807944,FHOD3;LMOD1;MYL9
GO_Biological_Process_2023,Cell Morphogenesis Involved In Neuron Differentiation (GO:0048667),3/77,0.3249004821498179,0.5023709742753082,0,0,1.518704998434728,1.7073833676807944,SLITRK4;NRCAM;CNTN4
GO_Biological_Process_2023,Neutrophil Migration (GO:1990266),3/77,0.3249004821498179,0.5023709742753082,0,0,1.518704998434728,1.7073833676807944,CXCL6;EDN3;SAA1
GO_Biological_Process_2023,Regulation Of Granulocyte Macrophage Colony-Stimulating Factor Production (GO:0032645),1/15,0.3270399967148799,0.5023709742753082,0,0,2.6737637362637363,2.988393005530288,PAEP
GO_Biological_Process_2023,Regulation Of Hormone Secretion (GO:0046883),1/15,0.3270399967148799,0.5023709742753082,0,0,2.6737637362637363,2.988393005530288,EDN3
GO_Biological_Process_2023,Adenylate Cyclase-Activating Adrenergic Receptor Signaling Pathway (GO:0071880),1/15,0.3270399967148799,0.5023709742753082,0,0,2.6737637362637363,2.988393005530288,ADRA2C
GO_Biological_Process_2023,Regulation Of miRNA-mediated Gene Silencing (GO:0060964),1/15,0.3270399967148799,0.5023709742753082,0,0,2.6737637362637363,2.988393005530288,WTIP
GO_Biological_Process_2023,Astrocyte Development (GO:0014002),1/15,0.3270399967148799,0.5023709742753082,0,0,2.6737637362637363,2.988393005530288,DLL1
GO_Biological_Process_2023,Cellular Response To Corticosteroid Stimulus (GO:0071384),1/15,0.3270399967148799,0.5023709742753082,0,0,2.6737637362637363,2.988393005530288,FAM107A
GO_Biological_Process_2023,Cellular Response To Estrogen Stimulus (GO:0071391),1/15,0.3270399967148799,0.5023709742753082,0,0,2.6737637362637363,2.988393005530288,SFRP1
GO_Biological_Process_2023,Regulation Of Systemic Arterial Blood Pressure By Hormone (GO:0001990),1/15,0.3270399967148799,0.5023709742753082,0,0,2.6737637362637363,2.988393005530288,EDN3
GO_Biological_Process_2023,Cellular Response To Zinc Ion (GO:0071294),1/15,0.3270399967148799,0.5023709742753082,0,0,2.6737637362637363,2.988393005530288,MT1A
GO_Biological_Process_2023,Dendritic Cell Chemotaxis (GO:0002407),1/15,0.3270399967148799,0.5023709742753082,0,0,2.6737637362637363,2.988393005530288,CLU
GO_Biological_Process_2023,Dendritic Spine Morphogenesis (GO:0060997),1/15,0.3270399967148799,0.5023709742753082,0,0,2.6737637362637363,2.988393005530288,SHANK3
GO_Biological_Process_2023,Retrograde Axonal Transport (GO:0008090),1/15,0.3270399967148799,0.5023709742753082,0,0,2.6737637362637363,2.988393005530288,TMEM108
GO_Biological_Process_2023,Epiboly Involved In Wound Healing (GO:0090505),1/15,0.3270399967148799,0.5023709742753082,0,0,2.6737637362637363,2.988393005530288,PDPN
GO_Biological_Process_2023,Stem Cell Development (GO:0048864),1/15,0.3270399967148799,0.5023709742753082,0,0,2.6737637362637363,2.988393005530288,NRG1
GO_Biological_Process_2023,Ganglioside Biosynthetic Process (GO:0001574),1/15,0.3270399967148799,0.5023709742753082,0,0,2.6737637362637363,2.988393005530288,ST6GALNAC5
GO_Biological_Process_2023,Glycosaminoglycan Catabolic Process (GO:0006027),1/15,0.3270399967148799,0.5023709742753082,0,0,2.6737637362637363,2.988393005530288,FGF2
GO_Biological_Process_2023,Membrane Repolarization During Action Potential (GO:0086011),1/15,0.3270399967148799,0.5023709742753082,0,0,2.6737637362637363,2.988393005530288,KCNE4
GO_Biological_Process_2023,Negative Regulation Of Epithelial Cell Differentiation (GO:0030857),1/15,0.3270399967148799,0.5023709742753082,0,0,2.6737637362637363,2.988393005530288,DLL1
GO_Biological_Process_2023,Negative Regulation Of Immune Effector Process (GO:0002698),1/15,0.3270399967148799,0.5023709742753082,0,0,2.6737637362637363,2.988393005530288,ENPP3
GO_Biological_Process_2023,Nucleotide-Sugar Biosynthetic Process (GO:0009226),1/15,0.3270399967148799,0.5023709742753082,0,0,2.6737637362637363,2.988393005530288,GFPT2
GO_Biological_Process_2023,Oogenesis (GO:0048477),1/15,0.3270399967148799,0.5023709742753082,0,0,2.6737637362637363,2.988393005530288,PTN
GO_Biological_Process_2023,Polyol Biosynthetic Process (GO:0046173),1/15,0.3270399967148799,0.5023709742753082,0,0,2.6737637362637363,2.988393005530288,FGF2
GO_Biological_Process_2023,"Positive Regulation Of DNA Damage Response, Signal Transduction By P53 Class Mediator (GO:0043517)",1/15,0.3270399967148799,0.5023709742753082,0,0,2.6737637362637363,2.988393005530288,MSX1
GO_Biological_Process_2023,Positive Regulation Of Cyclin-Dependent Protein Serine/Threonine Kinase Activity (GO:0045737),1/15,0.3270399967148799,0.5023709742753082,0,0,2.6737637362637363,2.988393005530288,CCND1
GO_Biological_Process_2023,Positive Regulation Of Potassium Ion Transport (GO:0043268),1/15,0.3270399967148799,0.5023709742753082,0,0,2.6737637362637363,2.988393005530288,FHL1
GO_Biological_Process_2023,Positive Regulation Of Transmembrane Transport (GO:0034764),1/15,0.3270399967148799,0.5023709742753082,0,0,2.6737637362637363,2.988393005530288,C3
GO_Biological_Process_2023,Protein Localization To Cell-Cell Junction (GO:0150105),1/15,0.3270399967148799,0.5023709742753082,0,0,2.6737637362637363,2.988393005530288,CDH5
GO_Biological_Process_2023,Regulation Of Amyloid-Beta Clearance (GO:1900221),1/15,0.3270399967148799,0.5023709742753082,0,0,2.6737637362637363,2.988393005530288,CLU
GO_Biological_Process_2023,Regulation Of Bicellular Tight Junction Assembly (GO:2000810),1/15,0.3270399967148799,0.5023709742753082,0,0,2.6737637362637363,2.988393005530288,CLDN5
GO_Biological_Process_2023,Regulation Of Stem Cell Differentiation (GO:2000736),2/45,0.3281928226478315,0.5023709742753082,0,0,1.741811175337187,1.9406458349504487,PDGFRA;PTN
GO_Biological_Process_2023,Detection Of Chemical Stimulus Involved In Sensory Perception Of Taste (GO:0050912),2/45,0.3281928226478315,0.5023709742753082,0,0,1.741811175337187,1.9406458349504487,CST2;PIP
GO_Biological_Process_2023,Triglyceride Metabolic Process (GO:0006641),2/45,0.3281928226478315,0.5023709742753082,0,0,1.741811175337187,1.9406458349504487,CAV1;APOB
GO_Biological_Process_2023,Hexose Metabolic Process (GO:0019318),2/45,0.3281928226478315,0.5023709742753082,0,0,1.741811175337187,1.9406458349504487,CHST1;APOD
GO_Biological_Process_2023,Zymogen Activation (GO:0031638),2/45,0.3281928226478315,0.5023709742753082,0,0,1.741811175337187,1.9406458349504487,C1R;MASP1
GO_Biological_Process_2023,Organic Hydroxy Compound Transport (GO:0015850),2/45,0.3281928226478315,0.5023709742753082,0,0,1.741811175337187,1.9406458349504487,SLC5A8;STRA6
GO_Biological_Process_2023,Cellular Response To Nutrient Levels (GO:0031669),3/78,0.3320583943389463,0.5079560806935417,0,0,1.4983783783783784,1.6518789107143093,SFRP1;FAM107A;INHBB
GO_Biological_Process_2023,Regulation Of Cytokine Production Involved In Inflammatory Response (GO:1900015),2/46,0.3377645585344158,0.5156744433426349,0,0,1.7021369767034509,1.8475100253831969,IL6;APOD
GO_Biological_Process_2023,Regulation Of Interleukin-10 Production (GO:0032653),2/46,0.3377645585344158,0.5156744433426349,0,0,1.7021369767034509,1.8475100253831969,IL6;DLL1
GO_Biological_Process_2023,Positive Regulation Of Cell-Cell Adhesion (GO:0022409),2/46,0.3377645585344158,0.5156744433426349,0,0,1.7021369767034509,1.8475100253831969,SERPINF2;THY1
GO_Biological_Process_2023,Regulation Of Cyclin-Dependent Protein Serine/Threonine Kinase Activity (GO:0000079),3/79,0.3392136591175416,0.5166549973130216,0,0,1.4785866693761431,1.5985371715081769,DIRAS3;CCNA1;CCND1
GO_Biological_Process_2023,Positive Regulation Of Cytoskeleton Organization (GO:0051495),3/79,0.3392136591175416,0.5166549973130216,0,0,1.4785866693761431,1.5985371715081769,CSF3;LMOD1;TEK
GO_Biological_Process_2023,Regulation Of Fatty Acid Oxidation (GO:0046320),1/16,0.344583734330888,0.5166549973130216,0,0,2.4953846153846158,2.658628079416017,PPARGC1A
GO_Biological_Process_2023,Regulation Of Interleukin-1 Production (GO:0032652),1/16,0.344583734330888,0.5166549973130216,0,0,2.4953846153846158,2.658628079416017,SAA1
GO_Biological_Process_2023,Activin Receptor Signaling Pathway (GO:0032924),1/16,0.344583734330888,0.5166549973130216,0,0,2.4953846153846158,2.658628079416017,INHBB
GO_Biological_Process_2023,Antifungal Innate Immune Response (GO:0061760),1/16,0.344583734330888,0.5166549973130216,0,0,2.4953846153846158,2.658628079416017,DEFB4A
GO_Biological_Process_2023,Autonomic Nervous System Development (GO:0048483),1/16,0.344583734330888,0.5166549973130216,0,0,2.4953846153846158,2.658628079416017,EDNRB
GO_Biological_Process_2023,Cell Communication By Electrical Coupling Involved In Cardiac Conduction (GO:0086064),1/16,0.344583734330888,0.5166549973130216,0,0,2.4953846153846158,2.658628079416017,GJA1
GO_Biological_Process_2023,Regulation Of Stem Cell Proliferation (GO:0072091),1/16,0.344583734330888,0.5166549973130216,0,0,2.4953846153846158,2.658628079416017,GJA1
GO_Biological_Process_2023,Regulation Of Steroid Biosynthetic Process (GO:0050810),1/16,0.344583734330888,0.5166549973130216,0,0,2.4953846153846158,2.658628079416017,CES1
GO_Biological_Process_2023,Cellular Response To Gamma Radiation (GO:0071480),1/16,0.344583734330888,0.5166549973130216,0,0,2.4953846153846158,2.658628079416017,CRYAB
GO_Biological_Process_2023,Chondroitin Sulfate Metabolic Process (GO:0030204),1/16,0.344583734330888,0.5166549973130216,0,0,2.4953846153846158,2.658628079416017,DSEL
GO_Biological_Process_2023,Response To UV-B (GO:0010224),1/16,0.344583734330888,0.5166549973130216,0,0,2.4953846153846158,2.658628079416017,MFAP4
GO_Biological_Process_2023,Stabilization Of Membrane Potential (GO:0030322),1/16,0.344583734330888,0.5166549973130216,0,0,2.4953846153846158,2.658628079416017,KCNK15
GO_Biological_Process_2023,Heart Process (GO:0003015),1/16,0.344583734330888,0.5166549973130216,0,0,2.4953846153846158,2.658628079416017,RAMP3
GO_Biological_Process_2023,Male Meiosis I (GO:0007141),1/16,0.344583734330888,0.5166549973130216,0,0,2.4953846153846158,2.658628079416017,CCNA1
GO_Biological_Process_2023,Membrane Depolarization During Cardiac Muscle Cell Action Potential (GO:0086012),1/16,0.344583734330888,0.5166549973130216,0,0,2.4953846153846158,2.658628079416017,SCN1B
GO_Biological_Process_2023,Mesonephric Tubule Development (GO:0072164),1/16,0.344583734330888,0.5166549973130216,0,0,2.4953846153846158,2.658628079416017,SALL1
GO_Biological_Process_2023,Negative Regulation Of ATP-dependent Activity (GO:0032780),1/16,0.344583734330888,0.5166549973130216,0,0,2.4953846153846158,2.658628079416017,LTF
GO_Biological_Process_2023,Negative Regulation Of Anoikis (GO:2000811),1/16,0.344583734330888,0.5166549973130216,0,0,2.4953846153846158,2.658628079416017,CAV1
GO_Biological_Process_2023,Negative Regulation Of Biosynthetic Process (GO:0009890),1/16,0.344583734330888,0.5166549973130216,0,0,2.4953846153846158,2.658628079416017,IL6
GO_Biological_Process_2023,Negative Regulation Of Chemokine Production (GO:0032682),1/16,0.344583734330888,0.5166549973130216,0,0,2.4953846153846158,2.658628079416017,IL6
GO_Biological_Process_2023,Negative Regulation Of Interleukin-10 Production (GO:0032693),1/16,0.344583734330888,0.5166549973130216,0,0,2.4953846153846158,2.658628079416017,DLL1
GO_Biological_Process_2023,Negative Regulation Of Natural Killer Cell Mediated Cytotoxicity (GO:0045953),1/16,0.344583734330888,0.5166549973130216,0,0,2.4953846153846158,2.658628079416017,SERPINB4
GO_Biological_Process_2023,Negative Regulation Of Receptor Signaling Pathway Via JAK-STAT (GO:0046426),1/16,0.344583734330888,0.5166549973130216,0,0,2.4953846153846158,2.658628079416017,CAV1
GO_Biological_Process_2023,Negative Regulation Of Release Of Cytochrome C From Mitochondria (GO:0090201),1/16,0.344583734330888,0.5166549973130216,0,0,2.4953846153846158,2.658628079416017,CLU
GO_Biological_Process_2023,Positive Regulation Of Muscle Hypertrophy (GO:0014742),1/16,0.344583734330888,0.5166549973130216,0,0,2.4953846153846158,2.658628079416017,HAND2
GO_Biological_Process_2023,Prostanoid Metabolic Process (GO:0006692),1/16,0.344583734330888,0.5166549973130216,0,0,2.4953846153846158,2.658628079416017,CES1
GO_Biological_Process_2023,Regulation Of Cytoskeleton Organization (GO:0051493),4/114,0.3458384754855844,0.5182045486802551,0,0,1.362335150342887,1.4465049116032835,PDGFRB;SYDE1;FAM107A;NRG1
GO_Biological_Process_2023,Bicellular Tight Junction Assembly (GO:0070830),2/47,0.3472945081059944,0.5183962638522873,0,0,1.6642260757867695,1.7600557621423127,CDH5;CLDN5
GO_Biological_Process_2023,Cognition (GO:0050890),2/47,0.3472945081059944,0.5183962638522873,0,0,1.6642260757867695,1.7600557621423127,FAM107A;STRA6
GO_Biological_Process_2023,Response To Organonitrogen Compound (GO:0010243),2/47,0.3472945081059944,0.5183962638522873,0,0,1.6642260757867695,1.7600557621423127,IL6;CLU
GO_Biological_Process_2023,Secondary Alcohol Metabolic Process (GO:1902652),2/47,0.3472945081059944,0.5183962638522873,0,0,1.6642260757867695,1.7600557621423127,APOB;CES1
GO_Biological_Process_2023,Epithelial To Mesenchymal Transition (GO:0001837),2/47,0.3472945081059944,0.5183962638522873,0,0,1.6642260757867695,1.7600557621423127,TBX3;LOXL2
GO_Biological_Process_2023,Negative Regulation Of Hydrolase Activity (GO:0051346),2/47,0.3472945081059944,0.5183962638522873,0,0,1.6642260757867695,1.7600557621423127,SERPINB3;SERPINB4
GO_Biological_Process_2023,Activation Of Protein Kinase Activity (GO:0032147),3/81,0.3535067499932295,0.5251292066567618,0,0,1.4405256905256905,1.4979345273877172,ITGB3;NRG1;ADRA2C
GO_Biological_Process_2023,Cellular Response To Interleukin-1 (GO:0071347),3/81,0.3535067499932295,0.5251292066567618,0,0,1.4405256905256905,1.4979345273877172,SFRP1;PTGIS;IL1R1
GO_Biological_Process_2023,Positive Regulation Of Growth (GO:0045927),3/81,0.3535067499932295,0.5251292066567618,0,0,1.4405256905256905,1.4979345273877172,SFRP1;SFRP2;PRSS2
GO_Biological_Process_2023,Regulation Of Intrinsic Apoptotic Signaling Pathway (GO:2001242),2/48,0.3567783569563947,0.5251292066567618,0,0,1.627963474909944,1.6778451530428369,CAV1;SEPTIN4
GO_Biological_Process_2023,Positive Regulation Of Reactive Oxygen Species Metabolic Process (GO:2000379),2/48,0.3567783569563947,0.5251292066567618,0,0,1.627963474909944,1.6778451530428369,PDGFRB;THBS1
GO_Biological_Process_2023,Regulation Of Phosphorylation (GO:0042325),3/82,0.3606399908779071,0.5251292066567618,0,0,1.4222178779140804,1.450484562663836,CDH5;FZD7;THBS1
GO_Biological_Process_2023,Regulation Of Delayed Rectifier Potassium Channel Activity (GO:1902259),1/17,0.3616709694010917,0.5251292066567618,0,0,2.3393028846153845,2.379118766626049,KCNE4
GO_Biological_Process_2023,Regulation Of Establishment Of Cell Polarity (GO:2000114),1/17,0.3616709694010917,0.5251292066567618,0,0,2.3393028846153845,2.379118766626049,CDH5
GO_Biological_Process_2023,Regulation Of Glucose Transmembrane Transport (GO:0010827),1/17,0.3616709694010917,0.5251292066567618,0,0,2.3393028846153845,2.379118766626049,C3
GO_Biological_Process_2023,Rac Protein Signal Transduction (GO:0016601),1/17,0.3616709694010917,0.5251292066567618,0,0,2.3393028846153845,2.379118766626049,CDH13
GO_Biological_Process_2023,T Cell Migration (GO:0072678),1/17,0.3616709694010917,0.5251292066567618,0,0,2.3393028846153845,2.379118766626049,XG
GO_Biological_Process_2023,Amyloid Precursor Protein Metabolic Process (GO:0042982),1/17,0.3616709694010917,0.5251292066567618,0,0,2.3393028846153845,2.379118766626049,NSG1
GO_Biological_Process_2023,Androgen Receptor Signaling Pathway (GO:0030521),1/17,0.3616709694010917,0.5251292066567618,0,0,2.3393028846153845,2.379118766626049,SCGB2A2
GO_Biological_Process_2023,Regulation Of Oxidative Phosphorylation (GO:0002082),1/17,0.3616709694010917,0.5251292066567618,0,0,2.3393028846153845,2.379118766626049,COX7A1
GO_Biological_Process_2023,cGMP-mediated Signaling (GO:0019934),1/17,0.3616709694010917,0.5251292066567618,0,0,2.3393028846153845,2.379118766626049,PDE3A
GO_Biological_Process_2023,Regulation Of Receptor Signaling Pathway Via STAT (GO:1904892),1/17,0.3616709694010917,0.5251292066567618,0,0,2.3393028846153845,2.379118766626049,IL6
GO_Biological_Process_2023,Cellular Response To Glucocorticoid Stimulus (GO:0071385),1/17,0.3616709694010917,0.5251292066567618,0,0,2.3393028846153845,2.379118766626049,FAM107A
GO_Biological_Process_2023,Central Nervous System Neuron Development (GO:0021954),1/17,0.3616709694010917,0.5251292066567618,0,0,2.3393028846153845,2.379118766626049,NTRK2
GO_Biological_Process_2023,Embryo Development Ending In Birth Or Egg Hatching (GO:0009792),1/17,0.3616709694010917,0.5251292066567618,0,0,2.3393028846153845,2.379118766626049,RAI2
GO_Biological_Process_2023,Embryonic Axis Specification (GO:0000578),1/17,0.3616709694010917,0.5251292066567618,0,0,2.3393028846153845,2.379118766626049,TBX3
GO_Biological_Process_2023,Transepithelial Transport (GO:0070633),1/17,0.3616709694010917,0.5251292066567618,0,0,2.3393028846153845,2.379118766626049,RHCG
GO_Biological_Process_2023,Hippo Signaling (GO:0035329),1/17,0.3616709694010917,0.5251292066567618,0,0,2.3393028846153845,2.379118766626049,FAT4
GO_Biological_Process_2023,Leukocyte Tethering Or Rolling (GO:0050901),1/17,0.3616709694010917,0.5251292066567618,0,0,2.3393028846153845,2.379118766626049,JAM2
GO_Biological_Process_2023,Mesenchyme Development (GO:0060485),1/17,0.3616709694010917,0.5251292066567618,0,0,2.3393028846153845,2.379118766626049,SFRP2
GO_Biological_Process_2023,Myeloid Cell Activation Involved In Immune Response (GO:0002275),1/17,0.3616709694010917,0.5251292066567618,0,0,2.3393028846153845,2.379118766626049,ENPP3
GO_Biological_Process_2023,Negative Regulation Of Calcium Ion Transport (GO:0051926),1/17,0.3616709694010917,0.5251292066567618,0,0,2.3393028846153845,2.379118766626049,STC1
GO_Biological_Process_2023,Negative Regulation Of Fibroblast Proliferation (GO:0048147),1/17,0.3616709694010917,0.5251292066567618,0,0,2.3393028846153845,2.379118766626049,SFRP1
GO_Biological_Process_2023,Negative Regulation Of Oxidative Stress-Induced Intrinsic Apoptotic Signaling Pathway (GO:1902176),1/17,0.3616709694010917,0.5251292066567618,0,0,2.3393028846153845,2.379118766626049,NME5
GO_Biological_Process_2023,Neuron Maturation (GO:0042551),1/17,0.3616709694010917,0.5251292066567618,0,0,2.3393028846153845,2.379118766626049,C3
GO_Biological_Process_2023,Positive Chemotaxis (GO:0050918),1/17,0.3616709694010917,0.5251292066567618,0,0,2.3393028846153845,2.379118766626049,FGF7
GO_Biological_Process_2023,Positive Regulation Of SMAD Protein Signal Transduction (GO:0060391),1/17,0.3616709694010917,0.5251292066567618,0,0,2.3393028846153845,2.379118766626049,BMP6
GO_Biological_Process_2023,Positive Regulation Of Amyloid-Beta Formation (GO:1902004),1/17,0.3616709694010917,0.5251292066567618,0,0,2.3393028846153845,2.379118766626049,CLU
GO_Biological_Process_2023,Positive Regulation Of Cardiac Muscle Hypertrophy (GO:0010613),1/17,0.3616709694010917,0.5251292066567618,0,0,2.3393028846153845,2.379118766626049,HAND2
GO_Biological_Process_2023,Positive Regulation Of Cell Adhesion Mediated By Integrin (GO:0033630),1/17,0.3616709694010917,0.5251292066567618,0,0,2.3393028846153845,2.379118766626049,SFRP2
GO_Biological_Process_2023,Positive Regulation Of Dendrite Morphogenesis (GO:0050775),1/17,0.3616709694010917,0.5251292066567618,0,0,2.3393028846153845,2.379118766626049,OBSL1
GO_Biological_Process_2023,Positive Regulation Of Fatty Acid Metabolic Process (GO:0045923),1/17,0.3616709694010917,0.5251292066567618,0,0,2.3393028846153845,2.379118766626049,PPARGC1A
GO_Biological_Process_2023,Positive Regulation Of Heart Rate (GO:0010460),1/17,0.3616709694010917,0.5251292066567618,0,0,2.3393028846153845,2.379118766626049,EDN3
GO_Biological_Process_2023,Positive Regulation Of Leukocyte Adhesion To Vascular Endothelial Cell (GO:1904996),1/17,0.3616709694010917,0.5251292066567618,0,0,2.3393028846153845,2.379118766626049,IL6
GO_Biological_Process_2023,Positive Regulation Of Lymphocyte Chemotaxis (GO:0140131),1/17,0.3616709694010917,0.5251292066567618,0,0,2.3393028846153845,2.379118766626049,S100A7
GO_Biological_Process_2023,Positive Regulation Of Macrophage Activation (GO:0043032),1/17,0.3616709694010917,0.5251292066567618,0,0,2.3393028846153845,2.379118766626049,THBS1
GO_Biological_Process_2023,Positive Regulation Of Nitric-Oxide Synthase Activity (GO:0051000),1/17,0.3616709694010917,0.5251292066567618,0,0,2.3393028846153845,2.379118766626049,NPR3
GO_Biological_Process_2023,Positive Regulation Of Peptidyl-Lysine Acetylation (GO:2000758),1/17,0.3616709694010917,0.5251292066567618,0,0,2.3393028846153845,2.379118766626049,PPARGC1A
GO_Biological_Process_2023,Receptor Recycling (GO:0001881),1/17,0.3616709694010917,0.5251292066567618,0,0,2.3393028846153845,2.379118766626049,NSG1
GO_Biological_Process_2023,Regulation Of Aerobic Respiration (GO:1903715),1/17,0.3616709694010917,0.5251292066567618,0,0,2.3393028846153845,2.379118766626049,COX7A1
GO_Biological_Process_2023,Positive Regulation Of NF-kappaB Transcription Factor Activity (GO:0051092),5/152,0.3631021885522633,0.52688062304176,0,0,1.2743236829615567,1.2909803336325376,IL6;CAV1;CLU;HSPA1B;LTF
GO_Biological_Process_2023,Cellular Response To Oxidative Stress (GO:0034599),4/117,0.3636296166516932,0.5269929221523921,0,0,1.3259615549203196,1.3413685202025325,PDGFRA;PPARGC1A;HSPA1B;SNCA
GO_Biological_Process_2023,Protein Processing (GO:0016485),4/117,0.3636296166516932,0.5269929221523921,0,0,1.3259615549203196,1.3413685202025325,CPXM2;C1R;MASP1;AEBP1
GO_Biological_Process_2023,Negative Regulation Of Cysteine-Type Endopeptidase Activity Involved In Apoptotic Process (GO:0043154),2/49,0.3662120430315737,0.5297520721309114,0,0,1.5932439634321325,1.6004816896466905,THBS1;SNCA
GO_Biological_Process_2023,Neurogenesis (GO:0022008),2/49,0.3662120430315737,0.5297520721309114,0,0,1.5932439634321325,1.6004816896466905,SPOCK1;FAT4
GO_Biological_Process_2023,Regulation Of Cell Communication (GO:0010646),2/49,0.3662120430315737,0.5297520721309114,0,0,1.5932439634321325,1.6004816896466905,IGFBP7;LRRC32
GO_Biological_Process_2023,Calcium Ion Transmembrane Import Into Cytosol (GO:0097553),3/83,0.3677614134901589,0.5316649570333039,0,0,1.4043677606177607,1.4048183997328307,SCN7A;CLU;FGF2
GO_Biological_Process_2023,Purine Ribonucleotide Metabolic Process (GO:0009150),3/84,0.374868887055338,0.533419839596102,0,0,1.386958386958387,1.360854371961019,ENPP3;PTHLH;HSPA1B
GO_Biological_Process_2023,Regulation Of Protein-Containing Complex Assembly (GO:0043254),4/119,0.3754816851873516,0.533419839596102,0,0,1.3027667984189724,1.2761194636373625,CDH5;NRG1;CLU;CRYAB
GO_Biological_Process_2023,Steroid Biosynthetic Process (GO:0006694),2/50,0.3755917462161749,0.533419839596102,0,0,1.559971098265896,1.5276056085433043,ACOX2;CYP7B1
GO_Biological_Process_2023,Negative Regulation Of Cell Projection Organization (GO:0031345),2/50,0.3755917462161749,0.533419839596102,0,0,1.559971098265896,1.5276056085433043,MAG;SPOCK1
GO_Biological_Process_2023,Positive Regulation Of Transport (GO:0051050),2/50,0.3755917462161749,0.533419839596102,0,0,1.559971098265896,1.5276056085433043,DLL1;SNCA
GO_Biological_Process_2023,T-helper Cell Differentiation (GO:0042093),1/18,0.3783135583130338,0.533419839596102,0,0,2.20158371040724,2.140009614377911,IL6
GO_Biological_Process_2023,Regulation Of Lymphocyte Proliferation (GO:0050670),1/18,0.3783135583130338,0.533419839596102,0,0,2.20158371040724,2.140009614377911,MZB1
GO_Biological_Process_2023,Adrenergic Receptor Signaling Pathway (GO:0071875),1/18,0.3783135583130338,0.533419839596102,0,0,2.20158371040724,2.140009614377911,ADRA2C
GO_Biological_Process_2023,Regulation Of Oxidative Stress-Induced Intrinsic Apoptotic Signaling Pathway (GO:1902175),1/18,0.3783135583130338,0.533419839596102,0,0,2.20158371040724,2.140009614377911,NME5
GO_Biological_Process_2023,Regulation Of Protein Deacetylation (GO:0090311),1/18,0.3783135583130338,0.533419839596102,0,0,2.20158371040724,2.140009614377911,NNMT
GO_Biological_Process_2023,Cardiac Muscle Cell Contraction (GO:0086003),1/18,0.3783135583130338,0.533419839596102,0,0,2.20158371040724,2.140009614377911,SCN1B
GO_Biological_Process_2023,Regulation Of Vascular Endothelial Cell Proliferation (GO:1905562),1/18,0.3783135583130338,0.533419839596102,0,0,2.20158371040724,2.140009614377911,FGF2
GO_Biological_Process_2023,Renal Absorption (GO:0070293),1/18,0.3783135583130338,0.533419839596102,0,0,2.20158371040724,2.140009614377911,HBB
GO_Biological_Process_2023,Response To Cholesterol (GO:0070723),1/18,0.3783135583130338,0.533419839596102,0,0,2.20158371040724,2.140009614377911,CES1
GO_Biological_Process_2023,Dendritic Cell Migration (GO:0036336),1/18,0.3783135583130338,0.533419839596102,0,0,2.20158371040724,2.140009614377911,CLU
GO_Biological_Process_2023,fatty-acyl-CoA Metabolic Process (GO:0035337),1/18,0.3783135583130338,0.533419839596102,0,0,2.20158371040724,2.140009614377911,PPT2
GO_Biological_Process_2023,Ureteric Bud Development (GO:0001657),1/18,0.3783135583130338,0.533419839596102,0,0,2.20158371040724,2.140009614377911,SALL1
GO_Biological_Process_2023,Vesicle-Mediated Transport In Synapse (GO:0099003),1/18,0.3783135583130338,0.533419839596102,0,0,2.20158371040724,2.140009614377911,SNCA
GO_Biological_Process_2023,Maintenance Of Gastrointestinal Epithelium (GO:0030277),1/18,0.3783135583130338,0.533419839596102,0,0,2.20158371040724,2.140009614377911,MUC6
GO_Biological_Process_2023,Membrane Repolarization (GO:0086009),1/18,0.3783135583130338,0.533419839596102,0,0,2.20158371040724,2.140009614377911,KCNE4
GO_Biological_Process_2023,ncRNA-mediated Post-Transcriptional Gene Silencing (GO:0035194),1/18,0.3783135583130338,0.533419839596102,0,0,2.20158371040724,2.140009614377911,WTIP
GO_Biological_Process_2023,Negative Regulation Of T Cell Receptor Signaling Pathway (GO:0050860),1/18,0.3783135583130338,0.533419839596102,0,0,2.20158371040724,2.140009614377911,THY1
GO_Biological_Process_2023,Negative Regulation Of Monoatomic Ion Transport (GO:0043271),1/18,0.3783135583130338,0.533419839596102,0,0,2.20158371040724,2.140009614377911,STC1
GO_Biological_Process_2023,Negative Regulation Of Nervous System Development (GO:0051961),1/18,0.3783135583130338,0.533419839596102,0,0,2.20158371040724,2.140009614377911,IL6
GO_Biological_Process_2023,Negative Regulation Of Signal Transduction By P53 Class Mediator (GO:1901797),1/18,0.3783135583130338,0.533419839596102,0,0,2.20158371040724,2.140009614377911,TWIST1
GO_Biological_Process_2023,Neural Crest Cell Differentiation (GO:0014033),1/18,0.3783135583130338,0.533419839596102,0,0,2.20158371040724,2.140009614377911,NRG1
GO_Biological_Process_2023,Neuromuscular Process (GO:0050905),1/18,0.3783135583130338,0.533419839596102,0,0,2.20158371040724,2.140009614377911,STRA6
GO_Biological_Process_2023,Neuron Fate Commitment (GO:0048663),1/18,0.3783135583130338,0.533419839596102,0,0,2.20158371040724,2.140009614377911,DLL1
GO_Biological_Process_2023,Neutrophil Activation (GO:0042119),1/18,0.3783135583130338,0.533419839596102,0,0,2.20158371040724,2.140009614377911,CXCL6
GO_Biological_Process_2023,Peptide Antigen Assembly With MHC Protein Complex (GO:0002501),1/18,0.3783135583130338,0.533419839596102,0,0,2.20158371040724,2.140009614377911,HLA-DRB5
GO_Biological_Process_2023,Positive Regulation Of G Protein-Coupled Receptor Signaling Pathway (GO:0045745),1/18,0.3783135583130338,0.533419839596102,0,0,2.20158371040724,2.140009614377911,C3
GO_Biological_Process_2023,Positive Regulation Of Cyclin-Dependent Protein Kinase Activity (GO:1904031),1/18,0.3783135583130338,0.533419839596102,0,0,2.20158371040724,2.140009614377911,CCND1
GO_Biological_Process_2023,Positive Regulation Of Cytokine Production Involved In Inflammatory Response (GO:1900017),1/18,0.3783135583130338,0.533419839596102,0,0,2.20158371040724,2.140009614377911,IL6
GO_Biological_Process_2023,Positive Regulation Of Epidermal Cell Differentiation (GO:0045606),1/18,0.3783135583130338,0.533419839596102,0,0,2.20158371040724,2.140009614377911,SFRP4
GO_Biological_Process_2023,Positive Regulation Of Establishment Of Protein Localization (GO:1904951),1/18,0.3783135583130338,0.533419839596102,0,0,2.20158371040724,2.140009614377911,PTP4A3
GO_Biological_Process_2023,Positive Regulation Of Macrophage Migration (GO:1905523),1/18,0.3783135583130338,0.533419839596102,0,0,2.20158371040724,2.140009614377911,THBS1
GO_Biological_Process_2023,Positive Regulation Of Nervous System Process (GO:0031646),1/18,0.3783135583130338,0.533419839596102,0,0,2.20158371040724,2.140009614377911,TENM4
GO_Biological_Process_2023,Positive Regulation Of Phosphoprotein Phosphatase Activity (GO:0032516),1/18,0.3783135583130338,0.533419839596102,0,0,2.20158371040724,2.140009614377911,PDGFRB
GO_Biological_Process_2023,Positive Regulation Of Stress-Activated Protein Kinase Signaling Cascade (GO:0070304),1/18,0.3783135583130338,0.533419839596102,0,0,2.20158371040724,2.140009614377911,IGFBP6
GO_Biological_Process_2023,Pulmonary Valve Morphogenesis (GO:0003184),1/18,0.3783135583130338,0.533419839596102,0,0,2.20158371040724,2.140009614377911,STRA6
GO_Biological_Process_2023,Regulation Of cAMP-mediated Signaling (GO:0043949),1/18,0.3783135583130338,0.533419839596102,0,0,2.20158371040724,2.140009614377911,PDE3A
GO_Biological_Process_2023,Calcium-Mediated Signaling (GO:0019722),3/85,0.3819603449021499,0.5382377423350392,0,0,1.369973632168754,1.3185153469259148,EDNRB;KDR;CLU
GO_Biological_Process_2023,Regulation Of Smoothened Signaling Pathway (GO:0008589),2/51,0.3849138787176977,0.5410974213426459,0,0,1.528056309228894,1.458889850986057,SFRP1;GAS1
GO_Biological_Process_2023,Regulation Of Substrate Adhesion-Dependent Cell Spreading (GO:1900024),2/51,0.3849138787176977,0.5410974213426459,0,0,1.528056309228894,1.458889850986057,PDPN;FERMT2
GO_Biological_Process_2023,Positive Regulation Of Protein Localization To Cell Periphery (GO:1904377),2/51,0.3849138787176977,0.5410974213426459,0,0,1.528056309228894,1.458889850986057,RAMP3;STAC2
GO_Biological_Process_2023,Positive Regulation Of Protein Localization To Plasma Membrane (GO:1903078),2/51,0.3849138787176977,0.5410974213426459,0,0,1.528056309228894,1.458889850986057,RAMP3;STAC2
GO_Biological_Process_2023,Negative Regulation Of Binding (GO:0051100),3/86,0.389033783877598,0.5435135194973674,0,0,1.3533981485788715,1.2777284280158188,SLPI;CAV1;DKK1
GO_Biological_Process_2023,Fatty Acid Metabolic Process (GO:0006631),4/122,0.3932204340943284,0.5435135194973674,0,0,1.2694489066649182,1.1848844704513697,GGT5;ACOX2;PPARGC1A;CES1
GO_Biological_Process_2023,Icosanoid Metabolic Process (GO:0006690),2/52,0.3941750754551289,0.5435135194973674,0,0,1.4974181117533718,1.394036536672197,PTGIS;ALOX15B
GO_Biological_Process_2023,Regulation Of Cell Development (GO:0060284),2/52,0.3941750754551289,0.5435135194973674,0,0,1.4974181117533718,1.394036536672197,PTN;DLL1
GO_Biological_Process_2023,Regulation Of Integrin-Mediated Signaling Pathway (GO:2001044),1/19,0.3945230500194382,0.5435135194973674,0,0,2.0791666666666666,1.93378657612399,LAMA2
GO_Biological_Process_2023,Regulation Of Neuroinflammatory Response (GO:0150077),1/19,0.3945230500194382,0.5435135194973674,0,0,2.0791666666666666,1.93378657612399,IL6
GO_Biological_Process_2023,Calcium-Independent Cell-Cell Adhesion Via Plasma Membrane Cell-Adhesion Molecules (GO:0016338),1/19,0.3945230500194382,0.5435135194973674,0,0,2.0791666666666666,1.93378657612399,CLDN5
GO_Biological_Process_2023,Cardiac Epithelial To Mesenchymal Transition (GO:0060317),1/19,0.3945230500194382,0.5435135194973674,0,0,2.0791666666666666,1.93378657612399,TBX3
GO_Biological_Process_2023,Cellular Response To Catecholamine Stimulus (GO:0071870),1/19,0.3945230500194382,0.5435135194973674,0,0,2.0791666666666666,1.93378657612399,SNCA
GO_Biological_Process_2023,Release Of Cytochrome C From Mitochondria (GO:0001836),1/19,0.3945230500194382,0.5435135194973674,0,0,2.0791666666666666,1.93378657612399,CLU
GO_Biological_Process_2023,Chondroitin Sulfate Proteoglycan Biosynthetic Process (GO:0050650),1/19,0.3945230500194382,0.5435135194973674,0,0,2.0791666666666666,1.93378657612399,CHPF
GO_Biological_Process_2023,Cortical Actin Cytoskeleton Organization (GO:0030866),1/19,0.3945230500194382,0.5435135194973674,0,0,2.0791666666666666,1.93378657612399,FHOD3
GO_Biological_Process_2023,Cyclic Nucleotide Biosynthetic Process (GO:0009190),1/19,0.3945230500194382,0.5435135194973674,0,0,2.0791666666666666,1.93378657612399,ADCY2
GO_Biological_Process_2023,Epithelial Structure Maintenance (GO:0010669),1/19,0.3945230500194382,0.5435135194973674,0,0,2.0791666666666666,1.93378657612399,MUC6
GO_Biological_Process_2023,Fluid Transport (GO:0042044),1/19,0.3945230500194382,0.5435135194973674,0,0,2.0791666666666666,1.93378657612399,PDPN
GO_Biological_Process_2023,Ganglioside Metabolic Process (GO:0001573),1/19,0.3945230500194382,0.5435135194973674,0,0,2.0791666666666666,1.93378657612399,ST6GALNAC5
GO_Biological_Process_2023,Glycosphingolipid Biosynthetic Process (GO:0006688),1/19,0.3945230500194382,0.5435135194973674,0,0,2.0791666666666666,1.93378657612399,ST6GALNAC5
GO_Biological_Process_2023,Water Transport (GO:0006833),1/19,0.3945230500194382,0.5435135194973674,0,0,2.0791666666666666,1.93378657612399,PDPN
GO_Biological_Process_2023,Immunoglobulin Production Involved In Immunoglobulin-Mediated Immune Response (GO:0002381),1/19,0.3945230500194382,0.5435135194973674,0,0,2.0791666666666666,1.93378657612399,HLA-DRB5
GO_Biological_Process_2023,Inositol Phosphate-Mediated Signaling (GO:0048016),1/19,0.3945230500194382,0.5435135194973674,0,0,2.0791666666666666,1.93378657612399,EDN3
GO_Biological_Process_2023,Interleukin-1-Mediated Signaling Pathway (GO:0070498),1/19,0.3945230500194382,0.5435135194973674,0,0,2.0791666666666666,1.93378657612399,IL1R1
GO_Biological_Process_2023,Leukocyte Adhesion To Vascular Endothelial Cell (GO:0061756),1/19,0.3945230500194382,0.5435135194973674,0,0,2.0791666666666666,1.93378657612399,JAM2
GO_Biological_Process_2023,Leukotriene Biosynthetic Process (GO:0019370),1/19,0.3945230500194382,0.5435135194973674,0,0,2.0791666666666666,1.93378657612399,GGT5
GO_Biological_Process_2023,Linoleic Acid Metabolic Process (GO:0043651),1/19,0.3945230500194382,0.5435135194973674,0,0,2.0791666666666666,1.93378657612399,ALOX15B
GO_Biological_Process_2023,Mesoderm Development (GO:0007498),1/19,0.3945230500194382,0.5435135194973674,0,0,2.0791666666666666,1.93378657612399,TBX3
GO_Biological_Process_2023,Multicellular Organismal-Level Water Homeostasis (GO:0050891),1/19,0.3945230500194382,0.5435135194973674,0,0,2.0791666666666666,1.93378657612399,BPIFA1
GO_Biological_Process_2023,Negative Regulation Of Axon Extension Involved In Axon Guidance (GO:0048843),1/19,0.3945230500194382,0.5435135194973674,0,0,2.0791666666666666,1.93378657612399,SEMA3B
GO_Biological_Process_2023,Negative Regulation Of Peptidyl-Serine Phosphorylation (GO:0033137),1/19,0.3945230500194382,0.5435135194973674,0,0,2.0791666666666666,1.93378657612399,DKK1
GO_Biological_Process_2023,Phosphate Ion Transport (GO:0006817),1/19,0.3945230500194382,0.5435135194973674,0,0,2.0791666666666666,1.93378657612399,SLC34A2
GO_Biological_Process_2023,piRNA Processing (GO:0034587),1/19,0.3945230500194382,0.5435135194973674,0,0,2.0791666666666666,1.93378657612399,TDRD12
GO_Biological_Process_2023,Positive Regulation Of Hormone Secretion (GO:0046887),1/19,0.3945230500194382,0.5435135194973674,0,0,2.0791666666666666,1.93378657612399,EDN3
GO_Biological_Process_2023,Regulation Of B Cell Differentiation (GO:0045577),1/19,0.3945230500194382,0.5435135194973674,0,0,2.0791666666666666,1.93378657612399,SFRP1
GO_Biological_Process_2023,Regulation Of Acute Inflammatory Response (GO:0002673),1/19,0.3945230500194382,0.5435135194973674,0,0,2.0791666666666666,1.93378657612399,IL6
GO_Biological_Process_2023,Regulation Of Behavior (GO:0050795),1/19,0.3945230500194382,0.5435135194973674,0,0,2.0791666666666666,1.93378657612399,STRA6
GO_Biological_Process_2023,Negative Regulation Of Intracellular Signal Transduction (GO:1902532),7/231,0.3965331536142144,0.5459615789326808,0,0,1.170659046692607,1.0828544974120984,PDE10A;CILP;CAV1;PDE3A;TWIST1;WTIP;THBS1
GO_Biological_Process_2023,Modulation Of Chemical Synaptic Transmission (GO:0050804),4/123,0.3991178183528242,0.5491973740201612,0,0,1.25871625245843,1.1561291428531657,TMEM108;LRRC4C;NPTX2;SNCAIP
GO_Biological_Process_2023,Positive Regulation Of Protein Metabolic Process (GO:0051247),6/196,0.402900640306539,0.5514872490701629,0,0,1.182769545222279,1.0752147485508374,IL6;PRR16;PAEP;CLU;THBS1;LARP6
GO_Biological_Process_2023,Negative Regulation Of Protein Kinase Activity (GO:0006469),3/88,0.4031189079829839,0.5514872490701629,0,0,1.321417215534863,1.200538862561385,CAV1;THY1;SNCA
GO_Biological_Process_2023,Actin Cytoskeleton Reorganization (GO:0031532),2/53,0.4033721851653241,0.5514872490701629,0,0,1.4679814122180663,1.3327738750791112,SYDE1;FGF7
GO_Biological_Process_2023,Actin Polymerization Or Depolymerization (GO:0008154),2/53,0.4033721851653241,0.5514872490701629,0,0,1.4679814122180663,1.3327738750791112,FAM107A;WASF3
GO_Biological_Process_2023,Carboxylic Acid Transport (GO:0046942),2/53,0.4033721851653241,0.5514872490701629,0,0,1.4679814122180663,1.3327738750791112,PDPN;SLC7A2
GO_Biological_Process_2023,Regulation Of Receptor Signaling Pathway Via JAK-STAT (GO:0046425),2/53,0.4033721851653241,0.5514872490701629,0,0,1.4679814122180663,1.3327738750791112,IL6;CAV1
GO_Biological_Process_2023,Spermatid Development (GO:0007286),2/53,0.4033721851653241,0.5514872490701629,0,0,1.4679814122180663,1.3327738750791112,NME5;JAM2
GO_Biological_Process_2023,Tight Junction Assembly (GO:0120192),2/53,0.4033721851653241,0.5514872490701629,0,0,1.4679814122180663,1.3327738750791112,CDH5;CLDN5
GO_Biological_Process_2023,Negative Regulation Of Viral Genome Replication (GO:0045071),2/53,0.4033721851653241,0.5514872490701629,0,0,1.4679814122180663,1.3327738750791112,SLPI;LTF
GO_Biological_Process_2023,Protein Homotetramerization (GO:0051289),2/53,0.4033721851653241,0.5514872490701629,0,0,1.4679814122180663,1.3327738750791112,KCNJ12;CLU
GO_Biological_Process_2023,"Regulation Of Alternative mRNA Splicing, Via Spliceosome (GO:0000381)",2/53,0.4033721851653241,0.5514872490701629,0,0,1.4679814122180663,1.3327738750791112,KHDRBS3;NOVA1
GO_Biological_Process_2023,Regulation Of Vesicle-Mediated Transport (GO:0060627),3/89,0.4101268999437375,0.5544995067507608,0,0,1.305984555984556,1.1640092185042563,CDH13;GAS1;SEPTIN4
GO_Biological_Process_2023,Regulation Of Macrophage Chemotaxis (GO:0010758),1/20,0.4103106939364084,0.5544995067507608,0,0,1.9696356275303644,1.7546314160652892,THBS1
GO_Biological_Process_2023,Anterior/Posterior Axis Specification (GO:0009948),1/20,0.4103106939364084,0.5544995067507608,0,0,1.9696356275303644,1.7546314160652892,TBX3
GO_Biological_Process_2023,Regulation Of Mitotic Spindle Assembly (GO:1901673),1/20,0.4103106939364084,0.5544995067507608,0,0,1.9696356275303644,1.7546314160652892,HSPA1B
GO_Biological_Process_2023,Regulation Of Smooth Muscle Contraction (GO:0006940),1/20,0.4103106939364084,0.5544995067507608,0,0,1.9696356275303644,1.7546314160652892,CAV1
GO_Biological_Process_2023,Response To Fibroblast Growth Factor (GO:0071774),1/20,0.4103106939364084,0.5544995067507608,0,0,1.9696356275303644,1.7546314160652892,SFRP1
GO_Biological_Process_2023,Striated Muscle Cell Differentiation (GO:0051146),1/20,0.4103106939364084,0.5544995067507608,0,0,1.9696356275303644,1.7546314160652892,NRG1
GO_Biological_Process_2023,Intracellular Monoatomic Ion Homeostasis (GO:0006873),1/20,0.4103106939364084,0.5544995067507608,0,0,1.9696356275303644,1.7546314160652892,RHCG
GO_Biological_Process_2023,Limb Morphogenesis (GO:0035108),1/20,0.4103106939364084,0.5544995067507608,0,0,1.9696356275303644,1.7546314160652892,TBX3
GO_Biological_Process_2023,Myoblast Differentiation (GO:0045445),1/20,0.4103106939364084,0.5544995067507608,0,0,1.9696356275303644,1.7546314160652892,NRG1
GO_Biological_Process_2023,Negative Regulation Of B Cell Activation (GO:0050869),1/20,0.4103106939364084,0.5544995067507608,0,0,1.9696356275303644,1.7546314160652892,SFRP1
GO_Biological_Process_2023,Negative Regulation Of Cytokine Production Involved In Inflammatory Response (GO:1900016),1/20,0.4103106939364084,0.5544995067507608,0,0,1.9696356275303644,1.7546314160652892,APOD
GO_Biological_Process_2023,Negative Regulation Of Microtubule Depolymerization (GO:0007026),1/20,0.4103106939364084,0.5544995067507608,0,0,1.9696356275303644,1.7546314160652892,BMERB1
GO_Biological_Process_2023,Negative Regulation Of Stem Cell Population Maintenance (GO:1902455),1/20,0.4103106939364084,0.5544995067507608,0,0,1.9696356275303644,1.7546314160652892,LOXL2
GO_Biological_Process_2023,Positive Regulation Of Embryonic Development (GO:0040019),1/20,0.4103106939364084,0.5544995067507608,0,0,1.9696356275303644,1.7546314160652892,TENM4
GO_Biological_Process_2023,Positive Regulation Of Leukocyte Activation (GO:0002696),1/20,0.4103106939364084,0.5544995067507608,0,0,1.9696356275303644,1.7546314160652892,THBS1
GO_Biological_Process_2023,Positive Regulation Of Lipid Catabolic Process (GO:0050996),1/20,0.4103106939364084,0.5544995067507608,0,0,1.9696356275303644,1.7546314160652892,TWIST1
GO_Biological_Process_2023,Positive Regulation Of Lipid Storage (GO:0010884),1/20,0.4103106939364084,0.5544995067507608,0,0,1.9696356275303644,1.7546314160652892,C3
GO_Biological_Process_2023,Pulmonary Valve Development (GO:0003177),1/20,0.4103106939364084,0.5544995067507608,0,0,1.9696356275303644,1.7546314160652892,STRA6
GO_Biological_Process_2023,Receptor Metabolic Process (GO:0043112),1/20,0.4103106939364084,0.5544995067507608,0,0,1.9696356275303644,1.7546314160652892,NSG1
GO_Biological_Process_2023,Regulation Of Mitotic Cell Cycle (GO:0007346),4/125,0.4108820377268834,0.5549514027429994,0,0,1.2377831417747014,1.1009451243604411,SMOC2;CCDC8;GAS1;OBSL1
GO_Biological_Process_2023,Regulation Of Exocytosis (GO:0017157),2/54,0.4125022613125542,0.555218560916093,0,0,1.4396768934341189,1.274853456148232,SEPTIN4;SNCA
GO_Biological_Process_2023,Regulation Of Lipid Metabolic Process (GO:0019216),2/54,0.4125022613125542,0.555218560916093,0,0,1.4396768934341189,1.274853456148232,CAV1;ADGRF5
GO_Biological_Process_2023,Apical Junction Assembly (GO:0043297),2/54,0.4125022613125542,0.555218560916093,0,0,1.4396768934341189,1.274853456148232,CDH5;CLDN5
GO_Biological_Process_2023,Negative Regulation Of Protein Catabolic Process (GO:0042177),2/54,0.4125022613125542,0.555218560916093,0,0,1.4396768934341189,1.274853456148232,TIMP3;SNCA
GO_Biological_Process_2023,Negative Regulation Of Protein Modification By Small Protein Conjugation Or Removal (GO:1903321),2/54,0.4125022613125542,0.555218560916093,0,0,1.4396768934341189,1.274853456148232,CAV1;HSPA1B
GO_Biological_Process_2023,Negative Regulation Of Protein Ubiquitination (GO:0031397),2/54,0.4125022613125542,0.555218560916093,0,0,1.4396768934341189,1.274853456148232,CAV1;HSPA1B
GO_Biological_Process_2023,Response To Peptide Hormone (GO:0043434),2/55,0.4215625536902972,0.5651700698850438,0,0,1.412440469698622,1.2200478646163233,IGFBP5;CAV1
GO_Biological_Process_2023,Positive Regulation Of Binding (GO:0051099),3/91,0.4240649711757974,0.5651700698850438,0,0,1.2761714636714636,1.094787428921388,CLDN5;CSF3;CAV1
GO_Biological_Process_2023,Regulation Of Dendritic Spine Development (GO:0060998),1/21,0.4256874480261388,0.5651700698850438,0,0,1.8710576923076925,1.5979766201806234,SHANK3
GO_Biological_Process_2023,Regulation Of Lipopolysaccharide-Mediated Signaling Pathway (GO:0031664),1/21,0.4256874480261388,0.5651700698850438,0,0,1.8710576923076925,1.5979766201806234,LTF
GO_Biological_Process_2023,Regulation Of Membrane Protein Ectodomain Proteolysis (GO:0051043),1/21,0.4256874480261388,0.5651700698850438,0,0,1.8710576923076925,1.5979766201806234,TIMP3
GO_Biological_Process_2023,Anaphase-Promoting Complex-Dependent Catabolic Process (GO:0031145),1/21,0.4256874480261388,0.5651700698850438,0,0,1.8710576923076925,1.5979766201806234,ECRG4
GO_Biological_Process_2023,Regulation Of Neurotransmitter Transport (GO:0051588),1/21,0.4256874480261388,0.5651700698850438,0,0,1.8710576923076925,1.5979766201806234,SNCAIP
GO_Biological_Process_2023,Chaperone-Mediated Protein Complex Assembly (GO:0051131),1/21,0.4256874480261388,0.5651700698850438,0,0,1.8710576923076925,1.5979766201806234,CLU
GO_Biological_Process_2023,Response To Cadmium Ion (GO:0046686),1/21,0.4256874480261388,0.5651700698850438,0,0,1.8710576923076925,1.5979766201806234,MT1A
GO_Biological_Process_2023,Retrotransposon Silencing (GO:0010526),1/21,0.4256874480261388,0.5651700698850438,0,0,1.8710576923076925,1.5979766201806234,TDRD12
GO_Biological_Process_2023,Skin Epidermis Development (GO:0098773),1/21,0.4256874480261388,0.5651700698850438,0,0,1.8710576923076925,1.5979766201806234,DLL1
GO_Biological_Process_2023,Sulfur Compound Transport (GO:0072348),1/21,0.4256874480261388,0.5651700698850438,0,0,1.8710576923076925,1.5979766201806234,SLC26A4
GO_Biological_Process_2023,Zinc Ion Transmembrane Transport (GO:0071577),1/21,0.4256874480261388,0.5651700698850438,0,0,1.8710576923076925,1.5979766201806234,SLC39A2
GO_Biological_Process_2023,Lipid Catabolic Process (GO:0016042),1/21,0.4256874480261388,0.5651700698850438,0,0,1.8710576923076925,1.5979766201806234,CES1
GO_Biological_Process_2023,"Maturation Of 5.8S rRNA From Tricistronic rRNA Transcript (SSU-rRNA, 5.8S rRNA, LSU-rRNA) (GO:0000466)",1/21,0.4256874480261388,0.5651700698850438,0,0,1.8710576923076925,1.5979766201806234,LTB4R2
GO_Biological_Process_2023,Negative Regulation Of Biomineral Tissue Development (GO:0070168),1/21,0.4256874480261388,0.5651700698850438,0,0,1.8710576923076925,1.5979766201806234,ASPN
GO_Biological_Process_2023,Positive Regulation Of G2/M Transition Of Mitotic Cell Cycle (GO:0010971),1/21,0.4256874480261388,0.5651700698850438,0,0,1.8710576923076925,1.5979766201806234,CCND1
GO_Biological_Process_2023,Positive Regulation Of Amyloid Precursor Protein Catabolic Process (GO:1902993),1/21,0.4256874480261388,0.5651700698850438,0,0,1.8710576923076925,1.5979766201806234,CLU
GO_Biological_Process_2023,Positive Regulation Of Dendritic Spine Development (GO:0060999),1/21,0.4256874480261388,0.5651700698850438,0,0,1.8710576923076925,1.5979766201806234,SHANK3
GO_Biological_Process_2023,Positive Regulation Of Granulocyte Chemotaxis (GO:0071624),1/21,0.4256874480261388,0.5651700698850438,0,0,1.8710576923076925,1.5979766201806234,S100A7
GO_Biological_Process_2023,Positive Regulation Of Heart Contraction (GO:0045823),1/21,0.4256874480261388,0.5651700698850438,0,0,1.8710576923076925,1.5979766201806234,EDN3
GO_Biological_Process_2023,Positive Regulation Of Signal Transduction By P53 Class Mediator (GO:1901798),1/21,0.4256874480261388,0.5651700698850438,0,0,1.8710576923076925,1.5979766201806234,MSX1
GO_Biological_Process_2023,Positive Regulation Of Smoothened Signaling Pathway (GO:0045880),1/21,0.4256874480261388,0.5651700698850438,0,0,1.8710576923076925,1.5979766201806234,SFRP1
GO_Biological_Process_2023,Regulation Of Anoikis (GO:2000209),1/21,0.4256874480261388,0.5651700698850438,0,0,1.8710576923076925,1.5979766201806234,CAV1
GO_Biological_Process_2023,Regulation Of Stem Cell Population Maintenance (GO:2000036),2/56,0.4305505002853567,0.5708988270519878,0,0,1.3862128023977736,1.1681485756315166,PTN;LOXL2
GO_Biological_Process_2023,Positive Regulation Of Cellular Metabolic Process (GO:0031325),2/56,0.4305505002853567,0.5708988270519878,0,0,1.3862128023977736,1.1681485756315166,PDGFRB;THBS1
GO_Biological_Process_2023,Regulation Of Translation (GO:0006417),6/202,0.4307336581557909,0.5708988270519878,0,0,1.1462056667327123,0.9654093083646176,IL6;IGFBP5;PRR16;KRT13;THBS1;LARP6
GO_Biological_Process_2023,Steroid Metabolic Process (GO:0008202),3/92,0.4309917225323564,0.5709177681961418,0,0,1.261767385362891,1.061987205714216,CYP24A1;RDH16;CYP7B1
GO_Biological_Process_2023,Negative Regulation Of Amide Metabolic Process (GO:0034249),3/93,0.4378881645564577,0.5765558969292344,0,0,1.2476833976833976,1.0303266355468648,NTRK2;IGFBP5;CLU
GO_Biological_Process_2023,Positive Regulation Of Cellular Component Biogenesis (GO:0044089),3/93,0.4378881645564577,0.5765558969292344,0,0,1.2476833976833976,1.0303266355468648,CDH5;NRG1;CLU
GO_Biological_Process_2023,Chemokine-Mediated Signaling Pathway (GO:0070098),2/57,0.4394637193876528,0.5765558969292344,0,0,1.3609388684533192,1.1189640941611805,CXCL6;CXCL12
GO_Biological_Process_2023,Regulation Of Calcium Ion Transport (GO:0051924),2/57,0.4394637193876528,0.5765558969292344,0,0,1.3609388684533192,1.1189640941611805,STC1;MYLK
GO_Biological_Process_2023,Regulation Of Cytokine Production (GO:0001817),5/167,0.4404251580171011,0.5765558969292344,0,0,1.1554335343095032,0.94747254122416,IL6;SAA1;CCN4;ACKR1;LTF
GO_Biological_Process_2023,Regulation Of Dopamine Secretion (GO:0014059),1/22,0.4406639861243935,0.5765558969292344,0,0,1.781868131868132,1.460192164659631,SNCA
GO_Biological_Process_2023,Regulation Of Mononuclear Cell Migration (GO:0071675),1/22,0.4406639861243935,0.5765558969292344,0,0,1.781868131868132,1.460192164659631,THBS1
GO_Biological_Process_2023,Regulation Of Neural Precursor Cell Proliferation (GO:2000177),1/22,0.4406639861243935,0.5765558969292344,0,0,1.781868131868132,1.460192164659631,GATA2
GO_Biological_Process_2023,Cellular Response To Cadmium Ion (GO:0071276),1/22,0.4406639861243935,0.5765558969292344,0,0,1.781868131868132,1.460192164659631,MT1A
GO_Biological_Process_2023,Regulation Of Vascular Endothelial Growth Factor Receptor Signaling Pathway (GO:0030947),1/22,0.4406639861243935,0.5765558969292344,0,0,1.781868131868132,1.460192164659631,ITGB3
GO_Biological_Process_2023,Response To Gamma Radiation (GO:0010332),1/22,0.4406639861243935,0.5765558969292344,0,0,1.781868131868132,1.460192164659631,CRYAB
GO_Biological_Process_2023,Dendritic Cell Differentiation (GO:0097028),1/22,0.4406639861243935,0.5765558969292344,0,0,1.781868131868132,1.460192164659631,CLU
GO_Biological_Process_2023,Membrane Protein Ectodomain Proteolysis (GO:0006509),1/22,0.4406639861243935,0.5765558969292344,0,0,1.781868131868132,1.460192164659631,MMP7
GO_Biological_Process_2023,Modulation By Host Of Viral Process (GO:0044788),1/22,0.4406639861243935,0.5765558969292344,0,0,1.781868131868132,1.460192164659631,LTF
GO_Biological_Process_2023,Negative Regulation Of G Protein-Coupled Receptor Signaling Pathway (GO:0045744),1/22,0.4406639861243935,0.5765558969292344,0,0,1.781868131868132,1.460192164659631,SNCA
GO_Biological_Process_2023,Negative Regulation Of Macroautophagy (GO:0016242),1/22,0.4406639861243935,0.5765558969292344,0,0,1.781868131868132,1.460192164659631,FEZ1
GO_Biological_Process_2023,Negative Regulation Of Myeloid Cell Differentiation (GO:0045638),1/22,0.4406639861243935,0.5765558969292344,0,0,1.781868131868132,1.460192164659631,ZBTB16
GO_Biological_Process_2023,Oligosaccharide Biosynthetic Process (GO:0009312),1/22,0.4406639861243935,0.5765558969292344,0,0,1.781868131868132,1.460192164659631,ST6GALNAC5
GO_Biological_Process_2023,Positive Regulation Of Excitatory Postsynaptic Potential (GO:2000463),1/22,0.4406639861243935,0.5765558969292344,0,0,1.781868131868132,1.460192164659631,SHANK3
GO_Biological_Process_2023,Positive Regulation Of Phosphatase Activity (GO:0010922),1/22,0.4406639861243935,0.5765558969292344,0,0,1.781868131868132,1.460192164659631,PDGFRB
GO_Biological_Process_2023,Positive Regulation Of Receptor Internalization (GO:0002092),1/22,0.4406639861243935,0.5765558969292344,0,0,1.781868131868132,1.460192164659631,SFRP4
GO_Biological_Process_2023,"Positive Regulation Of Synaptic Transmission, Glutamatergic (GO:0051968)",1/22,0.4406639861243935,0.5765558969292344,0,0,1.781868131868132,1.460192164659631,SHANK3
GO_Biological_Process_2023,Memory (GO:0007613),2/58,0.4483000017580572,0.5862192094457677,0,0,1.3365675750068813,1.0723183067707742,PTN;SHANK3
GO_Biological_Process_2023,Plasma Membrane Bounded Cell Projection Organization (GO:0120036),4/132,0.4516179388819541,0.5902283553914824,0,0,1.1696687620889747,0.929791600506427,IL6;TNXB;TMEM108;CNTN4
GO_Biological_Process_2023,Regulation Of Cholesterol Metabolic Process (GO:0090181),1/23,0.455250705161315,0.5906909426525206,0,0,1.7007867132867134,1.338360989618022,CES1
GO_Biological_Process_2023,Regulation Of Cholesterol Transport (GO:0032374),1/23,0.455250705161315,0.5906909426525206,0,0,1.7007867132867134,1.338360989618022,ABCA8
GO_Biological_Process_2023,Actin Nucleation (GO:0045010),1/23,0.455250705161315,0.5906909426525206,0,0,1.7007867132867134,1.338360989618022,LMOD1
GO_Biological_Process_2023,Cholesterol Efflux (GO:0033344),1/23,0.455250705161315,0.5906909426525206,0,0,1.7007867132867134,1.338360989618022,ABCA8
GO_Biological_Process_2023,Zinc Ion Transport (GO:0006829),1/23,0.455250705161315,0.5906909426525206,0,0,1.7007867132867134,1.338360989618022,SLC39A2
GO_Biological_Process_2023,Negative Regulation Of Oxidative Stress-Induced Cell Death (GO:1903202),1/23,0.455250705161315,0.5906909426525206,0,0,1.7007867132867134,1.338360989618022,NME5
GO_Biological_Process_2023,Negative Regulation Of Protein Depolymerization (GO:1901880),1/23,0.455250705161315,0.5906909426525206,0,0,1.7007867132867134,1.338360989618022,BMERB1
GO_Biological_Process_2023,Negative Regulation Of Protein Tyrosine Kinase Activity (GO:0061099),1/23,0.455250705161315,0.5906909426525206,0,0,1.7007867132867134,1.338360989618022,THY1
GO_Biological_Process_2023,Positive Regulation Of Neutrophil Migration (GO:1902624),1/23,0.455250705161315,0.5906909426525206,0,0,1.7007867132867134,1.338360989618022,XG
GO_Biological_Process_2023,Positive Regulation Of Oxidoreductase Activity (GO:0051353),1/23,0.455250705161315,0.5906909426525206,0,0,1.7007867132867134,1.338360989618022,EDN3
GO_Biological_Process_2023,Protein N-linked Glycosylation Via Asparagine (GO:0018279),1/23,0.455250705161315,0.5906909426525206,0,0,1.7007867132867134,1.338360989618022,DERL3
GO_Biological_Process_2023,Regulation Of Axon Extension Involved In Axon Guidance (GO:0048841),1/23,0.455250705161315,0.5906909426525206,0,0,1.7007867132867134,1.338360989618022,SEMA3B
GO_Biological_Process_2023,Regulation Of Cardiac Muscle Hypertrophy (GO:0010611),1/23,0.455250705161315,0.5906909426525206,0,0,1.7007867132867134,1.338360989618022,HAND2
GO_Biological_Process_2023,Cellular Response To Chemokine (GO:1990869),2/59,0.4570573036308347,0.5923786414518069,0,0,1.3130514146638272,1.0280490160903786,CXCL6;CXCL12
GO_Biological_Process_2023,Glucose Metabolic Process (GO:0006006),2/59,0.4570573036308347,0.5923786414518069,0,0,1.3130514146638272,1.0280490160903786,APOD;PPARGC1A
GO_Biological_Process_2023,Regulation Of Macroautophagy (GO:0016241),3/96,0.4583807520011908,0.5934371040280757,0,0,1.2072487233777556,0.9417205284554936,KDR;DCN;ATP6V1B1
GO_Biological_Process_2023,Regulation Of Protein Metabolic Process (GO:0051246),3/96,0.4583807520011908,0.5934371040280757,0,0,1.2072487233777556,0.9417205284554936,SERPINB4;EDNRB;RHOBTB3
GO_Biological_Process_2023,Regulation Of Protein Localization (GO:0032880),3/97,0.4651413572791753,0.5991662178872509,0,0,1.1943440400887209,0.9141675600536112,ITGB3;KRT5;SLC26A4
GO_Biological_Process_2023,Regulation Of Extrinsic Apoptotic Signaling Pathway (GO:2001236),2/60,0.4657337392885731,0.5991662178872509,0,0,1.290346156401568,0.9860066385232564,CAV1;THBS1
GO_Biological_Process_2023,Positive Regulation Of Phagocytosis (GO:0050766),2/60,0.4657337392885731,0.5991662178872509,0,0,1.290346156401568,0.9860066385232564,C3;GATA2
GO_Biological_Process_2023,Cellular Response To Metal Ion (GO:0071248),4/135,0.4688047559034775,0.5991662178872509,0,0,1.1427052726386815,0.8656779717611234,MT1A;CLU;BMP6;SNCA
GO_Biological_Process_2023,ERK1 And ERK2 Cascade (GO:0070371),1/24,0.4694577326315565,0.5991662178872509,0,0,1.6267558528428094,1.2301153779906897,KDR
GO_Biological_Process_2023,Regulation Of Execution Phase Of Apoptosis (GO:1900117),1/24,0.4694577326315565,0.5991662178872509,0,0,1.6267558528428094,1.2301153779906897,PTGIS
GO_Biological_Process_2023,Regulation Of Heterotypic Cell-Cell Adhesion (GO:0034114),1/24,0.4694577326315565,0.5991662178872509,0,0,1.6267558528428094,1.2301153779906897,THY1
GO_Biological_Process_2023,Regulation Of Microtubule Depolymerization (GO:0031114),1/24,0.4694577326315565,0.5991662178872509,0,0,1.6267558528428094,1.2301153779906897,BMERB1
GO_Biological_Process_2023,Amyloid Fibril Formation (GO:1990000),1/24,0.4694577326315565,0.5991662178872509,0,0,1.6267558528428094,1.2301153779906897,SNCA
GO_Biological_Process_2023,Regulation Of Muscle Cell Differentiation (GO:0051147),1/24,0.4694577326315565,0.5991662178872509,0,0,1.6267558528428094,1.2301153779906897,LAMA2
GO_Biological_Process_2023,Regulation Of Neuroblast Proliferation (GO:1902692),1/24,0.4694577326315565,0.5991662178872509,0,0,1.6267558528428094,1.2301153779906897,PTN
GO_Biological_Process_2023,Regulation Of Ruffle Assembly (GO:1900027),1/24,0.4694577326315565,0.5991662178872509,0,0,1.6267558528428094,1.2301153779906897,CAV1
GO_Biological_Process_2023,Regulation Of Ryanodine-Sensitive Calcium-Release Channel Activity (GO:0060314),1/24,0.4694577326315565,0.5991662178872509,0,0,1.6267558528428094,1.2301153779906897,JSRP1
GO_Biological_Process_2023,Response To Hexose (GO:0009746),1/24,0.4694577326315565,0.5991662178872509,0,0,1.6267558528428094,1.2301153779906897,THBS1
GO_Biological_Process_2023,Response To Purine-Containing Compound (GO:0014074),1/24,0.4694577326315565,0.5991662178872509,0,0,1.6267558528428094,1.2301153779906897,CLU
GO_Biological_Process_2023,Secondary Alcohol Biosynthetic Process (GO:1902653),1/24,0.4694577326315565,0.5991662178872509,0,0,1.6267558528428094,1.2301153779906897,CES1
GO_Biological_Process_2023,Ear Morphogenesis (GO:0042471),1/24,0.4694577326315565,0.5991662178872509,0,0,1.6267558528428094,1.2301153779906897,TWIST1
GO_Biological_Process_2023,Fat-Soluble Vitamin Metabolic Process (GO:0006775),1/24,0.4694577326315565,0.5991662178872509,0,0,1.6267558528428094,1.2301153779906897,CYP24A1
GO_Biological_Process_2023,Iron Ion Transport (GO:0006826),1/24,0.4694577326315565,0.5991662178872509,0,0,1.6267558528428094,1.2301153779906897,LTF
GO_Biological_Process_2023,Mononuclear Cell Differentiation (GO:1903131),1/24,0.4694577326315565,0.5991662178872509,0,0,1.6267558528428094,1.2301153779906897,CLU
GO_Biological_Process_2023,Negative Regulation Of Antigen Receptor-Mediated Signaling Pathway (GO:0050858),1/24,0.4694577326315565,0.5991662178872509,0,0,1.6267558528428094,1.2301153779906897,THY1
GO_Biological_Process_2023,Outflow Tract Septum Morphogenesis (GO:0003148),1/24,0.4694577326315565,0.5991662178872509,0,0,1.6267558528428094,1.2301153779906897,TBX2
GO_Biological_Process_2023,Positive Regulation Of Cell Cycle G2/M Phase Transition (GO:1902751),1/24,0.4694577326315565,0.5991662178872509,0,0,1.6267558528428094,1.2301153779906897,CCND1
GO_Biological_Process_2023,Positive Regulation Of Interleukin-17 Production (GO:0032740),1/24,0.4694577326315565,0.5991662178872509,0,0,1.6267558528428094,1.2301153779906897,IL6
GO_Biological_Process_2023,Positive Regulation Of p38MAPK Cascade (GO:1900745),1/24,0.4694577326315565,0.5991662178872509,0,0,1.6267558528428094,1.2301153779906897,HAND2
GO_Biological_Process_2023,Protein Kinase B Signaling (GO:0043491),1/24,0.4694577326315565,0.5991662178872509,0,0,1.6267558528428094,1.2301153779906897,KDR
GO_Biological_Process_2023,MAPK Cascade (GO:0000165),3/98,0.4718646337560249,0.6019101156081756,0,0,1.1817110343426134,0.8875395851592647,PLVAP;KDR;SHANK3
GO_Biological_Process_2023,Negative Regulation Of Autophagy (GO:0010507),2/61,0.4743275744414354,0.6040648066024153,0,0,1.2684105679109108,0.9460530413089282,DAPL1;SNCA
GO_Biological_Process_2023,Negative Regulation Of Viral Process (GO:0048525),2/61,0.4743275744414354,0.6040648066024153,0,0,1.2684105679109108,0.9460530413089282,SLPI;LTF
GO_Biological_Process_2023,Positive Regulation Of Interleukin-8 Production (GO:0032757),2/61,0.4743275744414354,0.6040648066024153,0,0,1.2684105679109108,0.9460530413089282,IL6;HSPA1B
GO_Biological_Process_2023,Axon Development (GO:0061564),3/99,0.4785493424855131,0.606904414919287,0,0,1.1693412162162162,0.8617997455634431,SLITRK4;NRCAM;CNTN4
GO_Biological_Process_2023,Negative Regulation Of Cellular Biosynthetic Process (GO:0031327),4/137,0.4801531479174525,0.606904414919287,0,0,1.125405389683105,0.8256538529919938,ACVRL1;PTGIS;IGFBP5;CAV1
GO_Biological_Process_2023,Negative Regulation Of Kinase Activity (GO:0033673),2/62,0.4828372196801619,0.606904414919287,0,0,1.2472061657032756,0.9080605039210622,THY1;SNCA
GO_Biological_Process_2023,Phosphatidylinositol-Mediated Signaling (GO:0048015),2/62,0.4828372196801619,0.606904414919287,0,0,1.2472061657032756,0.9080605039210622,PDGFRB;PDGFRA
GO_Biological_Process_2023,Regulation Of T Cell Activation (GO:0050863),2/62,0.4828372196801619,0.606904414919287,0,0,1.2472061657032756,0.9080605039210622,HLA-DRB5;THY1
GO_Biological_Process_2023,Regulation Of Hippo Signaling (GO:0035330),1/25,0.4832949333153161,0.606904414919287,0,0,1.5588942307692308,1.133515930607356,WTIP
GO_Biological_Process_2023,Regulation Of Keratinocyte Proliferation (GO:0010837),1/25,0.4832949333153161,0.606904414919287,0,0,1.5588942307692308,1.133515930607356,FGF7
GO_Biological_Process_2023,Regulation Of Neutrophil Chemotaxis (GO:0090022),1/25,0.4832949333153161,0.606904414919287,0,0,1.5588942307692308,1.133515930607356,JAM3
GO_Biological_Process_2023,Regulation Of Postsynapse Organization (GO:0099175),1/25,0.4832949333153161,0.606904414919287,0,0,1.5588942307692308,1.133515930607356,SHANK3
GO_Biological_Process_2023,Carbohydrate Biosynthetic Process (GO:0016051),1/25,0.4832949333153161,0.606904414919287,0,0,1.5588942307692308,1.133515930607356,ST6GALNAC5
GO_Biological_Process_2023,Regulation Of Protein Processing (GO:0070613),1/25,0.4832949333153161,0.606904414919287,0,0,1.5588942307692308,1.133515930607356,GAS1
GO_Biological_Process_2023,Cellular Response To Steroid Hormone Stimulus (GO:0071383),1/25,0.4832949333153161,0.606904414919287,0,0,1.5588942307692308,1.133515930607356,HSPA1B
GO_Biological_Process_2023,Cholesterol Biosynthetic Process (GO:0006695),1/25,0.4832949333153161,0.606904414919287,0,0,1.5588942307692308,1.133515930607356,CES1
GO_Biological_Process_2023,Response To Zinc Ion (GO:0010043),1/25,0.4832949333153161,0.606904414919287,0,0,1.5588942307692308,1.133515930607356,MT1A
GO_Biological_Process_2023,fatty-acyl-CoA Biosynthetic Process (GO:0046949),1/25,0.4832949333153161,0.606904414919287,0,0,1.5588942307692308,1.133515930607356,PPT2
GO_Biological_Process_2023,Ventricular Cardiac Muscle Tissue Development (GO:0003229),1/25,0.4832949333153161,0.606904414919287,0,0,1.5588942307692308,1.133515930607356,TNNC1
GO_Biological_Process_2023,"Wound Healing, Spreading Of Cells (GO:0044319)",1/25,0.4832949333153161,0.606904414919287,0,0,1.5588942307692308,1.133515930607356,PDPN
GO_Biological_Process_2023,Lamellipodium Assembly (GO:0030032),1/25,0.4832949333153161,0.606904414919287,0,0,1.5588942307692308,1.133515930607356,CDH13
GO_Biological_Process_2023,Long-Chain Fatty Acid Biosynthetic Process (GO:0042759),1/25,0.4832949333153161,0.606904414919287,0,0,1.5588942307692308,1.133515930607356,ALOX15B
GO_Biological_Process_2023,Metanephros Development (GO:0001656),1/25,0.4832949333153161,0.606904414919287,0,0,1.5588942307692308,1.133515930607356,SOX17
GO_Biological_Process_2023,Negative Regulation Of Intracellular Protein Transport (GO:0090317),1/25,0.4832949333153161,0.606904414919287,0,0,1.5588942307692308,1.133515930607356,APOD
GO_Biological_Process_2023,Negative Regulation Of Response To Endoplasmic Reticulum Stress (GO:1903573),1/25,0.4832949333153161,0.606904414919287,0,0,1.5588942307692308,1.133515930607356,CLU
GO_Biological_Process_2023,Negative Regulation Of Transposition (GO:0010529),1/25,0.4832949333153161,0.606904414919287,0,0,1.5588942307692308,1.133515930607356,TDRD12
GO_Biological_Process_2023,Positive Regulation Of Striated Muscle Cell Differentiation (GO:0051155),1/25,0.4832949333153161,0.606904414919287,0,0,1.5588942307692308,1.133515930607356,NRG1
GO_Biological_Process_2023,Proteoglycan Metabolic Process (GO:0006029),1/25,0.4832949333153161,0.606904414919287,0,0,1.5588942307692308,1.133515930607356,SULF1
GO_Biological_Process_2023,Regulation Of Cell Size (GO:0008361),1/25,0.4832949333153161,0.606904414919287,0,0,1.5588942307692308,1.133515930607356,PRR16
GO_Biological_Process_2023,Positive Regulation Of Nucleic Acid-Templated Transcription (GO:1903508),15/557,0.4848673799052087,0.6085527351221859,0,0,1.0357444977611832,0.7497545912859473,ACVRL1;FZD4;DLX5;FZD7;ZBTB16;RORB;FGF2;FGF7;SFRP1;IL6;SALL1;SOX17;SOX18;ATOH8;PPARGC1A
GO_Biological_Process_2023,Response To UV (GO:0009411),3/100,0.4851942974531313,0.6086368744698627,0,0,1.1572264458862398,0.8369129411833146,MFAP4;SCARA3;CCND1
GO_Biological_Process_2023,Inorganic Anion Transmembrane Transport (GO:0098661),2/63,0.4912612238307508,0.615258709204074,0,0,1.22669698979753,0.8719107891616824,SLC5A8;SLC5A5
GO_Biological_Process_2023,Phosphatidylinositol Metabolic Process (GO:0046488),2/63,0.4912612238307508,0.615258709204074,0,0,1.22669698979753,0.8719107891616824,PDGFRB;FGF2
GO_Biological_Process_2023,Positive Regulation Of Mitotic Cell Cycle Phase Transition (GO:1901992),2/63,0.4912612238307508,0.615258709204074,0,0,1.22669698979753,0.8719107891616824,CCND1;ADAMTS1
GO_Biological_Process_2023,Visual Perception (GO:0007601),3/101,0.4917983645048993,0.6156022285785538,0,0,1.145358915767079,0.8128457312364095,RDH12;LUM;EYA4
GO_Biological_Process_2023,Antigen Processing And Presentation Of Exogenous Peptide Antigen Via MHC Class II (GO:0019886),1/26,0.4967719163216965,0.6172094578384155,0,0,1.4964615384615385,1.046960825052752,HLA-DRB5
GO_Biological_Process_2023,Regulation Of Potassium Ion Transmembrane Transporter Activity (GO:1901016),1/26,0.4967719163216965,0.6172094578384155,0,0,1.4964615384615385,1.046960825052752,FHL1
GO_Biological_Process_2023,Regulation Of Vasoconstriction (GO:0019229),1/26,0.4967719163216965,0.6172094578384155,0,0,1.4964615384615385,1.046960825052752,CAV1
GO_Biological_Process_2023,Dendritic Spine Organization (GO:0097061),1/26,0.4967719163216965,0.6172094578384155,0,0,1.4964615384615385,1.046960825052752,SHANK3
GO_Biological_Process_2023,Meiosis I (GO:0007127),1/26,0.4967719163216965,0.6172094578384155,0,0,1.4964615384615385,1.046960825052752,CCNA1
GO_Biological_Process_2023,miRNA-mediated Gene Silencing (GO:0035195),1/26,0.4967719163216965,0.6172094578384155,0,0,1.4964615384615385,1.046960825052752,WTIP
GO_Biological_Process_2023,Mitotic G1 DNA Damage Checkpoint Signaling (GO:0031571),1/26,0.4967719163216965,0.6172094578384155,0,0,1.4964615384615385,1.046960825052752,CCND1
GO_Biological_Process_2023,Negative Regulation Of Insulin Receptor Signaling Pathway (GO:0046627),1/26,0.4967719163216965,0.6172094578384155,0,0,1.4964615384615385,1.046960825052752,TNS2
GO_Biological_Process_2023,Negative Regulation Of Lipid Metabolic Process (GO:0045833),1/26,0.4967719163216965,0.6172094578384155,0,0,1.4964615384615385,1.046960825052752,APOD
GO_Biological_Process_2023,Negative Regulation Of Receptor-Mediated Endocytosis (GO:0048261),1/26,0.4967719163216965,0.6172094578384155,0,0,1.4964615384615385,1.046960825052752,ITGB3
GO_Biological_Process_2023,Positive Regulation Of Erythrocyte Differentiation (GO:0045648),1/26,0.4967719163216965,0.6172094578384155,0,0,1.4964615384615385,1.046960825052752,HSPA1B
GO_Biological_Process_2023,Positive Regulation Of Monooxygenase Activity (GO:0032770),1/26,0.4967719163216965,0.6172094578384155,0,0,1.4964615384615385,1.046960825052752,NPR3
GO_Biological_Process_2023,Protein Targeting To Lysosome (GO:0006622),1/26,0.4967719163216965,0.6172094578384155,0,0,1.4964615384615385,1.046960825052752,CLU
GO_Biological_Process_2023,Regulation Of Actin Filament Bundle Assembly (GO:0032231),1/26,0.4967719163216965,0.6172094578384155,0,0,1.4964615384615385,1.046960825052752,SHANK3
GO_Biological_Process_2023,Regulation Of Protein Secretion (GO:0050708),3/102,0.4983604605175005,0.6185268672665534,0,0,1.1337311337311338,0.7895662412705036,IL6;SAA1;BMP6
GO_Biological_Process_2023,Sensory Perception Of Light Stimulus (GO:0050953),3/102,0.4983604605175005,0.6185268672665534,0,0,1.1337311337311338,0.7895662412705036,RDH12;LUM;EYA4
GO_Biological_Process_2023,Positive Regulation Of Interleukin-1 Production (GO:0032732),2/64,0.4995982682119627,0.6190789122499558,0,0,1.2068494002113246,0.8374943084036583,IL6;SAA1
GO_Biological_Process_2023,Positive Regulation Of Macroautophagy (GO:0016239),2/64,0.4995982682119627,0.6190789122499558,0,0,1.2068494002113246,0.8374943084036583,KDR;DCN
GO_Biological_Process_2023,Protein N-linked Glycosylation (GO:0006487),2/64,0.4995982682119627,0.6190789122499558,0,0,1.2068494002113246,0.8374943084036583,DERL3;GFPT2
GO_Biological_Process_2023,Protein Localization To Cell Periphery (GO:1990778),4/142,0.5080917774165924,0.6281858037235603,0,0,1.0843495080312842,0.7342056604364519,DPP6;RAMP3;CAV1;RAMP1
GO_Biological_Process_2023,Amino Acid Import Across Plasma Membrane (GO:0089718),1/27,0.509898041365708,0.6281858037235603,0,0,1.4388313609467456,0.96911693828539,SLC7A2
GO_Biological_Process_2023,Cardiac Muscle Cell Differentiation (GO:0055007),1/27,0.509898041365708,0.6281858037235603,0,0,1.4388313609467456,0.96911693828539,NRG1
GO_Biological_Process_2023,Clathrin-Dependent Endocytosis (GO:0072583),1/27,0.509898041365708,0.6281858037235603,0,0,1.4388313609467456,0.96911693828539,DLL1
GO_Biological_Process_2023,Cortical Cytoskeleton Organization (GO:0030865),1/27,0.509898041365708,0.6281858037235603,0,0,1.4388313609467456,0.96911693828539,FHOD3
GO_Biological_Process_2023,Negative Regulation Of Cellular Response To Insulin Stimulus (GO:1900077),1/27,0.509898041365708,0.6281858037235603,0,0,1.4388313609467456,0.96911693828539,TNS2
GO_Biological_Process_2023,Positive Regulation Of Calcium Ion Transmembrane Transporter Activity (GO:1901021),1/27,0.509898041365708,0.6281858037235603,0,0,1.4388313609467456,0.96911693828539,STAC2
GO_Biological_Process_2023,Positive Regulation Of Mitotic Cell Cycle (GO:0045931),1/27,0.509898041365708,0.6281858037235603,0,0,1.4388313609467456,0.96911693828539,SMOC2
GO_Biological_Process_2023,Regulation Of Actin Polymerization Or Depolymerization (GO:0008064),1/27,0.509898041365708,0.6281858037235603,0,0,1.4388313609467456,0.96911693828539,CXCL12
GO_Biological_Process_2023,Regulation Of Androgen Receptor Signaling Pathway (GO:0060765),1/27,0.509898041365708,0.6281858037235603,0,0,1.4388313609467456,0.96911693828539,SFRP1
GO_Biological_Process_2023,Regulation Of Catecholamine Secretion (GO:0050433),1/27,0.509898041365708,0.6281858037235603,0,0,1.4388313609467456,0.96911693828539,SNCA
GO_Biological_Process_2023,Positive Regulation Of Inflammatory Response (GO:0050729),3/104,0.5113546556730098,0.6296491080894788,0,0,1.111166328988111,0.7452502420727405,IL6;CCN4;SNCA
GO_Biological_Process_2023,Negative Regulation Of Immune Response (GO:0050777),2/66,0.5160068296712773,0.6350436127641258,0,0,1.1690149325626205,0.773461519648034,COL3A1;ENPP3
GO_Biological_Process_2023,Cellular Component Assembly (GO:0022607),7/260,0.5182729368172745,0.6374974884590635,0,0,1.0349117977268882,0.6801991636685135,CALD1;KRT14;FAM107A;PPARGC1A;THSD4;WASF3;JCHAIN
GO_Biological_Process_2023,Ras Protein Signal Transduction (GO:0007265),4/144,0.5190781590190809,0.6377165014622606,0,0,1.0687482730035922,0.7007791101564356,COL1A2;PDPN;CDH13;FGF2
GO_Biological_Process_2023,Regulation Of Lipid Biosynthetic Process (GO:0046890),1/28,0.5226824255316861,0.6377165014622606,0,0,1.3854700854700854,0.8988669672050822,C3
GO_Biological_Process_2023,Antigen Processing And Presentation Of Peptide Antigen Via MHC Class II (GO:0002495),1/28,0.5226824255316861,0.6377165014622606,0,0,1.3854700854700854,0.8988669672050822,HLA-DRB5
GO_Biological_Process_2023,Regulation Of Nitric-Oxide Synthase Activity (GO:0050999),1/28,0.5226824255316861,0.6377165014622606,0,0,1.3854700854700854,0.8988669672050822,NPR3
GO_Biological_Process_2023,Regulation Of Protein Transport (GO:0051223),1/28,0.5226824255316861,0.6377165014622606,0,0,1.3854700854700854,0.8988669672050822,SAA1
GO_Biological_Process_2023,Cellular Response To Osmotic Stress (GO:0071470),1/28,0.5226824255316861,0.6377165014622606,0,0,1.3854700854700854,0.8988669672050822,MYLK
GO_Biological_Process_2023,Determination Of Bilateral Symmetry (GO:0009855),1/28,0.5226824255316861,0.6377165014622606,0,0,1.3854700854700854,0.8988669672050822,DLL1
GO_Biological_Process_2023,Sterol Biosynthetic Process (GO:0016126),1/28,0.5226824255316861,0.6377165014622606,0,0,1.3854700854700854,0.8988669672050822,CES1
GO_Biological_Process_2023,Hematopoietic Progenitor Cell Differentiation (GO:0002244),1/28,0.5226824255316861,0.6377165014622606,0,0,1.3854700854700854,0.8988669672050822,SFRP1
GO_Biological_Process_2023,Negative Regulation Of G2/M Transition Of Mitotic Cell Cycle (GO:0010972),1/28,0.5226824255316861,0.6377165014622606,0,0,1.3854700854700854,0.8988669672050822,FHL1
GO_Biological_Process_2023,Negative Regulation Of Actin Filament Bundle Assembly (GO:0032232),1/28,0.5226824255316861,0.6377165014622606,0,0,1.3854700854700854,0.8988669672050822,SHANK3
GO_Biological_Process_2023,Negative Regulation Of Cytoskeleton Organization (GO:0051494),1/28,0.5226824255316861,0.6377165014622606,0,0,1.3854700854700854,0.8988669672050822,SHANK3
GO_Biological_Process_2023,Primary Neural Tube Formation (GO:0014020),1/28,0.5226824255316861,0.6377165014622606,0,0,1.3854700854700854,0.8988669672050822,PRICKLE1
GO_Biological_Process_2023,Protein Localization To Golgi Apparatus (GO:0034067),1/28,0.5226824255316861,0.6377165014622606,0,0,1.3854700854700854,0.8988669672050822,OBSL1
GO_Biological_Process_2023,Regulation Of Cardiac Muscle Cell Action Potential (GO:0098901),1/28,0.5226824255316861,0.6377165014622606,0,0,1.3854700854700854,0.8988669672050822,CAV1
GO_Biological_Process_2023,Regulation Of Neurogenesis (GO:0050767),2/67,0.5240763191282223,0.6377165014622606,0,0,1.150970801837854,0.7436629042878264,IL6;DLL1
GO_Biological_Process_2023,Regulation Of Viral Genome Replication (GO:0045069),2/67,0.5240763191282223,0.6377165014622606,0,0,1.150970801837854,0.7436629042878264,SLPI;LTF
GO_Biological_Process_2023,Cholesterol Metabolic Process (GO:0008203),2/67,0.5240763191282223,0.6377165014622606,0,0,1.150970801837854,0.7436629042878264,APOB;CES1
GO_Biological_Process_2023,Response To Calcium Ion (GO:0051592),3/106,0.5241691995366573,0.6377165014622606,0,0,1.089477827341905,0.7037381215274052,CAV1;CLU;THBS1
GO_Biological_Process_2023,Positive Regulation Of Cell Growth (GO:0030307),3/106,0.5241691995366573,0.6377165014622606,0,0,1.089477827341905,0.7037381215274052,SFRP1;SFRP2;PRSS2
GO_Biological_Process_2023,Regulation Of G1/S Transition Of Mitotic Cell Cycle (GO:2000045),3/106,0.5241691995366573,0.6377165014622606,0,0,1.089477827341905,0.7037381215274052,ADAMTS1;FHL1;FAM107A
GO_Biological_Process_2023,Neuron Projection Morphogenesis (GO:0048812),4/146,0.5299480841479379,0.6444124678475964,0,0,1.0535865093851309,0.6690023914694808,SLITRK4;NRCAM;CNTN4;SHANK3
GO_Biological_Process_2023,Monoatomic Ion Transport (GO:0006811),3/107,0.5305069078672673,0.644422810282749,0,0,1.0789463914463917,0.6839681775950849,SLC5A8;SLC26A4;SLC5A5
GO_Biological_Process_2023,Positive Regulation Of T Cell Activation (GO:0050870),3/107,0.5305069078672673,0.644422810282749,0,0,1.0789463914463917,0.6839681775950849,HLA-DRB5;IL6;THY1
GO_Biological_Process_2023,RNA-mediated Gene Silencing (GO:0031047),1/29,0.5351339494441868,0.6446932662542622,0,0,1.3359203296703297,0.8352684097506401,TDRD12
GO_Biological_Process_2023,Regulation Of Neuron Migration (GO:2001222),1/29,0.5351339494441868,0.6446932662542622,0,0,1.3359203296703297,0.8352684097506401,COL3A1
GO_Biological_Process_2023,Carbohydrate Derivative Biosynthetic Process (GO:1901137),1/29,0.5351339494441868,0.6446932662542622,0,0,1.3359203296703297,0.8352684097506401,DDR2
GO_Biological_Process_2023,Cardiac Muscle Cell Action Potential (GO:0086001),1/29,0.5351339494441868,0.6446932662542622,0,0,1.3359203296703297,0.8352684097506401,SCN1B
GO_Biological_Process_2023,Regulation Of Protein Modification By Small Protein Conjugation Or Removal (GO:1903320),1/29,0.5351339494441868,0.6446932662542622,0,0,1.3359203296703297,0.8352684097506401,HSPA1B
GO_Biological_Process_2023,Regulation Of Spindle Assembly (GO:0090169),1/29,0.5351339494441868,0.6446932662542622,0,0,1.3359203296703297,0.8352684097506401,HSPA1B
GO_Biological_Process_2023,Regulation Of Voltage-Gated Calcium Channel Activity (GO:1901385),1/29,0.5351339494441868,0.6446932662542622,0,0,1.3359203296703297,0.8352684097506401,STAC2
GO_Biological_Process_2023,Sarcomere Organization (GO:0045214),1/29,0.5351339494441868,0.6446932662542622,0,0,1.3359203296703297,0.8352684097506401,FHOD3
GO_Biological_Process_2023,Establishment Of Mitotic Spindle Orientation (GO:0000132),1/29,0.5351339494441868,0.6446932662542622,0,0,1.3359203296703297,0.8352684097506401,GJA1
GO_Biological_Process_2023,Tube Closure (GO:0060606),1/29,0.5351339494441868,0.6446932662542622,0,0,1.3359203296703297,0.8352684097506401,PRICKLE1
GO_Biological_Process_2023,Vacuolar Acidification (GO:0007035),1/29,0.5351339494441868,0.6446932662542622,0,0,1.3359203296703297,0.8352684097506401,ATP6V1B1
GO_Biological_Process_2023,Negative Regulation Of Plasma Membrane Bounded Cell Projection Assembly (GO:0120033),1/29,0.5351339494441868,0.6446932662542622,0,0,1.3359203296703297,0.8352684097506401,NRG1
GO_Biological_Process_2023,Peptidyl-Tyrosine Dephosphorylation (GO:0035335),1/29,0.5351339494441868,0.6446932662542622,0,0,1.3359203296703297,0.8352684097506401,TNS2
GO_Biological_Process_2023,Positive Regulation Of Dephosphorylation (GO:0035306),1/29,0.5351339494441868,0.6446932662542622,0,0,1.3359203296703297,0.8352684097506401,CDH5
GO_Biological_Process_2023,Positive Regulation Of Endopeptidase Activity (GO:0010950),1/29,0.5351339494441868,0.6446932662542622,0,0,1.3359203296703297,0.8352684097506401,SERPINB3
GO_Biological_Process_2023,Positive Regulation Of Microtubule Polymerization (GO:0031116),1/29,0.5351339494441868,0.6446932662542622,0,0,1.3359203296703297,0.8352684097506401,HSPA1B
GO_Biological_Process_2023,Regulation Of Dendritic Spine Morphogenesis (GO:0061001),1/30,0.5472612633586106,0.6551568800913482,0,0,1.289787798408488,0.7775214384875123,SHANK3
GO_Biological_Process_2023,Immunoglobulin Mediated Immune Response (GO:0016064),1/30,0.5472612633586106,0.6551568800913482,0,0,1.289787798408488,0.7775214384875123,HLA-DRB5
GO_Biological_Process_2023,Lamellipodium Organization (GO:0097581),1/30,0.5472612633586106,0.6551568800913482,0,0,1.289787798408488,0.7775214384875123,CDH13
GO_Biological_Process_2023,"Maturation Of SSU-rRNA From Tricistronic rRNA Transcript (SSU-rRNA, 5.8S rRNA, LSU-rRNA) (GO:0000462)",1/30,0.5472612633586106,0.6551568800913482,0,0,1.289787798408488,0.7775214384875123,LTB4R2
GO_Biological_Process_2023,Negative Regulation Of Myeloid Leukocyte Differentiation (GO:0002762),1/30,0.5472612633586106,0.6551568800913482,0,0,1.289787798408488,0.7775214384875123,FBN1
GO_Biological_Process_2023,"Phagocytosis, Engulfment (GO:0006911)",1/30,0.5472612633586106,0.6551568800913482,0,0,1.289787798408488,0.7775214384875123,THBS1
GO_Biological_Process_2023,Positive Regulation Of JUN Kinase Activity (GO:0043507),1/30,0.5472612633586106,0.6551568800913482,0,0,1.289787798408488,0.7775214384875123,DKK1
GO_Biological_Process_2023,Positive Regulation Of Interleukin-10 Production (GO:0032733),1/30,0.5472612633586106,0.6551568800913482,0,0,1.289787798408488,0.7775214384875123,IL6
GO_Biological_Process_2023,Regulation Of Arp2/3 Complex-Mediated Actin Nucleation (GO:0034315),1/30,0.5472612633586106,0.6551568800913482,0,0,1.289787798408488,0.7775214384875123,WASF3
GO_Biological_Process_2023,Regulation Of Calcium-Mediated Signaling (GO:0050848),1/30,0.5472612633586106,0.6551568800913482,0,0,1.289787798408488,0.7775214384875123,CDH13
GO_Biological_Process_2023,Apoptotic Process (GO:0006915),6/228,0.5474116081835122,0.6551568800913482,0,0,1.0106008921542902,0.6089418894684657,TP53AIP1;ZBTB16;PAEP;SEPTIN4;NSG1;ALOX15B
GO_Biological_Process_2023,Sensory Organ Development (GO:0007423),2/70,0.5477357690943039,0.6551568800913482,0,0,1.1000226680267482,0.6621721549499248,CPAMD8;STRA6
GO_Biological_Process_2023,Positive Regulation Of Protein Polymerization (GO:0032273),2/70,0.5477357690943039,0.6551568800913482,0,0,1.1000226680267482,0.6621721549499248,CSF3;LMOD1
GO_Biological_Process_2023,Regulation Of Actin Filament Polymerization (GO:0030833),2/70,0.5477357690943039,0.6551568800913482,0,0,1.1000226680267482,0.6621721549499248,CSF3;LMOD1
GO_Biological_Process_2023,Mitotic Cell Cycle Phase Transition (GO:0044772),3/111,0.5553758681081783,0.6636906633848956,0,0,1.0387709137709138,0.6109117227173043,CCNA1;CCND1;FBXL7
GO_Biological_Process_2023,Regulation Of Hydrolase Activity (GO:0051336),2/71,0.5554371051385121,0.6636906633848956,0,0,1.0840244617575605,0.6374062733607776,NTRK2;CAV1
GO_Biological_Process_2023,B Cell Proliferation (GO:0042100),1/31,0.5590727931016738,0.6639698181765314,0,0,1.2467307692307692,0.724943514705367,CD79A
GO_Biological_Process_2023,Regulation Of Dendrite Morphogenesis (GO:0048814),1/31,0.5590727931016738,0.6639698181765314,0,0,1.2467307692307692,0.724943514705367,OBSL1
GO_Biological_Process_2023,Antigen Processing And Presentation Of Exogenous Peptide Antigen (GO:0002478),1/31,0.5590727931016738,0.6639698181765314,0,0,1.2467307692307692,0.724943514705367,HLA-DRB5
GO_Biological_Process_2023,Cardiac Muscle Tissue Morphogenesis (GO:0055008),1/31,0.5590727931016738,0.6639698181765314,0,0,1.2467307692307692,0.724943514705367,TNNC1
GO_Biological_Process_2023,Leukocyte Cell-Cell Adhesion (GO:0007159),1/31,0.5590727931016738,0.6639698181765314,0,0,1.2467307692307692,0.724943514705367,JAM2
GO_Biological_Process_2023,Negative Regulation Of DNA Biosynthetic Process (GO:2000279),1/31,0.5590727931016738,0.6639698181765314,0,0,1.2467307692307692,0.724943514705367,ACVRL1
GO_Biological_Process_2023,Negative Regulation Of Developmental Growth (GO:0048640),1/31,0.5590727931016738,0.6639698181765314,0,0,1.2467307692307692,0.724943514705367,MAG
GO_Biological_Process_2023,Negative Regulation Of Intracellular Steroid Hormone Receptor Signaling Pathway (GO:0033144),1/31,0.5590727931016738,0.6639698181765314,0,0,1.2467307692307692,0.724943514705367,SFRP1
GO_Biological_Process_2023,Positive Regulation Of G1/S Transition Of Mitotic Cell Cycle (GO:1900087),1/31,0.5590727931016738,0.6639698181765314,0,0,1.2467307692307692,0.724943514705367,ADAMTS1
GO_Biological_Process_2023,Positive Regulation Of Rho Protein Signal Transduction (GO:0035025),1/31,0.5590727931016738,0.6639698181765314,0,0,1.2467307692307692,0.724943514705367,COL3A1
GO_Biological_Process_2023,Positive Regulation Of Glucose Transmembrane Transport (GO:0010828),1/31,0.5590727931016738,0.6639698181765314,0,0,1.2467307692307692,0.724943514705367,C3
GO_Biological_Process_2023,Presynaptic Endocytosis (GO:0140238),1/31,0.5590727931016738,0.6639698181765314,0,0,1.2467307692307692,0.724943514705367,SNCA
GO_Biological_Process_2023,Neuron Projection Development (GO:0031175),5/192,0.5629444897823829,0.6680098621898636,0,0,0.9996683662894332,0.5743837047013594,IL6;TNXB;TMEM108;CNTN4;SHANK3
GO_Biological_Process_2023,Second-Messenger-Mediated Signaling (GO:0019932),2/72,0.5630450332889798,0.6680098621898636,0,0,1.068483347096064,0.6137322037239408,EDNRB;EDN3
GO_Biological_Process_2023,Ubiquitin-Dependent ERAD Pathway (GO:0030433),2/73,0.5705591855840976,0.6725167284394253,0,0,1.0533800103123558,0.5910919437741706,DERL3;RNF175
GO_Biological_Process_2023,Regulation Of Transcription By RNA Polymerase I (GO:0006356),1/32,0.570576746118334,0.6725167284394253,0,0,1.206451612903226,0.6769491622984526,RASL11A
GO_Biological_Process_2023,Female Gamete Generation (GO:0007292),1/32,0.570576746118334,0.6725167284394253,0,0,1.206451612903226,0.6769491622984526,PTN
GO_Biological_Process_2023,Gluconeogenesis (GO:0006094),1/32,0.570576746118334,0.6725167284394253,0,0,1.206451612903226,0.6769491622984526,PPARGC1A
GO_Biological_Process_2023,Glycosphingolipid Metabolic Process (GO:0006687),1/32,0.570576746118334,0.6725167284394253,0,0,1.206451612903226,0.6769491622984526,ST6GALNAC5
GO_Biological_Process_2023,Very Long-Chain Fatty Acid Metabolic Process (GO:0000038),1/32,0.570576746118334,0.6725167284394253,0,0,1.206451612903226,0.6769491622984526,ACOX2
GO_Biological_Process_2023,Intracellular pH Reduction (GO:0051452),1/32,0.570576746118334,0.6725167284394253,0,0,1.206451612903226,0.6769491622984526,ATP6V1B1
GO_Biological_Process_2023,Left/Right Pattern Formation (GO:0060972),1/32,0.570576746118334,0.6725167284394253,0,0,1.206451612903226,0.6769491622984526,DLL1
GO_Biological_Process_2023,Mesenchymal Cell Migration (GO:0090497),1/32,0.570576746118334,0.6725167284394253,0,0,1.206451612903226,0.6769491622984526,SEMA3B
GO_Biological_Process_2023,Muscle Cell Development (GO:0055001),1/32,0.570576746118334,0.6725167284394253,0,0,1.206451612903226,0.6769491622984526,EFEMP2
GO_Biological_Process_2023,Neural Tube Closure (GO:0001843),1/32,0.570576746118334,0.6725167284394253,0,0,1.206451612903226,0.6769491622984526,PRICKLE1
GO_Biological_Process_2023,Positive Regulation Of Synapse Assembly (GO:0051965),1/32,0.570576746118334,0.6725167284394253,0,0,1.206451612903226,0.6769491622984526,SLITRK4
GO_Biological_Process_2023,Regulation Of Calcium Ion Transmembrane Transporter Activity (GO:1901019),1/32,0.570576746118334,0.6725167284394253,0,0,1.206451612903226,0.6769491622984526,JSRP1
GO_Biological_Process_2023,Regulation Of Lamellipodium Assembly (GO:0010591),1/33,0.5817811166727744,0.6833156345274011,0,0,1.1686899038461538,0.633033730531505,NRG1
GO_Biological_Process_2023,Carboxylic Acid Metabolic Process (GO:0019752),1/33,0.5817811166727744,0.6833156345274011,0,0,1.1686899038461538,0.633033730531505,PTGIS
GO_Biological_Process_2023,Negative Regulation Of Double-Strand Break Repair (GO:2000780),1/33,0.5817811166727744,0.6833156345274011,0,0,1.1686899038461538,0.633033730531505,TWIST1
GO_Biological_Process_2023,Negative Regulation Of Endocytosis (GO:0045806),1/33,0.5817811166727744,0.6833156345274011,0,0,1.1686899038461538,0.633033730531505,CAV1
GO_Biological_Process_2023,Positive Regulation Of Notch Signaling Pathway (GO:0045747),1/33,0.5817811166727744,0.6833156345274011,0,0,1.1686899038461538,0.633033730531505,DLL1
GO_Biological_Process_2023,Positive Regulation Of Ion Transmembrane Transporter Activity (GO:0032414),1/33,0.5817811166727744,0.6833156345274011,0,0,1.1686899038461538,0.633033730531505,SHANK3
GO_Biological_Process_2023,Positive Regulation Of Small Molecule Metabolic Process (GO:0062013),1/33,0.5817811166727744,0.6833156345274011,0,0,1.1686899038461538,0.633033730531505,CES1
GO_Biological_Process_2023,Negative Regulation Of DNA-templated Transcription (GO:0045892),26/1025,0.5849563887071442,0.686700682883274,0,0,0.9716383049716384,0.5210099328239914,TENM2;FHL2;TWIST2;TWIST1;RORB;AEBP1;PRICKLE1;GATA2;LOXL2;SALL1;EDNRB;CCND1;SOX18;ATOH8;NDN;SNCA;ZBTB16;CAV1;NRG1;DKK1;TBX3;BMP6;TBX2;SFRP1;SFRP2;CRYAB
GO_Biological_Process_2023,Regulation Of Plasma Membrane Bounded Cell Projection Assembly (GO:0120032),2/75,0.5853050978333214,0.6867658011651496,0,0,1.024414706891546,0.5486990878834436,CAV1;CLU
GO_Biological_Process_2023,Cellular Response To Molecule Of Bacterial Origin (GO:0071219),3/117,0.5911633328398815,0.6895621591556382,0,0,0.98379394432026,0.5171440100963607,CXCL6;IL6;LDOC1
GO_Biological_Process_2023,Positive Regulation Of Interleukin-6 Production (GO:0032755),2/76,0.5925365176036395,0.6895621591556382,0,0,1.0105191897099413,0.5288479167170788,IL6;TWIST1
GO_Biological_Process_2023,Positive Regulation Of Protein Secretion (GO:0050714),2/76,0.5925365176036395,0.6895621591556382,0,0,1.0105191897099413,0.5288479167170788,MYRIP;BMP6
GO_Biological_Process_2023,Regulation Of Interleukin-17 Production (GO:0032660),1/34,0.5926936918788641,0.6895621591556382,0,0,1.1332167832167832,0.5927602622899321,IL6
GO_Biological_Process_2023,Apoptotic Mitochondrial Changes (GO:0008637),1/34,0.5926936918788641,0.6895621591556382,0,0,1.1332167832167832,0.5927602622899321,CLU
GO_Biological_Process_2023,Regulation Of Neuronal Synaptic Plasticity (GO:0048168),1/34,0.5926936918788641,0.6895621591556382,0,0,1.1332167832167832,0.5927602622899321,SHISA6
GO_Biological_Process_2023,Cellular Response To Amyloid-Beta (GO:1904646),1/34,0.5926936918788641,0.6895621591556382,0,0,1.1332167832167832,0.5927602622899321,GJA1
GO_Biological_Process_2023,Semaphorin-Plexin Signaling Pathway (GO:0071526),1/34,0.5926936918788641,0.6895621591556382,0,0,1.1332167832167832,0.5927602622899321,SEMA3B
GO_Biological_Process_2023,Establishment Of Mitotic Spindle Localization (GO:0040001),1/34,0.5926936918788641,0.6895621591556382,0,0,1.1332167832167832,0.5927602622899321,GJA1
GO_Biological_Process_2023,Membrane Protein Proteolysis (GO:0033619),1/34,0.5926936918788641,0.6895621591556382,0,0,1.1332167832167832,0.5927602622899321,MMP7
GO_Biological_Process_2023,Negative Regulation Of JNK Cascade (GO:0046329),1/34,0.5926936918788641,0.6895621591556382,0,0,1.1332167832167832,0.5927602622899321,SERPINB3
GO_Biological_Process_2023,Negative Regulation Of Mitotic Cell Cycle (GO:0045930),1/34,0.5926936918788641,0.6895621591556382,0,0,1.1332167832167832,0.5927602622899321,GAS1
GO_Biological_Process_2023,Positive Regulation Of Carbohydrate Metabolic Process (GO:0045913),1/34,0.5926936918788641,0.6895621591556382,0,0,1.1332167832167832,0.5927602622899321,SNCA
GO_Biological_Process_2023,Positive Regulation Of Organelle Organization (GO:0010638),1/34,0.5926936918788641,0.6895621591556382,0,0,1.1332167832167832,0.5927602622899321,PPARGC1A
GO_Biological_Process_2023,Positive Regulation Of Transcription By RNA Polymerase I (GO:0045943),1/34,0.5926936918788641,0.6895621591556382,0,0,1.1332167832167832,0.5927602622899321,RASL11A
GO_Biological_Process_2023,Regulation Of T Cell Receptor Signaling Pathway (GO:0050856),1/34,0.5926936918788641,0.6895621591556382,0,0,1.1332167832167832,0.5927602622899321,THY1
GO_Biological_Process_2023,Regulation Of calcineurin-NFAT Signaling Cascade (GO:0070884),1/34,0.5926936918788641,0.6895621591556382,0,0,1.1332167832167832,0.5927602622899321,FHL2
GO_Biological_Process_2023,Sphingolipid Biosynthetic Process (GO:0030148),2/77,0.5996734734263459,0.6973362833984619,0,0,0.9969942196531792,0.5098329170141801,ABCA8;ST6GALNAC5
GO_Biological_Process_2023,Regulation Of Protein Kinase Activity (GO:0045859),3/119,0.6026718316133097,0.6981127750654275,0,0,0.9667321262148848,0.4895361889275197,THY1;DDR2;SNCA
GO_Biological_Process_2023,Regulatory ncRNA Processing (GO:0070918),1/35,0.6033220566748185,0.6981127750654275,0,0,1.0998303167420815,0.5557488059234733,TDRD12
GO_Biological_Process_2023,Response To Nutrient Levels (GO:0031667),1/35,0.6033220566748185,0.6981127750654275,0,0,1.0998303167420815,0.5557488059234733,FAM107A
GO_Biological_Process_2023,Establishment Of Spindle Orientation (GO:0051294),1/35,0.6033220566748185,0.6981127750654275,0,0,1.0998303167420815,0.5557488059234733,GJA1
GO_Biological_Process_2023,Hexose Biosynthetic Process (GO:0019319),1/35,0.6033220566748185,0.6981127750654275,0,0,1.0998303167420815,0.5557488059234733,PPARGC1A
GO_Biological_Process_2023,Liver Development (GO:0001889),1/35,0.6033220566748185,0.6981127750654275,0,0,1.0998303167420815,0.5557488059234733,IL6
GO_Biological_Process_2023,One-Carbon Compound Transport (GO:0019755),1/35,0.6033220566748185,0.6981127750654275,0,0,1.0998303167420815,0.5557488059234733,HBB
GO_Biological_Process_2023,Positive Regulation Of Cell Development (GO:0010720),1/35,0.6033220566748185,0.6981127750654275,0,0,1.0998303167420815,0.5557488059234733,PDE3A
GO_Biological_Process_2023,Positive Regulation Of Substrate Adhesion-Dependent Cell Spreading (GO:1900026),1/35,0.6033220566748185,0.6981127750654275,0,0,1.0998303167420815,0.5557488059234733,FERMT2
GO_Biological_Process_2023,Regulation Of Cardiac Muscle Contraction (GO:0055117),1/35,0.6033220566748185,0.6981127750654275,0,0,1.0998303167420815,0.5557488059234733,STC1
GO_Biological_Process_2023,Long-Chain Fatty Acid Metabolic Process (GO:0001676),2/78,0.6067159703330789,0.7013468916683469,0,0,0.9838251698610688,0.4916120471016386,GLYATL2;ALOX15B
GO_Biological_Process_2023,Organonitrogen Compound Catabolic Process (GO:1901565),2/78,0.6067159703330789,0.7013468916683469,0,0,0.9838251698610688,0.4916120471016386,ANPEP;TRHDE
GO_Biological_Process_2023,Cellular Response To UV (GO:0034644),2/79,0.6136640770547581,0.7072950636342522,0,0,0.970998173310312,0.4741457937560556,MFAP4;MMP2
GO_Biological_Process_2023,Positive Regulation Of Protein Localization To Membrane (GO:1905477),2/79,0.6136640770547581,0.7072950636342522,0,0,0.970998173310312,0.4741457937560556,RAMP3;STAC2
GO_Biological_Process_2023,Regulation Of Erythrocyte Differentiation (GO:0045646),1/36,0.6136735991907774,0.7072950636342522,0,0,1.0683516483516484,0.5216676587928447,HSPA1B
GO_Biological_Process_2023,Regulation Of Trans-Synaptic Signaling (GO:0099177),1/36,0.6136735991907774,0.7072950636342522,0,0,1.0683516483516484,0.5216676587928447,LRRC4C
GO_Biological_Process_2023,Negative Regulation Of Organelle Assembly (GO:1902116),1/36,0.6136735991907774,0.7072950636342522,0,0,1.0683516483516484,0.5216676587928447,FEZ1
GO_Biological_Process_2023,Neural Crest Cell Migration (GO:0001755),1/36,0.6136735991907774,0.7072950636342522,0,0,1.0683516483516484,0.5216676587928447,SEMA3B
GO_Biological_Process_2023,Calcium Ion Transmembrane Transport (GO:0070588),2/80,0.6205179228119433,0.7144803221364656,0,0,0.9585000741070104,0.4573969928543486,TRPC4;CLU
GO_Biological_Process_2023,Regulation Of Protein Localization To Plasma Membrane (GO:1903076),2/80,0.6205179228119433,0.7144803221364656,0,0,0.9585000741070104,0.4573969928543486,RAMP3;STAC2
GO_Biological_Process_2023,Regulation Of p38MAPK Cascade (GO:1900744),1/37,0.6237555160280996,0.7153944263162632,0,0,1.0386217948717948,0.4902261517742657,HAND2
GO_Biological_Process_2023,Regulation Of Phosphoprotein Phosphatase Activity (GO:0043666),1/37,0.6237555160280996,0.7153944263162632,0,0,1.0386217948717948,0.4902261517742657,PDGFRB
GO_Biological_Process_2023,Regulation Of Sodium Ion Transmembrane Transporter Activity (GO:2000649),1/37,0.6237555160280996,0.7153944263162632,0,0,1.0386217948717948,0.4902261517742657,SCN1B
GO_Biological_Process_2023,Synaptic Vesicle Cycle (GO:0099504),1/37,0.6237555160280996,0.7153944263162632,0,0,1.0386217948717948,0.4902261517742657,SNCA
GO_Biological_Process_2023,Mitochondrion Disassembly (GO:0061726),1/37,0.6237555160280996,0.7153944263162632,0,0,1.0386217948717948,0.4902261517742657,CTSK
GO_Biological_Process_2023,Positive Regulation Of Exocytosis (GO:0045921),1/37,0.6237555160280996,0.7153944263162632,0,0,1.0386217948717948,0.4902261517742657,SNCA
GO_Biological_Process_2023,Positive Regulation Of Receptor Signaling Pathway Via JAK-STAT (GO:0046427),1/37,0.6237555160280996,0.7153944263162632,0,0,1.0386217948717948,0.4902261517742657,IL6
GO_Biological_Process_2023,Positive Regulation Of Receptor Signaling Pathway Via STAT (GO:1904894),1/37,0.6237555160280996,0.7153944263162632,0,0,1.0386217948717948,0.4902261517742657,IL6
GO_Biological_Process_2023,Regulation Of Interleukin-8 Production (GO:0032677),2/81,0.6272776939393453,0.7190819183582706,0,0,0.946318382478476,0.4413306651560878,IL6;HSPA1B
GO_Biological_Process_2023,Cellular Response To Lipopolysaccharide (GO:0071222),3/124,0.6304955430084669,0.7224171045625389,0,0,0.926545199272472,0.4273682250547688,CXCL6;IL6;LDOC1
GO_Biological_Process_2023,G2/M Transition Of Mitotic Cell Cycle (GO:0000086),1/38,0.6335748168423759,0.7227628938357742,0,0,1.0104989604989605,0.4611686714593804,FBXL7
GO_Biological_Process_2023,Regulation Of Neurotransmitter Secretion (GO:0046928),1/38,0.6335748168423759,0.7227628938357742,0,0,1.0104989604989605,0.4611686714593804,SNCAIP
GO_Biological_Process_2023,Fatty Acid Transport (GO:0015908),1/38,0.6335748168423759,0.7227628938357742,0,0,1.0104989604989605,0.4611686714593804,SLCO2A1
GO_Biological_Process_2023,Tumor Necrosis Factor-Mediated Signaling Pathway (GO:0033209),1/38,0.6335748168423759,0.7227628938357742,0,0,1.0104989604989605,0.4611686714593804,PLVAP
GO_Biological_Process_2023,Lymphocyte Proliferation (GO:0046651),1/38,0.6335748168423759,0.7227628938357742,0,0,1.0104989604989605,0.4611686714593804,CD79A
GO_Biological_Process_2023,Membrane Assembly (GO:0071709),1/38,0.6335748168423759,0.7227628938357742,0,0,1.0104989604989605,0.4611686714593804,NRXN2
GO_Biological_Process_2023,Positive Regulation Of Axonogenesis (GO:0050772),1/38,0.6335748168423759,0.7227628938357742,0,0,1.0104989604989605,0.4611686714593804,NTRK2
GO_Biological_Process_2023,Positive Regulation Of Cation Channel Activity (GO:2001259),1/38,0.6335748168423759,0.7227628938357742,0,0,1.0104989604989605,0.4611686714593804,STAC2
GO_Biological_Process_2023,Positive Regulation Of Myoblast Differentiation (GO:0045663),1/38,0.6335748168423759,0.7227628938357742,0,0,1.0104989604989605,0.4611686714593804,BOC
GO_Biological_Process_2023,Negative Regulation Of Apoptotic Signaling Pathway (GO:2001234),2/82,0.6339436310553099,0.722831540375626,0,0,0.9344412331406552,0.4259138647282864,CLU;THBS1
GO_Biological_Process_2023,Phospholipase C-activating G Protein-Coupled Receptor Signaling Pathway (GO:0007200),2/83,0.6405160260072593,0.729615045189203,0,0,0.922857346749447,0.4111155399985476,PTGER3;TACR1
GO_Biological_Process_2023,Regulation Of Cell Division (GO:0051302),2/83,0.6405160260072593,0.729615045189203,0,0,0.922857346749447,0.4111155399985476,SFRP2;DLL1
GO_Biological_Process_2023,Cellular Response To Starvation (GO:0009267),3/126,0.6412409720984223,0.7297309799098665,0,0,0.9113852528486674,0.4049740017371954,SFRP1;DAPL1;INHBB
GO_Biological_Process_2023,Protein-Containing Complex Organization (GO:0043933),3/126,0.6412409720984223,0.7297309799098665,0,0,0.9113852528486674,0.4049740017371954,PPARGC1A;WASF3;JCHAIN
GO_Biological_Process_2023,Regulation Of Mitochondrial Membrane Potential (GO:0051881),1/39,0.6431383295879889,0.7297625813445107,0,0,0.9838562753036436,0.434269679762134,CCN6
GO_Biological_Process_2023,Regulation Of Mitotic Spindle Organization (GO:0060236),1/39,0.6431383295879889,0.7297625813445107,0,0,0.9838562753036436,0.434269679762134,HSPA1B
GO_Biological_Process_2023,Axonal Transport (GO:0098930),1/39,0.6431383295879889,0.7297625813445107,0,0,0.9838562753036436,0.434269679762134,TMEM108
GO_Biological_Process_2023,Heterochromatin Organization (GO:0070828),1/39,0.6431383295879889,0.7297625813445107,0,0,0.9838562753036436,0.434269679762134,LOXL2
GO_Biological_Process_2023,Negative Regulation Of Mitochondrion Organization (GO:0010823),1/39,0.6431383295879889,0.7297625813445107,0,0,0.9838562753036436,0.434269679762134,CLU
GO_Biological_Process_2023,Neuron Projection Extension (GO:1990138),1/39,0.6431383295879889,0.7297625813445107,0,0,0.9838562753036436,0.434269679762134,TMEM108
GO_Biological_Process_2023,Regulation Of Cysteine-Type Endopeptidase Activity Involved In Apoptotic Process (GO:0043281),2/84,0.6469952189681758,0.7337834396239553,0,0,0.9115559941726584,0.3969064057240873,THBS1;SNCA
GO_Biological_Process_2023,Positive Regulation Of Transcription By RNA Polymerase II (GO:0045944),23/938,0.6482841647084414,0.7342836302506539,0,0,0.9370202119955232,0.4061290657399425,ACVRL1;CSF3;PRRX1;DLX5;SERPINF2;TWIST1;RORB;GATA2;FGF2;DLL1;TBX3;BMP6;DCN;IL6;SALL1;SFRP2;SOX17;SOX18;HAND2;ATOH8;CDH13;ERG;PPARGC1A
GO_Biological_Process_2023,L-alpha-amino Acid Transmembrane Transport (GO:1902475),1/40,0.6524527047615759,0.7342836302506539,0,0,0.9585798816568049,0.4093295463721116,SLC7A2
GO_Biological_Process_2023,Notch Signaling Pathway (GO:0007219),1/40,0.6524527047615759,0.7342836302506539,0,0,0.9585798816568049,0.4093295463721116,DLL1
GO_Biological_Process_2023,Regulation Of Microtubule Cytoskeleton Organization (GO:0070507),1/40,0.6524527047615759,0.7342836302506539,0,0,0.9585798816568049,0.4093295463721116,FAM107A
GO_Biological_Process_2023,Aortic Valve Development (GO:0003176),1/40,0.6524527047615759,0.7342836302506539,0,0,0.9585798816568049,0.4093295463721116,TWIST1
GO_Biological_Process_2023,Regulation Of Protein Dephosphorylation (GO:0035304),1/40,0.6524527047615759,0.7342836302506539,0,0,0.9585798816568049,0.4093295463721116,CDH5
GO_Biological_Process_2023,Cell Cycle G2/M Phase Transition (GO:0044839),1/40,0.6524527047615759,0.7342836302506539,0,0,0.9585798816568049,0.4093295463721116,FBXL7
GO_Biological_Process_2023,Synaptic Vesicle Endocytosis (GO:0048488),1/40,0.6524527047615759,0.7342836302506539,0,0,0.9585798816568049,0.4093295463721116,SNCA
GO_Biological_Process_2023,Water-Soluble Vitamin Metabolic Process (GO:0006767),1/40,0.6524527047615759,0.7342836302506539,0,0,0.9585798816568049,0.4093295463721116,NNMT
GO_Biological_Process_2023,Negative Regulation Of Cell-Cell Adhesion (GO:0022408),1/40,0.6524527047615759,0.7342836302506539,0,0,0.9585798816568049,0.4093295463721116,BMP6
GO_Biological_Process_2023,Negative Regulation Of Secretion By Cell (GO:1903531),1/40,0.6524527047615759,0.7342836302506539,0,0,0.9585798816568049,0.4093295463721116,SNCA
GO_Biological_Process_2023,Nucleic Acid-Templated Transcription (GO:0097659),1/40,0.6524527047615759,0.7342836302506539,0,0,0.9585798816568049,0.4093295463721116,PDE10A
GO_Biological_Process_2023,Positive Regulation Of Catalytic Activity (GO:0043085),1/40,0.6524527047615759,0.7342836302506539,0,0,0.9585798816568049,0.4093295463721116,CAV1
GO_Biological_Process_2023,Positive Regulation Of Cell Cycle G1/S Phase Transition (GO:1902808),1/40,0.6524527047615759,0.7342836302506539,0,0,0.9585798816568049,0.4093295463721116,ADAMTS1
GO_Biological_Process_2023,Positive Regulation Of Insulin Secretion (GO:0032024),1/40,0.6524527047615759,0.7342836302506539,0,0,0.9585798816568049,0.4093295463721116,MYRIP
GO_Biological_Process_2023,Regulation Of Autophagosome Assembly (GO:2000785),1/40,0.6524527047615759,0.7342836302506539,0,0,0.9585798816568049,0.4093295463721116,FEZ1
GO_Biological_Process_2023,mRNA Metabolic Process (GO:0016071),2/85,0.6533815958856551,0.7346229945099397,0,0,0.9005269633447083,0.3832588246201753,PPARGC1A;HSPA1B
GO_Biological_Process_2023,Positive Regulation Of Protein Localization (GO:1903829),2/85,0.6533815958856551,0.7346229945099397,0,0,0.9005269633447083,0.3832588246201753,PTP4A3;FERMT2
GO_Biological_Process_2023,Regulation Of Dendrite Development (GO:0050773),1/41,0.6615244206248735,0.7402246503122092,0,0,0.9345673076923076,0.3861710423378754,PTN
GO_Biological_Process_2023,O-glycan Processing (GO:0016266),1/41,0.6615244206248735,0.7402246503122092,0,0,0.9345673076923076,0.3861710423378754,GXYLT2
GO_Biological_Process_2023,Acylglycerol Metabolic Process (GO:0006639),1/41,0.6615244206248735,0.7402246503122092,0,0,0.9345673076923076,0.3861710423378754,CAV1
GO_Biological_Process_2023,Regulation Of Microtubule-Based Process (GO:0032886),1/41,0.6615244206248735,0.7402246503122092,0,0,0.9345673076923076,0.3861710423378754,FAM107A
GO_Biological_Process_2023,Regulation Of Release Of Cytochrome C From Mitochondria (GO:0090199),1/41,0.6615244206248735,0.7402246503122092,0,0,0.9345673076923076,0.3861710423378754,CLU
GO_Biological_Process_2023,Response To Amino Acid Starvation (GO:1990928),1/41,0.6615244206248735,0.7402246503122092,0,0,0.9345673076923076,0.3861710423378754,DAPL1
GO_Biological_Process_2023,Stem Cell Differentiation (GO:0048863),1/41,0.6615244206248735,0.7402246503122092,0,0,0.9345673076923076,0.3861710423378754,SFRP1
GO_Biological_Process_2023,Synaptic Vesicle Exocytosis (GO:0016079),1/41,0.6615244206248735,0.7402246503122092,0,0,0.9345673076923076,0.3861710423378754,SNCA
GO_Biological_Process_2023,Lymphocyte Migration (GO:0072676),1/41,0.6615244206248735,0.7402246503122092,0,0,0.9345673076923076,0.3861710423378754,SAA1
GO_Biological_Process_2023,Positive Regulation Of Response To Biotic Stimulus (GO:0002833),1/41,0.6615244206248735,0.7402246503122092,0,0,0.9345673076923076,0.3861710423378754,BMP6
GO_Biological_Process_2023,Regulation Of Cell Cycle Process (GO:0010564),3/130,0.6620670013968623,0.7404779929663091,0,0,0.8824977958836226,0.363931957827327,SFRP1;CCDC8;OBSL1
GO_Biological_Process_2023,Cytokine-Mediated Signaling Pathway (GO:0019221),6/257,0.6632545502675034,0.7414521034493999,0,0,0.8924921672533168,0.3664540935950836,CXCL6;CSF3;PLVAP;IL6;CXCL12;IL1R1
GO_Biological_Process_2023,Glucose Homeostasis (GO:0042593),2/87,0.6658776581276936,0.7440293298354287,0,0,0.8792474215119573,0.3575453676706845,IL6;PPARGC1A
GO_Biological_Process_2023,Regulation Of Osteoclast Differentiation (GO:0045670),1/42,0.6703597870527453,0.7461894587820957,0,0,0.9117260787992496,0.3646363799545014,FBN1
GO_Biological_Process_2023,Cellular Response To Amino Acid Starvation (GO:0034198),1/42,0.6703597870527453,0.7461894587820957,0,0,0.9117260787992496,0.3646363799545014,DAPL1
GO_Biological_Process_2023,Regulation Of Ubiquitin-Dependent Protein Catabolic Process (GO:2000058),1/42,0.6703597870527453,0.7461894587820957,0,0,0.9117260787992496,0.3646363799545014,CLU
GO_Biological_Process_2023,Ceramide Biosynthetic Process (GO:0046513),1/42,0.6703597870527453,0.7461894587820957,0,0,0.9117260787992496,0.3646363799545014,ST6GALNAC5
GO_Biological_Process_2023,Skeletal Muscle Tissue Development (GO:0007519),1/42,0.6703597870527453,0.7461894587820957,0,0,0.9117260787992496,0.3646363799545014,CAV1
GO_Biological_Process_2023,Keratinocyte Differentiation (GO:0030216),1/42,0.6703597870527453,0.7461894587820957,0,0,0.9117260787992496,0.3646363799545014,S100A7
GO_Biological_Process_2023,Lipid Modification (GO:0030258),1/42,0.6703597870527453,0.7461894587820957,0,0,0.9117260787992496,0.3646363799545014,ALOX15B
GO_Biological_Process_2023,Monocyte Chemotaxis (GO:0002548),1/42,0.6703597870527453,0.7461894587820957,0,0,0.9117260787992496,0.3646363799545014,IL6
GO_Biological_Process_2023,Positive Regulation Of Plasma Membrane Bounded Cell Projection Assembly (GO:0120034),2/88,0.6719883209955785,0.747646863549475,0,0,0.8689788053949904,0.3454315172533252,TENM2;PALM
GO_Biological_Process_2023,Positive Regulation Of Hydrolase Activity (GO:0051345),4/176,0.676378356464794,0.75148200062611,0,0,0.8684719535783365,0.3395748445054115,SFRP1;CTSK;THY1;FERMT2
GO_Biological_Process_2023,ERAD Pathway (GO:0036503),2/89,0.6780081179357974,0.75148200062611,0,0,0.8589462494186433,0.3337830919912137,DERL3;RNF175
GO_Biological_Process_2023,Cellular Response To Peptide Hormone Stimulus (GO:0071375),2/89,0.6780081179357974,0.75148200062611,0,0,0.8589462494186433,0.3337830919912137,CAV1;INHBB
GO_Biological_Process_2023,Sensory Perception Of Mechanical Stimulus (GO:0050954),2/89,0.6780081179357974,0.75148200062611,0,0,0.8589462494186433,0.3337830919912137,SLC26A4;ATP6V1B1
GO_Biological_Process_2023,SCF-dependent Proteasomal Ubiquitin-Dependent Protein Catabolic Process (GO:0031146),1/43,0.6789649501814042,0.75148200062611,0,0,0.8899725274725274,0.3445847005693169,FBXL7
GO_Biological_Process_2023,Regulation Of Primary Metabolic Process (GO:0080090),1/43,0.6789649501814042,0.75148200062611,0,0,0.8899725274725274,0.3445847005693169,ADGRF5
GO_Biological_Process_2023,Ephrin Receptor Signaling Pathway (GO:0048013),1/43,0.6789649501814042,0.75148200062611,0,0,0.8899725274725274,0.3445847005693169,MMP2
GO_Biological_Process_2023,Intracellular Glucose Homeostasis (GO:0001678),1/43,0.6789649501814042,0.75148200062611,0,0,0.8899725274725274,0.3445847005693169,PPARGC1A
GO_Biological_Process_2023,Intracellular Steroid Hormone Receptor Signaling Pathway (GO:0030518),1/43,0.6789649501814042,0.75148200062611,0,0,0.8899725274725274,0.3445847005693169,SCGB2A2
GO_Biological_Process_2023,mRNA Catabolic Process (GO:0006402),1/43,0.6789649501814042,0.75148200062611,0,0,0.8899725274725274,0.3445847005693169,HSPA1B
GO_Biological_Process_2023,Regulation Of Cell-Cell Adhesion (GO:0022407),1/43,0.6789649501814042,0.75148200062611,0,0,0.8899725274725274,0.3445847005693169,MDGA1
GO_Biological_Process_2023,Regulation Of Transport (GO:0051049),1/44,0.6873458967395165,0.758964681831187,0,0,0.8692307692307693,0.3258899353716869,SNCA
GO_Biological_Process_2023,Response To Unfolded Protein (GO:0006986),1/44,0.6873458967395165,0.758964681831187,0,0,0.8692307692307693,0.3258899353716869,HSPA2
GO_Biological_Process_2023,Synaptic Vesicle Recycling (GO:0036465),1/44,0.6873458967395165,0.758964681831187,0,0,0.8692307692307693,0.3258899353716869,SNCA
GO_Biological_Process_2023,Positive Regulation Of Cytokine-Mediated Signaling Pathway (GO:0001961),1/44,0.6873458967395165,0.758964681831187,0,0,0.8692307692307693,0.3258899353716869,HSPA1B
GO_Biological_Process_2023,Regulation Of B Cell Proliferation (GO:0030888),1/44,0.6873458967395165,0.758964681831187,0,0,0.8692307692307693,0.3258899353716869,MZB1
GO_Biological_Process_2023,Regulation Of Protein Modification Process (GO:0031399),1/45,0.6955084578525796,0.7658331671794293,0,0,0.8494318181818182,0.3084389771418357,CDH5
GO_Biological_Process_2023,Determination Of Left/Right Symmetry (GO:0007368),1/45,0.6955084578525796,0.7658331671794293,0,0,0.8494318181818182,0.3084389771418357,DLL1
GO_Biological_Process_2023,Establishment Of Protein Localization To Extracellular Region (GO:0035592),1/45,0.6955084578525796,0.7658331671794293,0,0,0.8494318181818182,0.3084389771418357,LTBP2
GO_Biological_Process_2023,Negative Regulation Of Response To Biotic Stimulus (GO:0002832),1/45,0.6955084578525796,0.7658331671794293,0,0,0.8494318181818182,0.3084389771418357,LTF
GO_Biological_Process_2023,Regulation Of Apoptotic Signaling Pathway (GO:2001233),1/45,0.6955084578525796,0.7658331671794293,0,0,0.8494318181818182,0.3084389771418357,CTSK
GO_Biological_Process_2023,Sensory Perception Of Sound (GO:0007605),2/92,0.6955282436339223,0.7658331671794293,0,0,0.8301862556197817,0.3014270636210162,SLC26A4;ATP6V1B1
GO_Biological_Process_2023,Protein Localization To Plasma Membrane (GO:0072659),3/137,0.6963741978293122,0.7664043098290645,0,0,0.8360946234080563,0.3025559916595849,DPP6;RAMP3;RAMP1
GO_Biological_Process_2023,Negative Regulation Of Transcription By RNA Polymerase II (GO:0000122),18/763,0.7007609671270829,0.770869978868778,0,0,0.8998679066540355,0.3199826237867528,TENM2;ZBTB16;CAV1;FHL2;TWIST1;AEBP1;GATA2;DKK1;TBX3;BMP6;TBX2;LOXL2;SALL1;EDNRB;CCND1;SOX18;NDN;SNCA
GO_Biological_Process_2023,Regulation Of Epidermal Growth Factor Receptor Signaling Pathway (GO:0042058),1/46,0.7034583135363474,0.7723860151439875,0,0,0.8305128205128205,0.2921301106986285,CDH13
GO_Biological_Process_2023,Amino Acid Transport (GO:0006865),1/46,0.7034583135363474,0.7723860151439875,0,0,0.8305128205128205,0.2921301106986285,SLC7A2
GO_Biological_Process_2023,Response To Glucose (GO:0009749),1/46,0.7034583135363474,0.7723860151439875,0,0,0.8305128205128205,0.2921301106986285,THBS1
GO_Biological_Process_2023,Positive Regulation Of Peptide Hormone Secretion (GO:0090277),1/46,0.7034583135363474,0.7723860151439875,0,0,0.8305128205128205,0.2921301106986285,MYRIP
GO_Biological_Process_2023,"Regulation Of mRNA Splicing, Via Spliceosome (GO:0048024)",2/94,0.7067653873435222,0.7749272177708469,0,0,0.8120549551813688,0.2818289592176697,KHDRBS3;NOVA1
GO_Biological_Process_2023,Vesicle Organization (GO:0016050),2/94,0.7067653873435222,0.7749272177708469,0,0,0.8120549551813688,0.2818289592176697,CAV1;CD34
GO_Biological_Process_2023,Peptidyl-Lysine Modification (GO:0018205),2/94,0.7067653873435222,0.7749272177708469,0,0,0.8120549551813688,0.2818289592176697,P3H3;LOXL2
GO_Biological_Process_2023,Phosphate-Containing Compound Metabolic Process (GO:0006796),4/184,0.7095873246135909,0.7776572364272484,0,0,0.8295293359123146,0.2845880484855771,ALPP;GFPT2;ENPP3;ALOX15B
GO_Biological_Process_2023,Regulation Of Interleukin-2 Production (GO:0032663),1/47,0.7112009961321959,0.779061147306643,0,0,0.8124163879598663,0.276871662745416,CD34
GO_Biological_Process_2023,Cellular Response To Mechanical Stimulus (GO:0071260),1/48,0.718741894426443,0.7858513150078101,0,0,0.7950900163666121,0.2625808347537538,TMEM150C
GO_Biological_Process_2023,Regulation Of Tumor Necrosis Factor-Mediated Signaling Pathway (GO:0010803),1/48,0.718741894426443,0.7858513150078101,0,0,0.7950900163666121,0.2625808347537538,HSPA1B
GO_Biological_Process_2023,Negative Regulation Of ERK1 And ERK2 Cascade (GO:0070373),1/48,0.718741894426443,0.7858513150078101,0,0,0.7950900163666121,0.2625808347537538,TIMP3
GO_Biological_Process_2023,Oligosaccharide Metabolic Process (GO:0009311),1/48,0.718741894426443,0.7858513150078101,0,0,0.7950900163666121,0.2625808347537538,ST6GALNAC5
GO_Biological_Process_2023,Regulation Of Defense Response (GO:0031347),2/97,0.7229707488726969,0.7897376370615001,0,0,0.7862894229794138,0.2550616861990253,IL1R1;TNC
GO_Biological_Process_2023,Monocarboxylic Acid Metabolic Process (GO:0032787),2/97,0.7229707488726969,0.7897376370615001,0,0,0.7862894229794138,0.2550616861990253,GGT5;DSEL
GO_Biological_Process_2023,Autophagy Of Mitochondrion (GO:0000422),1/49,0.7260862574141561,0.790927448773932,0,0,0.778485576923077,0.2491826919721028,CTSK
GO_Biological_Process_2023,Fatty Acid Beta-Oxidation (GO:0006635),1/49,0.7260862574141561,0.790927448773932,0,0,0.778485576923077,0.2491826919721028,ACOX2
GO_Biological_Process_2023,Unsaturated Fatty Acid Metabolic Process (GO:0033559),1/49,0.7260862574141561,0.790927448773932,0,0,0.778485576923077,0.2491826919721028,ALOX15B
GO_Biological_Process_2023,Negative Regulation Of Tumor Necrosis Factor Superfamily Cytokine Production (GO:1903556),1/49,0.7260862574141561,0.790927448773932,0,0,0.778485576923077,0.2491826919721028,LTF
GO_Biological_Process_2023,Positive Regulation Of Nervous System Development (GO:0051962),1/49,0.7260862574141561,0.790927448773932,0,0,0.778485576923077,0.2491826919721028,SLITRK4
GO_Biological_Process_2023,Proton Transmembrane Transport (GO:1902600),1/49,0.7260862574141561,0.790927448773932,0,0,0.778485576923077,0.2491826919721028,ATP6V1B1
GO_Biological_Process_2023,RNA Splicing (GO:0008380),2/98,0.728202120073269,0.7924950581838273,0,0,0.7780587668593449,0.246782059058727,NOVA1;PPARGC1A
GO_Biological_Process_2023,Phosphatidylinositol Biosynthetic Process (GO:0006661),2/98,0.728202120073269,0.7924950581838273,0,0,0.7780587668593449,0.246782059058727,CWH43;FGF2
GO_Biological_Process_2023,"G Protein-Coupled Receptor Signaling Pathway, Coupled To Cyclic Nucleotide Second Messenger (GO:0007187)",1/50,0.7332391976575385,0.7957582024624446,0,0,0.7625588697017268,0.2366092851083445,CALCRL
GO_Biological_Process_2023,Regulation Of Epithelial Cell Migration (GO:0010632),1/50,0.7332391976575385,0.7957582024624446,0,0,0.7625588697017268,0.2366092851083445,PTN
GO_Biological_Process_2023,Regulation Of Interleukin-12 Production (GO:0032655),1/50,0.7332391976575385,0.7957582024624446,0,0,0.7625588697017268,0.2366092851083445,THBS1
GO_Biological_Process_2023,Regulation Of Mitochondrion Organization (GO:0010821),1/50,0.7332391976575385,0.7957582024624446,0,0,0.7625588697017268,0.2366092851083445,PPARGC1A
GO_Biological_Process_2023,Intracellular Iron Ion Homeostasis (GO:0006879),1/50,0.7332391976575385,0.7957582024624446,0,0,0.7625588697017268,0.2366092851083445,BMP6
GO_Biological_Process_2023,Positive Regulation Of Developmental Growth (GO:0048639),1/50,0.7332391976575385,0.7957582024624446,0,0,0.7625588697017268,0.2366092851083445,DLL1
GO_Biological_Process_2023,Positive Regulation Of Cellular Catabolic Process (GO:0031331),3/146,0.7365250949427377,0.798954039998097,0,0,0.7831087831087831,0.2394840400140808,TWIST1;DCN;SNCA
GO_Biological_Process_2023,Amide Biosynthetic Process (GO:0043604),1/51,0.74020569499093,0.8010913760021988,0,0,0.7472692307692308,0.2247988843375349,ABCA8
GO_Biological_Process_2023,Regulation Of Stress-Activated MAPK Cascade (GO:0032872),1/51,0.74020569499093,0.8010913760021988,0,0,0.7472692307692308,0.2247988843375349,IGFBP6
GO_Biological_Process_2023,Negative Regulation Of MAP Kinase Activity (GO:0043407),1/51,0.74020569499093,0.8010913760021988,0,0,0.7472692307692308,0.2247988843375349,SERPINB3
GO_Biological_Process_2023,Positive Regulation Of Ras Protein Signal Transduction (GO:0046579),1/51,0.74020569499093,0.8010913760021988,0,0,0.7472692307692308,0.2247988843375349,COL3A1
GO_Biological_Process_2023,Regulated Exocytosis (GO:0045055),1/51,0.74020569499093,0.8010913760021988,0,0,0.7472692307692308,0.2247988843375349,SNCA
GO_Biological_Process_2023,Adenylate Cyclase-Inhibiting G Protein-Coupled Receptor Signaling Pathway (GO:0007193),1/52,0.7469905999649232,0.805456715063467,0,0,0.7325791855203619,0.2136953100021528,AKAP12
GO_Biological_Process_2023,Regulation Of Peptide Hormone Secretion (GO:0090276),1/52,0.7469905999649232,0.805456715063467,0,0,0.7325791855203619,0.2136953100021528,IL6
GO_Biological_Process_2023,Regulation Of Protein Localization To Nucleus (GO:1900180),1/52,0.7469905999649232,0.805456715063467,0,0,0.7325791855203619,0.2136953100021528,FERMT2
GO_Biological_Process_2023,Cell Cycle G1/S Phase Transition (GO:0044843),1/52,0.7469905999649232,0.805456715063467,0,0,0.7325791855203619,0.2136953100021528,CCND1
GO_Biological_Process_2023,Cellular Response To Ionizing Radiation (GO:0071479),1/52,0.7469905999649232,0.805456715063467,0,0,0.7325791855203619,0.2136953100021528,CRYAB
GO_Biological_Process_2023,Fatty Acid Oxidation (GO:0019395),1/52,0.7469905999649232,0.805456715063467,0,0,0.7325791855203619,0.2136953100021528,PPARGC1A
GO_Biological_Process_2023,Neurotransmitter Transport (GO:0006836),1/52,0.7469905999649232,0.805456715063467,0,0,0.7325791855203619,0.2136953100021528,NRXN2
GO_Biological_Process_2023,Positive Regulation Of B Cell Activation (GO:0050871),1/52,0.7469905999649232,0.805456715063467,0,0,0.7325791855203619,0.2136953100021528,IL6
GO_Biological_Process_2023,Regulation Of Programmed Cell Death (GO:0043067),4/195,0.7510920340153253,0.8095064627997661,0,0,0.781309811943654,0.223632030817253,GAS1;SEPTIN4;CRYAB;CLU
GO_Biological_Process_2023,Regulation Of Proteasomal Protein Catabolic Process (GO:0061136),1/53,0.7535986372489463,0.8110882391714301,0,0,0.7184541420118343,0.2032473460526971,ECSCR
GO_Biological_Process_2023,Gonad Development (GO:0008406),1/53,0.7535986372489463,0.8110882391714301,0,0,0.7184541420118343,0.2032473460526971,SALL1
GO_Biological_Process_2023,Positive Regulation Of NIK/NF-kappaB Signaling (GO:1901224),1/53,0.7535986372489463,0.8110882391714301,0,0,0.7184541420118343,0.2032473460526971,PTP4A3
GO_Biological_Process_2023,Positive Regulation Of DNA-templated Transcription (GO:0045893),29/1243,0.7583227026019974,0.8157977811179964,0,0,0.8868167450208275,0.2453345313017306,ACVRL1;CSF3;DLX5;RASL11A;TWIST1;RORB;GATA2;FGF2;DLL1;FGF7;SALL1;SOX17;SOX18;ATOH8;PPARGC1A;PRRX1;FZD4;FZD7;ZBTB16;SERPINF2;TBX3;BMP6;DCN;SFRP1;IL6;SFRP2;HAND2;CDH13;ERG
GO_Biological_Process_2023,ERBB Signaling Pathway (GO:0038127),1/54,0.7600344088252877,0.8161396540434772,0,0,0.7048621190130624,0.1934082248485952,NRG1
GO_Biological_Process_2023,Epidermal Cell Differentiation (GO:0009913),1/54,0.7600344088252877,0.8161396540434772,0,0,0.7048621190130624,0.1934082248485952,S100A7
GO_Biological_Process_2023,Mesenchymal Cell Differentiation (GO:0048762),1/54,0.7600344088252877,0.8161396540434772,0,0,0.7048621190130624,0.1934082248485952,LOXL2
GO_Biological_Process_2023,Monoatomic Anion Transmembrane Transport (GO:0098656),1/54,0.7600344088252877,0.8161396540434772,0,0,0.7048621190130624,0.1934082248485952,SLC5A5
GO_Biological_Process_2023,Negative Regulation Of MAPK Cascade (GO:0043409),2/105,0.7625189802264677,0.8184323793264836,0,0,0.7249190938511327,0.1965457761522968,CAV1;TIMP3
GO_Biological_Process_2023,"Regulation Of Synaptic Transmission, Glutamatergic (GO:0051966)",1/55,0.7663023969831744,0.821363942212629,0,0,0.6917735042735043,0.1841351735332636,SHANK3
GO_Biological_Process_2023,Positive Regulation Of Tyrosine Phosphorylation Of STAT Protein (GO:0042531),1/55,0.7663023969831744,0.821363942212629,0,0,0.6917735042735043,0.1841351735332636,IL6
GO_Biological_Process_2023,Purine Ribonucleotide Biosynthetic Process (GO:0009152),1/55,0.7663023969831744,0.821363942212629,0,0,0.6917735042735043,0.1841351735332636,ADCY2
GO_Biological_Process_2023,Positive Regulation Of Autophagy (GO:0010508),2/107,0.7716092020235203,0.8263942979341775,0,0,0.7110377098816405,0.1843557755870609,KDR;DCN
GO_Biological_Process_2023,Mitotic DNA Damage Checkpoint Signaling (GO:0044773),1/56,0.7724069676250702,0.8263942979341775,0,0,0.6791608391608391,0.1753890132440393,CCND1
GO_Biological_Process_2023,Positive Regulation Of DNA-templated Transcription Initiation (GO:2000144),1/56,0.7724069676250702,0.8263942979341775,0,0,0.6791608391608391,0.1753890132440393,TWIST1
GO_Biological_Process_2023,Regulation Of Cation Channel Activity (GO:2001257),1/56,0.7724069676250702,0.8263942979341775,0,0,0.6791608391608391,0.1753890132440393,JSRP1
GO_Biological_Process_2023,RNA Catabolic Process (GO:0006401),1/57,0.7783523735717464,0.8316155378216377,0,0,0.6669986263736264,0.1671338044562118,HSPA1B
GO_Biological_Process_2023,Myeloid Cell Differentiation (GO:0030099),1/57,0.7783523735717464,0.8316155378216377,0,0,0.6669986263736264,0.1671338044562118,ZBTB16
GO_Biological_Process_2023,Positive Regulation Of Interleukin-1 Beta Production (GO:0032731),1/57,0.7783523735717464,0.8316155378216377,0,0,0.6669986263736264,0.1671338044562118,IL6
GO_Biological_Process_2023,Regulation Of Phagocytosis (GO:0050764),1/58,0.7841427567523025,0.8370384395231961,0,0,0.6552631578947369,0.1593365333969501,GATA2
GO_Biological_Process_2023,Positive Regulation Of Type II Interferon Production (GO:0032729),1/58,0.7841427567523025,0.8370384395231961,0,0,0.6552631578947369,0.1593365333969501,IL1R1
GO_Biological_Process_2023,DNA-templated Transcription Initiation (GO:0006352),1/59,0.7897821518065158,0.8407589997867545,0,0,0.6439323607427055,0.151966832180726,PPARGC1A
GO_Biological_Process_2023,Anterior/Posterior Pattern Specification (GO:0009952),1/59,0.7897821518065158,0.8407589997867545,0,0,0.6439323607427055,0.151966832180726,HOXB9
GO_Biological_Process_2023,Chordate Embryonic Development (GO:0043009),1/59,0.7897821518065158,0.8407589997867545,0,0,0.6439323607427055,0.151966832180726,SULF1
GO_Biological_Process_2023,Cilium Movement (GO:0003341),1/59,0.7897821518065158,0.8407589997867545,0,0,0.6439323607427055,0.151966832180726,NME5
GO_Biological_Process_2023,Negative Regulation Of Cytokine-Mediated Signaling Pathway (GO:0001960),1/59,0.7897821518065158,0.8407589997867545,0,0,0.6439323607427055,0.151966832180726,IL6
GO_Biological_Process_2023,Positive Regulation Of Proteolysis (GO:0045862),1/59,0.7897821518065158,0.8407589997867545,0,0,0.6439323607427055,0.151966832180726,CTSK
GO_Biological_Process_2023,Small GTPase Mediated Signal Transduction (GO:0007264),2/112,0.7930176459546587,0.8438197759317633,0,0,0.6785426519530566,0.1573606944007249,DIRAS3;FGF2
GO_Biological_Process_2023,Regulation Of Macromolecule Metabolic Process (GO:0060255),3/162,0.7973988613260147,0.8480963366146805,0,0,0.7037225905150434,0.1593229859187532,EDN3;NRG1;PTHLH
GO_Biological_Process_2023,Fatty Acid Catabolic Process (GO:0009062),1/61,0.8006235942916452,0.8511395632460432,0,0,0.6224038461538461,0.1384004342163663,GLYATL2
GO_Biological_Process_2023,Regulation Of Interleukin-6 Production (GO:0032675),2/114,0.8010732660780443,0.8512312110502631,0,0,0.6663570052298377,0.147799894761598,IL6;TWIST1
GO_Biological_Process_2023,Regulation Of Embryonic Development (GO:0045995),1/62,0.805833197653892,0.8547379297578874,0,0,0.6121689785624211,0.1321541261610318,SOX17
GO_Biological_Process_2023,Cell Junction Organization (GO:0034330),1/62,0.805833197653892,0.8547379297578874,0,0,0.6121689785624211,0.1321541261610318,SNCA
GO_Biological_Process_2023,Glycerophospholipid Metabolic Process (GO:0006650),1/62,0.805833197653892,0.8547379297578874,0,0,0.6121689785624211,0.1321541261610318,PDGFRB
GO_Biological_Process_2023,Protein Lipidation (GO:0006497),1/62,0.805833197653892,0.8547379297578874,0,0,0.6121689785624211,0.1321541261610318,CWH43
GO_Biological_Process_2023,G1/S Transition Of Mitotic Cell Cycle (GO:0000082),1/63,0.8109069297920297,0.8597302080456921,0,0,0.6022642679900745,0.1262357898382818,CCND1
GO_Biological_Process_2023,Regulation Of GTPase Activity (GO:0043087),4/214,0.8118348638246471,0.8600813054439254,0,0,0.7099198673666759,0.147988709400783,NTRK2;SFRP1;THY1;FERMT2
GO_Biological_Process_2023,Protein Localization (GO:0008104),7/351,0.8119725731582061,0.8600813054439254,0,0,0.7575389105058365,0.1577868072087376,GJA1;FGF7;CAV1;TNS4;PHYHIP;FERMT2;JAM3
GO_Biological_Process_2023,Protein Maturation (GO:0051604),2/117,0.8126355743193243,0.8603944462277836,0,0,0.6488732512356539,0.1346233672949142,CPXM2;AEBP1
GO_Biological_Process_2023,Cellular Response To Virus (GO:0098586),1/64,0.8158483276336503,0.8634056860903793,0,0,0.5926739926739927,0.1206250496429744,IL6
GO_Biological_Process_2023,Positive Regulation Of Cell Cycle Process (GO:0090068),2/118,0.8163543817603334,0.8635510217175704,0,0,0.643246295927181,0.130519000511462,PDGFRB;EDN3
GO_Biological_Process_2023,Cellular Response To Tumor Necrosis Factor (GO:0071356),2/119,0.8200070682682794,0.8665408833070725,0,0,0.6377155278889383,0.1265497481666083,PLVAP;SFRP1
GO_Biological_Process_2023,Cellular Response To Light Stimulus (GO:0071482),1/65,0.8206608365393196,0.8665408833070725,0,0,0.5833834134615384,0.115303027727499,DMBT1
GO_Biological_Process_2023,Regulation Of Tyrosine Phosphorylation Of STAT Protein (GO:0042509),1/65,0.8206608365393196,0.8665408833070725,0,0,0.5833834134615384,0.115303027727499,IL6
GO_Biological_Process_2023,Positive Regulation Of T Cell Proliferation (GO:0042102),1/65,0.8206608365393196,0.8665408833070725,0,0,0.5833834134615384,0.115303027727499,IL6
GO_Biological_Process_2023,Protein Transport (GO:0015031),6/313,0.8281504459280077,0.8740551349091455,0,0,0.727567123114386,0.1371903791349166,RAMP3;CALCRL;LTBP2;APOB;RAMP1;CLU
GO_Biological_Process_2023,Activation Of Cysteine-Type Endopeptidase Activity Involved In Apoptotic Process (GO:0006919),1/67,0.8299125219200731,0.8751261262209867,0,0,0.5656468531468531,0.1054563592008517,SNCA
GO_Biological_Process_2023,Protein Secretion (GO:0009306),1/67,0.8299125219200731,0.8751261262209867,0,0,0.5656468531468531,0.1054563592008517,LTBP2
GO_Biological_Process_2023,Protein Localization To Nucleus (GO:0034504),2/122,0.830577519502568,0.8754331911228688,0,0,0.6216763005780347,0.1154042667884899,PRICKLE1;MSX1
GO_Biological_Process_2023,B Cell Differentiation (GO:0030183),1/68,0.8343581503308468,0.8790223967948012,0,0,0.5571756601607348,0.1009003510435797,CD79A
GO_Biological_Process_2023,Positive Regulation Of Defense Response (GO:0031349),2/124,0.837310543992285,0.8817361933587822,0,0,0.6114217126251619,0.1085641964304846,CCN4;SNCA
GO_Biological_Process_2023,Cellular Response To Calcium Ion (GO:0071277),1/69,0.8386877977270719,0.8819967769541098,0,0,0.5489536199095023,0.0965701389820413,CLU
GO_Biological_Process_2023,Phagocytosis (GO:0006909),1/69,0.8386877977270719,0.8819967769541098,0,0,0.5489536199095023,0.0965701389820413,ITGB3
GO_Biological_Process_2023,Phospholipid Metabolic Process (GO:0006644),1/69,0.8386877977270719,0.8819967769541098,0,0,0.5489536199095023,0.0965701389820413,ALOX15B
GO_Biological_Process_2023,Positive Regulation Of Protein Transport (GO:0051222),1/70,0.8429044842867965,0.8860333492817223,0,0,0.5409698996655519,0.0924526386741168,BMP6
GO_Biological_Process_2023,Myeloid Leukocyte Differentiation (GO:0002573),1/71,0.8470111516379492,0.8895516220341152,0,0,0.5332142857142858,0.0885356562974452,CSF3
GO_Biological_Process_2023,Protein Autoubiquitination (GO:0051865),1/71,0.8470111516379492,0.8895516220341152,0,0,0.5332142857142858,0.0885356562974452,SH3RF3
GO_Biological_Process_2023,Plasma Membrane Organization (GO:0007009),1/72,0.8510106648938877,0.892951154651203,0,0,0.5256771397616468,0.0848078179823753,CAVIN2
GO_Biological_Process_2023,Positive Regulation Of Protein Localization To Nucleus (GO:1900182),1/72,0.8510106648938877,0.892951154651203,0,0,0.5256771397616468,0.0848078179823753,FERMT2
GO_Biological_Process_2023,Protein Homooligomerization (GO:0051260),2/129,0.853096517254865,0.8947389356967728,0,0,0.5871982765160135,0.0932955815684126,KCNJ12;CLU
GO_Biological_Process_2023,Monocarboxylic Acid Transport (GO:0015718),1/73,0.8549058148649175,0.8958341916839538,0,0,0.518349358974359,0.0812585055191925,SLC5A8
GO_Biological_Process_2023,Regulation Of Rho Protein Signal Transduction (GO:0035023),1/73,0.8549058148649175,0.8958341916839538,0,0,0.518349358974359,0.0812585055191925,COL3A1
GO_Biological_Process_2023,Import Into Nucleus (GO:0051170),1/74,0.8586993195419323,0.899004830740816,0,0,0.5112223393045311,0.0778777982383213,PRICKLE1
GO_Biological_Process_2023,Positive Regulation Of Lymphocyte Proliferation (GO:0050671),1/74,0.8586993195419323,0.899004830740816,0,0,0.5112223393045311,0.0778777982383213,IL6
GO_Biological_Process_2023,Positive Regulation Of GTPase Activity (GO:0043547),4/234,0.8621167969229238,0.9020662536355198,0,0,0.6475149272559079,0.0960682428170995,SYDE1;SFRP1;THY1;FERMT2
GO_Biological_Process_2023,Regulation Of DNA Replication (GO:0006275),1/75,0.8623938265968953,0.9020662536355198,0,0,0.5042879417879418,0.0746564194093352,ACVRL1
GO_Biological_Process_2023,Transcription Initiation At RNA Polymerase II Promoter (GO:0006367),1/76,0.8659919144755566,0.9050214474349636,0,0,0.4975384615384615,0.0715856881154443,PPARGC1A
GO_Biological_Process_2023,Regulation Of Ras Protein Signal Transduction (GO:0046578),1/76,0.8659919144755566,0.9050214474349636,0,0,0.4975384615384615,0.0715856881154443,SYDE1
GO_Biological_Process_2023,Regulation Of Immune Response (GO:0050776),1/77,0.8694960949982767,0.9066606653989157,0,0,0.4909665991902834,0.0686574743995646,COL3A1
GO_Biological_Process_2023,Chloride Transport (GO:0006821),1/77,0.8694960949982767,0.9066606653989157,0,0,0.4909665991902834,0.0686574743995646,SLC5A8
GO_Biological_Process_2023,Positive Regulation Of Response To Stimulus (GO:0048584),1/77,0.8694960949982767,0.9066606653989157,0,0,0.4909665991902834,0.0686574743995646,EYA4
GO_Biological_Process_2023,Positive Regulation Of Synaptic Transmission (GO:0050806),1/77,0.8694960949982767,0.9066606653989157,0,0,0.4909665991902834,0.0686574743995646,SHANK3
GO_Biological_Process_2023,Regulation Of T Cell Proliferation (GO:0042129),1/77,0.8694960949982767,0.9066606653989157,0,0,0.4909665991902834,0.0686574743995646,IL6
GO_Biological_Process_2023,Non-Membrane-Bounded Organelle Assembly (GO:0140694),2/135,0.8701910553238654,0.9069815093762764,0,0,0.5605342836860938,0.0779380812013332,LMOD1;MYL9
GO_Biological_Process_2023,Proteolysis Involved In Protein Catabolic Process (GO:0051603),1/78,0.87290881442966,0.9094094499084802,0,0,0.4845654345654345,0.0658641590700725,CTSK
GO_Biological_Process_2023,Endocytosis (GO:0006897),3/189,0.873334442599723,0.9094483168379508,0,0,0.600728608793125,0.0813607008172073,CAV1;TMEM108;LDLRAD3
GO_Biological_Process_2023,Protein Localization To Organelle (GO:0033365),2/137,0.8754705364611011,0.9104420632435006,0,0,0.5521729822307857,0.0734355727877131,MSX1;OBSL1
GO_Biological_Process_2023,Response To Insulin (GO:0032868),1/79,0.8762324554017296,0.9104420632435006,0,0,0.4783284023668639,0.0631985963989267,INHBB
GO_Biological_Process_2023,Vesicle Fusion (GO:0006906),1/79,0.8762324554017296,0.9104420632435006,0,0,0.4783284023668639,0.0631985963989267,SNCA
GO_Biological_Process_2023,Positive Regulation Of Catabolic Process (GO:0009896),1/79,0.8762324554017296,0.9104420632435006,0,0,0.4783284023668639,0.0631985963989267,CLU
GO_Biological_Process_2023,Protein Import Into Nucleus (GO:0006606),1/79,0.8762324554017296,0.9104420632435006,0,0,0.4783284023668639,0.0631985963989267,PRICKLE1
GO_Biological_Process_2023,Response To Type II Interferon (GO:0034341),1/80,0.8794693388070745,0.912590691841457,0,0,0.4722492697176241,0.0606540799222771,SNCA
GO_Biological_Process_2023,Negative Regulation Of Protein Serine/Threonine Kinase Activity (GO:0071901),1/80,0.8794693388070745,0.912590691841457,0,0,0.4722492697176241,0.0606540799222771,PKIG
GO_Biological_Process_2023,Positive Regulation Of Immune Response (GO:0050778),1/80,0.8794693388070745,0.912590691841457,0,0,0.4722492697176241,0.0606540799222771,NRG1
GO_Biological_Process_2023,Cytoskeleton-Dependent Cytokinesis (GO:0061640),1/81,0.8826217248808733,0.9146460529517724,0,0,0.4663221153846154,0.0582243114650844,SEPTIN4
GO_Biological_Process_2023,Macromolecule Modification (GO:0043412),1/81,0.8826217248808733,0.9146460529517724,0,0,0.4663221153846154,0.0582243114650844,LOXL2
GO_Biological_Process_2023,Negative Regulation Of NF-kappaB Transcription Factor Activity (GO:0032088),1/81,0.8826217248808733,0.9146460529517724,0,0,0.4663221153846154,0.0582243114650844,PTGIS
GO_Biological_Process_2023,Sodium Ion Transmembrane Transport (GO:0035725),1/82,0.885691815306199,0.91742159727869,0,0,0.4605413105413105,0.0559033721294891,SCN1B
GO_Biological_Process_2023,Epigenetic Regulation Of Gene Expression (GO:0040029),1/83,0.8886817545070794,0.9197051122649492,0,0,0.4549015009380863,0.0536856960167294,DIRAS3
GO_Biological_Process_2023,Regulation Of NIK/NF-kappaB Signaling (GO:1901222),1/83,0.8886817545070794,0.9197051122649492,0,0,0.4549015009380863,0.0536856960167294,PTP4A3
GO_Biological_Process_2023,Regulation Of Intracellular Signal Transduction (GO:1902531),5/297,0.88925978417968,0.9198968262141388,0,0,0.636714187108421,0.0747285116345346,AKAP12;NTRK2;VWF;KDR;TEK
GO_Biological_Process_2023,Regulation Of Interleukin-1 Beta Production (GO:0032651),1/84,0.8915936310459964,0.9219038781058382,0,0,0.4493975903614458,0.051566045965962,IL6
GO_Biological_Process_2023,Cellular Respiration (GO:0045333),1/85,0.8944294791973285,0.9236128043563244,0,0,0.4440247252747252,0.0495394910953368,PPARGC1A
GO_Biological_Process_2023,Establishment Of Protein Localization To Organelle (GO:0072594),1/85,0.8944294791973285,0.9236128043563244,0,0,0.4440247252747252,0.0495394910953368,PRICKLE1
GO_Biological_Process_2023,Negative Regulation Of Cell Cycle (GO:0045786),1/85,0.8944294791973285,0.9236128043563244,0,0,0.4440247252747252,0.0495394910953368,GAS1
GO_Biological_Process_2023,Exocytosis (GO:0006887),1/86,0.8971912802414252,0.9260564029640448,0,0,0.4387782805429864,0.0476013862102312,RAB3IL1
GO_Biological_Process_2023,Regulation Of Type II Interferon Production (GO:0032649),1/87,0.8998809640893061,0.928423444007557,0,0,0.4336538461538461,0.0457473526194516,IL1R1
GO_Biological_Process_2023,Defense Response To Symbiont (GO:0140546),2/148,0.9011299221045,0.9293026321306644,0,0,0.5102805711721699,0.0531231844843689,BPIFA1;IL6
GO_Biological_Process_2023,Regulation Of Double-Strand Break Repair (GO:2000779),1/88,0.9025004104283412,0.9303063209609044,0,0,0.4286472148541114,0.0439732606247338,TWIST1
GO_Biological_Process_2023,Negative Regulation Of DNA-binding Transcription Factor Activity (GO:0043433),2/149,0.9032005211887872,0.9306183988667572,0,0,0.5067830600448272,0.0515959325673306,SFRP4;PTGIS
GO_Biological_Process_2023,Organic Anion Transport (GO:0015711),1/89,0.9050514497877832,0.93170571226505,0,0,0.4237543706293706,0.0422752133505048,SLCO2A1
GO_Biological_Process_2023,Positive Regulation Of DNA Repair (GO:0045739),1/89,0.9050514497877832,0.93170571226505,0,0,0.4237543706293706,0.0422752133505048,EYA4
GO_Biological_Process_2023,Regulation Of Nucleic Acid-Templated Transcription (GO:1903506),8/452,0.9057353920508514,0.9320001266182312,0,0,0.6685633001422475,0.0661931669348745,ACVRL1;PTP4A3;SOX17;ZNF727;FZD7;RORB;WTIP;PPARGC1A
GO_Biological_Process_2023,Cellular Response To Cytokine Stimulus (GO:0071345),5/308,0.9064106317794708,0.9322853314130526,0,0,0.6132473712487528,0.060259428112853,SFRP1;CSF3;IL6;CXCL12;PTGIS
GO_Biological_Process_2023,Protein Phosphorylation (GO:0006468),9/500,0.9071809515388184,0.9326680370956596,0,0,0.6797829684317719,0.0662199316122312,ACVRL1;PDGFRB;NTRK2;PDGFRA;KDR;ERG;FAM20A;TEK;DDR2
GO_Biological_Process_2023,Lymphocyte Differentiation (GO:0030098),1/91,0.9099553939448124,0.934699795008224,0,0,0.4142948717948718,0.0390927391163092,CD79A
GO_Biological_Process_2023,Regulation Of RNA Metabolic Process (GO:0051252),1/91,0.9099553939448124,0.934699795008224,0,0,0.4142948717948718,0.0390927391163092,PDE3A
GO_Biological_Process_2023,B Cell Activation (GO:0042113),1/92,0.91231172696828,0.9362988889394004,0,0,0.4097210481825866,0.037601551587611,CD79A
GO_Biological_Process_2023,Positive Regulation Of Protein Catabolic Process (GO:0045732),1/92,0.91231172696828,0.9362988889394004,0,0,0.4097210481825866,0.037601551587611,ECSCR
GO_Biological_Process_2023,Protein O-linked Glycosylation (GO:0006493),1/93,0.9146065118325248,0.9382428605833432,0,0,0.4052466555183946,0.036172862709277,GXYLT2
GO_Biological_Process_2023,"Retrograde Transport, Endosome To Golgi (GO:0042147)",1/94,0.916841353374839,0.940123664450032,0,0,0.4008684863523573,0.0348037338349757,RHOBTB3
GO_Biological_Process_2023,T Cell Receptor Signaling Pathway (GO:0050852),1/95,0.9190178143717712,0.9419429852335616,0,0,0.3965834697217676,0.0334913837146075,THY1
GO_Biological_Process_2023,Proteasome-Mediated Ubiquitin-Dependent Protein Catabolic Process (GO:0043161),5/319,0.9211991828281328,0.943765741987527,0,0,0.5914247272009086,0.0485435490656804,DERL3;RHOBTB3;RNF175;ECRG4;FBXL7
GO_Biological_Process_2023,Organelle Organization (GO:0006996),7/418,0.921642106780624,0.9438066524181116,0,0,0.6318270896645743,0.0515560172339435,CAV1;KRT13;THY1;WTIP;PPARGC1A;OBSL1;WASF3
GO_Biological_Process_2023,Negative Regulation Of Macromolecule Biosynthetic Process (GO:0010558),1/98,0.9252119390848554,0.94704823484997,0,0,0.3842585249801745,0.0298693544203607,IGFBP5
GO_Biological_Process_2023,Mitochondrion Organization (GO:0007005),2/162,0.9266777936780712,0.9481342913036446,0,0,0.4652938342967245,0.0354318246559198,COX7A1;PPARGC1A
GO_Biological_Process_2023,Cellular Response To Insulin Stimulus (GO:0032869),1/99,0.9271697089567656,0.9482233442693208,0,0,0.3803178963893249,0.0287591285062592,INHBB
GO_Biological_Process_2023,Regulation Of Organelle Organization (GO:0033043),1/100,0.9290763233427268,0.9493441314435715,0,0,0.3764568764568765,0.027693819383204,SYDE1
GO_Biological_Process_2023,Protein Complex Oligomerization (GO:0051259),1/100,0.9290763233427268,0.9493441314435715,0,0,0.3764568764568765,0.027693819383204,SNCA
GO_Biological_Process_2023,Activation Of GTPase Activity (GO:0090630),1/102,0.932741387424304,0.9522582080853184,0,0,0.3689642041127189,0.0256899814965752,SYDE1
GO_Biological_Process_2023,Protein Catabolic Process (GO:0030163),1/102,0.932741387424304,0.9522582080853184,0,0,0.3689642041127189,0.0256899814965752,CTSK
GO_Biological_Process_2023,Negative Regulation Of Translation (GO:0017148),1/107,0.9410980749326634,0.9603711074040512,0,0,0.3514695210449927,0.0213369838014285,IGFBP5
GO_Biological_Process_2023,Response To Tumor Necrosis Factor (GO:0034612),1/108,0.9426406684521964,0.9611077255180864,0,0,0.3481667864845434,0.0205662540141705,SFRP1
GO_Biological_Process_2023,Glycerophospholipid Biosynthetic Process (GO:0046474),1/108,0.9426406684521964,0.9611077255180864,0,0,0.3481667864845434,0.0205662540141705,FGF2
GO_Biological_Process_2023,Cellular Response To Salt (GO:1902075),1/109,0.9441429365571944,0.9618019823475202,0,0,0.3449252136752136,0.0198255108701861,CLU
GO_Biological_Process_2023,Positive Regulation Of Cysteine-Type Endopeptidase Activity Involved In Apoptotic Process (GO:0043280),1/109,0.9441429365571944,0.9618019823475202,0,0,0.3449252136752136,0.0198255108701861,SNCA
GO_Biological_Process_2023,Positive Regulation Of I-kappaB kinase/NF-kappaB Signaling (GO:0043123),2/175,0.9447094294372452,0.9619606451052296,0,0,0.4300399835165447,0.0244597629421965,GJA1;LTF
GO_Biological_Process_2023,RNA Metabolic Process (GO:0016070),1/111,0.9470306778587854,0.9639051923273688,0,0,0.3386188811188811,0.0184289233970188,NOVA1
GO_Biological_Process_2023,Endosomal Transport (GO:0016197),2/180,0.9504512540980136,0.9669664800597516,0,0,0.417851962503518,0.0212345693632903,RHOBTB3;NSG1
GO_Biological_Process_2023,Response To Endoplasmic Reticulum Stress (GO:0034976),1/114,0.9510852776843692,0.967191367927396,0,0,0.3295779441797141,0.0165288443722256,THBS1
GO_Biological_Process_2023,Regulation Of Autophagy (GO:0010506),3/241,0.9523350139403572,0.9680419282327762,0,0,0.4682116089679115,0.0228667061690219,DAPL1;DCN;ATP6V1B1
GO_Biological_Process_2023,RNA Processing (GO:0006396),2/183,0.9536186069982414,0.9689261507982132,0,0,0.4108623681325115,0.0195124580312463,NOVA1;PPARGC1A
GO_Biological_Process_2023,Regulation Of Small GTPase Mediated Signal Transduction (GO:0051056),1/118,0.9560135928346774,0.970938349704603,0,0,0.3182445759368836,0.0143156427276542,SYDE1
GO_Biological_Process_2023,Defense Response To Virus (GO:0051607),2/189,0.9593826742016076,0.9739376779281168,0,0,0.3975559745705954,0.0164847575051419,BPIFA1;IL6
GO_Biological_Process_2023,Transcription By RNA Polymerase II (GO:0006366),2/192,0.9620010174864536,0.975403334855621,0,0,0.3912179292161038,0.0151556928476039,PPARGC1A;SOX5
GO_Biological_Process_2023,Modification-Dependent Protein Catabolic Process (GO:0019941),2/192,0.9620010174864536,0.975403334855621,0,0,0.3912179292161038,0.0151556928476039,RNF150;FBXL7
GO_Biological_Process_2023,Protein Dephosphorylation (GO:0006470),1/124,0.962492359885286,0.975403334855621,0,0,0.3026266416510318,0.0115691594693036,TNS2
GO_Biological_Process_2023,Regulation Of DNA Metabolic Process (GO:0051052),1/124,0.962492359885286,0.975403334855621,0,0,0.3026266416510318,0.0115691594693036,ACVRL1
GO_Biological_Process_2023,Cytosolic Transport (GO:0016482),1/127,0.965365198824876,0.9778915638615308,0,0,0.2953754578754579,0.0104116318742147,RHOBTB3
GO_Biological_Process_2023,Protein Targeting (GO:0006605),1/129,0.9671573259204468,0.9787796311477784,0,0,0.2907301682692307,0.0097086728679886,LTBP2
GO_Biological_Process_2023,Regulation Of DNA Repair (GO:0006282),1/129,0.9671573259204468,0.9787796311477784,0,0,0.2907301682692307,0.0097086728679886,EYA4
GO_Biological_Process_2023,DNA-templated Transcription (GO:0006351),2/199,0.967495664435144,0.9787796311477784,0,0,0.3771798558336512,0.0124636576216408,PDE10A;SOX5
GO_Biological_Process_2023,Golgi Organization (GO:0007030),1/130,0.9680183718062656,0.9788855901426056,0,0,0.2884615384615384,0.0093762152154684,OBSL1
GO_Biological_Process_2023,Regulation Of Transcription By RNA Polymerase II (GO:0006357),41/2028,0.9686662418405176,0.9791179708202384,0,0,0.7519417882905552,0.0239381887110151,ACVRL1;CSF3;TENM2;DLX5;FHL2;TWIST2;TWIST1;RORB;AEBP1;GATA2;FGF2;DLL1;LOXL2;SALL1;EDNRB;SOX17;CCND1;SOX18;ATOH8;NDN;ZNF667;MSX1;PPARGC1A;SOX5;SNCA;PRRX1;ZBTB16;CAV1;SERPINF2;DKK1;ZFHX4;TBX3;BMP6;DCN;TBX2;IL6;HOXB9;SFRP2;HAND2;CDH13;ERG
GO_Biological_Process_2023,mRNA Processing (GO:0006397),2/214,0.976813172462047,0.986926855006952,0,0,0.3502199440142509,0.0082161146924634,NOVA1;PPARGC1A
GO_Biological_Process_2023,Actin Filament Organization (GO:0007015),1/144,0.9779549772760754,0.987654401371526,0,0,0.2600322754168908,0.0057965473052776,LMOD1
GO_Biological_Process_2023,Dephosphorylation (GO:0016311),1/147,0.9796450539594512,0.988508710199498,0,0,0.2546496311907271,0.0052368601826402,ALPP
GO_Biological_Process_2023,Protein Glycosylation (GO:0006486),1/147,0.9796450539594512,0.988508710199498,0,0,0.2546496311907271,0.0052368601826402,GFPT2
GO_Biological_Process_2023,Regulation Of I-kappaB kinase/NF-kappaB Signaling (GO:0043122),2/232,0.9846182193823118,0.9925650992801184,0,0,0.3225098433442238,0.0049993242469891,GJA1;LTF
GO_Biological_Process_2023,Peptide Biosynthetic Process (GO:0043043),1/158,0.9848080888522016,0.9925650992801184,0,0,0.2366731994120529,0.0036231094118289,GGT5
GO_Biological_Process_2023,Regulation Of Cell Cycle (GO:0051726),3/298,0.9849365032993148,0.9925650992801184,0,0,0.3766245664550749,0.0057164466666571,SFRP1;ALOX15B;TBX3
GO_Biological_Process_2023,"RNA Splicing, Via Transesterification Reactions With Bulged Adenosine As Nucleophile (GO:0000377)",1/180,0.9915412570318533,0.9987912361155268,0,0,0.2073485174043833,0.0017613678393242,NOVA1
GO_Biological_Process_2023,Plasma Membrane Bounded Cell Projection Assembly (GO:0120031),2/275,0.994336328060642,0.9999608156968912,0,0,0.2711046179254271,0.0015398122406316,CDH13;MYLK
GO_Biological_Process_2023,Endomembrane System Organization (GO:0010256),1/196,0.9944766021245904,0.9999608156968912,0,0,0.1901775147928994,0.0010533377683042,OBSL1
GO_Biological_Process_2023,Regulation Of DNA-templated Transcription (GO:0006355),34/1922,0.9955404494001951,0.9999608156968912,0,0,0.6504868095917586,0.0029073664449174,ACVRL1;DLX5;TWIST2;TWIST1;RORB;PRICKLE1;FGF2;LOXL2;FGF7;SALL1;SOX17;SOX18;ZNF727;ATOH8;ZNF667;MSX1;PPARGC1A;SOX5;FZD4;FZD7;ZBTB16;NRG1;WTIP;ZFHX4;TBX3;TBX2;PTP4A3;SFRP1;IL6;HOXB9;SFRP2;HAND2;ERG;CRYAB
GO_Biological_Process_2023,"mRNA Splicing, Via Spliceosome (GO:0000398)",1/211,0.9962968105180524,0.9999608156968912,0,0,0.1764560439560439,0.0006546630862699457,NOVA1
GO_Biological_Process_2023,Protein Modification By Small Protein Conjugation (GO:0032446),3/364,0.9963162564062524,0.9999608156968912,0,0,0.3067091626648413,0.0011319240544799,SH3RF3;PDZRN3;FBXL7
GO_Biological_Process_2023,Ubiquitin-Dependent Protein Catabolic Process (GO:0006511),3/367,0.9965498968940985,0.9999608156968912,0,0,0.3041336077050363,0.0010511065619904,RHOBTB3;RNF150;FBXL7
GO_Biological_Process_2023,Proteasomal Protein Catabolic Process (GO:0010498),1/220,0.997086874104567,0.9999608156968912,0,0,0.1691253951527924,0.0004934025895646896,RHOBTB3
GO_Biological_Process_2023,Protein Polyubiquitination (GO:0000209),1/226,0.9975176169031312,0.9999608156968912,0,0,0.1645641025641025,0.0004090190278170595,FBXL7
GO_Biological_Process_2023,Chromatin Remodeling (GO:0006338),1/228,0.997646558006664,0.9999608156968912,0,0,0.1630972551677397,0.0003842923117236414,LOXL2
GO_Biological_Process_2023,Intracellular Protein Transport (GO:0006886),2/325,0.9982731554168218,0.9999608156968912,0,0,0.2285414317841526,0.0003949966806887215,LTBP2;PRICKLE1
GO_Biological_Process_2023,Phosphorylation (GO:0016310),3/429,0.9991296399797682,0.9999608156968912,0,0,0.2590271357876991,0.00022554503007746012,ACVRL1;ERG;FAM20A
GO_Biological_Process_2023,Protein Ubiquitination (GO:0016567),3/434,0.9992224034213794,0.9999608156968912,0,0,0.2559549937740193,0.000199107149995374,SH3RF3;PDZRN3;FBXL7
GO_Biological_Process_2023,Gene Expression (GO:0010467),1/296,0.9996157365906712,0.9999608156968912,0,0,0.1250586701434159,4.80647063009256e-05,NOVA1
GO_Biological_Process_2023,Vesicle-Mediated Transport (GO:0016192),2/411,0.999784610915489,0.9999608156968912,0,0,0.1796759802328155,3.870441329468809e-05,RAB3IL1;NSG1
GO_Biological_Process_2023,Organelle Assembly (GO:0070925),1/322,0.9998070367623396,0.9999608156968912,0,0,0.1147735442127965,2.214921174959705e-05,CD34
GO_Biological_Process_2023,Protein Modification Process (GO:0036211),6/711,0.9998367679944687,0.9999608156968912,0,0,0.3102499483577773,5.064685499269606e-05,ACVRL1;COL3A1;ERG;FAM20A;THBS1;LOXL2
GO_Biological_Process_2023,DNA Damage Response (GO:0006974),1/384,0.9999608156968912,0.9999608156968912,0,0,0.095882707370958,3.757170680052745e-06,CCND1
Reactome_2022,Extracellular Matrix Organization R-HSA-1474244,45/291,3.860656427412085e-22,2.9340988848331845e-19,0,0,7.391243082598893,364.4328887784467,COL15A1;SPARC;TNXB;LAMA2;COL14A1;ITGB3;COL12A1;HTRA1;FBLN2;THBS1;LOXL2;ADAMTS4;ADAMTS5;EFEMP2;ADAMTS2;ADAMTS1;CTSK;KDR;TPSAB1;PRSS2;JAM2;JAM3;MMP7;LUM;MMP2;BGN;PCOLCE;P3H3;ASPN;DCN;CAPN13;MFAP5;MFAP4;COL3A1;COL1A2;COL4A2;COL4A1;COL6A2;COL5A2;ITGA8;COL8A1;COL6A3;FMOD;DDR2;FBN1
Reactome_2022,Collagen Formation R-HSA-1474290,16/90,1.299591274363698e-09,3.894253517121507e-07,0,0,8.308268664704308,169.997279952638,COL15A1;MMP7;COL14A1;COL12A1;PCOLCE;P3H3;LOXL2;ADAMTS2;COL3A1;COL1A2;COL4A2;COL4A1;COL6A2;COL5A2;COL6A3;COL8A1
Reactome_2022,Collagen Biosynthesis And Modifying Enzymes R-HSA-1650814,14/67,1.537205335705858e-09,3.894253517121507e-07,0,0,10.121097093520897,205.3904574839438,COL15A1;COL14A1;COL12A1;PCOLCE;P3H3;ADAMTS2;COL3A1;COL1A2;COL4A2;COL4A1;COL6A2;COL5A2;COL6A3;COL8A1
Reactome_2022,Diseases Of Glycosylation R-HSA-3781865,19/143,6.073159188797043e-09,1.1539002458714383e-06,0,0,5.907740007711091,111.77081895673888,SPON1;CHST6;EGFL7;LUM;OMD;BGN;PRELP;THBS2;MUC5B;THBS1;DCN;THSD4;ADAMTS4;ADAMTS5;ADAMTS2;SLPI;ADAMTS1;FMOD;MUC6
Reactome_2022,Collagen Chain Trimerization R-HSA-8948216,11/44,1.1888784891141915e-08,1.8070953034535716e-06,0,0,12.709803921568628,231.9243118858288,COL15A1;COL3A1;COL1A2;COL4A2;COL14A1;COL4A1;COL6A2;COL12A1;COL5A2;COL6A3;COL8A1
Reactome_2022,Assembly Of Collagen Fibrils And Other Multimeric Structures R-HSA-2022090,12/57,2.0961592239079e-08,2.2860127570012737e-06,0,0,10.181532416502948,180.01533747380006,COL15A1;COL3A1;MMP7;COL1A2;COL4A2;COL4A1;COL6A2;COL5A2;COL6A3;COL8A1;PCOLCE;LOXL2
Reactome_2022,Regulation Of IGF Transport And Uptake By IGFBPs R-HSA-381426,17/123,2.1055380656590683e-08,2.2860127570012737e-06,0,0,6.164663821503444,108.96727394996448,IGFBP5;MMP2;FSTL1;C3;IL6;TF;EVA1A;PAPPA;STC2;PENK;MXRA8;SPARCL1;IGFBP7;IGFBP6;FAM20A;APOB;FBN1
Reactome_2022,Binding And Uptake Of Ligands By Scavenger Receptors R-HSA-2173782,10/41,7.16316166895132e-08,6.805003585503753e-06,0,0,12.277002714475096,201.9779251090168,COL3A1;SPARC;COL1A2;COL4A2;COL4A1;DLC1;SAA2;MASP1;APOB;JCHAIN
Reactome_2022,Diseases Of Metabolism R-HSA-5668914,22/247,5.840497368362343e-07,4.529340097959616e-05,0,0,3.772772211088845,54.15165475969602,SLC34A2;SPON1;CHST6;EGFL7;LUM;OMD;BGN;PRELP;CYP7B1;THBS2;MUC5B;THBS1;DCN;THSD4;ADAMTS4;ADAMTS5;ADAMTS2;CYP24A1;SLPI;ADAMTS1;FMOD;MUC6
Reactome_2022,Defective CHST6 Causes MCDC1 R-HSA-3656225,5/8,6.176369282654035e-07,4.529340097959616e-05,0,0,62.906976744186046,899.4040105051765,CHST6;LUM;OMD;PRELP;FMOD
Reactome_2022,Post-translational Protein Phosphorylation R-HSA-8957275,14/106,6.55562382599418e-07,4.529340097959616e-05,0,0,5.818926335648744,82.84854860655923,IGFBP5;FSTL1;C3;IL6;TF;EVA1A;STC2;PENK;MXRA8;SPARCL1;IGFBP7;FAM20A;APOB;FBN1
Reactome_2022,Degradation Of Extracellular Matrix R-HSA-1474228,14/109,9.258153551607504e-07,5.86349724935142e-05,0,0,5.6342987646631375,78.27500843692935,COL15A1;MMP7;COL14A1;MMP2;COL12A1;HTRA1;DCN;ADAMTS4;CAPN13;ADAMTS5;ADAMTS1;CTSK;TPSAB1;PRSS2
Reactome_2022,ECM Proteoglycans R-HSA-3000178,10/55,1.3474799571994448e-06,7.877575134396754e-05,0,0,8.45140247879974,114.23992644123874,SPARC;TNXB;LAMA2;LUM;ITGB3;BGN;ITGA8;FMOD;ASPN;DCN
Reactome_2022,Defective B3GALTL Causes PpS R-HSA-5083635,8/37,3.987706000217308e-06,0.00021647546858322527,0,0,10.459097936411911,130.03058501444872,ADAMTS4;ADAMTS5;SPON1;ADAMTS2;ADAMTS1;THBS2;THBS1;THSD4
Reactome_2022,O-glycosylation Of TSR Domain-Containing Proteins R-HSA-5173214,8/38,4.936776130330875e-06,0.000250129990603431,0,0,10.109941520467835,123.5313336853576,ADAMTS4;ADAMTS5;SPON1;ADAMTS2;ADAMTS1;THBS2;THBS1;THSD4
Reactome_2022,Elastic Fibre Formation R-HSA-1566948,8/39,6.070257518440519e-06,0.0002758839802708676,0,0,9.78331132490725,117.5182071911752,MFAP5;MFAP4;EFEMP2;ITGB3;ITGA8;FBLN2;LOXL2;FBN1
Reactome_2022,Scavenging By Class A Receptors R-HSA-3000480,6/19,6.171089032374671e-06,0.0002758839802708676,0,0,17.445257654966394,209.2669473430202,COL3A1;COL1A2;COL4A2;COL4A1;MASP1;APOB
Reactome_2022,Integrin Cell Surface Interactions R-HSA-216083,10/66,7.521610847494672e-06,0.00031757912467199724,0,0,6.787461559966452,80.07664046151214,COL4A2;COL4A1;LUM;ITGB3;KDR;ITGA8;THBS1;JAM2;JAM3;FBN1
Reactome_2022,Diseases Associated With O-glycosylation Of Proteins R-HSA-3906995,10/69,1.130479199434326e-05,0.0004521916797737304,0,0,6.441341338021162,73.36870622666807,ADAMTS4;ADAMTS5;SPON1;ADAMTS2;ADAMTS1;THBS2;MUC5B;THBS1;THSD4;MUC6
Reactome_2022,Defective B4GALT1 Causes B4GALT1-CDG (CDG-2d) R-HSA-3656244,4/8,2.9319794567507155e-05,0.001061097327205,0,0,37.66924564796905,393.1632470304758,LUM;OMD;PRELP;FMOD
Reactome_2022,Defective ST3GAL3 Causes MCT12 And EIEE15 R-HSA-3656243,4/8,2.9319794567507155e-05,0.001061097327205,0,0,37.66924564796905,393.1632470304758,LUM;OMD;PRELP;FMOD
Reactome_2022,Signaling By PDGF R-HSA-186797,8/52,5.517543749992094e-05,0.001906060568179,0,0,6.888180046074783,67.53855490644209,PDGFRB;PDGFRA;COL4A2;COL4A1;COL6A2;COL6A3;THBS2;THBS1
Reactome_2022,Collagen Degradation R-HSA-1442490,7/40,6.914173937309115e-05,0.0020519954963165,0,0,8.025114962858154,76.87540080104675,COL15A1;MMP7;COL14A1;CTSK;MMP2;COL12A1;PRSS2
Reactome_2022,Diseases Associated With Glycosaminoglycan Metabolism R-HSA-3560782,7/40,6.914173937309115e-05,0.0020519954963165,0,0,8.025114962858154,76.87540080104675,CHST6;LUM;OMD;BGN;PRELP;FMOD;DCN
Reactome_2022,Keratan Sulfate Biosynthesis R-HSA-2022854,6/28,7.019984592661873e-05,0.0020519954963165,0,0,10.303795233892322,98.54719199067894,CHST6;LUM;OMD;CHST1;PRELP;FMOD
Reactome_2022,Molecules Associated With Elastic Fibres R-HSA-2129379,6/28,7.019984592661873e-05,0.0020519954963165,0,0,10.303795233892322,98.54719199067894,MFAP5;MFAP4;EFEMP2;ITGB3;ITGA8;FBLN2
Reactome_2022,Signal Transduction R-HSA-162582,93/2465,0.00013786654770429023,0.0038150334182465,0,0,1.5671059163764165,13.930356127797152,ACVRL1;CXCL6;SPARC;ITGB3;MYLK;AKAP12;RGS4;CDH5;RGS5;SYDE1;GJA1;FGF7;C1QTNF1;EDNRB;SOX17;CCND1;BOC;KDR;TNS4;PDE8B;PDGFRB;PDGFRA;FGFBP1;MMP7;VWF;EDN3;MMP2;NRG1;TACR1;ADRA2C;DKK1;MAG;SFRP1;SFRP2;LTB4R2;COL4A2;COL4A1;COL6A2;ITGA8;GAS1;DSG1;COL6A3;MYL9;ATP6V1B1;CALCRL;KHDRBS3;RAMP3;LAMA2;PTGER2;PTGER3;RHOBTB3;ADCY2;PTN;PRICKLE1;THBS2;FSTL1;THBS1;DLL1;PTHLH;C3;SCUBE2;FLRT2;CPAMD8;PENK;RDH16;APOD;WASF3;PPP1R14A;NTRK2;FZD4;SMOX;MCAM;FZD7;CAV1;GREB1;VEGFC;INHBB;GNG11;TF;IL6;COL1A2;CXCL12;GNAL;PDE10A;CILP;DLC1;PNOC;PDE3A;SAA2;ACKR1;TEK;RAMP1;FERMT2
Reactome_2022,Class B/2 (Secretin Family Receptors) R-HSA-373080,10/92,0.00014055386277750614,0.0038150334182465,0,0,4.629134647510859,41.06005296355395,C1QTNF1;CALCRL;RAMP3;FZD4;SMOX;FZD7;CPAMD8;GNG11;RAMP1;PTHLH
Reactome_2022,Initial Triggering Of Complement R-HSA-166663,5/21,0.00016945066715847893,0.0044407761048428,0,0,11.78718507751938,102.34752361330318,C3;C1S;C1R;MASP1;CFB
Reactome_2022,Keratan Sulfate/Keratin Metabolism R-HSA-1638074,6/33,0.0001848077994991225,0.0046772381703172,0,0,8.393527508090616,72.15239243697411,CHST6;LUM;OMD;CHST1;PRELP;FMOD
Reactome_2022,Keratan Sulfate Degradation R-HSA-2022857,4/12,0.00019078208326294208,0.0046772381703172,0,0,18.830754352030947,161.27371160162352,LUM;OMD;PRELP;FMOD
Reactome_2022,Signaling By Receptor Tyrosine Kinases R-HSA-9006934,27/496,0.0002764755540827189,0.0065662944094645,0,0,2.215369077112989,18.151378750735976,SPARC;LAMA2;ITGB3;PTN;THBS2;THBS1;CDH5;FGF7;FLRT2;KDR;TNS4;WASF3;PDGFRB;NTRK2;PDGFRA;FGFBP1;CAV1;VEGFC;NRG1;TF;CXCL12;COL4A2;CILP;COL4A1;COL6A2;COL6A3;ATP6V1B1
Reactome_2022,Metal Sequestration By Antimicrobial Proteins R-HSA-6799990,3/6,0.00033149088753292014,0.0076343355916672,0,0,37.5984555984556,301.2354513161108,LCN2;LTF;S100A7
Reactome_2022,Platelet Degranulation R-HSA-114608,11/125,0.000431622950189771,0.0096480424160066,0,0,3.663828689370485,28.387191358844174,ISLR;TF;SPARC;VWF;MMRN1;ITGB3;SERPINF2;TIMP3;VEGFC;CLU;THBS1
Reactome_2022,O-linked Glycosylation R-HSA-5173105,10/107,0.00048422825116318325,0.0105146705966862,0,0,3.910262876510582,29.8468573255402,ADAMTS4;ADAMTS5;SPON1;ADAMTS2;ADAMTS1;THBS2;MUC5B;THBS1;THSD4;MUC6
Reactome_2022,Antimicrobial Peptides R-HSA-6803157,9/89,0.0005162958538092444,0.0108995791359729,0,0,4.2624755859375,32.26195563251079,PGLYRP4;BPIFA1;BPIFB1;LCN2;DEFB4A;CLU;PRSS2;LTF;S100A7
Reactome_2022,Response To Elevated Platelet Cytosolic Ca2+ R-HSA-76005,11/130,0.000602312525964676,0.0123718248576528,0,0,3.5089800626132805,26.018154130845595,ISLR;TF;SPARC;VWF;MMRN1;ITGB3;SERPINF2;TIMP3;VEGFC;CLU;THBS1
Reactome_2022,G Alpha (S) Signaling Events R-HSA-418555,12/153,0.000684394561379374,0.0136878912275874,0,0,3.233373740751578,23.561516726733903,CALCRL;C1QTNF1;RAMP3;PDE10A;PTGER2;CPAMD8;PDE3A;ADCY2;PDE8B;GNG11;RAMP1;PTHLH
Reactome_2022,GPCR Ligand Binding R-HSA-500792,24/458,0.0010071381385274,0.0196262816738687,0,0,2.1190738903466886,14.622971340683511,CXCL6;CALCRL;RAMP3;EDN3;FZD4;SMOX;FZD7;PTGER2;PTGER3;TACR1;ADRA2C;GNG11;PTHLH;C3;C1QTNF1;CXCL12;EDNRB;LTB4R2;PNOC;CPAMD8;PENK;SAA2;ACKR1;RAMP1
Reactome_2022,Glycosaminoglycan Metabolism R-HSA-1630316,10/120,0.0011855615932307,0.0225256702713834,0,0,3.445828144458281,23.216400471050346,CHST6;CHPF;LUM;DSEL;OMD;BGN;CHST1;PRELP;FMOD;DCN
Reactome_2022,Activation Of Matrix Metalloproteinases R-HSA-1592389,5/33,0.0015278812358249,0.0283217009567544,0,0,6.731381506090808,43.64542493055102,MMP7;CTSK;MMP2;TPSAB1;PRSS2
Reactome_2022,Calcitonin-like Ligand Receptors R-HSA-419812,3/10,0.001839695655132,0.0332897309023894,0,0,16.11031439602868,101.46525919259108,CALCRL;RAMP3;RAMP1
Reactome_2022,ADORA2B Mediated Anti-Inflammatory Cytokine Production R-HSA-9660821,10/131,0.002288288792385,0.0404441740049454,0,0,3.130791997541686,19.03506191427272,IL6;CALCRL;C1QTNF1;RAMP3;PTGER2;CPAMD8;ADCY2;GNG11;RAMP1;PTHLH
Reactome_2022,Signaling By GPCR R-HSA-372790,31/689,0.0023621232371887,0.0408003104605334,0,0,1.80959928044166,10.94480821183791,CXCL6;CALCRL;RAMP3;PTGER2;PTGER3;ADCY2;PTHLH;C3;RGS4;RGS5;C1QTNF1;EDNRB;CPAMD8;PENK;PDE8B;EDN3;FZD4;SMOX;FZD7;TACR1;ADRA2C;GNG11;CXCL12;GNAL;PDE10A;LTB4R2;PNOC;PDE3A;SAA2;ACKR1;RAMP1
Reactome_2022,Dermatan Sulfate Biosynthesis R-HSA-2022923,3/11,0.002480888103581,0.0409885860591656,0,0,14.09580115830116,84.56266590681244,DSEL;BGN;DCN
Reactome_2022,eNOS Activation R-HSA-203615,3/11,0.002480888103581,0.0409885860591656,0,0,14.09580115830116,84.56266590681244,CAV1;TACR1;CYGB
Reactome_2022,Complement Cascade R-HSA-166658,6/55,0.0029858999570832,0.0482826376038996,0,0,4.6197741232415295,26.858692655493016,C3;C1S;C1R;MASP1;CLU;CFB
Reactome_2022,Anti-inflammatory Response Favoring Leishmania Infection R-HSA-9662851,11/165,0.0040577224808751,0.0642472726138557,0,0,2.706582633053221,14.905511694321378,GGT5;IL6;CALCRL;C1QTNF1;RAMP3;PTGER2;CPAMD8;ADCY2;GNG11;RAMP1;PTHLH
Reactome_2022,Creation Of C4 And C2 Activators R-HSA-166786,3/14,0.005163783927296,0.0800913425458158,0,0,10.24991224991225,53.976915802694606,C1S;C1R;MASP1
Reactome_2022,Muscle Contraction R-HSA-397014,12/196,0.0054362400876496,0.0823562183197359,0,0,2.4722388314683523,12.891903777021462,KCND2;KCNE4;CALD1;KCNJ12;LMOD1;KCNK15;SCN7A;ABCC9;MYL9;SCN1B;MYLK;CES1
Reactome_2022,Leishmania Infection R-HSA-9658195,14/247,0.0055265357030349,0.0823562183197359,0,0,2.2808915525983866,11.856517045442745,GGT5;RAMP3;CALCRL;FZD7;PTGER2;ADCY2;GNG11;PTHLH;C3;IL6;C1QTNF1;CPAMD8;RAMP1;WASF3
Reactome_2022,Regulation Of Complement Cascade R-HSA-977606,5/45,0.0060932683260363,0.085986135300779,0,0,4.70906007751938,24.018893715957063,C3;C1S;C1R;CLU;CFB
Reactome_2022,Eicosanoid Ligand-Binding Receptors R-HSA-391903,3/15,0.0063311427059256,0.085986135300779,0,0,9.39527027027027,47.56143745606087,LTB4R2;PTGER2;PTGER3
Reactome_2022,Metabolism Of Nitric Oxide: NOS3 Activation And Regulation R-HSA-202131,3/15,0.0063311427059256,0.085986135300779,0,0,9.39527027027027,47.56143745606087,CAV1;TACR1;CYGB
Reactome_2022,Negative Regulation Of TCF-dependent Signaling By WNT Ligand Antagonists R-HSA-3772470,3/15,0.0063311427059256,0.085986135300779,0,0,9.39527027027027,47.56143745606087,SFRP1;SFRP2;DKK1
Reactome_2022,Adherens Junctions Interactions R-HSA-418990,4/29,0.0064489601475584,0.085986135300779,0,0,6.020580270793037,30.366821790132555,CDH6;CDH5;CDH11;CDH13
Reactome_2022,Surfactant Metabolism R-HSA-5683826,4/29,0.0064489601475584,0.085986135300779,0,0,6.020580270793037,30.366821790132555,SLC34A2;DMBT1;ADGRF5;ADRA2C
Reactome_2022,GPCR Downstream Signaling R-HSA-388396,27/619,0.006574271862222,0.0861456312980816,0,0,1.7437253802385382,8.761507637460221,CXCL6;CALCRL;RAMP3;PTGER2;PTGER3;ADCY2;PTHLH;C3;RGS4;RGS5;C1QTNF1;EDNRB;CPAMD8;PENK;PDE8B;EDN3;TACR1;ADRA2C;GNG11;CXCL12;GNAL;PDE10A;LTB4R2;PNOC;PDE3A;SAA2;RAMP1
Reactome_2022,Disease R-HSA-1643685,62/1736,0.0067961971283236,0.0874007139938475,0,0,1.4366981360445412,7.171123681901963,SPON1;ITGB3;ANTXR1;ADAMTS4;ADAMTS5;GJA1;FGF7;ADAMTS2;C1QTNF1;CCND1;ADAMTS1;KDR;PDGFRB;SLC34A2;PDGFRA;CHST6;EGFL7;VWF;SGIP1;IL1R1;OMD;BGN;NRG1;ABCC9;CYP7B1;DKK1;DCN;SLPI;SLCO2A1;MASP1;LTF;CALCRL;RAMP3;PTGER2;DERL3;ADCY2;PRELP;THBS2;THBS1;DLL1;THSD4;PTHLH;SLC5A5;C3;CD79A;RDH12;CPAMD8;WASF3;STRA6;MUC6;GGT5;FZD4;LUM;FZD7;CAV1;MUC5B;GNG11;IL6;CYP24A1;FMOD;SLC26A4;RAMP1
Reactome_2022,Interleukin-4 And Interleukin-13 Signaling R-HSA-6785807,8/107,0.0069005765458719,0.0874007139938475,0,0,3.052749719416386,15.190941473301413,IL6;COL1A2;CCND1;MMP2;LCN2;TWIST1;NDN;SAA2
Reactome_2022,"Platelet Activation, Signaling And Aggregation R-HSA-76002",14/254,0.0070150573074009,0.0874007139938475,0,0,2.213560157790927,10.978586337356695,SPARC;VWF;ITGB3;SERPINF2;VEGFC;ADRA2C;GNG11;CLU;THBS1;ISLR;TF;MMRN1;PDPN;TIMP3
Reactome_2022,Gap Junction Assembly R-HSA-190861,3/16,0.007643183832824,0.0936906405313913,0,0,8.672111672111672,42.2673609003672,GJA1;GJB2;GJB6
Reactome_2022,Cell Surface Interactions At Vascular Wall R-HSA-202733,9/134,0.0085204743268459,0.1027866744190938,0,0,2.72165625,12.969462988081291,MAG;CAV1;ITGB3;TSPAN7;TEK;APOB;JAM2;JCHAIN;JAM3
Reactome_2022,Activation Of C3 And C5 R-HSA-174577,2/6,0.0094769684394675,0.1091287274847779,0,0,18.76204238921002,87.41030665235238,C3;CFB
Reactome_2022,Classical Antibody-Mediated Complement Activation R-HSA-173623,2/6,0.0094769684394675,0.1091287274847779,0,0,18.76204238921002,87.41030665235238,C1S;C1R
Reactome_2022,Scavenging By Class B Receptors R-HSA-3000471,2/6,0.0094769684394675,0.1091287274847779,0,0,18.76204238921002,87.41030665235238,SAA2;APOB
Reactome_2022,Post-translational Modification: Synthesis Of GPI-anchored Proteins R-HSA-163125,7/92,0.0102151636032446,0.1158734975890435,0,0,3.1073014419775693,14.243503256775345,NEGR1;ALPP;LSAMP;THY1;CNTN4;MDGA1;PRSS21
Reactome_2022,Activation Of SMO R-HSA-5635838,3/18,0.0107162403727355,0.1197697453423388,0,0,7.515057915057915,34.088264348490064,SMOX;BOC;GAS1
Reactome_2022,Nicotinamide Salvaging R-HSA-197264,3/19,0.0124832197466172,0.1359908390082062,0,0,7.045004826254826,30.88086250090088,SLC5A8;NNMT;PTGIS
Reactome_2022,Inwardly Rectifying K+ Channels R-HSA-1296065,4/35,0.0125805473650586,0.1359908390082062,0,0,4.853809196980096,21.238344597620618,KCNJ8;KCNJ12;ABCC9;GNG11
Reactome_2022,Transcriptional Regulation By RUNX2 R-HSA-8878166,8/119,0.0127044073283982,0.1359908390082062,0,0,2.721036826299984,11.879519751411522,CCND1;DLX5;HAND2;TWIST2;TWIST1;ITGBL1;PPARGC1A;ZNF521
Reactome_2022,Chondroitin Sulfate Biosynthesis R-HSA-2022870,3/20,0.0144068824251342,0.1520726478208616,0,0,6.630252100840337,28.112595383763622,CHPF;BGN;DCN
Reactome_2022,NCAM1 Interactions R-HSA-419037,4/37,0.0152372867884583,0.1586347665647718,0,0,4.559170036926323,19.07561200871485,COL4A2;COL4A1;COL6A2;COL6A3
Reactome_2022,Hemostasis R-HSA-109582,24/576,0.0167021248303029,0.1644045858621132,0,0,1.655760650861692,6.775735745127244,SPARC;VWF;ITGB3;CAV1;SERPINF2;VEGFC;GATA2;ADRA2C;CLU;GNG11;THBS1;JCHAIN;ISLR;MAG;TF;PDE10A;MMRN1;TSPAN7;PDPN;TIMP3;TEK;APOB;JAM2;JAM3
Reactome_2022,"Defective CHST14 Causes EDS, Musculocontractural Type R-HSA-3595174",2/8,0.0170894240567196,0.1644045858621132,0,0,12.506743737957612,50.89363580021031,BGN;DCN
Reactome_2022,Defective CHST3 Causes SEDCJD R-HSA-3595172,2/8,0.0170894240567196,0.1644045858621132,0,0,12.506743737957612,50.89363580021031,BGN;DCN
Reactome_2022,Defective CHSY1 Causes TPBS R-HSA-3595177,2/8,0.0170894240567196,0.1644045858621132,0,0,12.506743737957612,50.89363580021031,BGN;DCN
Reactome_2022,VEGF Binds To VEGFR Leading To Receptor Dimerization R-HSA-195399,2/8,0.0170894240567196,0.1644045858621132,0,0,12.506743737957612,50.89363580021031,KDR;VEGFC
Reactome_2022,Ligand-receptor Interactions R-HSA-5632681,2/8,0.0170894240567196,0.1644045858621132,0,0,12.506743737957612,50.89363580021031,BOC;GAS1
Reactome_2022,Cardiac Conduction R-HSA-5576891,8/126,0.0174153724960812,0.1654460387127722,0,0,2.558694287507847,10.363740423717502,KCND2;KCNE4;KCNJ12;KCNK15;SCN7A;ABCC9;SCN1B;CES1
Reactome_2022,Canonical Retinoid Cycle In Rods (Twilight Vision) R-HSA-2453902,3/23,0.0211320611436687,0.193102218891898,0,0,5.63484555984556,21.733395941719756,RDH12;RDH16;STRA6
Reactome_2022,Cell-cell Junction Organization R-HSA-421270,5/61,0.0211845889133085,0.193102218891898,0,0,3.3608457918050942,12.954317255699044,CDH6;CDH5;CLDN5;CDH11;CDH13
Reactome_2022,Non-integrin membrane-ECM Interactions R-HSA-3000171,4/41,0.0215472438952054,0.193102218891898,0,0,4.065450363322704,15.60119570765584,LAMA2;ITGB3;THBS1;DDR2
Reactome_2022,Adenylate Cyclase Activating Pathway R-HSA-170660,2/9,0.021596958691857,0.193102218891898,0,0,10.719515551885491,41.11151579669636,GNAL;ADCY2
Reactome_2022,Prostanoid Ligand Receptors R-HSA-391908,2/9,0.021596958691857,0.193102218891898,0,0,10.719515551885491,41.11151579669636,PTGER2;PTGER3
Reactome_2022,Activation Of GABAB Receptors R-HSA-991365,4/42,0.0233394645728792,0.2038849778780255,0,0,3.95826122365876,14.873600344468564,GNAL;KCNJ12;ADCY2;GNG11
Reactome_2022,RHOF GTPase Cycle R-HSA-9035034,4/42,0.0233394645728792,0.2038849778780255,0,0,3.95826122365876,14.873600344468564,AKAP12;SYDE1;CAV1;MCAM
Reactome_2022,Synthesis Of Bile Acids And Bile Salts Via 7Alpha-Hydroxycholesterol R-HSA-193368,3/24,0.0236942929360428,0.204632529902188,0,0,5.366243794815223,20.08328043786515,PTGIS;ACOX2;CYP7B1
Reactome_2022,Cell Junction Organization R-HSA-446728,6/86,0.0247863886139318,0.2116590488380699,0,0,2.8250970873786407,10.445685235872409,CDH6;CDH5;CLDN5;CDH11;CDH13;FERMT2
Reactome_2022,Smooth Muscle Contraction R-HSA-445355,4/43,0.0252195511111501,0.2122902938022549,0,0,3.8565689629519415,14.192697303363476,CALD1;LMOD1;MYL9;MYLK
Reactome_2022,Gap Junction Trafficking R-HSA-190828,3/25,0.026416973981486,0.2122902938022549,0,0,5.122060372060372,18.612279304479177,GJA1;GJB2;GJB6
Reactome_2022,Organic Anion Transporters R-HSA-428643,2/10,0.0265362867252818,0.2122902938022549,0,0,9.379094412331408,34.03900497877081,SLC5A8;SLC5A5
Reactome_2022,Crosslinking Of Collagen Fibrils R-HSA-2243919,2/10,0.0265362867252818,0.2122902938022549,0,0,9.379094412331408,34.03900497877081,PCOLCE;LOXL2
Reactome_2022,FGFR2b Ligand Binding And Activation R-HSA-190377,2/10,0.0265362867252818,0.2122902938022549,0,0,9.379094412331408,34.03900497877081,FGF7;FGFBP1
Reactome_2022,Thyroxine Biosynthesis R-HSA-209968,2/10,0.0265362867252818,0.2122902938022549,0,0,9.379094412331408,34.03900497877081,DIO2;SLC5A5
Reactome_2022,Gap Junction Trafficking And Regulation R-HSA-157858,3/27,0.0323415928719373,0.256037610236171,0,0,4.694739382239383,16.10953421901894,GJA1;GJB2;GJB6
Reactome_2022,Peptide Ligand-Binding Receptors R-HSA-375276,10/196,0.0330939502793522,0.2592928063124503,0,0,2.029859226058961,6.91858189759612,C3;CXCL6;EDNRB;CXCL12;EDN3;PENK;PNOC;SAA2;TACR1;ACKR1
Reactome_2022,G Alpha (Z) Signaling Events R-HSA-418597,4/47,0.0336325191538869,0.2608236179281027,0,0,3.497098646034816,11.863074315984116,RGS4;ADCY2;ADRA2C;GNG11
Reactome_2022,Scavenging Of Heme From Plasma R-HSA-2168880,2/12,0.0376094908641922,0.2887193238059201,0,0,7.502504816955684,24.611958377905705,DLC1;JCHAIN
Reactome_2022,Interaction Between L1 And Ankyrins R-HSA-445095,3/29,0.0388985279760869,0.2956288126182607,0,0,4.333160083160083,14.06889926285675,SCN7A;NRCAM;SCN1B
Reactome_2022,Chondroitin Sulfate/Dermatan Sulfate Metabolism R-HSA-1793185,4/50,0.0408920460184331,0.3077025244951404,0,0,3.2685224119081657,10.448876864790265,CHPF;DSEL;BGN;DCN
Reactome_2022,Extra-nuclear Estrogen Signaling R-HSA-9009391,5/73,0.0416609661950148,0.3104150422373657,0,0,2.766045371637027,8.79101954045361,MMP7;CCND1;MMP2;CAV1;GNG11
Reactome_2022,Adenylate Cyclase Inhibitory Pathway R-HSA-170670,2/13,0.0436954879705849,0.3193131813235053,0,0,6.820108600455422,21.35042112322841,GNAL;ADCY2
Reactome_2022,Diseases Associated With Visual Transduction R-HSA-2474795,2/13,0.0436954879705849,0.3193131813235053,0,0,6.820108600455422,21.35042112322841,RDH12;STRA6
Reactome_2022,Nicotinate Metabolism R-HSA-196807,3/31,0.046075770711223,0.3335008165764715,0,0,4.023234969663541,12.38137706973013,SLC5A8;NNMT;PTGIS
Reactome_2022,Class A/1 (Rhodopsin-like Receptors) R-HSA-373076,14/327,0.0483566905454933,0.346708347307311,0,0,1.6908583347511832,5.1218646902087945,CXCL6;EDN3;PTGER2;PTGER3;TACR1;ADRA2C;C3;EDNRB;CXCL12;LTB4R2;PENK;PNOC;SAA2;ACKR1
Reactome_2022,Nuclear Signaling By ERBB4 R-HSA-1251985,3/32,0.0498921606336276,0.3489120702162906,0,0,3.884303022234057,11.644718586882888,SPARC;CXCL12;NRG1
Reactome_2022,CS/DS Degradation R-HSA-2024101,2/14,0.0501174493292288,0.3489120702162906,0,0,6.2514450867052025,18.71298846190736,BGN;DCN
Reactome_2022,Potassium Channels R-HSA-1296071,6/102,0.0505004312155157,0.3489120702162906,0,0,2.3523058252427185,7.023452170651569,KCND2;KCNJ8;KCNJ12;ABCC9;KCNN3;GNG11
Reactome_2022,Signaling By VEGF R-HSA-194138,6/102,0.0505004312155157,0.3489120702162906,0,0,2.3523058252427185,7.023452170651569,CDH5;CAV1;ITGB3;KDR;VEGFC;WASF3
Reactome_2022,Glucagon-type Ligand Receptors R-HSA-420092,3/33,0.0538573740475799,0.3687531916771237,0,0,3.7546332046332047,10.968845322673072,C1QTNF1;CPAMD8;GNG11
Reactome_2022,Synthesis Of Prostaglandins (PG) And Thromboxanes (TX) R-HSA-2162123,2/15,0.0568538144093036,0.3757295560962674,0,0,5.770268267378094,16.544928433619624,PTGIS;PTGDS
Reactome_2022,Synthesis Of Bile Acids And Bile Salts Via 27-Hydroxycholesterol R-HSA-193807,2/15,0.0568538144093036,0.3757295560962674,0,0,5.770268267378094,16.544928433619624,PTGIS;CYP7B1
Reactome_2022,GRB2:SOS Provides Linkage To MAPK Signaling For Integrins R-HSA-354194,2/15,0.0568538144093036,0.3757295560962674,0,0,5.770268267378094,16.544928433619624,VWF;ITGB3
Reactome_2022,p130Cas Linkage To MAPK Signaling For Integrins R-HSA-372708,2/15,0.0568538144093036,0.3757295560962674,0,0,5.770268267378094,16.544928433619624,VWF;ITGB3
Reactome_2022,Synthesis Of Bile Acids And Bile Salts R-HSA-192105,3/34,0.0579689027899105,0.3797962596580348,0,0,3.6333291817162783,10.347171318177388,PTGIS;ACOX2;CYP7B1
Reactome_2022,Biological Oxidations R-HSA-211859,10/218,0.0600231295852487,0.3898938332033252,0,0,1.81309272918862,5.100275714747543,GGT5;GLYATL2;NNMT;PTGIS;CYP24A1;GSTA4;SMOX;CYP7B1;CES1;GSTM5
Reactome_2022,NCAM Signaling For Neurite Out-Growth R-HSA-375165,4/57,0.0610063905424408,0.3929225153580936,0,0,2.8358089120835004,7.931124169893333,COL4A2;COL4A1;COL6A2;COL6A3
Reactome_2022,Metabolism Of Proteins R-HSA-392499,60/1890,0.0626131955824616,0.3998825936358896,0,0,1.2552185199672845,3.4779334055389857,SPON1;PRSS21;ADAMTS4;ADAMTS5;ADAMTS2;C1QTNF1;EVA1A;DMBT1;ADAMTS1;ANPEP;SLC34A2;EGFL7;IGFBP5;MMP2;MYRIP;ADRA2C;CCNA1;SLPI;PAPPA;ADGRF5;MXRA8;SPARCL1;FAM20A;OBSL1;ST6GALNAC5;CES1;LTF;THY1;THBS2;FSTL1;THBS1;THSD4;C3;STC2;PENK;ARSI;IGFBP7;IGFBP6;APOB;PPARGC1A;SNCA;MUC6;NEGR1;ZBTB16;GFPT2;LSAMP;INHBB;SNCAIP;MUC5B;GNG11;TF;IL6;ALPP;CCDC8;MSRB3;SAA2;CNTN4;MDGA1;FBXL7;FBN1
Reactome_2022,G Alpha (I) Signaling Events R-HSA-418594,13/312,0.0659861705350962,0.4074940984081223,0,0,1.6415611092091749,4.462272136789021,CXCL6;PTGER3;ADCY2;ADRA2C;GNG11;C3;RGS4;RGS5;CXCL12;GNAL;PENK;PNOC;SAA2
Reactome_2022,Platelet Aggregation (Plug Formation) R-HSA-76009,3/36,0.066620025113282,0.4074940984081223,0,0,3.4127764127764126,9.244358344455057,VWF;ITGB3;ADRA2C
Reactome_2022,Glutathione Conjugation R-HSA-156590,3/36,0.066620025113282,0.4074940984081223,0,0,3.4127764127764126,9.244358344455057,GGT5;GSTA4;GSTM5
Reactome_2022,HSF1-dependent Transactivation R-HSA-3371571,3/36,0.066620025113282,0.4074940984081223,0,0,3.4127764127764126,9.244358344455057,HSPA2;CRYAB;HSPA1B
Reactome_2022,Arachidonic Acid Metabolism R-HSA-2142753,4/59,0.0675582321045045,0.4074940984081223,0,0,2.732407244592931,7.363196378941943,GGT5;PTGIS;PTGDS;ALOX15B
Reactome_2022,RHOQ GTPase Cycle R-HSA-9013406,4/59,0.0675582321045045,0.4074940984081223,0,0,2.732407244592931,7.363196378941943,SYDE1;GJA1;CAV1;DLC1
Reactome_2022,GABA Receptor Activation R-HSA-977443,4/59,0.0675582321045045,0.4074940984081223,0,0,2.732407244592931,7.363196378941943,GNAL;KCNJ12;ADCY2;GNG11
Reactome_2022,ABC Transporters In Lipid Homeostasis R-HSA-1369062,2/18,0.078746910791573,0.4568523068824086,0,0,4.6876204238921,11.913663387820096,ABCA6;ABCA9
Reactome_2022,Defective GALNT12 Causes CRCS1 R-HSA-5083636,2/18,0.078746910791573,0.4568523068824086,0,0,4.6876204238921,11.913663387820096,MUC5B;MUC6
Reactome_2022,Defective GALNT3 Causes HFTC R-HSA-5083625,2/18,0.078746910791573,0.4568523068824086,0,0,4.6876204238921,11.913663387820096,MUC5B;MUC6
Reactome_2022,Metabolism Of Angiotensinogen To Angiotensins R-HSA-2022377,2/18,0.078746910791573,0.4568523068824086,0,0,4.6876204238921,11.913663387820096,ANPEP;CES1
Reactome_2022,Metabolism Of Amine-Derived Hormones R-HSA-209776,2/18,0.078746910791573,0.4568523068824086,0,0,4.6876204238921,11.913663387820096,DIO2;SLC5A5
Reactome_2022,Synthesis Of Substrates In N-glycan Biosythesis R-HSA-446219,4/63,0.0817007494868209,0.4703982546210901,0,0,2.546634757236993,6.378535966983137,EGFL7;SLPI;GFPT2;ST6GALNAC5
Reactome_2022,Peptide Hormone Metabolism R-HSA-2980736,5/89,0.0828344743351095,0.4733398533434831,0,0,2.2373338870431896,5.572999472536095,C1QTNF1;ANPEP;INHBB;MYRIP;CES1
Reactome_2022,Phase 4 - Resting Membrane Potential R-HSA-5576886,2/19,0.0865426474094673,0.4836206766999643,0,0,4.411651365748612,10.795831259103313,KCNJ12;KCNK15
Reactome_2022,Defective C1GALT1C1 Causes TNPS R-HSA-5083632,2/19,0.0865426474094673,0.4836206766999643,0,0,4.411651365748612,10.795831259103313,MUC5B;MUC6
Reactome_2022,Signaling By PDGFR In Disease R-HSA-9671555,2/19,0.0865426474094673,0.4836206766999643,0,0,4.411651365748612,10.795831259103313,PDGFRA;KDR
Reactome_2022,Signaling By TGFB Family Members R-HSA-9006936,6/119,0.091010848126971,0.5010396702441974,0,0,1.9966663802732196,4.78556319711514,ACVRL1;COL1A2;ITGB3;ITGA8;INHBB;FSTL1
Reactome_2022,Cell-Cell Communication R-HSA-1500931,6/120,0.0938197300662745,0.5010396702441974,0,0,1.979049565661727,4.683183515489403,CDH6;CDH5;CLDN5;CDH11;CDH13;FERMT2
Reactome_2022,Defective B3GALT6 Causes EDSP2 And SEMDJL1 R-HSA-4420332,2/20,0.0945577401545575,0.5010396702441974,0,0,4.166345536287733,9.826511866940434,BGN;DCN
Reactome_2022,Defective B3GAT3 Causes JDSSDHD R-HSA-3560801,2/20,0.0945577401545575,0.5010396702441974,0,0,4.166345536287733,9.826511866940434,BGN;DCN
Reactome_2022,"Defective B4GALT7 Causes EDS, Progeroid Type R-HSA-3560783",2/20,0.0945577401545575,0.5010396702441974,0,0,4.166345536287733,9.826511866940434,BGN;DCN
Reactome_2022,FGFR2 Ligand Binding And Activation R-HSA-190241,2/20,0.0945577401545575,0.5010396702441974,0,0,4.166345536287733,9.826511866940434,FGFBP1;FGF7
Reactome_2022,Syndecan Interactions R-HSA-3000170,2/20,0.0945577401545575,0.5010396702441974,0,0,4.166345536287733,9.826511866940434,ITGB3;THBS1
Reactome_2022,Keratinization R-HSA-6805567,9/208,0.094953165606904,0.5010396702441974,0,0,1.7030464824120604,4.009604105716531,FLG;KRT14;KRT13;DSG1;KRT5;KRT6C;KRT6B;KLK12;KRT6A
Reactome_2022,VEGFA-VEGFR2 Pathway R-HSA-4420097,5/93,0.0955930949808008,0.5010396702441974,0,0,2.135196441155744,5.012703938654513,CDH5;ITGB3;CAV1;KDR;WASF3
Reactome_2022,RHO GTPases Activate PAKs R-HSA-5627123,2/21,0.1027755230244203,0.5349958732778046,0,0,3.946861373085894,8.979930796646556,MYL9;MYLK
Reactome_2022,Bile Acid And Bile Salt Metabolism R-HSA-194068,3/45,0.1119915375888446,0.5593683335704892,0,0,2.6802261445118587,5.867904779070521,PTGIS;ACOX2;CYP7B1
Reactome_2022,Interleukin-10 Signaling R-HSA-6783783,3/45,0.1119915375888446,0.5593683335704892,0,0,2.6802261445118587,5.867904779070521,CSF3;IL6;IL1R1
Reactome_2022,Transport Of Small Molecules R-HSA-382551,24/706,0.1122016600879406,0.5593683335704892,0,0,1.3309416617004075,2.9113783069195,SLC34A2;ABCA6;TRPC4;DERL3;ABCA9;ADCY2;ABCC9;ABCA8;GNG11;SLC7A2;CYGB;SLC5A5;NIPAL4;SLC5A8;TF;SLCO2A1;CLCA2;LCN2;APOD;SLC39A2;RHCG;SLC26A4;APOB;ATP6V1B1
Reactome_2022,Visual Phototransduction R-HSA-2187338,5/98,0.112853424896285,0.5593683335704892,0,0,2.0198799699924983,4.406702297375973,AKR1B10;RDH12;RDH16;APOB;STRA6
Reactome_2022,Metabolism Of Vitamins And Cofactors R-HSA-196854,8/186,0.1139343354971156,0.5593683335704892,0,0,1.690956479838798,3.672982373033471,SLC5A8;NNMT;AKR1B10;PTGIS;TCN1;ENPP3;TACR1;APOB
Reactome_2022,Activated NTRK2 Signals Thru CDK5 R-HSA-9032845,1/5,0.123649842157687,0.5593683335704892,0,0,9.36298076923077,19.571453322596746,NTRK2
Reactome_2022,RUNX1 Regulates Expression Of Components Of Tight Junctions R-HSA-8935964,1/5,0.123649842157687,0.5593683335704892,0,0,9.36298076923077,19.571453322596746,CLDN5
Reactome_2022,Chylomicron Clearance R-HSA-8964026,1/5,0.123649842157687,0.5593683335704892,0,0,9.36298076923077,19.571453322596746,APOB
Reactome_2022,SARS-CoV-2 Targets PDZ Proteins In Cell-Cell Junction R-HSA-9705677,1/5,0.123649842157687,0.5593683335704892,0,0,9.36298076923077,19.571453322596746,GJA1
Reactome_2022,Drug-mediated Inhibition Of CDK4/CDK6 Activity R-HSA-9754119,1/5,0.123649842157687,0.5593683335704892,0,0,9.36298076923077,19.571453322596746,CCND1
Reactome_2022,Signaling By Membrane-Tethered Fusions Of PDGFRA Or PDGFRB R-HSA-9673768,1/5,0.123649842157687,0.5593683335704892,0,0,9.36298076923077,19.571453322596746,KDR
Reactome_2022,Sodium-coupled Phosphate Cotransporters R-HSA-427652,1/5,0.123649842157687,0.5593683335704892,0,0,9.36298076923077,19.571453322596746,SLC34A2
Reactome_2022,Ficolins Bind To Repetitive Carbohydrate Structures On Target Cell Surface R-HSA-2855086,1/5,0.123649842157687,0.5593683335704892,0,0,9.36298076923077,19.571453322596746,MASP1
Reactome_2022,Synthesis Of GDP-mannose R-HSA-446205,1/5,0.123649842157687,0.5593683335704892,0,0,9.36298076923077,19.571453322596746,SLPI
Reactome_2022,G2 Phase R-HSA-68911,1/5,0.123649842157687,0.5593683335704892,0,0,9.36298076923077,19.571453322596746,CCNA1
Reactome_2022,GRB7 Events In ERBB2 Signaling R-HSA-1306955,1/5,0.123649842157687,0.5593683335704892,0,0,9.36298076923077,19.571453322596746,NRG1
Reactome_2022,Tachykinin Receptors Bind Tachykinins R-HSA-380095,1/5,0.123649842157687,0.5593683335704892,0,0,9.36298076923077,19.571453322596746,TACR1
Reactome_2022,VLDL Clearance R-HSA-8964046,1/5,0.123649842157687,0.5593683335704892,0,0,9.36298076923077,19.571453322596746,APOB
Reactome_2022,Leukotriene Receptors R-HSA-391906,1/5,0.123649842157687,0.5593683335704892,0,0,9.36298076923077,19.571453322596746,LTB4R2
Reactome_2022,MET Interacts With TNS Proteins R-HSA-8875513,1/5,0.123649842157687,0.5593683335704892,0,0,9.36298076923077,19.571453322596746,TNS4
Reactome_2022,NGF-independant TRKA Activation R-HSA-187024,1/5,0.123649842157687,0.5593683335704892,0,0,9.36298076923077,19.571453322596746,NTRK2
Reactome_2022,NOSTRIN Mediated eNOS Trafficking R-HSA-203641,1/5,0.123649842157687,0.5593683335704892,0,0,9.36298076923077,19.571453322596746,CAV1
Reactome_2022,ABC-family Proteins Mediated Transport R-HSA-382556,5/102,0.1276613886290915,0.5740985524148496,0,0,1.9361863661791736,3.985395523607352,ABCA6;DERL3;ABCA9;ABCC9;ABCA8
Reactome_2022,Neuronal System R-HSA-112316,14/386,0.1345644913612144,0.5768299143931873,0,0,1.4183050200419929,2.844710980219774,KCND2;KCNJ8;KCNJ12;NRXN3;NRXN2;ADCY2;NRG1;ABCC9;GNG11;GNAL;SLITRK4;TSPAN7;KCNN3;SHANK3
Reactome_2022,Phase I - Functionalization Of Compounds R-HSA-211945,5/104,0.1353822515222207,0.5768299143931873,0,0,1.8968757340850364,3.793093269193677,PTGIS;CYP24A1;SMOX;CYP7B1;CES1
Reactome_2022,Cargo Recognition For Clathrin-Mediated Endocytosis R-HSA-8856825,5/104,0.1353822515222207,0.5768299143931873,0,0,1.8968757340850364,3.793093269193677,TF;FZD4;SGIP1;TACR1;APOB
Reactome_2022,Transport Of Inorganic Cations/Anions And Amino Acids/Oligopeptides R-HSA-425393,5/104,0.1353822515222207,0.5768299143931873,0,0,1.8968757340850364,3.793093269193677,SLC34A2;SLC5A8;SLC26A4;SLC7A2;SLC5A5
Reactome_2022,Basigin Interactions R-HSA-210991,2/25,0.1373647732501339,0.5768299143931873,0,0,3.259780514367094,6.471040216312456,MAG;CAV1
Reactome_2022,Termination Of O-glycan Biosynthesis R-HSA-977068,2/25,0.1373647732501339,0.5768299143931873,0,0,3.259780514367094,6.471040216312456,MUC5B;MUC6
Reactome_2022,Biosynthesis Of N-glycan Precursor (Dolichol LLO) And Transfer To Protein R-HSA-446193,4/77,0.1411757968360373,0.5768299143931873,0,0,2.056755252907978,4.026611319392895,EGFL7;SLPI;GFPT2;ST6GALNAC5
Reactome_2022,Constitutive Signaling By Aberrant PI3K In Cancer R-HSA-2219530,4/78,0.1459526524274951,0.5768299143931873,0,0,2.0288567097077737,3.9044799755647497,PDGFRB;PDGFRA;FGF7;NRG1
Reactome_2022,GAG Synthesis Requires Tetrasaccharide Linker Sequence R-HSA-1971475,2/26,0.1463702039208586,0.5768299143931873,0,0,3.123795761078998,6.002736612764308,BGN;DCN
Reactome_2022,Attenuation Phase R-HSA-3371568,2/26,0.1463702039208586,0.5768299143931873,0,0,3.123795761078998,6.002736612764308,HSPA2;HSPA1B
Reactome_2022,APOBEC3G Mediated Resistance To HIV-1 R-HSA-180689,1/6,0.1464844387866909,0.5768299143931873,0,0,7.49,14.387062209635584,SGIP1
Reactome_2022,Activated NTRK2 Signals Thru FYN R-HSA-9032500,1/6,0.1464844387866909,0.5768299143931873,0,0,7.49,14.387062209635584,NTRK2
Reactome_2022,Activated NTRK2 Signals Thru PI3K R-HSA-9028335,1/6,0.1464844387866909,0.5768299143931873,0,0,7.49,14.387062209635584,NTRK2
Reactome_2022,PTK6 Regulates Cell Cycle R-HSA-8849470,1/6,0.1464844387866909,0.5768299143931873,0,0,7.49,14.387062209635584,CCND1
Reactome_2022,Activation Of TRKA Receptors R-HSA-187015,1/6,0.1464844387866909,0.5768299143931873,0,0,7.49,14.387062209635584,NTRK2
Reactome_2022,Protein Repair R-HSA-5676934,1/6,0.1464844387866909,0.5768299143931873,0,0,7.49,14.387062209635584,MSRB3
Reactome_2022,Binding And Entry Of HIV Virion R-HSA-173107,1/6,0.1464844387866909,0.5768299143931873,0,0,7.49,14.387062209635584,SGIP1
Reactome_2022,CD22 Mediated BCR Regulation R-HSA-5690714,1/6,0.1464844387866909,0.5768299143931873,0,0,7.49,14.387062209635584,CD79A
Reactome_2022,Conjugation Of Benzoate With Glycine R-HSA-177135,1/6,0.1464844387866909,0.5768299143931873,0,0,7.49,14.387062209635584,GLYATL2
Reactome_2022,Scavenging By Class F Receptors R-HSA-3000484,1/6,0.1464844387866909,0.5768299143931873,0,0,7.49,14.387062209635584,APOB
Reactome_2022,Signaling By LRP5 Mutants R-HSA-5339717,1/6,0.1464844387866909,0.5768299143931873,0,0,7.49,14.387062209635584,DKK1
Reactome_2022,Synthesis Of 15-Eicosatetraenoic Acid Derivatives R-HSA-2142770,1/6,0.1464844387866909,0.5768299143931873,0,0,7.49,14.387062209635584,ALOX15B
Reactome_2022,Vitamins R-HSA-211916,1/6,0.1464844387866909,0.5768299143931873,0,0,7.49,14.387062209635584,CYP24A1
Reactome_2022,LDL Remodeling R-HSA-8964041,1/6,0.1464844387866909,0.5768299143931873,0,0,7.49,14.387062209635584,APOB
Reactome_2022,Phase II - Conjugation Of Compounds R-HSA-156580,5/107,0.1473410452071833,0.5772123420487595,0,0,1.8408002735978115,3.5251423610056745,GGT5;GLYATL2;NNMT;GSTA4;GSTM5
Reactome_2022,Amyloid Fiber Formation R-HSA-977225,4/79,0.1507916586267007,0.5855302345418074,0,0,2.0017021276595743,3.786932458831696,SAA2;SNCAIP;LTF;SNCA
Reactome_2022,RHOD GTPase Cycle R-HSA-9013405,3/52,0.1533838997134362,0.5855302345418074,0,0,2.296509337325664,4.305521775116821,AKAP12;CAV1;MCAM
Reactome_2022,Signaling By Non-Receptor Tyrosine Kinases R-HSA-9006927,3/52,0.1533838997134362,0.5855302345418074,0,0,2.296509337325664,4.305521775116821,KHDRBS3;CCND1;NRG1
Reactome_2022,Signaling By BMP R-HSA-201451,2/27,0.155492497348592,0.5855302345418074,0,0,2.99868978805395,5.58103488008764,ACVRL1;FSTL1
Reactome_2022,Endogenous Sterols R-HSA-211976,2/27,0.155492497348592,0.5855302345418074,0,0,2.99868978805395,5.58103488008764,PTGIS;CYP7B1
Reactome_2022,VEGFR2 Mediated Vascular Permeability R-HSA-5218920,2/27,0.155492497348592,0.5855302345418074,0,0,2.99868978805395,5.58103488008764,CDH5;CAV1
Reactome_2022,Integrin Signaling R-HSA-354192,2/27,0.155492497348592,0.5855302345418074,0,0,2.99868978805395,5.58103488008764,VWF;ITGB3
Reactome_2022,Vesicle-mediated Transport R-HSA-5653656,21/637,0.1610003568492954,0.5855302345418074,0,0,1.2861136363636363,2.3488919646674358,SPARC;FZD4;SGIP1;RHOBTB3;RAB3IL1;TACR1;JCHAIN;GJA1;GJB2;COL3A1;TF;COL1A2;AKR1B10;COL4A2;COL4A1;ALPP;GJB6;DLC1;SAA2;MASP1;APOB
Reactome_2022,"Adrenaline,noradrenaline Inhibits Insulin Secretion R-HSA-400042",2/28,0.1647194881119896,0.5855302345418074,0,0,2.883207351415444,5.199897107408015,ADRA2C;GNG11
Reactome_2022,Downstream Signal Transduction R-HSA-186763,2/28,0.1647194881119896,0.5855302345418074,0,0,2.883207351415444,5.199897107408015,PDGFRB;PDGFRA
Reactome_2022,MET Promotes Cell Motility R-HSA-8875878,2/28,0.1647194881119896,0.5855302345418074,0,0,2.883207351415444,5.199897107408015,LAMA2;TNS4
Reactome_2022,RHOJ GTPase Cycle R-HSA-9013409,3/54,0.1659901356352369,0.5855302345418074,0,0,2.206223029752441,3.961994700136047,SYDE1;GJA1;CAV1
Reactome_2022,Post-translational Protein Modification R-HSA-597592,42/1383,0.1684556169259047,0.5855302345418074,0,0,1.1859718933460368,2.112314336111445,SPON1;THY1;THBS2;FSTL1;THBS1;THSD4;PRSS21;C3;ADAMTS4;ADAMTS5;ADAMTS2;EVA1A;ADAMTS1;STC2;PENK;ARSI;IGFBP7;APOB;PPARGC1A;MUC6;EGFL7;IGFBP5;NEGR1;ZBTB16;GFPT2;LSAMP;MUC5B;CCNA1;TF;IL6;SLPI;ALPP;CCDC8;MXRA8;SPARCL1;FAM20A;CNTN4;MDGA1;OBSL1;ST6GALNAC5;FBXL7;FBN1
Reactome_2022,Activated NTRK2 Signals Thru RAS R-HSA-9026519,1/7,0.1687251596903366,0.5855302345418074,0,0,6.241346153846154,11.106376629703425,NTRK2
Reactome_2022,Phase 1 - Inactivation Of Fast Na+ Channels R-HSA-5576894,1/7,0.1687251596903366,0.5855302345418074,0,0,6.241346153846154,11.106376629703425,KCND2
Reactome_2022,Constitutive Signaling By NOTCH1 t(7;9)(NOTCH1:M1580 K2555) Translocation Mutant R-HSA-2660826,1/7,0.1687251596903366,0.5855302345418074,0,0,6.241346153846154,11.106376629703425,DLL1
Reactome_2022,Release Of Apoptotic Factors From Mitochondria R-HSA-111457,1/7,0.1687251596903366,0.5855302345418074,0,0,6.241346153846154,11.106376629703425,SEPTIN4
Reactome_2022,Defective Factor VIII Causes Hemophilia A R-HSA-9662001,1/7,0.1687251596903366,0.5855302345418074,0,0,6.241346153846154,11.106376629703425,VWF
Reactome_2022,Signaling By RNF43 Mutants R-HSA-5340588,1/7,0.1687251596903366,0.5855302345418074,0,0,6.241346153846154,11.106376629703425,FZD4
Reactome_2022,GLI Proteins Bind Promoters Of Hh Responsive Genes To Promote Transcription R-HSA-5635851,1/7,0.1687251596903366,0.5855302345418074,0,0,6.241346153846154,11.106376629703425,BOC
Reactome_2022,Terminal Pathway Of Complement R-HSA-166665,1/7,0.1687251596903366,0.5855302345418074,0,0,6.241346153846154,11.106376629703425,CLU
Reactome_2022,LTC4-CYSLTR Mediated IL4 Production R-HSA-9664535,1/7,0.1687251596903366,0.5855302345418074,0,0,6.241346153846154,11.106376629703425,GGT5
Reactome_2022,MECP2 Regulates Transcription Of Neuronal Ligands R-HSA-9022702,1/7,0.1687251596903366,0.5855302345418074,0,0,6.241346153846154,11.106376629703425,DLL1
Reactome_2022,Neurofascin Interactions R-HSA-447043,1/7,0.1687251596903366,0.5855302345418074,0,0,6.241346153846154,11.106376629703425,NRCAM
Reactome_2022,NrCAM Interactions R-HSA-447038,1/7,0.1687251596903366,0.5855302345418074,0,0,6.241346153846154,11.106376629703425,NRCAM
Reactome_2022,Activation Of G Protein Gated Potassium Channels R-HSA-1296041,2/29,0.1740395629713169,0.5930099988570511,0,0,2.7762791693427533,4.854248146983421,KCNJ12;GNG11
Reactome_2022,Dectin-2 Family R-HSA-5621480,2/29,0.1740395629713169,0.5930099988570511,0,0,2.7762791693427533,4.854248146983421,MUC5B;MUC6
Reactome_2022,EGR2 And SOX10-mediated Initiation Of Schwann Cell Myelination R-HSA-9619665,2/29,0.1740395629713169,0.5930099988570511,0,0,2.7762791693427533,4.854248146983421,MAG;LAMA2
Reactome_2022,"FOXO-mediated Transcription Of Oxidative Stress, Metabolic And Neuronal Genes R-HSA-9615017",2/29,0.1740395629713169,0.5930099988570511,0,0,2.7762791693427533,4.854248146983421,ABCA6;PPARGC1A
Reactome_2022,Transcriptional Regulation Of Pluripotent Stem Cells R-HSA-452723,2/30,0.1834416406409888,0.5930099988570511,0,0,2.6769887145609688,4.539794592623619,SALL1;DKK1
Reactome_2022,Signaling By ERBB4 R-HSA-1236394,3/57,0.1854368895991085,0.5930099988570511,0,0,2.083333333333333,3.5105014012841966,SPARC;CXCL12;NRG1
Reactome_2022,Neurexins And Neuroligins R-HSA-6794361,3/57,0.1854368895991085,0.5930099988570511,0,0,2.083333333333333,3.5105014012841966,NRXN3;NRXN2;SHANK3
Reactome_2022,G Alpha (Q) Signaling Events R-HSA-416476,8/212,0.1898678867529082,0.5930099988570511,0,0,1.4734548790276345,2.448037397432501,RGS4;RGS5;EDNRB;EDN3;LTB4R2;SAA2;TACR1;GNG11
Reactome_2022,2-LTR Circle Formation R-HSA-164843,1/8,0.1903874206856848,0.5930099988570511,0,0,5.349450549450549,8.873102742041626,SGIP1
Reactome_2022,Alpha-defensins R-HSA-1462054,1/8,0.1903874206856848,0.5930099988570511,0,0,5.349450549450549,8.873102742041626,PRSS2
Reactome_2022,Axonal Growth Inhibition (RHOA Activation) R-HSA-193634,1/8,0.1903874206856848,0.5930099988570511,0,0,5.349450549450549,8.873102742041626,MAG
Reactome_2022,Ca2+ Activated K+ Channels R-HSA-1296052,1/8,0.1903874206856848,0.5930099988570511,0,0,5.349450549450549,8.873102742041626,KCNN3
Reactome_2022,RUNX1 Regulates Transcription Of Genes Involved In Differentiation Of Keratinocytes R-HSA-8939242,1/8,0.1903874206856848,0.5930099988570511,0,0,5.349450549450549,8.873102742041626,CTSK
Reactome_2022,RUNX2 Regulates Genes Involved In Cell Migration R-HSA-8941332,1/8,0.1903874206856848,0.5930099988570511,0,0,5.349450549450549,8.873102742041626,ITGBL1
Reactome_2022,RUNX3 Regulates WNT Signaling R-HSA-8951430,1/8,0.1903874206856848,0.5930099988570511,0,0,5.349450549450549,8.873102742041626,CCND1
Reactome_2022,RUNX3 Regulates YAP1-mediated Transcription R-HSA-8951671,1/8,0.1903874206856848,0.5930099988570511,0,0,5.349450549450549,8.873102742041626,CCN2
Reactome_2022,Conjugation Of Salicylate With Glycine R-HSA-177128,1/8,0.1903874206856848,0.5930099988570511,0,0,5.349450549450549,8.873102742041626,GLYATL2
Reactome_2022,Release Of Hh-Np From Secreting Cell R-HSA-5362798,1/8,0.1903874206856848,0.5930099988570511,0,0,5.349450549450549,8.873102742041626,SCUBE2
Reactome_2022,"SMAC, XIAP-regulated Apoptotic Response R-HSA-111469",1/8,0.1903874206856848,0.5930099988570511,0,0,5.349450549450549,8.873102742041626,SEPTIN4
Reactome_2022,Synthesis Of UDP-N-acetyl-glucosamine R-HSA-446210,1/8,0.1903874206856848,0.5930099988570511,0,0,5.349450549450549,8.873102742041626,GFPT2
Reactome_2022,Formyl Peptide Receptors Bind Formyl Peptides And Many Other Ligands R-HSA-444473,1/8,0.1903874206856848,0.5930099988570511,0,0,5.349450549450549,8.873102742041626,SAA2
Reactome_2022,Transport Of RCbl Within Body R-HSA-9758890,1/8,0.1903874206856848,0.5930099988570511,0,0,5.349450549450549,8.873102742041626,TCN1
Reactome_2022,Transport Of Fatty Acids R-HSA-804914,1/8,0.1903874206856848,0.5930099988570511,0,0,5.349450549450549,8.873102742041626,APOD
Reactome_2022,Lectin Pathway Of Complement Activation R-HSA-166662,1/8,0.1903874206856848,0.5930099988570511,0,0,5.349450549450549,8.873102742041626,MASP1
Reactome_2022,"Metabolism Of Ingested SeMet, Sec, MeSec Into H2Se R-HSA-2408508",1/8,0.1903874206856848,0.5930099988570511,0,0,5.349450549450549,8.873102742041626,NNMT
Reactome_2022,Transferrin Endocytosis And Recycling R-HSA-917977,2/31,0.192915151887485,0.5968438903382846,0,0,2.584545877350342,4.25288268387585,TF;ATP6V1B1
Reactome_2022,Protein-protein Interactions At Synapses R-HSA-6794362,4/88,0.1968572979616303,0.5968438903382846,0,0,1.7864050842774246,2.9034016465992867,SLITRK4;NRXN3;NRXN2;SHANK3
Reactome_2022,SLC-mediated Transmembrane Transport R-HSA-425407,9/247,0.1970821539193401,0.5968438903382846,0,0,1.4210953912815123,2.3080502122233577,SLC34A2;SLC5A8;SLCO2A1;APOD;SLC39A2;RHCG;SLC26A4;SLC7A2;SLC5A5
Reactome_2022,Iron Uptake And Transport R-HSA-917937,3/59,0.1987168018720284,0.5968438903382846,0,0,2.0087217319360176,3.2458423728880548,TF;LCN2;ATP6V1B1
Reactome_2022,Phase 0 - Rapid Depolarisation R-HSA-5576892,2/32,0.20245002061572,0.5968438903382846,0,0,2.4982658959537574,3.990385767777952,SCN7A;SCN1B
Reactome_2022,Glucagon Signaling In Metabolic Regulation R-HSA-163359,2/32,0.20245002061572,0.5968438903382846,0,0,2.4982658959537574,3.990385767777952,ADCY2;GNG11
Reactome_2022,Metabolism Of Carbohydrates R-HSA-71387,10/285,0.2113185018029073,0.5968438903382846,0,0,1.3665895748087529,2.1242115243859283,CHST6;CHPF;LUM;DSEL;OMD;BGN;CHST1;PRELP;FMOD;DCN
Reactome_2022,Activated NTRK2 Signals Thru FRS2 And FRS3 R-HSA-9028731,1/9,0.2114862383443903,0.5968438903382846,0,0,4.680528846153846,7.271647848783415,NTRK2
Reactome_2022,"POU5F1 (OCT4), SOX2, NANOG Repress Genes Related To Differentiation R-HSA-2892245",1/9,0.2114862383443903,0.5968438903382846,0,0,4.680528846153846,7.271647848783415,DKK1
Reactome_2022,Phase 3 - Rapid Repolarisation R-HSA-5576890,1/9,0.2114862383443903,0.5968438903382846,0,0,4.680528846153846,7.271647848783415,KCNE4
Reactome_2022,Adrenoceptors R-HSA-390696,1/9,0.2114862383443903,0.5968438903382846,0,0,4.680528846153846,7.271647848783415,ADRA2C
Reactome_2022,Amino Acid Conjugation R-HSA-156587,1/9,0.2114862383443903,0.5968438903382846,0,0,4.680528846153846,7.271647848783415,GLYATL2
Reactome_2022,Beta-oxidation Of pristanoyl-CoA R-HSA-389887,1/9,0.2114862383443903,0.5968438903382846,0,0,4.680528846153846,7.271647848783415,ACOX2
Reactome_2022,CD163 Mediating An Anti-Inflammatory Response R-HSA-9662834,1/9,0.2114862383443903,0.5968438903382846,0,0,4.680528846153846,7.271647848783415,IL6
Reactome_2022,Chylomicron Assembly R-HSA-8963888,1/9,0.2114862383443903,0.5968438903382846,0,0,4.680528846153846,7.271647848783415,APOB
Reactome_2022,Chylomicron Remodeling R-HSA-8963901,1/9,0.2114862383443903,0.5968438903382846,0,0,4.680528846153846,7.271647848783415,APOB
Reactome_2022,Regulation Of Commissural Axon Pathfinding By SLIT And ROBO R-HSA-428542,1/9,0.2114862383443903,0.5968438903382846,0,0,4.680528846153846,7.271647848783415,SLIT3
Reactome_2022,Diseases Associated With Surfactant Metabolism R-HSA-5687613,1/9,0.2114862383443903,0.5968438903382846,0,0,4.680528846153846,7.271647848783415,SLC34A2
Reactome_2022,Formation Of Annular Gap Junctions R-HSA-196025,1/9,0.2114862383443903,0.5968438903382846,0,0,4.680528846153846,7.271647848783415,GJA1
Reactome_2022,GP1b-IX-V Activation Signaling R-HSA-430116,1/9,0.2114862383443903,0.5968438903382846,0,0,4.680528846153846,7.271647848783415,VWF
Reactome_2022,p75NTR Regulates Axonogenesis R-HSA-193697,1/9,0.2114862383443903,0.5968438903382846,0,0,4.680528846153846,7.271647848783415,MAG
Reactome_2022,MAPK1 (ERK2) Activation R-HSA-112411,1/9,0.2114862383443903,0.5968438903382846,0,0,4.680528846153846,7.271647848783415,IL6
Reactome_2022,Multifunctional Anion Exchangers R-HSA-427601,1/9,0.2114862383443903,0.5968438903382846,0,0,4.680528846153846,7.271647848783415,SLC26A4
Reactome_2022,Sialic Acid Metabolism R-HSA-4085001,2/33,0.212036645251759,0.5968438903382846,0,0,2.417552364969856,3.749614445030473,EGFL7;ST6GALNAC5
Reactome_2022,Signaling By WNT In Cancer R-HSA-4791275,2/33,0.212036645251759,0.5968438903382846,0,0,2.417552364969856,3.749614445030473,FZD4;DKK1
Reactome_2022,Signaling By High-Kinase Activity BRAF Mutants R-HSA-6802948,2/33,0.212036645251759,0.5968438903382846,0,0,2.417552364969856,3.749614445030473,VWF;ITGB3
Reactome_2022,Metabolism Of Water-Soluble Vitamins And Cofactors R-HSA-196849,5/122,0.2130882120436368,0.5975905577607529,0,0,1.6035579407672431,2.4791792437002718,SLC5A8;NNMT;PTGIS;TCN1;ENPP3
Reactome_2022,Asymmetric Localization Of PCP Proteins R-HSA-4608870,3/62,0.2190381057424887,0.6120182366334244,0,0,1.906288855441398,2.894717861550968,FZD4;FZD7;PRICKLE1
Reactome_2022,ESR-mediated Signaling R-HSA-8939211,7/188,0.2200983706706217,0.6127280648705954,0,0,1.4520067932153835,2.19787464921988,CXCL12;MMP7;CCND1;CAV1;MMP2;GREB1;GNG11
Reactome_2022,Metabolic Disorders Of Biological Oxidation Enzymes R-HSA-5579029,2/34,0.2216658811009567,0.6144513681991293,0,0,2.341883429672447,3.5282442710635262,CYP24A1;CYP7B1
Reactome_2022,RAC3 GTPase Cycle R-HSA-9013423,4/93,0.2240983892872618,0.6144513681991293,0,0,1.6856105883119987,2.521117333034046,SYDE1;CAV1;MCAM;FERMT2
Reactome_2022,PI3K Events In ERBB4 Signaling R-HSA-1250342,1/10,0.232036240359408,0.6144513681991293,0,0,4.160256410256411,6.077559297974501,NRG1
Reactome_2022,Activation Of PPARGC1A (PGC-1alpha) By Phosphorylation R-HSA-2151209,1/10,0.232036240359408,0.6144513681991293,0,0,4.160256410256411,6.077559297974501,PPARGC1A
Reactome_2022,RHOBTB3 ATPase Cycle R-HSA-9706019,1/10,0.232036240359408,0.6144513681991293,0,0,4.160256410256411,6.077559297974501,RHOBTB3
Reactome_2022,RUNX3 Regulates p14-ARF R-HSA-8951936,1/10,0.232036240359408,0.6144513681991293,0,0,4.160256410256411,6.077559297974501,CCND1
Reactome_2022,Role Of Second Messengers In Netrin-1 Signaling R-HSA-418890,1/10,0.232036240359408,0.6144513681991293,0,0,4.160256410256411,6.077559297974501,TRPC4
Reactome_2022,Gap Junction Degradation R-HSA-190873,1/10,0.232036240359408,0.6144513681991293,0,0,4.160256410256411,6.077559297974501,GJA1
Reactome_2022,"Tetrahydrobiopterin (BH4) Synthesis, Recycling, Salvage And Regulation R-HSA-1474151",1/10,0.232036240359408,0.6144513681991293,0,0,4.160256410256411,6.077559297974501,TACR1
Reactome_2022,Glycoprotein Hormones R-HSA-209822,1/10,0.232036240359408,0.6144513681991293,0,0,4.160256410256411,6.077559297974501,INHBB
Reactome_2022,Uptake Of Dietary Cobalamins Into Enterocytes R-HSA-9758881,1/10,0.232036240359408,0.6144513681991293,0,0,4.160256410256411,6.077559297974501,TCN1
Reactome_2022,Integration Of Provirus R-HSA-162592,1/10,0.232036240359408,0.6144513681991293,0,0,4.160256410256411,6.077559297974501,SGIP1
Reactome_2022,Zinc Influx Into Cells By SLC39 Gene Family R-HSA-442380,1/10,0.232036240359408,0.6144513681991293,0,0,4.160256410256411,6.077559297974501,SLC39A2
Reactome_2022,MAPK3 (ERK1) Activation R-HSA-110056,1/10,0.232036240359408,0.6144513681991293,0,0,4.160256410256411,6.077559297974501,IL6
Reactome_2022,Signaling By Nuclear Receptors R-HSA-9006931,9/260,0.23872962890377,0.6283313815975683,0,0,1.346582420318725,1.92887647487018,CXCL12;MMP7;CCND1;CAV1;MMP2;GREB1;RDH16;APOD;GNG11
Reactome_2022,Cytochrome P450 - Arranged By Substrate Type R-HSA-211897,3/65,0.2397580271885458,0.6283313815975683,0,0,1.8137688379623864,2.5902887745859706,PTGIS;CYP24A1;CYP7B1
Reactome_2022,FOXO-mediated Transcription R-HSA-9614085,3/65,0.2397580271885458,0.6283313815975683,0,0,1.8137688379623864,2.5902887745859706,ABCA6;CAV1;PPARGC1A
Reactome_2022,MAP2K And MAPK Activation R-HSA-5674135,2/37,0.2507243035427637,0.6428163534257446,0,0,2.1408202587393337,2.9616136056158515,VWF;ITGB3
Reactome_2022,Apoptotic Cleavage Of Cell Adhesion Proteins R-HSA-351906,1/11,0.2520516754221998,0.6428163534257446,0,0,3.744038461538461,5.159738595103209,DSG1
Reactome_2022,Signaling By PDGFRA Extracellular Domain Mutants R-HSA-9673770,1/11,0.2520516754221998,0.6428163534257446,0,0,3.744038461538461,5.159738595103209,PDGFRA
Reactome_2022,Transport Of Organic Anions R-HSA-879518,1/11,0.2520516754221998,0.6428163534257446,0,0,3.744038461538461,5.159738595103209,SLCO2A1
Reactome_2022,Uptake And Function Of Anthrax Toxins R-HSA-5210891,1/11,0.2520516754221998,0.6428163534257446,0,0,3.744038461538461,5.159738595103209,ANTXR1
Reactome_2022,Interleukin-6 Signaling R-HSA-1059683,1/11,0.2520516754221998,0.6428163534257446,0,0,3.744038461538461,5.159738595103209,IL6
Reactome_2022,Killing Mechanisms R-HSA-9664420,1/11,0.2520516754221998,0.6428163534257446,0,0,3.744038461538461,5.159738595103209,FZD7
Reactome_2022,Metallothioneins Bind Metals R-HSA-5661231,1/11,0.2520516754221998,0.6428163534257446,0,0,3.744038461538461,5.159738595103209,MT1A
Reactome_2022,SLC Transporter Disorders R-HSA-5619102,4/99,0.257953863358178,0.6534831205073842,0,0,1.57866232311921,2.1390472459979195,SLC34A2;SLCO2A1;SLC26A4;SLC5A5
Reactome_2022,L1CAM Interactions R-HSA-373760,4/99,0.257953863358178,0.6534831205073842,0,0,1.57866232311921,2.1390472459979195,ITGB3;SCN7A;NRCAM;SCN1B
Reactome_2022,Signaling By RAF1 Mutants R-HSA-9656223,2/38,0.2604410830799749,0.6554146461615263,0,0,2.081245985870263,2.800063835633346,VWF;ITGB3
Reactome_2022,HSP90 Chaperone Cycle For Steroid Hormone Receptors (SHR) In Presence Of Ligand R-HSA-3371497,2/38,0.2604410830799749,0.6554146461615263,0,0,2.081245985870263,2.800063835633346,HSPA2;HSPA1B
Reactome_2022,RHOB GTPase Cycle R-HSA-9013026,3/69,0.2678502831358694,0.6635861141393011,0,0,1.7034924534924536,2.244056772927486,CAV1;MCAM;DLC1
Reactome_2022,Transcriptional Regulation By VENTX R-HSA-8853884,2/39,0.2701610201586983,0.6635861141393011,0,0,2.0248919439670883,2.650051264795779,IL6;CCND1
Reactome_2022,PECAM1 Interactions R-HSA-210990,1/12,0.2715464230227929,0.6635861141393011,0,0,3.403496503496504,4.436873487374571,ITGB3
Reactome_2022,"POU5F1 (OCT4), SOX2, NANOG Activate Genes Related To Proliferation R-HSA-2892247",1/12,0.2715464230227929,0.6635861141393011,0,0,3.403496503496504,4.436873487374571,SALL1
Reactome_2022,Peptide Hormone Biosynthesis R-HSA-209952,1/12,0.2715464230227929,0.6635861141393011,0,0,3.403496503496504,4.436873487374571,INHBB
Reactome_2022,Platelet Adhesion To Exposed Collagen R-HSA-75892,1/12,0.2715464230227929,0.6635861141393011,0,0,3.403496503496504,4.436873487374571,VWF
Reactome_2022,Eicosanoids R-HSA-211979,1/12,0.2715464230227929,0.6635861141393011,0,0,3.403496503496504,4.436873487374571,PTGIS
Reactome_2022,Glutathione Synthesis And Recycling R-HSA-174403,1/12,0.2715464230227929,0.6635861141393011,0,0,3.403496503496504,4.436873487374571,GGT5
Reactome_2022,Vitamin D (Calciferol) Metabolism R-HSA-196791,1/12,0.2715464230227929,0.6635861141393011,0,0,3.403496503496504,4.436873487374571,CYP24A1
Reactome_2022,Signaling By Hedgehog R-HSA-5358351,5/135,0.2761618851761697,0.672702027993234,0,0,1.4422331544424567,1.8558195361712115,SCUBE2;SMOX;BOC;GAS1;ADCY2
Reactome_2022,Regulation Of RUNX2 Expression And Activity R-HSA-8939902,3/72,0.2891594525732905,0.6814995132238972,0,0,1.6291757596105425,2.021443818021447,DLX5;TWIST1;PPARGC1A
Reactome_2022,Paradoxical Activation Of RAF Signaling By Kinase Inactive BRAF R-HSA-6802955,2/41,0.2895837331082398,0.6814995132238972,0,0,1.9208537127612275,2.3805347327254744,VWF;ITGB3
Reactome_2022,Advanced Glycosylation Endproduct Receptor Signaling R-HSA-879415,1/13,0.2905340030059772,0.6814995132238972,0,0,3.1197115384615386,3.856071589509544,SAA2
Reactome_2022,SARS-CoV-2 Targets Host Intracellular Signaling And Regulatory Pathways R-HSA-9755779,1/13,0.2905340030059772,0.6814995132238972,0,0,3.1197115384615386,3.856071589509544,CAV1
Reactome_2022,SHC1 Events In ERBB4 Signaling R-HSA-1250347,1/13,0.2905340030059772,0.6814995132238972,0,0,3.1197115384615386,3.856071589509544,NRG1
Reactome_2022,Dissolution Of Fibrin Clot R-HSA-75205,1/13,0.2905340030059772,0.6814995132238972,0,0,3.1197115384615386,3.856071589509544,SERPINF2
Reactome_2022,Downregulation Of ERBB2:ERBB3 Signaling R-HSA-1358803,1/13,0.2905340030059772,0.6814995132238972,0,0,3.1197115384615386,3.856071589509544,NRG1
Reactome_2022,ERBB2 Activates PTK6 Signaling R-HSA-8847993,1/13,0.2905340030059772,0.6814995132238972,0,0,3.1197115384615386,3.856071589509544,NRG1
Reactome_2022,"Synthesis, Secretion, And Inactivation Of Glucose-dependent Insulinotropic Polypeptide (GIP) R-HSA-400511",1/13,0.2905340030059772,0.6814995132238972,0,0,3.1197115384615386,3.856071589509544,C1QTNF1
Reactome_2022,Activation Of Arylsulfatases R-HSA-1663150,1/13,0.2905340030059772,0.6814995132238972,0,0,3.1197115384615386,3.856071589509544,ARSI
Reactome_2022,Trafficking And Processing Of Endosomal TLR R-HSA-1679131,1/13,0.2905340030059772,0.6814995132238972,0,0,3.1197115384615386,3.856071589509544,CTSK
Reactome_2022,Transcriptional Regulation Of Testis Differentiation R-HSA-9690406,1/13,0.2905340030059772,0.6814995132238972,0,0,3.1197115384615386,3.856071589509544,PTGDS
Reactome_2022,PI3K/AKT Signaling In Cancer R-HSA-2219528,4/105,0.2927284666979036,0.6845342605858669,0,0,1.4844207825037825,1.82362552979564,PDGFRB;PDGFRA;FGF7;NRG1
Reactome_2022,RHOC GTPase Cycle R-HSA-9013106,3/73,0.2962924570820927,0.6867279663182828,0,0,1.605819084390513,1.9533316332550632,CAV1;MCAM;DLC1
Reactome_2022,Innate Immune System R-HSA-168249,30/1035,0.2981936348582052,0.6867279663182828,0,0,1.123141927835365,1.3590154598223936,PGLYRP4;C1S;C1R;CLU;C3;BPIFA1;ANPEP;CTSK;APOB;PRSS2;WASF3;MUC6;SERPINB3;EGFL7;MUC5B;BPIFB1;SLPI;TCN1;DLC1;LCN2;DSG1;SAA2;FOLR3;MASP1;DEFB4A;CFB;HSPA1B;S100A7;LTF;ATP6V1B1
Reactome_2022,"PI5P, PP2A And IER3 Regulate PI3K/AKT Signaling R-HSA-6811558",4/106,0.2985881862244792,0.6867279663182828,0,0,1.469791785186028,1.7765225719032085,PDGFRB;PDGFRA;FGF7;NRG1
Reactome_2022,RND3 GTPase Cycle R-HSA-9696264,2/42,0.2992740486375471,0.6867279663182828,0,0,1.8727360308285164,2.2592604602481448,CAV1;DSG1
Reactome_2022,Vasopressin Regulates Renal Water Homeostasis Via Aquaporins R-HSA-432040,2/42,0.2992740486375471,0.6867279663182828,0,0,1.8727360308285164,2.2592604602481448,ADCY2;GNG11
Reactome_2022,Developmental Biology R-HSA-1266738,31/1073,0.3005758580413992,0.6867279663182828,0,0,1.1194073406713934,1.3455893223748665,FLG;LAMA2;ITGB3;GATA2;SALL1;BOC;SCN7A;NRCAM;SLIT3;PTGDS;PPARGC1A;KRT6C;SCN1B;KRT6B;KRT6A;TRPC4;MMP2;KRT13;KRT5;DKK1;KLK12;MAG;CXCL12;COL4A2;COL4A1;COL6A2;KRT14;DSG1;COL6A3;MYL9;SHANK3
Reactome_2022,Formation Of Cornified Envelope R-HSA-6809371,3/74,0.3034357466083062,0.6867279663182828,0,0,1.583120343683724,1.8880062066436916,FLG;DSG1;KLK12
Reactome_2022,RND2 GTPase Cycle R-HSA-9696270,2/43,0.3089425743621404,0.6867279663182828,0,0,1.826965552892523,2.1459534878476334,CAV1;DSG1
Reactome_2022,Retinoid Metabolism And Transport R-HSA-975634,2/43,0.3089425743621404,0.6867279663182828,0,0,1.826965552892523,2.1459534878476334,AKR1B10;APOB
Reactome_2022,Defensins R-HSA-1461973,2/43,0.3089425743621404,0.6867279663182828,0,0,1.826965552892523,2.1459534878476334,DEFB4A;PRSS2
Reactome_2022,GPER1 Signaling R-HSA-9634597,2/43,0.3089425743621404,0.6867279663182828,0,0,1.826965552892523,2.1459534878476334,ADCY2;GNG11
Reactome_2022,"Transport Of Vitamins, Nucleosides, And Related Molecules R-HSA-425397",2/43,0.3089425743621404,0.6867279663182828,0,0,1.826965552892523,2.1459534878476334,SLCO2A1;APOD
Reactome_2022,Physiological Factors R-HSA-5578768,1/14,0.3090275848432272,0.6867279663182828,0,0,2.879585798816568,3.3815688293319623,CES1
Reactome_2022,Response To Metal Ions R-HSA-5660526,1/14,0.3090275848432272,0.6867279663182828,0,0,2.879585798816568,3.3815688293319623,MT1A
Reactome_2022,Synthesis Of Bile Acids And Bile Salts Via 24-Hydroxycholesterol R-HSA-193775,1/14,0.3090275848432272,0.6867279663182828,0,0,2.879585798816568,3.3815688293319623,PTGIS
Reactome_2022,TP53 Regulates Transcription Of Genes Involved In G1 Cell Cycle Arrest R-HSA-6804116,1/14,0.3090275848432272,0.6867279663182828,0,0,2.879585798816568,3.3815688293319623,CCNA1
Reactome_2022,Methylation R-HSA-156581,1/14,0.3090275848432272,0.6867279663182828,0,0,2.879585798816568,3.3815688293319623,NNMT
Reactome_2022,Disorders Of Transmembrane Transporters R-HSA-5619115,6/176,0.3103157625932143,0.6875801153668889,0,0,1.3232895488292404,1.548466997003794,SLC34A2;DERL3;SLCO2A1;ABCC9;SLC26A4;SLC5A5
Reactome_2022,Clathrin-mediated Endocytosis R-HSA-8856828,5/142,0.3115932032293471,0.688403588529953,0,0,1.3680473037967522,1.5952208308193947,TF;FZD4;SGIP1;TACR1;APOB
Reactome_2022,Aspirin ADME R-HSA-9749641,2/44,0.3185838776501563,0.6928515144787555,0,0,1.7833746215249104,2.039947812598641,GLYATL2;CES1
Reactome_2022,TGF-beta Receptor Signaling Activates SMADs R-HSA-2173789,2/44,0.3185838776501563,0.6928515144787555,0,0,1.7833746215249104,2.039947812598641,ITGB3;ITGA8
Reactome_2022,Phase 2 - Plateau Phase R-HSA-5576893,1/15,0.3270399967148799,0.6928515144787555,0,0,2.6737637362637363,2.988393005530288,KCNE4
Reactome_2022,Constitutive Signaling By NOTCH1 HD Domain Mutants R-HSA-2691232,1/15,0.3270399967148799,0.6928515144787555,0,0,2.6737637362637363,2.988393005530288,DLL1
Reactome_2022,Defects Of Contact Activation System (CAS) And Kallikrein/Kinin System (KKS) R-HSA-9651496,1/15,0.3270399967148799,0.6928515144787555,0,0,2.6737637362637363,2.988393005530288,VWF
Reactome_2022,Diseases Associated With Glycosylation Precursor Biosynthesis R-HSA-5609975,1/15,0.3270399967148799,0.6928515144787555,0,0,2.6737637362637363,2.988393005530288,SLPI
Reactome_2022,Signaling By Activin R-HSA-1502540,1/15,0.3270399967148799,0.6928515144787555,0,0,2.6737637362637363,2.988393005530288,INHBB
Reactome_2022,EPHA-mediated Growth Cone Collapse R-HSA-3928663,1/15,0.3270399967148799,0.6928515144787555,0,0,2.6737637362637363,2.988393005530288,MYL9
Reactome_2022,ERBB2 Regulates Cell Motility R-HSA-6785631,1/15,0.3270399967148799,0.6928515144787555,0,0,2.6737637362637363,2.988393005530288,NRG1
Reactome_2022,GRB2 Events In ERBB2 Signaling R-HSA-1963640,1/15,0.3270399967148799,0.6928515144787555,0,0,2.6737637362637363,2.988393005530288,NRG1
Reactome_2022,WNT5A-dependent Internalization Of FZD4 R-HSA-5099900,1/15,0.3270399967148799,0.6928515144787555,0,0,2.6737637362637363,2.988393005530288,FZD4
Reactome_2022,YAP1- And WWTR1 (TAZ)-stimulated Gene Expression R-HSA-2032785,1/15,0.3270399967148799,0.6928515144787555,0,0,2.6737637362637363,2.988393005530288,CCN2
Reactome_2022,cGMP Effects R-HSA-418457,1/15,0.3270399967148799,0.6928515144787555,0,0,2.6737637362637363,2.988393005530288,PDE10A
Reactome_2022,Membrane Binding And Targetting Of GAG Proteins R-HSA-174490,1/15,0.3270399967148799,0.6928515144787555,0,0,2.6737637362637363,2.988393005530288,SGIP1
Reactome_2022,Glycosphingolipid Metabolism R-HSA-1660662,2/45,0.3281928226478315,0.6928515144787555,0,0,1.741811175337187,1.9406458349504487,EGFL7;ARSI
Reactome_2022,Heme Signaling R-HSA-9707616,2/45,0.3281928226478315,0.6928515144787555,0,0,1.741811175337187,1.9406458349504487,APOB;PPARGC1A
Reactome_2022,Neutrophil Degranulation R-HSA-6798695,14/468,0.3365812537722104,0.7085921132046535,0,0,1.1571479463719383,1.2600365563873732,SERPINB3;EGFL7;C3;SLPI;TCN1;ANPEP;DLC1;LCN2;DSG1;FOLR3;PRSS2;HSPA1B;S100A7;LTF
Reactome_2022,Neurotransmitter Receptors And Postsynaptic Signal Transmission R-HSA-112314,6/182,0.3378721403854454,0.7093448251186146,0,0,1.2777802294792586,1.3865036588021584,GNAL;KCNJ12;TSPAN7;NRG1;ADCY2;GNG11
Reactome_2022,Negative Regulation Of PI3K/AKT Network R-HSA-199418,4/113,0.3399101024268681,0.7116403209007469,0,0,1.3749046190974747,1.4836239657581585,PDGFRB;PDGFRA;FGF7;NRG1
Reactome_2022,PI3K Events In ERBB2 Signaling R-HSA-1963642,1/16,0.344583734330888,0.7116403209007469,0,0,2.4953846153846158,2.658628079416017,NRG1
Reactome_2022,PKA Activation In Glucagon Signaling R-HSA-164378,1/16,0.344583734330888,0.7116403209007469,0,0,2.4953846153846158,2.658628079416017,ADCY2
Reactome_2022,Plasma Lipoprotein Assembly R-HSA-8963898,1/16,0.344583734330888,0.7116403209007469,0,0,2.4953846153846158,2.658628079416017,APOB
Reactome_2022,Cell-extracellular Matrix Interactions R-HSA-446353,1/16,0.344583734330888,0.7116403209007469,0,0,2.4953846153846158,2.658628079416017,FERMT2
Reactome_2022,Early Phase Of HIV Life Cycle R-HSA-162594,1/16,0.344583734330888,0.7116403209007469,0,0,2.4953846153846158,2.658628079416017,SGIP1
Reactome_2022,Metabolism Of Fat-Soluble Vitamins R-HSA-6806667,2/47,0.3472945081059944,0.7139478876489084,0,0,1.6642260757867695,1.7600557621423127,AKR1B10;APOB
Reactome_2022,Nervous System Development R-HSA-9675108,16/545,0.3480302963015053,0.7139478876489084,0,0,1.134964158041513,1.19791579022897,LAMA2;TRPC4;ITGB3;MMP2;MAG;CXCL12;COL4A2;COL4A1;COL6A2;COL6A3;SCN7A;NRCAM;SLIT3;MYL9;SHANK3;SCN1B
Reactome_2022,Senescence-Associated Secretory Phenotype (SASP) R-HSA-2559582,3/81,0.3535067499932295,0.7139478876489084,0,0,1.4405256905256905,1.4979345273877172,CCNA1;IL6;IGFBP7
Reactome_2022,Retrograde Transport At Trans-Golgi-Network R-HSA-6811440,2/48,0.3567783569563947,0.7139478876489084,0,0,1.627963474909944,1.6778451530428369,AKR1B10;RHOBTB3
Reactome_2022,Signaling By WNT R-HSA-195721,9/294,0.3589062014289534,0.7139478876489084,0,0,1.1838404605263158,1.2130744559817874,SFRP1;SFRP2;SOX17;FZD4;FZD7;CAV1;PRICKLE1;DKK1;GNG11
Reactome_2022,Aberrant Regulation Of Mitotic G1/S Transition In Cancer Due To RB1 Defects R-HSA-9659787,1/17,0.3616709694010917,0.7139478876489084,0,0,2.3393028846153845,2.379118766626049,CCND1
Reactome_2022,PKA Activation R-HSA-163615,1/17,0.3616709694010917,0.7139478876489084,0,0,2.3393028846153845,2.379118766626049,ADCY2
Reactome_2022,Activated Point Mutants Of FGFR2 R-HSA-2033519,1/17,0.3616709694010917,0.7139478876489084,0,0,2.3393028846153845,2.379118766626049,FGF7
Reactome_2022,Platelet Sensitization By LDL R-HSA-432142,1/17,0.3616709694010917,0.7139478876489084,0,0,2.3393028846153845,2.379118766626049,APOB
Reactome_2022,Regulation Of RUNX1 Expression And Activity R-HSA-8934593,1/17,0.3616709694010917,0.7139478876489084,0,0,2.3393028846153845,2.379118766626049,CCND1
Reactome_2022,FOXO-mediated Transcription Of Cell Cycle Genes R-HSA-9617828,1/17,0.3616709694010917,0.7139478876489084,0,0,2.3393028846153845,2.379118766626049,CAV1
Reactome_2022,Tie2 Signaling R-HSA-210993,1/17,0.3616709694010917,0.7139478876489084,0,0,2.3393028846153845,2.379118766626049,TEK
Reactome_2022,Trafficking Of GluR2-containing AMPA Receptors R-HSA-416993,1/17,0.3616709694010917,0.7139478876489084,0,0,2.3393028846153845,2.379118766626049,TSPAN7
Reactome_2022,Translocation Of ZAP-70 To Immunological Synapse R-HSA-202430,1/17,0.3616709694010917,0.7139478876489084,0,0,2.3393028846153845,2.379118766626049,HLA-DRB5
Reactome_2022,Vitamin B5 (Pantothenate) Metabolism R-HSA-199220,1/17,0.3616709694010917,0.7139478876489084,0,0,2.3393028846153845,2.379118766626049,ENPP3
Reactome_2022,Zinc Transporters R-HSA-435354,1/17,0.3616709694010917,0.7139478876489084,0,0,2.3393028846153845,2.379118766626049,SLC39A2
Reactome_2022,MET Activates PTK2 Signaling R-HSA-8874081,1/17,0.3616709694010917,0.7139478876489084,0,0,2.3393028846153845,2.379118766626049,LAMA2
Reactome_2022,Netrin-1 Signaling R-HSA-373752,2/49,0.3662120430315737,0.7210392557098342,0,0,1.5932439634321325,1.6004816896466905,TRPC4;SLIT3
Reactome_2022,Platelet Homeostasis R-HSA-418346,3/83,0.3677614134901589,0.7222187965181416,0,0,1.4043677606177607,1.4048183997328307,PDE10A;APOB;GNG11
Reactome_2022,Aquaporin-mediated Transport R-HSA-445717,2/50,0.3755917462161749,0.7297418891317404,0,0,1.559971098265896,1.5276056085433043,ADCY2;GNG11
Reactome_2022,Phospholipase C-mediated Cascade; FGFR2 R-HSA-5654221,1/18,0.3783135583130338,0.7297418891317404,0,0,2.20158371040724,2.140009614377911,FGF7
Reactome_2022,Assembly Of HIV Virion R-HSA-175474,1/18,0.3783135583130338,0.7297418891317404,0,0,2.20158371040724,2.140009614377911,SGIP1
Reactome_2022,Regulation Of TLR By Endogenous Ligand R-HSA-5686938,1/18,0.3783135583130338,0.7297418891317404,0,0,2.20158371040724,2.140009614377911,APOB
Reactome_2022,G Beta:Gamma Signaling Thru BTK R-HSA-8964315,1/18,0.3783135583130338,0.7297418891317404,0,0,2.20158371040724,2.140009614377911,GNG11
Reactome_2022,VEGFR2 Mediated Cell Proliferation R-HSA-5218921,1/18,0.3783135583130338,0.7297418891317404,0,0,2.20158371040724,2.140009614377911,KDR
Reactome_2022,LDL Clearance R-HSA-8964038,1/18,0.3783135583130338,0.7297418891317404,0,0,2.20158371040724,2.140009614377911,APOB
Reactome_2022,Hedgehog On State R-HSA-5632684,3/85,0.3819603449021499,0.7349110433560353,0,0,1.369973632168754,1.3185153469259148,SMOX;BOC;GAS1
Reactome_2022,Signaling By FGFR R-HSA-190236,3/86,0.389033783877598,0.7440136923443501,0,0,1.3533981485788715,1.2777284280158188,FGF7;FGFBP1;FLRT2
Reactome_2022,G-protein Mediated Events R-HSA-112040,2/52,0.3941750754551289,0.7440136923443501,0,0,1.4974181117533718,1.394036536672197,GNAL;ADCY2
Reactome_2022,PKA-mediated Phosphorylation Of CREB R-HSA-111931,1/19,0.3945230500194382,0.7440136923443501,0,0,2.0791666666666666,1.93378657612399,ADCY2
Reactome_2022,Aflatoxin Activation And Detoxification R-HSA-5423646,1/19,0.3945230500194382,0.7440136923443501,0,0,2.0791666666666666,1.93378657612399,GGT5
Reactome_2022,Prostacyclin Signaling Thru Prostacyclin Receptor R-HSA-392851,1/19,0.3945230500194382,0.7440136923443501,0,0,2.0791666666666666,1.93378657612399,GNG11
Reactome_2022,RHO GTPases Activate ROCKs R-HSA-5627117,1/19,0.3945230500194382,0.7440136923443501,0,0,2.0791666666666666,1.93378657612399,MYL9
Reactome_2022,RHO GTPases Activate CIT R-HSA-5625900,1/19,0.3945230500194382,0.7440136923443501,0,0,2.0791666666666666,1.93378657612399,MYL9
Reactome_2022,Metabolism Of Cofactors R-HSA-8978934,1/19,0.3945230500194382,0.7440136923443501,0,0,2.0791666666666666,1.93378657612399,TACR1
Reactome_2022,RAC2 GTPase Cycle R-HSA-9013404,3/87,0.3960872640771208,0.7451146551945836,0,0,1.3372173193601764,1.2384246775315086,SYDE1;CAV1;MCAM
Reactome_2022,Opioid Signaling R-HSA-111885,3/88,0.4031189079829839,0.7460194435207426,0,0,1.321417215534863,1.200538862561385,GNAL;ADCY2;GNG11
Reactome_2022,PCP/CE Pathway R-HSA-4086400,3/88,0.4031189079829839,0.7460194435207426,0,0,1.321417215534863,1.200538862561385,FZD4;FZD7;PRICKLE1
Reactome_2022,Signaling By Type 1 Insulin-like Growth Factor 1 Receptor (IGF1R) R-HSA-2404192,2/53,0.4033721851653241,0.7460194435207426,0,0,1.4679814122180663,1.3327738750791112,FGF7;CILP
Reactome_2022,Heparan Sulfate/Heparin (HS-GAG) Metabolism R-HSA-1638091,2/53,0.4033721851653241,0.7460194435207426,0,0,1.4679814122180663,1.3327738750791112,BGN;DCN
Reactome_2022,Phosphorylation Of CD3 And TCR Zeta Chains R-HSA-202427,1/20,0.4103106939364084,0.7460194435207426,0,0,1.9696356275303644,1.7546314160652892,HLA-DRB5
Reactome_2022,Apoptotic Factor-Mediated Response R-HSA-111471,1/20,0.4103106939364084,0.7460194435207426,0,0,1.9696356275303644,1.7546314160652892,SEPTIN4
Reactome_2022,Receptor-type Tyrosine-Protein Phosphatases R-HSA-388844,1/20,0.4103106939364084,0.7460194435207426,0,0,1.9696356275303644,1.7546314160652892,SLITRK4
Reactome_2022,Regulation Of FZD By Ubiquitination R-HSA-4641263,1/20,0.4103106939364084,0.7460194435207426,0,0,1.9696356275303644,1.7546314160652892,FZD4
Reactome_2022,Diseases Associated With N-glycosylation Of Proteins R-HSA-3781860,1/20,0.4103106939364084,0.7460194435207426,0,0,1.9696356275303644,1.7546314160652892,EGFL7
Reactome_2022,Sema4D Induced Cell Migration And Growth-Cone Collapse R-HSA-416572,1/20,0.4103106939364084,0.7460194435207426,0,0,1.9696356275303644,1.7546314160652892,MYL9
Reactome_2022,Signal Transduction By L1 R-HSA-445144,1/20,0.4103106939364084,0.7460194435207426,0,0,1.9696356275303644,1.7546314160652892,ITGB3
Reactome_2022,G Beta:Gamma Signaling Thru CDC42 R-HSA-8964616,1/20,0.4103106939364084,0.7460194435207426,0,0,1.9696356275303644,1.7546314160652892,GNG11
Reactome_2022,G Beta:Gamma Signaling Thru PLC Beta R-HSA-418217,1/20,0.4103106939364084,0.7460194435207426,0,0,1.9696356275303644,1.7546314160652892,GNG11
Reactome_2022,TP53 Regulates Transcription Of Genes Involved In Cytochrome C Release R-HSA-6803204,1/20,0.4103106939364084,0.7460194435207426,0,0,1.9696356275303644,1.7546314160652892,TP53AIP1
Reactome_2022,TCF Dependent Signaling In Response To WNT R-HSA-201681,6/198,0.4121943054537228,0.7476555421117645,0,0,1.1703276699029126,1.0372150988537348,SFRP1;SFRP2;SOX17;FZD4;CAV1;DKK1
Reactome_2022,Signaling By TGF-beta Receptor Complex R-HSA-170834,3/91,0.4240649711757974,0.754131609556796,0,0,1.2761714636714636,1.094787428921388,COL1A2;ITGB3;ITGA8
Reactome_2022,PD-1 Signaling R-HSA-389948,1/21,0.4256874480261388,0.754131609556796,0,0,1.8710576923076925,1.5979766201806234,HLA-DRB5
Reactome_2022,Presynaptic Function Of Kainate Receptors R-HSA-500657,1/21,0.4256874480261388,0.754131609556796,0,0,1.8710576923076925,1.5979766201806234,GNG11
Reactome_2022,"Cobalamin (Cbl, Vitamin B12) Transport And Metabolism R-HSA-196741",1/21,0.4256874480261388,0.754131609556796,0,0,1.8710576923076925,1.5979766201806234,TCN1
Reactome_2022,SHC1 Events In ERBB2 Signaling R-HSA-1250196,1/21,0.4256874480261388,0.754131609556796,0,0,1.8710576923076925,1.5979766201806234,NRG1
Reactome_2022,Signaling By ERBB2 TMD/JMD Mutants R-HSA-9665686,1/21,0.4256874480261388,0.754131609556796,0,0,1.8710576923076925,1.5979766201806234,NRG1
Reactome_2022,Synthesis Of Leukotrienes (LT) And Eoxins (EX) R-HSA-2142691,1/21,0.4256874480261388,0.754131609556796,0,0,1.8710576923076925,1.5979766201806234,GGT5
Reactome_2022,Intrinsic Pathway Of Fibrin Clot Formation R-HSA-140837,1/21,0.4256874480261388,0.754131609556796,0,0,1.8710576923076925,1.5979766201806234,VWF
Reactome_2022,NOTCH2 Activation And Transmission Of Signal To Nucleus R-HSA-2979096,1/21,0.4256874480261388,0.754131609556796,0,0,1.8710576923076925,1.5979766201806234,DLL1
Reactome_2022,Nitric Oxide Stimulates Guanylate Cyclase R-HSA-392154,1/21,0.4256874480261388,0.754131609556796,0,0,1.8710576923076925,1.5979766201806234,PDE10A
Reactome_2022,Chemokine Receptors Bind Chemokines R-HSA-380108,2/56,0.4305505002853567,0.7609729772485375,0,0,1.3862128023977736,1.1681485756315166,CXCL6;CXCL12
Reactome_2022,MAPK1/MAPK3 Signaling R-HSA-5684996,8/277,0.4340269925869863,0.7653376203390014,0,0,1.1136473981318435,0.9295041881945,PDGFRB;PDGFRA;FGF7;IL6;VWF;ITGB3;NRG1;TEK
Reactome_2022,Transcriptional Regulation By RUNX1 R-HSA-8878171,6/204,0.4399698190194509,0.7681298840700437,0,0,1.1345101500441306,0.9314885915919676,CLDN5;CCND1;CTSK;GATA2;MYL9;THBS1
Reactome_2022,ADP Signaling Thru P2Y Purinoceptor 12 R-HSA-392170,1/22,0.4406639861243935,0.7681298840700437,0,0,1.781868131868132,1.460192164659631,GNG11
Reactome_2022,RA Biosynthesis Pathway R-HSA-5365859,1/22,0.4406639861243935,0.7681298840700437,0,0,1.781868131868132,1.460192164659631,RDH16
Reactome_2022,SHC-mediated cascade:FGFR2 R-HSA-5654699,1/22,0.4406639861243935,0.7681298840700437,0,0,1.781868131868132,1.460192164659631,FGF7
Reactome_2022,Laminin Interactions R-HSA-3000157,1/22,0.4406639861243935,0.7681298840700437,0,0,1.781868131868132,1.460192164659631,LAMA2
Reactome_2022,MAPK Family Signaling Cascades R-HSA-5683057,9/318,0.447819753815689,0.7736381976824819,0,0,1.090526395631068,0.8760901519501431,PDGFRB;PDGFRA;FGF7;IL6;VWF;ITGB3;MMP2;NRG1;TEK
Reactome_2022,Drug ADME R-HSA-9748784,3/95,0.4515841105848704,0.7736381976824819,0,0,1.2204339432600302,0.970237213212106,GGT5;GLYATL2;CES1
Reactome_2022,PI-3K cascade:FGFR2 R-HSA-5654695,1/23,0.455250705161315,0.7736381976824819,0,0,1.7007867132867134,1.338360989618022,FGF7
Reactome_2022,BBSome-mediated Cargo-Targeting To Cilium R-HSA-5620922,1/23,0.455250705161315,0.7736381976824819,0,0,1.7007867132867134,1.338360989618022,SMOX
Reactome_2022,RAF-independent MAPK1/3 Activation R-HSA-112409,1/23,0.455250705161315,0.7736381976824819,0,0,1.7007867132867134,1.338360989618022,IL6
Reactome_2022,Digestion R-HSA-8935690,1/23,0.455250705161315,0.7736381976824819,0,0,1.7007867132867134,1.338360989618022,ALPP
Reactome_2022,Signaling By NTRK2 (TRKB) R-HSA-9006115,1/23,0.455250705161315,0.7736381976824819,0,0,1.7007867132867134,1.338360989618022,NTRK2
Reactome_2022,Telomere Extension By Telomerase R-HSA-171319,1/23,0.455250705161315,0.7736381976824819,0,0,1.7007867132867134,1.338360989618022,CCNA1
Reactome_2022,Triglyceride Catabolism R-HSA-163560,1/23,0.455250705161315,0.7736381976824819,0,0,1.7007867132867134,1.338360989618022,CAV1
Reactome_2022,Long-term Potentiation R-HSA-9620244,1/23,0.455250705161315,0.7736381976824819,0,0,1.7007867132867134,1.338360989618022,NRG1
Reactome_2022,Miscellaneous Transport And Binding Events R-HSA-5223345,1/23,0.455250705161315,0.7736381976824819,0,0,1.7007867132867134,1.338360989618022,NIPAL4
Reactome_2022,O-linked Glycosylation Of Mucins R-HSA-913709,2/59,0.4570573036308347,0.7736381976824819,0,0,1.3130514146638272,1.0280490160903786,MUC5B;MUC6
Reactome_2022,SCF(Skp2)-mediated Degradation Of P27/P21 R-HSA-187577,2/59,0.4570573036308347,0.7736381976824819,0,0,1.3130514146638272,1.0280490160903786,CCNA1;CCND1
Reactome_2022,Other Interleukin Signaling R-HSA-449836,1/24,0.4694577326315565,0.7765415419019879,0,0,1.6267558528428094,1.2301153779906897,CSF3
Reactome_2022,RUNX2 Regulates Osteoblast Differentiation R-HSA-8940973,1/24,0.4694577326315565,0.7765415419019879,0,0,1.6267558528428094,1.2301153779906897,ZNF521
Reactome_2022,Sema4D In Semaphorin Signaling R-HSA-400685,1/24,0.4694577326315565,0.7765415419019879,0,0,1.6267558528428094,1.2301153779906897,MYL9
Reactome_2022,Signaling By ERBB2 KD Mutants R-HSA-9664565,1/24,0.4694577326315565,0.7765415419019879,0,0,1.6267558528428094,1.2301153779906897,NRG1
Reactome_2022,Estrogen-dependent Nuclear Events Downstream Of ESR-membrane Signaling R-HSA-9634638,1/24,0.4694577326315565,0.7765415419019879,0,0,1.6267558528428094,1.2301153779906897,CCND1
Reactome_2022,FRS-mediated FGFR2 Signaling R-HSA-5654700,1/24,0.4694577326315565,0.7765415419019879,0,0,1.6267558528428094,1.2301153779906897,FGF7
Reactome_2022,G-protein Activation R-HSA-202040,1/24,0.4694577326315565,0.7765415419019879,0,0,1.6267558528428094,1.2301153779906897,GNG11
Reactome_2022,Thromboxane Signaling Thru TP Receptor R-HSA-428930,1/24,0.4694577326315565,0.7765415419019879,0,0,1.6267558528428094,1.2301153779906897,GNG11
Reactome_2022,"Incretin Synthesis, Secretion, And Inactivation R-HSA-400508",1/24,0.4694577326315565,0.7765415419019879,0,0,1.6267558528428094,1.2301153779906897,C1QTNF1
Reactome_2022,Interleukin-6 Family Signaling R-HSA-6783589,1/24,0.4694577326315565,0.7765415419019879,0,0,1.6267558528428094,1.2301153779906897,IL6
Reactome_2022,Fatty Acid Metabolism R-HSA-8978868,5/173,0.4708242040621828,0.7765415419019879,0,0,1.1138219822812847,0.8390092352889713,GGT5;PTGIS;ACOX2;PTGDS;ALOX15B
Reactome_2022,Ca2+ Pathway R-HSA-4086398,2/61,0.4743275744414354,0.7765415419019879,0,0,1.2684105679109108,0.9460530413089282,FZD4;GNG11
Reactome_2022,Cellular Response To Heat Stress R-HSA-3371556,3/99,0.4785493424855131,0.7765415419019879,0,0,1.1693412162162162,0.8617997455634431,HSPA2;CRYAB;HSPA1B
Reactome_2022,RHO GTPases Activate PKNs R-HSA-5625740,2/62,0.4828372196801619,0.7765415419019879,0,0,1.2472061657032756,0.9080605039210622,PPP1R14A;MYL9
Reactome_2022,Signaling By BRAF And RAF1 Fusions R-HSA-6802952,2/62,0.4828372196801619,0.7765415419019879,0,0,1.2472061657032756,0.9080605039210622,VWF;ITGB3
Reactome_2022,ADP Signaling Thru P2Y Purinoceptor 1 R-HSA-418592,1/25,0.4832949333153161,0.7765415419019879,0,0,1.5588942307692308,1.133515930607356,GNG11
Reactome_2022,Cell Recruitment (Pro-Inflammatory Response) R-HSA-9664424,1/25,0.4832949333153161,0.7765415419019879,0,0,1.5588942307692308,1.133515930607356,C3
Reactome_2022,Cyclin A/B1/B2 Associated Events During G2/M Transition R-HSA-69273,1/25,0.4832949333153161,0.7765415419019879,0,0,1.5588942307692308,1.133515930607356,CCNA1
Reactome_2022,Signaling By ERBB2 In Cancer R-HSA-1227990,1/25,0.4832949333153161,0.7765415419019879,0,0,1.5588942307692308,1.133515930607356,NRG1
Reactome_2022,G Beta:Gamma Signaling Thru PI3Kgamma R-HSA-392451,1/25,0.4832949333153161,0.7765415419019879,0,0,1.5588942307692308,1.133515930607356,GNG11
Reactome_2022,TRAF6 Mediated NF-kB Activation R-HSA-933542,1/25,0.4832949333153161,0.7765415419019879,0,0,1.5588942307692308,1.133515930607356,SAA2
Reactome_2022,TRP Channels R-HSA-3295583,1/25,0.4832949333153161,0.7765415419019879,0,0,1.5588942307692308,1.133515930607356,TRPC4
Reactome_2022,Inactivation Of CSF3 (G-CSF) Signaling R-HSA-9705462,1/25,0.4832949333153161,0.7765415419019879,0,0,1.5588942307692308,1.133515930607356,CSF3
Reactome_2022,NOTCH3 Activation And Transmission Of Signal To Nucleus R-HSA-9013507,1/25,0.4832949333153161,0.7765415419019879,0,0,1.5588942307692308,1.133515930607356,DLL1
Reactome_2022,Axon Guidance R-HSA-422475,14/519,0.4853835796382952,0.7782521530065494,0,0,1.0374987794637451,0.7499205256091764,TRPC4;ITGB3;MMP2;CXCL12;COL4A2;COL4A1;COL6A2;COL6A3;SCN7A;NRCAM;SLIT3;MYL9;SHANK3;SCN1B
Reactome_2022,Signaling By MET R-HSA-6806834,2/63,0.4912612238307508,0.7860179581292014,0,0,1.22669698979753,0.8719107891616824,LAMA2;TNS4
Reactome_2022,RAC1 GTPase Cycle R-HSA-9013149,5/178,0.4957522554360177,0.7865555341760195,0,0,1.0813505399471257,0.7587609244816883,CAV1;MCAM;DLC1;FERMT2;WASF3
Reactome_2022,Signaling By ALK R-HSA-201556,1/26,0.4967719163216965,0.7865555341760195,0,0,1.4964615384615385,1.046960825052752,PTN
Reactome_2022,Infection With Mycobacterium Tuberculosis R-HSA-9635486,1/26,0.4967719163216965,0.7865555341760195,0,0,1.4964615384615385,1.046960825052752,LTF
Reactome_2022,Insulin Receptor Recycling R-HSA-77387,1/26,0.4967719163216965,0.7865555341760195,0,0,1.4964615384615385,1.046960825052752,ATP6V1B1
Reactome_2022,Metal Ion SLC Transporters R-HSA-425410,1/26,0.4967719163216965,0.7865555341760195,0,0,1.4964615384615385,1.046960825052752,SLC39A2
Reactome_2022,Beta-catenin Independent WNT Signaling R-HSA-3858494,4/142,0.5080917774165924,0.8023240402441782,0,0,1.0843495080312842,0.7342056604364519,FZD4;FZD7;PRICKLE1;GNG11
Reactome_2022,G0 And Early G1 R-HSA-1538133,1/27,0.509898041365708,0.8023240402441782,0,0,1.4388313609467456,0.96911693828539,CCNA1
Reactome_2022,Insulin Processing R-HSA-264876,1/27,0.509898041365708,0.8023240402441782,0,0,1.4388313609467456,0.96911693828539,MYRIP
Reactome_2022,MHC Class II Antigen Presentation R-HSA-2132295,3/104,0.5113546556730098,0.80295359155266,0,0,1.111166328988111,0.7452502420727405,HLA-DRB5;CTSK;PRICKLE1
Reactome_2022,RUNX1 Regulates Genes Involved In Megakaryocyte Differentiation And Platelet Function R-HSA-8936459,2/66,0.5160068296712773,0.8085880217529294,0,0,1.1690149325626205,0.773461519648034,MYL9;THBS1
Reactome_2022,Integration Of Energy Metabolism R-HSA-163685,3/105,0.5177848344464042,0.8097046793812083,0,0,1.1002157619804678,0.7241570641503543,ADCY2;ADRA2C;GNG11
Reactome_2022,Paracetamol ADME R-HSA-9753281,1/28,0.5226824255316861,0.8134036031551639,0,0,1.3854700854700854,0.8988669672050822,GGT5
Reactome_2022,Digestion And Absorption R-HSA-8963743,1/28,0.5226824255316861,0.8134036031551639,0,0,1.3854700854700854,0.8988669672050822,ALPP
Reactome_2022,PIWI-interacting RNA (piRNA) Biogenesis R-HSA-5601884,1/29,0.5351339494441868,0.8134036031551639,0,0,1.3359203296703297,0.8352684097506401,TDRD12
Reactome_2022,Activation Of Kainate Receptors Upon Glutamate Binding R-HSA-451326,1/29,0.5351339494441868,0.8134036031551639,0,0,1.3359203296703297,0.8352684097506401,GNG11
Reactome_2022,Peroxisomal Lipid Metabolism R-HSA-390918,1/29,0.5351339494441868,0.8134036031551639,0,0,1.3359203296703297,0.8352684097506401,ACOX2
Reactome_2022,Budding And Maturation Of HIV Virion R-HSA-162588,1/29,0.5351339494441868,0.8134036031551639,0,0,1.3359203296703297,0.8352684097506401,SGIP1
Reactome_2022,Disassembly Of Destruction Complex And Recruitment Of AXIN To Membrane R-HSA-4641262,1/29,0.5351339494441868,0.8134036031551639,0,0,1.3359203296703297,0.8352684097506401,CAV1
Reactome_2022,Downregulation Of ERBB2 Signaling R-HSA-8863795,1/29,0.5351339494441868,0.8134036031551639,0,0,1.3359203296703297,0.8352684097506401,NRG1
Reactome_2022,Downstream Signaling Of Activated FGFR2 R-HSA-5654696,1/29,0.5351339494441868,0.8134036031551639,0,0,1.3359203296703297,0.8352684097506401,FGF7
Reactome_2022,G1/S-Specific Transcription R-HSA-69205,1/29,0.5351339494441868,0.8134036031551639,0,0,1.3359203296703297,0.8352684097506401,CCNA1
Reactome_2022,TNFs Bind Their Physiological Receptors R-HSA-5669034,1/29,0.5351339494441868,0.8134036031551639,0,0,1.3359203296703297,0.8352684097506401,TNFRSF17
Reactome_2022,HSF1 Activation R-HSA-3371511,1/29,0.5351339494441868,0.8134036031551639,0,0,1.3359203296703297,0.8352684097506401,HSPA1B
Reactome_2022,Uptake And Actions Of Bacterial Toxins R-HSA-5339562,1/29,0.5351339494441868,0.8134036031551639,0,0,1.3359203296703297,0.8352684097506401,ANTXR1
Reactome_2022,Myogenesis R-HSA-525793,1/29,0.5351339494441868,0.8134036031551639,0,0,1.3359203296703297,0.8352684097506401,BOC
Reactome_2022,Downstream Signaling Of Activated FGFR1 R-HSA-5654687,1/30,0.5472612633586106,0.8268758651144017,0,0,1.289787798408488,0.7775214384875123,FLRT2
Reactome_2022,Signaling By CSF3 (G-CSF) R-HSA-9674555,1/30,0.5472612633586106,0.8268758651144017,0,0,1.289787798408488,0.7775214384875123,CSF3
Reactome_2022,Tight Junction Interactions R-HSA-420029,1/30,0.5472612633586106,0.8268758651144017,0,0,1.289787798408488,0.7775214384875123,CLDN5
Reactome_2022,Activated NOTCH1 Transmits Signal To Nucleus R-HSA-2122948,1/31,0.5590727931016738,0.83805783581316,0,0,1.2467307692307692,0.724943514705367,DLL1
Reactome_2022,Antigen Activates B Cell Receptor Leading To Second Messenger Generation R-HSA-983695,1/31,0.5590727931016738,0.83805783581316,0,0,1.2467307692307692,0.724943514705367,CD79A
Reactome_2022,RUNX2 Regulates Bone Development R-HSA-8941326,1/31,0.5590727931016738,0.83805783581316,0,0,1.2467307692307692,0.724943514705367,ZNF521
Reactome_2022,"Glutamate Binding, Activation Of AMPA Receptors And Synaptic Plasticity R-HSA-399721",1/31,0.5590727931016738,0.83805783581316,0,0,1.2467307692307692,0.724943514705367,TSPAN7
Reactome_2022,RAF/MAP Kinase Cascade R-HSA-5673001,7/271,0.562247130892384,0.8406959239678284,0,0,0.991223027944818,0.5707598895063336,PDGFRB;PDGFRA;FGF7;VWF;ITGB3;NRG1;TEK
Reactome_2022,Signaling By FGFR2 R-HSA-5654738,2/72,0.5630450332889798,0.8406959239678284,0,0,1.068483347096064,0.6137322037239408,FGF7;FGFBP1
Reactome_2022,Metabolism Of Steroids R-HSA-8957322,4/153,0.5670055356026682,0.8420161690289977,0,0,1.0037256760089832,0.5695001095334957,PTGIS;CYP24A1;ACOX2;CYP7B1
Reactome_2022,Signaling By NOTCH2 R-HSA-1980145,1/32,0.570576746118334,0.8420161690289977,0,0,1.206451612903226,0.6769491622984526,DLL1
Reactome_2022,G-protein Beta:Gamma Signaling R-HSA-397795,1/32,0.570576746118334,0.8420161690289977,0,0,1.206451612903226,0.6769491622984526,GNG11
Reactome_2022,GPVI-mediated Activation Cascade R-HSA-114604,1/32,0.570576746118334,0.8420161690289977,0,0,1.206451612903226,0.6769491622984526,PDPN
Reactome_2022,Generation Of Second Messenger Molecules R-HSA-202433,1/32,0.570576746118334,0.8420161690289977,0,0,1.206451612903226,0.6769491622984526,HLA-DRB5
Reactome_2022,Thrombin Signaling Thru Proteinase Activated Receptors (PARs) R-HSA-456926,1/32,0.570576746118334,0.8420161690289977,0,0,1.206451612903226,0.6769491622984526,GNG11
Reactome_2022,RHOG GTPase Cycle R-HSA-9013408,2/74,0.5779792761805186,0.8486634331503043,0,0,1.0386962106615285,0.569431196098288,CAV1;MCAM
Reactome_2022,Amino Acid Transport Across Plasma Membrane R-HSA-352230,1/33,0.5817811166727744,0.8486634331503043,0,0,1.1686899038461538,0.633033730531505,SLC7A2
Reactome_2022,Plasma Lipoprotein Remodeling R-HSA-8963899,1/33,0.5817811166727744,0.8486634331503043,0,0,1.1686899038461538,0.633033730531505,APOB
Reactome_2022,CaM Pathway R-HSA-111997,1/33,0.5817811166727744,0.8486634331503043,0,0,1.1686899038461538,0.633033730531505,ADCY2
Reactome_2022,Signal Amplification R-HSA-392518,1/33,0.5817811166727744,0.8486634331503043,0,0,1.1686899038461538,0.633033730531505,GNG11
Reactome_2022,FGFR2 Mutant Receptor Activation R-HSA-1839126,1/33,0.5817811166727744,0.8486634331503043,0,0,1.1686899038461538,0.633033730531505,FGF7
Reactome_2022,Detoxification Of Reactive Oxygen Species R-HSA-3299685,1/34,0.5926936918788641,0.8612757281604908,0,0,1.1332167832167832,0.5927602622899321,GPX3
Reactome_2022,Negative Regulation Of FGFR2 Signaling R-HSA-5654727,1/34,0.5926936918788641,0.8612757281604908,0,0,1.1332167832167832,0.5927602622899321,FGF7
Reactome_2022,ABC Transporter Disorders R-HSA-5619084,2/77,0.5996734734263459,0.8635117948641471,0,0,0.9969942196531792,0.5098329170141801,DERL3;ABCC9
Reactome_2022,Regulation Of Insulin Secretion R-HSA-422356,2/77,0.5996734734263459,0.8635117948641471,0,0,0.9969942196531792,0.5098329170141801,ADRA2C;GNG11
Reactome_2022,Signaling By Insulin Receptor R-HSA-74752,2/77,0.5996734734263459,0.8635117948641471,0,0,0.9969942196531792,0.5098329170141801,FGF7;ATP6V1B1
Reactome_2022,Estrogen-dependent Gene Expression R-HSA-9018519,3/119,0.6026718316133097,0.8635117948641471,0,0,0.9667321262148848,0.4895361889275197,CXCL12;CCND1;GREB1
Reactome_2022,Plasma Lipoprotein Clearance R-HSA-8964043,1/35,0.6033220566748185,0.8635117948641471,0,0,1.0998303167420815,0.5557488059234733,APOB
Reactome_2022,Beta Defensins R-HSA-1461957,1/35,0.6033220566748185,0.8635117948641471,0,0,1.0998303167420815,0.5557488059234733,DEFB4A
Reactome_2022,Ca-dependent Events R-HSA-111996,1/35,0.6033220566748185,0.8635117948641471,0,0,1.0998303167420815,0.5557488059234733,ADCY2
Reactome_2022,Vpr-mediated Nuclear Import Of PICs R-HSA-180910,1/35,0.6033220566748185,0.8635117948641471,0,0,1.0998303167420815,0.5557488059234733,SGIP1
Reactome_2022,Oncogenic MAPK Signaling R-HSA-6802957,2/78,0.6067159703330789,0.8652911602689995,0,0,0.9838251698610688,0.4916120471016386,VWF;ITGB3
Reactome_2022,Aberrant Regulation Of Mitotic Cell Cycle Due To RB1 Defects R-HSA-9687139,1/36,0.6136735991907774,0.8652911602689995,0,0,1.0683516483516484,0.5216676587928447,CCND1
Reactome_2022,RHO GTPases Activate WASPs And WAVEs R-HSA-5663213,1/36,0.6136735991907774,0.8652911602689995,0,0,1.0683516483516484,0.5216676587928447,WASF3
Reactome_2022,RHOH GTPase Cycle R-HSA-9013407,1/36,0.6136735991907774,0.8652911602689995,0,0,1.0683516483516484,0.5216676587928447,CAV1
Reactome_2022,ROS And RNS Production In Phagocytes R-HSA-1222556,1/36,0.6136735991907774,0.8652911602689995,0,0,1.0683516483516484,0.5216676587928447,ATP6V1B1
Reactome_2022,Regulation Of TP53 Degradation R-HSA-6804757,1/36,0.6136735991907774,0.8652911602689995,0,0,1.0683516483516484,0.5216676587928447,CCNA1
Reactome_2022,SMAD2/SMAD3:SMAD4 Heterotrimer Regulates Transcription R-HSA-2173796,1/36,0.6136735991907774,0.8652911602689995,0,0,1.0683516483516484,0.5216676587928447,COL1A2
Reactome_2022,NR1H3 And NR1H2 Regulate Gene Expression Linked To Cholesterol Transport And Efflux R-HSA-9029569,1/36,0.6136735991907774,0.8652911602689995,0,0,1.0683516483516484,0.5216676587928447,APOD
Reactome_2022,Transmission Across Chemical Synapses R-HSA-112315,6/246,0.6215359951510943,0.871423147392198,0,0,0.9339320388349516,0.4441420775166582,GNAL;KCNJ12;TSPAN7;ADCY2;NRG1;GNG11
Reactome_2022,Regulation Of TP53 Expression And Degradation R-HSA-6806003,1/37,0.6237555160280996,0.871423147392198,0,0,1.0386217948717948,0.4902261517742657,CCNA1
Reactome_2022,Cooperation Of PDCL (PhLP1) And TRiC/CCT In G-protein Beta Folding R-HSA-6814122,1/37,0.6237555160280996,0.871423147392198,0,0,1.0386217948717948,0.4902261517742657,GNG11
Reactome_2022,Formation Of Fibrin Clot (Clotting Cascade) R-HSA-140877,1/37,0.6237555160280996,0.871423147392198,0,0,1.0386217948717948,0.4902261517742657,VWF
Reactome_2022,Triglyceride Metabolism R-HSA-8979227,1/37,0.6237555160280996,0.871423147392198,0,0,1.0386217948717948,0.4902261517742657,CAV1
Reactome_2022,Regulation Of HSF1-mediated Heat Shock Response R-HSA-3371453,2/81,0.6272776939393453,0.8747358667778027,0,0,0.946318382478476,0.4413306651560878,HSPA2;HSPA1B
Reactome_2022,Apoptotic Cleavage Of Cellular Proteins R-HSA-111465,1/38,0.6335748168423759,0.8759948356400646,0,0,1.0104989604989605,0.4611686714593804,DSG1
Reactome_2022,Diseases Of Mitotic Cell Cycle R-HSA-9675126,1/38,0.6335748168423759,0.8759948356400646,0,0,1.0104989604989605,0.4611686714593804,CCND1
Reactome_2022,FCGR3A-mediated IL10 Synthesis R-HSA-9664323,1/38,0.6335748168423759,0.8759948356400646,0,0,1.0104989604989605,0.4611686714593804,ADCY2
Reactome_2022,Interactions Of Vpr With Host Cellular Proteins R-HSA-176033,1/38,0.6335748168423759,0.8759948356400646,0,0,1.0104989604989605,0.4611686714593804,SGIP1
Reactome_2022,Cyclin E Associated Events During G1/S Transition R-HSA-69202,2/82,0.6339436310553099,0.8759948356400646,0,0,0.9344412331406552,0.4259138647282864,CCNA1;CCND1
Reactome_2022,DAG And IP3 Signaling R-HSA-1489509,1/39,0.6431383295879889,0.883879078638104,0,0,0.9838562753036436,0.434269679762134,ADCY2
Reactome_2022,Synthesis Of PA R-HSA-1483166,1/39,0.6431383295879889,0.883879078638104,0,0,0.9838562753036436,0.434269679762134,ALPP
Reactome_2022,NGF-stimulated Transcription R-HSA-9031628,1/39,0.6431383295879889,0.883879078638104,0,0,0.9838562753036436,0.434269679762134,TF
Reactome_2022,Cyclin A:Cdk2-associated Events At S Phase Entry R-HSA-69656,2/84,0.6469952189681758,0.8875746686206022,0,0,0.9115559941726584,0.3969064057240873,CCNA1;CCND1
Reactome_2022,Amine Ligand-Binding Receptors R-HSA-375280,1/40,0.6524527047615759,0.8918418266525138,0,0,0.9585798816568049,0.4093295463721116,ADRA2C
Reactome_2022,RET Signaling R-HSA-8853659,1/40,0.6524527047615759,0.8918418266525138,0,0,0.9585798816568049,0.4093295463721116,SHANK3
Reactome_2022,"Transport Of Bile Salts And Organic Acids, Metal Ions And Amine Compounds R-HSA-425366",2/86,0.6596755857004696,0.8993891944094882,0,0,0.8897605284888522,0.3701466985951593,SLC39A2;RHCG
Reactome_2022,"Sensory Perception Of Sweet, Bitter, And Umami (Glutamate) Taste R-HSA-9717207",1/41,0.6615244206248735,0.8993891944094882,0,0,0.9345673076923076,0.3861710423378754,SCN1B
Reactome_2022,Signaling By Retinoic Acid R-HSA-5362517,1/41,0.6615244206248735,0.8993891944094882,0,0,0.9345673076923076,0.3861710423378754,RDH16
Reactome_2022,Diseases Of Signal Transduction By Growth Factor Receptors And Second Messengers R-HSA-5663202,10/424,0.6696400268054826,0.900129749399446,0,0,0.9011883490739953,0.3613900317497518,PDGFRB;PDGFRA;FGF7;VWF;FZD4;ITGB3;KDR;NRG1;DKK1;DLL1
Reactome_2022,RND1 GTPase Cycle R-HSA-9696273,1/42,0.6703597870527453,0.900129749399446,0,0,0.9117260787992496,0.3646363799545014,CAV1
Reactome_2022,Deactivation Of Beta-Catenin Transactivating Complex R-HSA-3769402,1/42,0.6703597870527453,0.900129749399446,0,0,0.9117260787992496,0.3646363799545014,SOX17
Reactome_2022,Signaling By FGFR2 In Disease R-HSA-5655253,1/42,0.6703597870527453,0.900129749399446,0,0,0.9117260787992496,0.3646363799545014,FGF7
Reactome_2022,"Gamma Carboxylation, Hypusine Formation And Arylsulfatase Activation R-HSA-163841",1/42,0.6703597870527453,0.900129749399446,0,0,0.9117260787992496,0.3646363799545014,ARSI
Reactome_2022,Glucagon-like Peptide-1 (GLP1) Regulates Insulin Secretion R-HSA-381676,1/42,0.6703597870527453,0.900129749399446,0,0,0.9117260787992496,0.3646363799545014,GNG11
Reactome_2022,Intra-Golgi Traffic R-HSA-6811438,1/42,0.6703597870527453,0.900129749399446,0,0,0.9117260787992496,0.3646363799545014,ALPP
Reactome_2022,Sphingolipid Metabolism R-HSA-428157,2/89,0.6780081179357974,0.9068776135990636,0,0,0.8589462494186433,0.3337830919912137,EGFL7;ARSI
Reactome_2022,SUMOylation Of Transcription Cofactors R-HSA-3899300,1/43,0.6789649501814042,0.9068776135990636,0,0,0.8899725274725274,0.3445847005693169,PPARGC1A
Reactome_2022,Voltage Gated Potassium Channels R-HSA-1296072,1/43,0.6789649501814042,0.9068776135990636,0,0,0.8899725274725274,0.3445847005693169,KCND2
Reactome_2022,PI3K Cascade R-HSA-109704,1/44,0.6873458967395165,0.9148561848021586,0,0,0.8692307692307693,0.3258899353716869,FGF7
Reactome_2022,TP53 Regulates Transcription Of Cell Death Genes R-HSA-5633008,1/44,0.6873458967395165,0.9148561848021586,0,0,0.8692307692307693,0.3258899353716869,TP53AIP1
Reactome_2022,EPH-Ephrin Signaling R-HSA-2682334,2/91,0.6897774554839273,0.916487528265358,0,0,0.8395574895542421,0.3118001175264675,MMP2;MYL9
Reactome_2022,TAK1-dependent IKK And NF-kappa-B Activation R-HSA-445989,1/45,0.6955084578525796,0.922489403085446,0,0,0.8494318181818182,0.3084389771418357,SAA2
Reactome_2022,NR1H2 And NR1H3-mediated Signaling R-HSA-9024446,1/46,0.7034583135363474,0.9314082200132822,0,0,0.8305128205128205,0.2921301106986285,APOD
Reactome_2022,PLC Beta Mediated Events R-HSA-112043,1/47,0.7112009961321959,0.9349091442367258,0,0,0.8124163879598663,0.276871662745416,ADCY2
Reactome_2022,Cyclin D Associated Events In G1 R-HSA-69231,1/47,0.7112009961321959,0.9349091442367258,0,0,0.8124163879598663,0.276871662745416,CCND1
Reactome_2022,Sensory Perception Of Taste R-HSA-9717189,1/47,0.7112009961321959,0.9349091442367258,0,0,0.8124163879598663,0.276871662745416,SCN1B
Reactome_2022,IRS-mediated Signaling R-HSA-112399,1/47,0.7112009961321959,0.9349091442367258,0,0,0.8124163879598663,0.276871662745416,FGF7
Reactome_2022,Transcriptional Regulation By RUNX3 R-HSA-8878159,2/95,0.7122531506750844,0.9349091442367258,0,0,0.8032817452918143,0.2725710736381943,CCND1;CCN2
Reactome_2022,Potential Therapeutics For SARS R-HSA-9679191,2/97,0.7229707488726969,0.9416818355541956,0,0,0.7862894229794138,0.2550616861990253,CD79A;IL1R1
Reactome_2022,RMTs Methylate Histone Arginines R-HSA-3214858,1/49,0.7260862574141561,0.9416818355541956,0,0,0.778485576923077,0.2491826919721028,CCND1
Reactome_2022,Signaling By ERBB2 R-HSA-1227986,1/49,0.7260862574141561,0.9416818355541956,0,0,0.778485576923077,0.2491826919721028,NRG1
Reactome_2022,EPH-ephrin Mediated Repulsion Of Cells R-HSA-3928665,1/49,0.7260862574141561,0.9416818355541956,0,0,0.778485576923077,0.2491826919721028,MMP2
Reactome_2022,Signaling By FGFR1 R-HSA-5654736,1/49,0.7260862574141561,0.9416818355541956,0,0,0.778485576923077,0.2491826919721028,FLRT2
Reactome_2022,Signaling By NOTCH3 R-HSA-9012852,1/49,0.7260862574141561,0.9416818355541956,0,0,0.778485576923077,0.2491826919721028,DLL1
Reactome_2022,TP53 Regulates Transcription Of Cell Cycle Genes R-HSA-6791312,1/49,0.7260862574141561,0.9416818355541956,0,0,0.778485576923077,0.2491826919721028,CCNA1
Reactome_2022,Hedgehog Off State R-HSA-5610787,2/98,0.728202120073269,0.9428170549500586,0,0,0.7780587668593449,0.246782059058727,SMOX;ADCY2
Reactome_2022,Cargo Trafficking To Periciliary Membrane R-HSA-5620920,1/50,0.7332391976575385,0.9445115088469987,0,0,0.7625588697017268,0.2366092851083445,SMOX
Reactome_2022,Extension Of Telomeres R-HSA-180786,1/50,0.7332391976575385,0.9445115088469987,0,0,0.7625588697017268,0.2366092851083445,CCNA1
Reactome_2022,Ion Homeostasis R-HSA-5578775,1/50,0.7332391976575385,0.9445115088469987,0,0,0.7625588697017268,0.2366092851083445,ABCC9
Reactome_2022,Stimuli-sensing Channels R-HSA-2672351,2/100,0.7384139813878348,0.9461252678262884,0,0,0.7621013723408439,0.2311077451137075,TRPC4;CLCA2
Reactome_2022,Transcriptional Activity Of SMAD2/SMAD3:SMAD4 Heterotrimer R-HSA-2173793,1/51,0.74020569499093,0.9461252678262884,0,0,0.7472692307692308,0.2247988843375349,COL1A2
Reactome_2022,IRS-related Events Triggered By IGF1R R-HSA-2428928,1/51,0.74020569499093,0.9461252678262884,0,0,0.7472692307692308,0.2247988843375349,FGF7
Reactome_2022,Ubiquitin-dependent Degradation Of Cyclin D R-HSA-75815,1/51,0.74020569499093,0.9461252678262884,0,0,0.7472692307692308,0.2247988843375349,CCND1
Reactome_2022,RHOA GTPase Cycle R-HSA-8980692,3/147,0.7407164925745284,0.9461252678262884,0,0,0.7776303088803089,0.2333958830873369,CAV1;MCAM;DLC1
Reactome_2022,Signaling By Interleukins R-HSA-449147,10/453,0.7460852235207889,0.9461880932889029,0,0,0.8409130064097751,0.2463164071919318,CSF3;IL6;COL1A2;CCND1;IL1R1;MMP2;LCN2;NDN;TWIST1;SAA2
Reactome_2022,Apoptotic Execution Phase R-HSA-75153,1/52,0.7469905999649232,0.9461880932889029,0,0,0.7325791855203619,0.2136953100021528,DSG1
Reactome_2022,SARS-CoV-1 Infection R-HSA-9678108,1/52,0.7469905999649232,0.9461880932889029,0,0,0.7325791855203619,0.2136953100021528,CAV1
Reactome_2022,Transcriptional Activation Of Mitochondrial Biogenesis R-HSA-2151201,1/52,0.7469905999649232,0.9461880932889029,0,0,0.7325791855203619,0.2136953100021528,PPARGC1A
Reactome_2022,IGF1R Signaling Cascade R-HSA-2428924,1/52,0.7469905999649232,0.9461880932889029,0,0,0.7325791855203619,0.2136953100021528,FGF7
Reactome_2022,CDC42 GTPase Cycle R-HSA-9013148,3/149,0.7489404017292635,0.9470793765627956,0,0,0.7668985031998731,0.2217071892831174,SYDE1;CAV1;DLC1
Reactome_2022,Insulin Receptor Signaling Cascade R-HSA-74751,1/53,0.7535986372489463,0.9498092277101148,0,0,0.7184541420118343,0.2032473460526971,FGF7
Reactome_2022,Nuclear Receptor Transcription Pathway R-HSA-383280,1/53,0.7535986372489463,0.9498092277101148,0,0,0.7184541420118343,0.2032473460526971,RORB
Reactome_2022,FBXL7 Down-Regulates AURKA During Mitotic Entry And In Early Mitosis R-HSA-8854050,1/54,0.7600344088252877,0.9563346866013556,0,0,0.7048621190130624,0.1934082248485952,FBXL7
Reactome_2022,Infectious Disease R-HSA-5663205,22/961,0.7641903654701485,0.959456048941042,0,0,0.8704949835773784,0.2341094857762401,GGT5;CALCRL;RAMP3;SGIP1;IL1R1;FZD7;PTGER2;CAV1;ADCY2;ANTXR1;GNG11;PTHLH;C3;CD79A;GJA1;IL6;C1QTNF1;CPAMD8;MASP1;RAMP1;WASF3;LTF
Reactome_2022,Amino Acids Regulate mTORC1 R-HSA-9639288,1/55,0.7663023969831744,0.959456048941042,0,0,0.6917735042735043,0.1841351735332636,ATP6V1B1
Reactome_2022,Intrinsic Pathway For Apoptosis R-HSA-109606,1/55,0.7663023969831744,0.959456048941042,0,0,0.6917735042735043,0.1841351735332636,SEPTIN4
Reactome_2022,Constitutive Signaling By NOTCH1 HD+PEST Domain Mutants R-HSA-2894862,1/58,0.7841427567523025,0.977232234701948,0,0,0.6552631578947369,0.1593365333969501,DLL1
Reactome_2022,Metabolism Of Polyamines R-HSA-351202,1/58,0.7841427567523025,0.977232234701948,0,0,0.6552631578947369,0.1593365333969501,SMOX
Reactome_2022,Transcriptional Regulation Of Granulopoiesis R-HSA-9616222,1/59,0.7897821518065158,0.977232234701948,0,0,0.6439323607427055,0.151966832180726,GATA2
Reactome_2022,Recruitment And ATM-mediated Phosphorylation Of Repair And Signal Proteins At DNA Double Strand Breaks R-HSA-5693565,1/60,0.7952744884578855,0.977232234701948,0,0,0.6329856584093873,0.1449967305812439,EYA4
Reactome_2022,Defective CFTR Causes Cystic Fibrosis R-HSA-5678895,1/60,0.7952744884578855,0.977232234701948,0,0,0.6329856584093873,0.1449967305812439,DERL3
Reactome_2022,FCGR3A-mediated Phagocytosis R-HSA-9664422,1/60,0.7952744884578855,0.977232234701948,0,0,0.6329856584093873,0.1449967305812439,WASF3
Reactome_2022,Transcriptional Regulation By MECP2 R-HSA-8986944,1/60,0.7952744884578855,0.977232234701948,0,0,0.6329856584093873,0.1449967305812439,DLL1
Reactome_2022,Meiotic Synapsis R-HSA-1221632,1/60,0.7952744884578855,0.977232234701948,0,0,0.6329856584093873,0.1449967305812439,HSPA2
Reactome_2022,Toll-like Receptor Cascades R-HSA-168898,3/162,0.7973988613260147,0.977232234701948,0,0,0.7037225905150434,0.1593229859187532,CTSK;SAA2;APOB
Reactome_2022,Post NMDA Receptor Activation Events R-HSA-438064,1/61,0.8006235942916452,0.977232234701948,0,0,0.6224038461538461,0.1384004342163663,NRG1
Reactome_2022,DNA Damage/Telomere Stress Induced Senescence R-HSA-2559586,1/61,0.8006235942916452,0.977232234701948,0,0,0.6224038461538461,0.1384004342163663,CCNA1
Reactome_2022,DNA Double Strand Break Response R-HSA-5693606,1/61,0.8006235942916452,0.977232234701948,0,0,0.6224038461538461,0.1384004342163663,EYA4
Reactome_2022,Signaling By FGFR In Disease R-HSA-1226099,1/61,0.8006235942916452,0.977232234701948,0,0,0.6224038461538461,0.1384004342163663,FGF7
Reactome_2022,Nuclear Events (Kinase And Transcription Factor Activation) R-HSA-198725,1/61,0.8006235942916452,0.977232234701948,0,0,0.6224038461538461,0.1384004342163663,TF
Reactome_2022,Signaling By NTRK1 (TRKA) R-HSA-187037,2/114,0.8010732660780443,0.977232234701948,0,0,0.6663570052298377,0.147799894761598,NTRK2;TF
Reactome_2022,Interleukin-1 Signaling R-HSA-9020702,2/114,0.8010732660780443,0.977232234701948,0,0,0.6663570052298377,0.147799894761598,IL1R1;SAA2
Reactome_2022,Pre-NOTCH Transcription And Translation R-HSA-1912408,1/62,0.805833197653892,0.9798931683471328,0,0,0.6121689785624211,0.1321541261610318,CCND1
Reactome_2022,Regulation Of Actin Dynamics For Phagocytic Cup Formation R-HSA-2029482,1/62,0.805833197653892,0.9798931683471328,0,0,0.6121689785624211,0.1321541261610318,WASF3
Reactome_2022,Cellular Senescence R-HSA-2559583,3/165,0.807403612470551,0.980141121860748,0,0,0.6905834405834406,0.1477376178717272,CCNA1;IL6;IGFBP7
Reactome_2022,PPARA Activates Gene Expression R-HSA-1989781,2/116,0.8088497305397809,0.980141121860748,0,0,0.6545989250583105,0.1388680078659397,FHL2;PPARGC1A
Reactome_2022,Peroxisomal Protein Import R-HSA-9033241,1/63,0.8109069297920297,0.980141121860748,0,0,0.6022642679900745,0.1262357898382818,ACOX2
Reactome_2022,RHO GTPase Cycle R-HSA-9012999,9/441,0.8150123184238736,0.980141121860748,0,0,0.7750244140625,0.1585328336459222,AKAP12;SYDE1;GJA1;MCAM;DLC1;CAV1;DSG1;FERMT2;WASF3
Reactome_2022,Oxygen-dependent Proline Hydroxylation Of Hypoxia-inducible Factor Alpha R-HSA-1234176,1/64,0.8158483276336503,0.980141121860748,0,0,0.5926739926739927,0.1206250496429744,WTIP
Reactome_2022,Semaphorin Interactions R-HSA-373755,1/64,0.8158483276336503,0.980141121860748,0,0,0.5926739926739927,0.1206250496429744,MYL9
Reactome_2022,Hedgehog Ligand Biogenesis R-HSA-5358346,1/64,0.8158483276336503,0.980141121860748,0,0,0.5926739926739927,0.1206250496429744,SCUBE2
Reactome_2022,Regulation Of Lipid Metabolism By PPARalpha R-HSA-400206,2/118,0.8163543817603334,0.980141121860748,0,0,0.643246295927181,0.130519000511462,FHL2;PPARGC1A
Reactome_2022,Immune System R-HSA-168256,45/1943,0.8196085143906975,0.9822082453069024,0,0,0.8756951147160655,0.1742006930353125,PGLYRP4;CSF3;C1S;C1R;TWIST1;PRICKLE1;CLU;C3;CD79A;BPIFA1;CCND1;ANPEP;CTSK;NDN;TNFRSF17;APOB;PRSS2;WASF3;MUC6;SERPINB3;HLA-DRB5;EGFL7;SGIP1;IL1R1;ZBTB16;MMP2;MUC5B;IL6;COL1A2;BPIFB1;SLPI;TCN1;DLC1;LCN2;DSG1;SAA2;FOLR3;MASP1;DEFB4A;CFB;HSPA1B;FBXL7;S100A7;LTF;ATP6V1B1
Reactome_2022,p53-Dependent G1 DNA Damage Response R-HSA-69563,1/65,0.8206608365393196,0.9822082453069024,0,0,0.5833834134615384,0.115303027727499,CCNA1
Reactome_2022,G1/S DNA Damage Checkpoints R-HSA-69615,1/67,0.8299125219200731,0.9917193658164396,0,0,0.5656468531468531,0.1054563592008517,CCNA1
Reactome_2022,Costimulation By CD28 Family R-HSA-388841,1/68,0.8343581503308468,0.9954665529849978,0,0,0.5571756601607348,0.1009003510435797,HLA-DRB5
Reactome_2022,Ion Channel Transport R-HSA-983712,3/175,0.8377901712612755,0.995941759800898,0,0,0.650096525096525,0.1150590251383855,TRPC4;CLCA2;ATP6V1B1
Reactome_2022,Orc1 Removal From Chromatin R-HSA-68949,1/69,0.8386877977270719,0.995941759800898,0,0,0.5489536199095023,0.0965701389820413,CCNA1
Reactome_2022,Circadian Clock R-HSA-400253,1/69,0.8386877977270719,0.995941759800898,0,0,0.5489536199095023,0.0965701389820413,PPARGC1A
Reactome_2022,"Plasma Lipoprotein Assembly, Remodeling, And Clearance R-HSA-174824",1/71,0.8470111516379492,0.999973940990395,0,0,0.5332142857142858,0.0885356562974452,APOB
Reactome_2022,Generic Transcription Pathway R-HSA-212436,26/1190,0.849649859756866,0.999973940990395,0,0,0.8264604810996563,0.1346559864154392,DLX5;TWIST2;TWIST1;RORB;GATA2;THBS1;DLL1;TP53AIP1;CCND1;ZNF727;CTSK;ZNF667;CCN2;PPARGC1A;ZNF521;ABCA6;CAV1;CLDN5;CCNA1;IL6;COL1A2;HAND2;ZNF415;ITGBL1;MYL9;ZNF454
Reactome_2022,CDK-mediated Phosphorylation And Removal Of Cdc6 R-HSA-69017,1/72,0.8510106648938877,0.999973940990395,0,0,0.5256771397616468,0.0848078179823753,CCNA1
Reactome_2022,Cdc20:Phospho-APC/C Mediated Degradation Of Cyclin A R-HSA-174184,1/72,0.8510106648938877,0.999973940990395,0,0,0.5256771397616468,0.0848078179823753,CCNA1
Reactome_2022,G1/S Transition R-HSA-69206,2/129,0.853096517254865,0.999973940990395,0,0,0.5871982765160135,0.0932955815684126,CCNA1;CCND1
Reactome_2022,Intra-Golgi And Retrograde Golgi-to-ER Traffic R-HSA-6811442,3/181,0.8539662281942101,0.999973940990395,0,0,0.6279879397856926,0.0991364566597352,AKR1B10;ALPP;RHOBTB3
Reactome_2022,APC:Cdc20 Mediated Degradation Of Cell Cycle Proteins Before Cycle Checkpoint Satisfied R-HSA-179419,1/73,0.8549058148649175,0.999973940990395,0,0,0.518349358974359,0.0812585055191925,CCNA1
Reactome_2022,Cellular Response To Hypoxia R-HSA-1234174,1/73,0.8549058148649175,0.999973940990395,0,0,0.518349358974359,0.0812585055191925,WTIP
Reactome_2022,Activation Of NMDA Receptors And Postsynaptic Events R-HSA-442755,1/74,0.8586993195419323,0.999973940990395,0,0,0.5112223393045311,0.0778777982383213,NRG1
Reactome_2022,Signaling By NOTCH1 R-HSA-1980143,1/74,0.8586993195419323,0.999973940990395,0,0,0.5112223393045311,0.0778777982383213,DLL1
Reactome_2022,Membrane Trafficking R-HSA-199991,12/599,0.8593773249656292,0.999973940990395,0,0,0.7587580284018837,0.1149876491552678,GJA1;GJB2;TF;AKR1B10;FZD4;SGIP1;ALPP;GJB6;RHOBTB3;RAB3IL1;TACR1;APOB
Reactome_2022,Signaling By NTRKs R-HSA-166520,2/132,0.8618855725486294,0.999973940990395,0,0,0.5735586186453239,0.0852496025720345,NTRK2;TF
Reactome_2022,APC/C:Cdc20 Mediated Degradation Of Mitotic Proteins R-HSA-176409,1/75,0.8623938265968953,0.999973940990395,0,0,0.5042879417879418,0.0746564194093352,CCNA1
Reactome_2022,ISG15 Antiviral Mechanism R-HSA-1169408,1/75,0.8623938265968953,0.999973940990395,0,0,0.5042879417879418,0.0746564194093352,SGIP1
Reactome_2022,Activation Of APC/C And APC/C:Cdc20 Mediated Degradation Of Mitotic Proteins R-HSA-176814,1/76,0.8659919144755566,0.999973940990395,0,0,0.4975384615384615,0.0715856881154443,CCNA1
Reactome_2022,Neddylation R-HSA-8951664,4/237,0.8685743149977077,0.999973940990395,0,0,0.6390782078847096,0.0900474806601854,CCDC8;ZBTB16;OBSL1;FBXL7
Reactome_2022,Pre-NOTCH Expression And Processing R-HSA-1912422,1/78,0.87290881442966,0.999973940990395,0,0,0.4845654345654345,0.0658641590700725,CCND1
Reactome_2022,G Alpha (12/13) Signaling Events R-HSA-416482,1/78,0.87290881442966,0.999973940990395,0,0,0.4845654345654345,0.0658641590700725,GNG11
Reactome_2022,Processing Of DNA Double-Strand Break Ends R-HSA-5693607,1/80,0.8794693388070745,0.999973940990395,0,0,0.4722492697176241,0.0606540799222771,CCNA1
Reactome_2022,Regulation Of APC/C Activators Between G1/S And Early Anaphase R-HSA-176408,1/80,0.8794693388070745,0.999973940990395,0,0,0.4722492697176241,0.0606540799222771,CCNA1
Reactome_2022,"Signaling By Rho GTPases, Miro GTPases And RHOBTB3 R-HSA-9716542",13/660,0.8817386362290871,0.999973940990395,0,0,0.7448551156762283,0.0937471652008313,PPP1R14A;MCAM;CAV1;RHOBTB3;MYLK;AKAP12;SYDE1;GJA1;DLC1;DSG1;MYL9;FERMT2;WASF3
Reactome_2022,DDX58/IFIH1-mediated Induction Of Interferon-Alpha/Beta R-HSA-168928,1/81,0.8826217248808733,0.999973940990395,0,0,0.4663221153846154,0.0582243114650844,SAA2
Reactome_2022,C-type Lectin Receptors (CLRs) R-HSA-5621481,2/141,0.8854407498786669,0.999973940990395,0,0,0.5361722182947284,0.065235931974038,MUC5B;MUC6
Reactome_2022,SARS-CoV-2-host Interactions R-HSA-9705683,3/196,0.8883820382197554,0.999973940990395,0,0,0.5787304699221798,0.068494721859791,GJA1;CAV1;MASP1
Reactome_2022,Antiviral Mechanism By IFN-stimulated Genes R-HSA-1169410,1/83,0.8886817545070794,0.999973940990395,0,0,0.4549015009380863,0.0536856960167294,SGIP1
Reactome_2022,Transcriptional Regulation Of White Adipocyte Differentiation R-HSA-381340,1/84,0.8915936310459964,0.999973940990395,0,0,0.4493975903614458,0.051566045965962,PPARGC1A
Reactome_2022,Mitotic G1 Phase And G1/S Transition R-HSA-453279,2/147,0.8990181032813503,0.999973940990395,0,0,0.5138263238323035,0.0546978951028644,CCNA1;CCND1
Reactome_2022,APC/C-mediated Degradation Of Cell Cycle Proteins R-HSA-174143,1/87,0.8998809640893061,0.999973940990395,0,0,0.4336538461538461,0.0457473526194516,CCNA1
Reactome_2022,Fcgamma Receptor (FCGR) Dependent Phagocytosis R-HSA-2029480,1/87,0.8998809640893061,0.999973940990395,0,0,0.4336538461538461,0.0457473526194516,WASF3
Reactome_2022,Meiosis R-HSA-1500620,1/88,0.9025004104283412,0.999973940990395,0,0,0.4286472148541114,0.0439732606247338,HSPA2
Reactome_2022,DNA Double-Strand Break Repair R-HSA-5693532,2/149,0.9032005211887872,0.999973940990395,0,0,0.5067830600448272,0.0515959325673306,CCNA1;EYA4
Reactome_2022,Intracellular Signaling By Second Messengers R-HSA-9006925,5/306,0.9034757773621968,0.999973940990395,0,0,0.6173864894795127,0.0626684200921632,PDGFRB;PDGFRA;FGF7;ADCY2;NRG1
Reactome_2022,RAB GEFs Exchange GTP For GDP On RABs R-HSA-8876198,1/89,0.9050514497877832,0.999973940990395,0,0,0.4237543706293706,0.0422752133505048,RAB3IL1
Reactome_2022,Interferon Gamma Signaling R-HSA-877300,1/89,0.9050514497877832,0.999973940990395,0,0,0.4237543706293706,0.0422752133505048,HLA-DRB5
Reactome_2022,Mitochondrial Biogenesis R-HSA-1592230,1/89,0.9050514497877832,0.999973940990395,0,0,0.4237543706293706,0.0422752133505048,PPARGC1A
Reactome_2022,Chaperonin-mediated Protein Folding R-HSA-390466,1/90,0.9075358654280916,0.999973940990395,0,0,0.418971477960242,0.0406495313829758,GNG11
Reactome_2022,Regulation Of TP53 Activity Thru Phosphorylation R-HSA-6804756,1/90,0.9075358654280916,0.999973940990395,0,0,0.418971477960242,0.0406495313829758,CCNA1
Reactome_2022,Switching Of Origins To A Post-Replicative State R-HSA-69052,1/90,0.9075358654280916,0.999973940990395,0,0,0.418971477960242,0.0406495313829758,CCNA1
Reactome_2022,MAPK6/MAPK4 Signaling R-HSA-5687128,1/90,0.9075358654280916,0.999973940990395,0,0,0.418971477960242,0.0406495313829758,MMP2
Reactome_2022,Interleukin-1 Family Signaling R-HSA-446652,2/152,0.909172045532004,0.999973940990395,0,0,0.4965703275529865,0.0472838902381405,IL1R1;SAA2
Reactome_2022,Telomere Maintenance R-HSA-157579,1/92,0.91231172696828,0.999973940990395,0,0,0.4097210481825866,0.037601551587611,CCNA1
Reactome_2022,Signaling By Rho GTPases R-HSA-194315,12/644,0.9135084137216036,0.999973940990395,0,0,0.7030538907264181,0.0636001481268736,AKAP12;PPP1R14A;SYDE1;GJA1;MCAM;DLC1;CAV1;DSG1;MYL9;FERMT2;WASF3;MYLK
Reactome_2022,Metabolism Of Amino Acids And Derivatives R-HSA-71291,6/364,0.9154216097702944,0.999973940990395,0,0,0.6222595867006563,0.0549894182642964,NNMT;SMOX;DIO2;BBOX1;GCAT;SLC5A5
Reactome_2022,Downstream TCR Signaling R-HSA-202424,1/94,0.916841353374839,0.999973940990395,0,0,0.4008684863523573,0.0348037338349757,HLA-DRB5
Reactome_2022,P75 NTR Receptor-Mediated Signaling R-HSA-193704,1/95,0.9190178143717712,0.999973940990395,0,0,0.3965834697217676,0.0334913837146075,MAG
Reactome_2022,Protein Folding R-HSA-391251,1/96,0.9211374169733856,0.999973940990395,0,0,0.3923886639676113,0.032233178715387,GNG11
Reactome_2022,MyD88 Cascade Initiated On Plasma Membrane R-HSA-975871,1/96,0.9211374169733856,0.999973940990395,0,0,0.3923886639676113,0.032233178715387,SAA2
Reactome_2022,PIP3 Activates AKT Signaling R-HSA-1257604,4/268,0.9213828328960209,0.999973940990395,0,0,0.5631264286970283,0.0461085995035062,PDGFRB;PDGFRA;FGF7;NRG1
Reactome_2022,RHO GTPase Effectors R-HSA-195258,4/269,0.9227151610489742,0.999973940990395,0,0,0.5609722272909747,0.0451216290819777,PPP1R14A;MYL9;WASF3;MYLK
Reactome_2022,Cytokine Signaling In Immune System R-HSA-1280215,13/702,0.9247837239861866,0.999973940990395,0,0,0.697890358044867,0.0545718022445081,HLA-DRB5;CSF3;SGIP1;IL1R1;MMP2;TWIST1;IL6;COL1A2;CCND1;LCN2;NDN;TNFRSF17;SAA2
Reactome_2022,S Phase R-HSA-69242,2/161,0.9250817639986262,0.999973940990395,0,0,0.4682444468680699,0.0364636709205067,CCNA1;CCND1
Reactome_2022,RUNX1 Regulates Transcription Of Genes Involved In Differentiation Of HSCs R-HSA-8939236,1/98,0.9252119390848554,0.999973940990395,0,0,0.3842585249801745,0.0298693544203607,GATA2
Reactome_2022,TNFR2 Non-Canonical NF-kB Pathway R-HSA-5668541,1/100,0.9290763233427268,0.999973940990395,0,0,0.3764568764568765,0.027693819383204,TNFRSF17
Reactome_2022,TRAF6 Mediated Induction Of NFkB And MAP Kinases Upon TLR7/8 Or 9 Activation R-HSA-975138,1/101,0.9309331163057508,0.999973940990395,0,0,0.3726730769230769,0.0266714090006087,SAA2
Reactome_2022,MyD88 Dependent Cascade Initiated On Endosome R-HSA-975155,1/102,0.932741387424304,0.999973940990395,0,0,0.3689642041127189,0.0256899814965752,SAA2
Reactome_2022,Toll Like Receptor 3 (TLR3) Cascade R-HSA-168164,1/103,0.9345024022399794,0.999973940990395,0,0,0.3653280542986425,0.0247477174911807,SAA2
Reactome_2022,Toll Like Receptor 7/8 (TLR7/8) Cascade R-HSA-168181,1/103,0.9345024022399794,0.999973940990395,0,0,0.3653280542986425,0.0247477174911807,SAA2
Reactome_2022,Asparagine N-linked Glycosylation R-HSA-446203,4/282,0.9382803963301966,0.999973940990395,0,0,0.534377913529911,0.034043316974233,EGFL7;SLPI;GFPT2;ST6GALNAC5
Reactome_2022,Toll Like Receptor 9 (TLR9) Cascade R-HSA-168138,1/106,0.9395140756233554,0.999973940990395,0,0,0.3548351648351648,0.0221390452880897,SAA2
Reactome_2022,MyD88-independent TLR4 Cascade R-HSA-166166,1/107,0.9410980749326634,0.999973940990395,0,0,0.3514695210449927,0.0213369838014285,SAA2
Reactome_2022,Gene Silencing By RNA R-HSA-211000,1/108,0.9426406684521964,0.999973940990395,0,0,0.3481667864845434,0.0205662540141705,TDRD12
Reactome_2022,Signaling By B Cell Receptor (BCR) R-HSA-983705,1/109,0.9441429365571944,0.999973940990395,0,0,0.3449252136752136,0.0198255108701861,CD79A
Reactome_2022,RNA Polymerase II Transcription R-HSA-73857,26/1312,0.9448543352797856,0.999973940990395,0,0,0.7430730320310414,0.0421504506123533,DLX5;TWIST2;TWIST1;RORB;GATA2;THBS1;DLL1;TP53AIP1;CCND1;ZNF727;CTSK;ZNF667;CCN2;PPARGC1A;ZNF521;ABCA6;CAV1;CLDN5;CCNA1;IL6;COL1A2;HAND2;ZNF415;ITGBL1;MYL9;ZNF454
Reactome_2022,Metabolism Of Lipids R-HSA-556833,13/732,0.946717788844372,0.999973940990395,0,0,0.6677033938212522,0.0365595889713789,GGT5;EGFL7;PTGIS;CAV1;FHL2;CYP7B1;ALOX15B;CYP24A1;ACOX2;ALPP;ARSI;PTGDS;PPARGC1A
Reactome_2022,Metabolism R-HSA-1430728,43/2049,0.9478293996657824,0.999973940990395,0,0,0.7835687498174931,0.0419842021380261,NNMT;CHPF;FHL2;ADCY2;PRELP;CYGB;SLC5A5;DSEL;ARSI;ENPP3;PTGDS;APOB;PPARGC1A;GGT5;GLYATL2;CHST6;EGFL7;PTGIS;SMOX;LUM;CAV1;OMD;BGN;DIO2;BBOX1;TACR1;ADRA2C;CYP7B1;GNG11;ALOX15B;GCAT;DCN;SLC5A8;AKR1B10;CYP24A1;GSTA4;ACOX2;TCN1;ALPP;CHST1;FMOD;GSTM5;CES1
Reactome_2022,Apoptosis R-HSA-109581,2/178,0.9482262147822282,0.999973940990395,0,0,0.422644070765458,0.0224686810134076,DSG1;SEPTIN4
Reactome_2022,MyD88:MAL(TIRAP) Cascade Initiated On Plasma Membrane R-HSA-166058,1/112,0.9484181738082,0.999973940990395,0,0,0.3355509355509355,0.0177706978118945,SAA2
Reactome_2022,Reproduction R-HSA-1474165,1/113,0.94976939160735,0.999973940990395,0,0,0.3325377747252747,0.0171376898801002,HSPA2
Reactome_2022,Selenoamino Acid Metabolism R-HSA-2408522,1/114,0.9510852776843692,0.999973940990395,0,0,0.3295779441797141,0.0165288443722256,NNMT
Reactome_2022,HDR Thru Homologous Recombination (HRR) Or Single Strand Annealing (SSA) R-HSA-5693567,1/114,0.9510852776843692,0.999973940990395,0,0,0.3295779441797141,0.0165288443722256,CCNA1
Reactome_2022,G2/M Transition R-HSA-69275,2/182,0.9525849328945826,0.999973940990395,0,0,0.4131663455362877,0.0200699715256648,CCNA1;FBXL7
Reactome_2022,TCR Signaling R-HSA-202403,1/116,0.953614719948404,0.999973940990395,0,0,0.3238127090301003,0.0153796616122805,HLA-DRB5
Reactome_2022,Mitotic G2-G2/M Phases R-HSA-453274,2/184,0.9546307402241628,0.999973940990395,0,0,0.4085837091617438,0.0189708164806862,CCNA1;FBXL7
Reactome_2022,Chromosome Maintenance R-HSA-73886,1/118,0.9560135928346774,0.999973940990395,0,0,0.3182445759368836,0.0143156427276542,CCNA1
Reactome_2022,Synthesis Of DNA R-HSA-69239,1/119,0.9571661819480788,0.999973940990395,0,0,0.3155312907431551,0.0138134089140589,CCNA1
Reactome_2022,Homology Directed Repair R-HSA-5693538,1/119,0.9571661819480788,0.999973940990395,0,0,0.3155312907431551,0.0138134089140589,CCNA1
Reactome_2022,SARS-CoV-2 Activates/Modulates Innate And Adaptive Immune Responses R-HSA-9705671,1/121,0.9593817064623448,0.999973940990395,0,0,0.3102403846153846,0.0128645077627424,MASP1
Reactome_2022,Rab Regulation Of Trafficking R-HSA-9007101,1/122,0.9604461953414104,0.999973940990395,0,0,0.3076605212968849,0.0124163527821654,RAB3IL1
Reactome_2022,Immunoregulatory Interactions Between A Lymphoid And A non-Lymphoid Cell R-HSA-198933,1/123,0.9614828375035772,0.999973940990395,0,0,0.3051229508196721,0.0119847912975955,C3
Reactome_2022,Glycerophospholipid Biosynthesis R-HSA-1483206,1/127,0.965365198824876,0.999973940990395,0,0,0.2953754578754579,0.0104116318742147,ALPP
Reactome_2022,SARS-CoV Infections R-HSA-9679506,5/369,0.9654285780540008,0.999973940990395,0,0,0.5088540335633359,0.0179030897757658,CD79A;GJA1;IL1R1;CAV1;MASP1
Reactome_2022,Host Interactions Of HIV Factors R-HSA-162909,1/130,0.9680183718062656,0.999973940990395,0,0,0.2884615384615384,0.0093762152154684,SGIP1
Reactome_2022,Interferon Signaling R-HSA-913531,2/200,0.9682153595574244,0.999973940990395,0,0,0.3752554446196064,0.0121210276378761,HLA-DRB5;SGIP1
Reactome_2022,Signaling By NOTCH R-HSA-157118,2/203,0.9702836164275536,0.999973940990395,0,0,0.3695971011992063,0.0111495848037021,CCND1;DLL1
Reactome_2022,Cellular Responses To Stimuli R-HSA-8953897,12/736,0.971858768917424,0.999973940990395,0,0,0.6107197516525741,0.0174328637291285,CCNA1;IL6;MT1A;GPX3;IGFBP7;HSPA2;WTIP;APOB;PPARGC1A;CRYAB;HSPA1B;ATP6V1B1
Reactome_2022,Factors Involved In Megakaryocyte Development And Platelet Production R-HSA-983231,1/136,0.9727315085014944,0.999973940990395,0,0,0.2755555555555555,0.0076183331642495,GATA2
Reactome_2022,Late Phase Of HIV Life Cycle R-HSA-162599,1/136,0.9727315085014944,0.999973940990395,0,0,0.2755555555555555,0.0076183331642495,SGIP1
Reactome_2022,Programmed Cell Death R-HSA-5357801,2/208,0.9734458180624768,0.999973940990395,0,0,0.3605327646519632,0.0097030588776084,DSG1;SEPTIN4
Reactome_2022,Signaling By ROBO Receptors R-HSA-376176,2/209,0.9740380829677248,0.999973940990395,0,0,0.3587724442210494,0.0094374648539814,CXCL12;SLIT3
Reactome_2022,Death Receptor Signaling R-HSA-73887,1/139,0.9748212698463584,0.999973940990395,0,0,0.2695234113712375,0.0068731536446106,MAG
Reactome_2022,Toll Like Receptor 4 (TLR4) Cascade R-HSA-166016,1/140,0.9754817042410566,0.999973940990395,0,0,0.2675705589374654,0.0066421379368931,SAA2
Reactome_2022,Gene Expression (Transcription) R-HSA-74160,27/1449,0.9772489123802548,0.999973940990395,0,0,0.694037308461026,0.015972496363384,DLX5;TWIST2;TWIST1;RORB;GATA2;THBS1;DLL1;TP53AIP1;CCND1;ZNF727;CTSK;ZNF667;CCN2;PPARGC1A;ZNF521;ABCA6;CAV1;CLDN5;CCNA1;IL6;COL1A2;HAND2;TDRD12;ZNF415;ITGBL1;MYL9;ZNF454
Reactome_2022,SARS-CoV-2 Infection R-HSA-9694516,3/283,0.9794660299989698,0.999973940990395,0,0,0.3971111417539989,0.0082391520327304,GJA1;CAV1;MASP1
Reactome_2022,HIV Life Cycle R-HSA-162587,1/149,0.9806992814847284,0.999973940990395,0,0,0.2511824324324324,0.0048953972194873,SGIP1
Reactome_2022,Cellular Responses To Stress R-HSA-2262752,11/722,0.9825157615866468,0.999973940990395,0,0,0.569338959212377,0.0100425090050643,CCNA1;IL6;GPX3;IGFBP7;HSPA2;WTIP;APOB;PPARGC1A;CRYAB;HSPA1B;ATP6V1B1
Reactome_2022,Cellular Response To Starvation R-HSA-9711097,1/153,0.9826470237031324,0.999973940990395,0,0,0.2445217611336032,0.0042804277603489,ATP6V1B1
Reactome_2022,DNA Replication R-HSA-69306,1/155,0.983546020060884,0.999973940990395,0,0,0.2413211788211788,0.0040037235078062,CCNA1
Reactome_2022,Regulation Of TP53 Activity R-HSA-5633007,1/157,0.9843985199681088,0.999973940990395,0,0,0.2382026627218935,0.0037456091833941,CCNA1
Reactome_2022,Protein Localization R-HSA-9609507,1/164,0.987049667439309,0.999973940990395,0,0,0.2278905143935818,0.0029705344402841,ACOX2
Reactome_2022,Regulation Of Expression Of SLITs And ROBOs R-HSA-9010553,1/167,0.9880433898510664,0.999973940990395,0,0,0.2237372567191844,0.002691260586346,SLIT3
Reactome_2022,SUMO E3 Ligases SUMOylate Target Proteins R-HSA-3108232,1/168,0.9883574152093234,0.999973940990395,0,0,0.2223859972362966,0.0026043380329141,PPARGC1A
Reactome_2022,SUMOylation R-HSA-2990846,1/174,0.990076001685327,0.999973940990395,0,0,0.2146064917741218,0.0021403927439067,PPARGC1A
Reactome_2022,Cellular Response To Chemical Stress R-HSA-9711123,1/182,0.9919799892776532,0.999973940990395,0,0,0.2050361240968976,0.0016510214036269,GPX3
Reactome_2022,Cilium Assembly R-HSA-5617833,1/186,0.9927904621364508,0.999973940990395,0,0,0.2005613305613305,0.0014511920271119,SMOX
Reactome_2022,Organelle Biogenesis And Maintenance R-HSA-1852241,2/275,0.994336328060642,0.999973940990395,0,0,0.2711046179254271,0.0015398122406316,SMOX;PPARGC1A
Reactome_2022,Ub-specific Processing Proteases R-HSA-5689880,1/201,0.9951656352698338,0.999973940990395,0,0,0.185375,0.0008983435759513805,CCNA1
Reactome_2022,Phospholipid Metabolism R-HSA-1483257,1/208,0.995988480677984,0.999973940990395,0,0,0.179041248606466,0.0007196718840949059,ALPP
Reactome_2022,Sensory Perception R-HSA-9709957,7/616,0.996795536470538,0.999973940990395,0,0,0.4219777270897625,0.0013543834336912,AKR1B10;GNAL;RDH12;RDH16;APOB;SCN1B;STRA6
Reactome_2022,Antigen Processing: Ubiquitination And Proteasome Degradation R-HSA-983168,2/307,0.9973445850013004,0.999973940990395,0,0,0.242256546321741,0.0006441472848225635,ZBTB16;FBXL7
Reactome_2022,DNA Repair R-HSA-73894,2/310,0.997527877678224,0.999973940990395,0,0,0.2398593699171733,0.0005936958495735927,CCNA1;EYA4
Reactome_2022,HIV Infection R-HSA-162906,1/229,0.997708496439176,0.999973940990395,0,0,0.1623734817813765,0.0003725063747167329,SGIP1
Reactome_2022,Chromatin Modifying Enzymes R-HSA-3247509,1/238,0.9981975334796416,0.999973940990395,0,0,0.1561343719571567,0.00028168091467023574,CCND1
Reactome_2022,Transcriptional Regulation By TP53 R-HSA-3700989,2/354,0.999141116666736,0.999973940990395,0,0,0.2093952531091259,0.00017992337061739714,TP53AIP1;CCNA1
Reactome_2022,Cell Cycle Checkpoints R-HSA-69620,1/271,0.9992524052491452,0.999973940990395,0,0,0.1368162393162393,0.00010232135456568852,CCNA1
Reactome_2022,Deubiquitination R-HSA-5688426,1/279,0.9993959242533614,0.999973940990395,0,0,0.1328237410071942,8.02598444743421e-05,CCNA1
Reactome_2022,Class I MHC Mediated Antigen Processing And Presentation R-HSA-983169,2/378,0.9995198598012978,0.999973940990395,0,0,0.1957836264502111,9.40261639837694e-05,ZBTB16;FBXL7
Reactome_2022,Adaptive Immune System R-HSA-1280218,7/733,0.9996362082934696,0.999973940990395,0,0,0.35177830658906,0.0001279973140669448,C3;CD79A;HLA-DRB5;ZBTB16;CTSK;PRICKLE1;FBXL7
Reactome_2022,"Cell Cycle, Mitotic R-HSA-69278",3/523,0.9998970313626456,0.999973940990395,0,0,0.2111560736560736,2.1743572645677677e-05,CCNA1;CCND1;FBXL7
Reactome_2022,Cell Cycle R-HSA-1640170,4/654,0.9999684361287602,0.999973940990395,0,0,0.2241214105043892,7.074250989207212e-06,CCNA1;CCND1;HSPA2;FBXL7
Reactome_2022,Olfactory Signaling Pathway R-HSA-381753,1/401,0.999973940990395,0.999973940990395,0,0,0.0917259615384615,2.390318857560407e-06,GNAL
