Gene_set,Term,Overlap,P-value,Adjusted P-value,Old P-value,Old Adjusted P-value,Odds Ratio,Combined Score,Genes
KEGG_2021_Human,Staphylococcus aureus infection,3/95,0.0016328049423991,0.0491714369736965,0,0,14.077741020793953,90.34328244745032,FCGR3B;KRT15;KRT13
KEGG_2021_Human,Viral protein interaction with cytokine and cytokine receptor,3/100,0.0018912091143729,0.0491714369736965,0,0,13.348722545943524,83.70368414188104,CXCR1;CXCR2;CXCL13
KEGG_2021_Human,Cytokine-cytokine receptor interaction,4/295,0.0058346565381421,0.1011340466611314,0,0,6.005345551737304,30.891136460751152,CXCR1;CXCR2;LTB;CXCL13
KEGG_2021_Human,Chemokine signaling pathway,3/192,0.011608202414154,0.1328271572122072,0,0,6.819185645272602,30.38658668393174,CXCR1;CXCR2;CXCL13
KEGG_2021_Human,Epithelial cell signaling in Helicobacter pylori infection,2/70,0.0127718420396353,0.1328271572122072,0,0,12.442428035043804,54.25536138345729,CXCR1;CXCR2
KEGG_2021_Human,Endocytosis,3/252,0.023796207640301,0.206233799549276,0,0,5.160293347302252,19.290358517251548,CXCR1;CXCR2;SMAP2
KEGG_2021_Human,Estrogen signaling pathway,2/137,0.0444319145713561,0.2947528146116848,0,0,6.246178092986604,19.44933230076116,KRT15;KRT13
KEGG_2021_Human,Cell adhesion molecules,2/148,0.0510149102212531,0.2947528146116848,0,0,5.772369571553483,17.176478389520618,SELL;ICOS
KEGG_2021_Human,Phospholipase D signaling pathway,2/148,0.0510149102212531,0.2947528146116848,0,0,5.772369571553483,17.176478389520618,CXCR1;CXCR2
KEGG_2021_Human,Primary immunodeficiency,1/38,0.0890801211766743,0.4024379699916842,0,0,11.21283783783784,27.115098358704657,ICOS
KEGG_2021_Human,cAMP signaling pathway,2/216,0.0981957585407986,0.4024379699916842,0,0,3.924637104792205,9.10826740278019,HCAR2;EDN3
KEGG_2021_Human,Proteasome,1/46,0.1068182621376764,0.4024379699916842,0,0,9.21574074074074,20.612168790008823,PSMB9
KEGG_2021_Human,Intestinal immune network for IgA production,1/48,0.1111996584812328,0.4024379699916842,0,0,8.822695035460994,19.378414132394244,ICOS
KEGG_2021_Human,Mitophagy,1/68,0.1538717517089819,0.4024379699916842,0,0,6.182835820895522,11.572016896560733,ATG9B
KEGG_2021_Human,Renin secretion,1/69,0.1559518351617717,0.4024379699916842,0,0,6.091605392156863,11.319470289022188,EDN3
KEGG_2021_Human,Leishmaniasis,1/77,0.1724131507719458,0.4024379699916842,0,0,5.448190789473684,9.57716561300858,FCGR3B
KEGG_2021_Human,Neuroactive ligand-receptor interaction,2/341,0.2033956621440487,0.4024379699916842,0,0,2.4618088244523944,3.920681958570267,EDN3;UTS2
KEGG_2021_Human,Rheumatoid arthritis,1/93,0.204397826110705,0.4024379699916842,0,0,4.49705615942029,7.139917855205284,LTB
KEGG_2021_Human,Fc gamma R-mediated phagocytosis,1/97,0.212202852644482,0.4024379699916842,0,0,4.308810763888889,6.679572779011756,FCGR3B
KEGG_2021_Human,mRNA surveillance pathway,1/98,0.214142359503524,0.4024379699916842,0,0,4.264175257731959,6.571581270407724,PPP2R2C
KEGG_2021_Human,Chagas disease,1/102,0.2218537199073844,0.4024379699916842,0,0,4.09447194719472,6.165198044044981,PPP2R2C
KEGG_2021_Human,T cell receptor signaling pathway,1/104,0.2256815539658193,0.4024379699916842,0,0,4.014563106796117,5.976200388856241,ICOS
KEGG_2021_Human,NF-kappa B signaling pathway,1/104,0.2256815539658193,0.4024379699916842,0,0,4.014563106796117,5.976200388856241,LTB
KEGG_2021_Human,"Parathyroid hormone synthesis, secretion and action",1/106,0.2294909406653386,0.4024379699916842,0,0,3.937698412698413,5.795865707171542,MMP25
KEGG_2021_Human,Glucagon signaling pathway,1/107,0.2313887434989261,0.4024379699916842,0,0,3.900353773584906,5.708776634262086,SIK1B
KEGG_2021_Human,Serotonergic synapse,1/113,0.2426797745527419,0.4024379699916842,0,0,3.690290178571429,5.225497039560622,DUSP1
KEGG_2021_Human,Sphingolipid signaling pathway,1/119,0.2538082745383733,0.4024379699916842,0,0,3.5015889830508478,4.801295201354348,PPP2R2C
KEGG_2021_Human,AMPK signaling pathway,1/120,0.2556473842905439,0.4024379699916842,0,0,3.4719887955182074,4.73564060617477,PPP2R2C
KEGG_2021_Human,Cell cycle,1/124,0.2629595230513715,0.4024379699916842,0,0,3.3584010840108403,4.4860015887240845,CDKN2D
KEGG_2021_Human,Osteoclast differentiation,1/127,0.2683974045277927,0.4024379699916842,0,0,3.277943121693122,4.31143448027524,FCGR3B
KEGG_2021_Human,Natural killer cell mediated cytotoxicity,1/131,0.2755868158298205,0.4024379699916842,0,0,3.176442307692308,4.093965860472672,FCGR3B
KEGG_2021_Human,FoxO signaling pathway,1/131,0.2755868158298205,0.4024379699916842,0,0,3.176442307692308,4.093965860472672,CDKN2D
KEGG_2021_Human,Dopaminergic synapse,1/132,0.2773733270567307,0.4024379699916842,0,0,3.1520356234096694,4.042141891625263,PPP2R2C
KEGG_2021_Human,Vascular smooth muscle contraction,1/133,0.2791555222256204,0.4024379699916842,0,0,3.127998737373737,3.991283301124502,EDN3
KEGG_2021_Human,Systemic lupus erythematosus,1/135,0.2827070050205102,0.4024379699916842,0,0,3.0810012437810945,3.892365161205596,FCGR3B
KEGG_2021_Human,Autophagy,1/137,0.286241345606316,0.4024379699916842,0,0,3.0353860294117645,3.7970249652161496,ATG9B
KEGG_2021_Human,Fluid shear stress and atherosclerosis,1/139,0.2897586249714423,0.4024379699916842,0,0,2.9910929951690823,3.705087921287284,DUSP1
KEGG_2021_Human,Adrenergic signaling in cardiomyocytes,1/150,0.3088022779628034,0.4024379699916842,0,0,2.768736017897092,3.253414565448033,PPP2R2C
KEGG_2021_Human,Phagosome,1/152,0.3122106087631069,0.4024379699916842,0,0,2.7317880794701987,3.1800124666297145,FCGR3B
KEGG_2021_Human,Oxytocin signaling pathway,1/154,0.3156024742670538,0.4024379699916842,0,0,2.695806100217865,3.108997288866062,RGS2
KEGG_2021_Human,Hepatitis C,1/157,0.3206595702858888,0.4024379699916842,0,0,2.643563034188034,3.006723159802408,PPP2R2C
KEGG_2021_Human,Hippo signaling pathway,1/163,0.3306641904153248,0.4024379699916842,0,0,2.5448816872427984,2.816298279306064,PPP2R2C
KEGG_2021_Human,cGMP-PKG signaling pathway,1/167,0.337253602648243,0.4024379699916842,0,0,2.4830572289156625,2.6988848153456635,RGS2
KEGG_2021_Human,Tight junction,1/169,0.3405244361468096,0.4024379699916842,0,0,2.453249007936508,2.6428076102387705,PPP2R2C
KEGG_2021_Human,Tuberculosis,1/180,0.3582333334028579,0.413958518598858,0,0,2.3012104283054,2.362355282176721,FCGR3B
KEGG_2021_Human,Neutrophil extracellular trap formation,1/189,0.3723752074302826,0.4209458866603194,0,0,2.1900487588652484,2.1634469174820667,FCGR3B
KEGG_2021_Human,Human cytomegalovirus infection,1/225,0.4259525806995662,0.4712666850293073,0,0,1.834728422619048,1.5658072355524135,CXCR2
KEGG_2021_Human,Parkinson disease,1/249,0.4591539884440885,0.4974168208144292,0,0,1.655157930107527,1.2883246795169605,DUSP1
KEGG_2021_Human,MAPK signaling pathway,1/294,0.5164129323167295,0.5480300506218354,0,0,1.3977531285551763,0.9237031661528964,DUSP1
KEGG_2021_Human,Human papillomavirus infection,1/331,0.5590064480247643,0.5813667059457549,0,0,1.238699494949495,0.7204205297105375,PPP2R2C
KEGG_2021_Human,PI3K-Akt signaling pathway,1/354,0.5836074304796434,0.5950507134302245,0,0,1.1566336166194524,0.622878119678283,PPP2R2C
KEGG_2021_Human,Olfactory transduction,1/440,0.6642394797121165,0.6642394797121165,0,0,0.9259681093394078,0.3788251580516703,RGS2
GO_Biological_Process_2023,Neutrophil Chemotaxis (GO:0030593),5/70,7.684710519251137e-07,0.000145731386149021,0,0,34.76573426573427,489.4620078386217,EDN3;JAML;CXCR1;CXCR2;CXCL13
GO_Biological_Process_2023,Granulocyte Chemotaxis (GO:0071621),5/73,9.484731096579772e-07,0.000145731386149021,0,0,33.2269385026738,460.80488589003227,EDN3;JAML;CXCR1;CXCR2;CXCL13
GO_Biological_Process_2023,Neutrophil Migration (GO:1990266),5/77,1.2385103638726998e-06,0.000145731386149021,0,0,31.374684343434343,426.7459448417509,EDN3;JAML;CXCR1;CXCR2;CXCL13
GO_Biological_Process_2023,Cellular Defense Response (GO:0006968),3/48,0.00022118269051524107,0.01951937243797,0,0,28.84927536231884,242.8105476163672,TRAT1;CXCR2;MNDA
GO_Biological_Process_2023,Cellular Response To Chemokine (GO:1990869),3/59,0.00040793755585084526,0.0265228143170134,0,0,23.169642857142858,180.82507833829405,RIPOR2;DUSP1;CXCL13
GO_Biological_Process_2023,Response To Chemokine (GO:1990868),2/13,0.00045081270793790576,0.0265228143170134,0,0,77.13733075435204,594.3013702661294,RIPOR2;DUSP1
GO_Biological_Process_2023,Dendritic Cell Chemotaxis (GO:0002407),2/15,0.0006049677843536496,0.0273233835277226,0,0,65.26350245499182,483.6244393301046,CXCR1;CXCR2
GO_Biological_Process_2023,Intermediate Filament Organization (GO:0045109),3/68,0.0006192268221580207,0.0273233835277226,0,0,19.95250836120401,147.38995579964336,KRT15;KRT1;KRT13
GO_Biological_Process_2023,Negative Regulation Of Cell Adhesion (GO:0007162),3/72,0.0007318587259534681,0.0287051255846193,0,0,18.792060491493384,135.67723088670897,RIPOR2;DUSP1;MUC21
GO_Biological_Process_2023,Dendritic Cell Migration (GO:0036336),2/18,0.0008773987974909651,0.030972177551431,0,0,53.0186170212766,373.1741306231756,CXCR1;CXCR2
GO_Biological_Process_2023,Positive Regulation Of Hormone Secretion (GO:0046887),2/19,0.0009790903375910178,0.0314198990154208,0,0,49.897371714643306,345.7332324601132,HCAR2;EDN3
GO_Biological_Process_2023,Positive Regulation Of Heart Contraction (GO:0045823),2/21,0.0011986387553308,0.0352599567193165,0,0,44.64053751399776,300.277644028063,RGS2;EDN3
GO_Biological_Process_2023,Peptide Cross-Linking (GO:0018149),2/27,0.0019847485989451,0.0538935581098182,0,0,33.91659574468085,211.03797957730015,KRT1;SPRR1A
GO_Biological_Process_2023,Regulation Of Vasculature Development (GO:1901342),2/30,0.002448238177796,0.0617305769115726,0,0,30.27811550151976,182.0437366477304,KRT1;CXCL13
GO_Biological_Process_2023,Regulation Of MAP Kinase Activity (GO:0043405),3/114,0.0027457885257051,0.0646175566382622,0,0,11.656874265569918,68.74859565771665,RGS2;EDN3;DUSP1
GO_Biological_Process_2023,Heterophilic Cell-Cell Adhesion Via Plasma Membrane Cell Adhesion Molecules (GO:0007157),2/49,0.0064255716310063,0.1234000452051159,0,0,18.0208239022182,90.95956229745056,JAML;SELL
GO_Biological_Process_2023,Receptor Internalization (GO:0031623),2/51,0.0069448554030986,0.1234000452051159,0,0,17.283543204515848,85.89496010554357,CXCR1;CXCR2
GO_Biological_Process_2023,Negative Regulation Of MAP Kinase Activity (GO:0043407),2/51,0.0069448554030986,0.1234000452051159,0,0,17.283543204515848,85.89496010554357,RGS2;DUSP1
GO_Biological_Process_2023,Regulation Of Mitotic Nuclear Division (GO:0007088),2/56,0.0083233296160711,0.1234000452051159,0,0,15.679275019700553,75.08323312024795,EDN3;DUSP1
GO_Biological_Process_2023,B Cell Chemotaxis (GO:0035754),1/5,0.0121912198306986,0.1234000452051159,0,0,103.890625,457.8500644039375,CXCL13
GO_Biological_Process_2023,Regulation Of Establishment Of T Cell Polarity (GO:1903903),1/5,0.0121912198306986,0.1234000452051159,0,0,103.890625,457.8500644039375,RIPOR2
GO_Biological_Process_2023,Negative Regulation Of Meiotic Cell Cycle (GO:0051447),1/5,0.0121912198306986,0.1234000452051159,0,0,103.890625,457.8500644039375,DUSP1
GO_Biological_Process_2023,Negative Regulation Of Monocyte Chemotaxis (GO:0090027),1/5,0.0121912198306986,0.1234000452051159,0,0,103.890625,457.8500644039375,DUSP1
GO_Biological_Process_2023,Regulation Of Mitotic Spindle Checkpoint (GO:1903504),1/5,0.0121912198306986,0.1234000452051159,0,0,103.890625,457.8500644039375,DUSP1
GO_Biological_Process_2023,Positive Regulation Of Cell-Cell Adhesion Mediated By Integrin (GO:0033634),1/5,0.0121912198306986,0.1234000452051159,0,0,103.890625,457.8500644039375,CXCL13
GO_Biological_Process_2023,Regulation Of Neutrophil Extravasation (GO:2000389),1/5,0.0121912198306986,0.1234000452051159,0,0,103.890625,457.8500644039375,RIPOR2
GO_Biological_Process_2023,Neutrophil Extravasation (GO:0072672),1/5,0.0121912198306986,0.1234000452051159,0,0,103.890625,457.8500644039375,JAML
GO_Biological_Process_2023,Leukocyte Apoptotic Process (GO:0071887),1/5,0.0121912198306986,0.1234000452051159,0,0,103.890625,457.8500644039375,HCAR2
GO_Biological_Process_2023,Positive Regulation Of Necrotic Cell Death (GO:0010940),1/6,0.0146119438121658,0.1234000452051159,0,0,83.10833333333333,351.20883684468544,ATG9B
GO_Biological_Process_2023,Negative Regulation Of p38MAPK Cascade (GO:1903753),1/6,0.0146119438121658,0.1234000452051159,0,0,83.10833333333333,351.20883684468544,DUSP1
GO_Biological_Process_2023,Vascular Associated Smooth Muscle Contraction (GO:0014829),1/6,0.0146119438121658,0.1234000452051159,0,0,83.10833333333333,351.20883684468544,EDN3
GO_Biological_Process_2023,Regulation Of Adiponectin Secretion (GO:0070163),1/6,0.0146119438121658,0.1234000452051159,0,0,83.10833333333333,351.20883684468544,HCAR2
GO_Biological_Process_2023,Positive Regulation Of Striated Muscle Contraction (GO:0045989),1/6,0.0146119438121658,0.1234000452051159,0,0,83.10833333333333,351.20883684468544,RGS2
GO_Biological_Process_2023,Neuron Projection Extension Involved In Neuron Projection Guidance (GO:1902284),1/6,0.0146119438121658,0.1234000452051159,0,0,83.10833333333333,351.20883684468544,NELL2
GO_Biological_Process_2023,Axon Extension Involved In Axon Guidance (GO:0048846),1/6,0.0146119438121658,0.1234000452051159,0,0,83.10833333333333,351.20883684468544,NELL2
GO_Biological_Process_2023,Regulation Of Immune Response (GO:0050776),2/77,0.0153073111208604,0.1234000452051159,0,0,11.277163120567376,47.1320542463176,FCGR3B;CXCL13
GO_Biological_Process_2023,Negative Regulation Of Protein Serine/Threonine Kinase Activity (GO:0071901),2/80,0.016454852707331,0.1234000452051159,0,0,10.841789416257502,44.5286911247554,RGS2;DUSP1
GO_Biological_Process_2023,Negative Regulation Of Lipid Kinase Activity (GO:0090219),1/7,0.0170268574512903,0.1234000452051159,0,0,69.25347222222223,282.06685294018627,PIK3IP1
GO_Biological_Process_2023,Negative Regulation Of Muscle Hypertrophy (GO:0014741),1/7,0.0170268574512903,0.1234000452051159,0,0,69.25347222222223,282.06685294018627,RGS2
GO_Biological_Process_2023,Positive Regulation Of Myeloid Cell Apoptotic Process (GO:0033034),1/7,0.0170268574512903,0.1234000452051159,0,0,69.25347222222223,282.06685294018627,HCAR2
GO_Biological_Process_2023,Negative Regulation Of Phospholipase Activity (GO:0010519),1/7,0.0170268574512903,0.1234000452051159,0,0,69.25347222222223,282.06685294018627,RGS2
GO_Biological_Process_2023,Negative Regulation Of T Cell Apoptotic Process (GO:0070233),1/7,0.0170268574512903,0.1234000452051159,0,0,69.25347222222223,282.06685294018627,TSC22D3
GO_Biological_Process_2023,Late Nucleophagy (GO:0044805),1/7,0.0170268574512903,0.1234000452051159,0,0,69.25347222222223,282.06685294018627,ATG9B
GO_Biological_Process_2023,Epidermis Development (GO:0008544),2/85,0.0184465262705792,0.1234000452051159,0,0,10.186106126634195,40.67189132521442,KRT15;SPRR1A
GO_Biological_Process_2023,Sympathetic Ganglion Development (GO:0061549),1/8,0.0194359741846122,0.1234000452051159,0,0,59.35714285714285,233.9045135601692,NELL2
GO_Biological_Process_2023,Negative Regulation Of Lipase Activity (GO:0060192),1/8,0.0194359741846122,0.1234000452051159,0,0,59.35714285714285,233.9045135601692,RGS2
GO_Biological_Process_2023,Modification-Dependent Macromolecule Catabolic Process (GO:0043632),1/8,0.0194359741846122,0.1234000452051159,0,0,59.35714285714285,233.9045135601692,RPS27AP5
GO_Biological_Process_2023,"Complement Activation, Lectin Pathway (GO:0001867)",1/8,0.0194359741846122,0.1234000452051159,0,0,59.35714285714285,233.9045135601692,KRT1
GO_Biological_Process_2023,Regulation Of Mitotic Sister Chromatid Segregation (GO:0033047),1/8,0.0194359741846122,0.1234000452051159,0,0,59.35714285714285,233.9045135601692,DUSP1
GO_Biological_Process_2023,Response To Vitamin (GO:0033273),1/8,0.0194359741846122,0.1234000452051159,0,0,59.35714285714285,233.9045135601692,CDKN2D
GO_Biological_Process_2023,Response To Vitamin D (GO:0033280),1/8,0.0194359741846122,0.1234000452051159,0,0,59.35714285714285,233.9045135601692,CDKN2D
GO_Biological_Process_2023,Regulation Of Necrotic Cell Death (GO:0010939),1/8,0.0194359741846122,0.1234000452051159,0,0,59.35714285714285,233.9045135601692,ATG9B
GO_Biological_Process_2023,Positive Regulation Of Epithelial Cell Proliferation Involved In Wound Healing (GO:0060054),1/8,0.0194359741846122,0.1234000452051159,0,0,59.35714285714285,233.9045135601692,JAML
GO_Biological_Process_2023,Endothelial Cell Chemotaxis (GO:0035767),1/8,0.0194359741846122,0.1234000452051159,0,0,59.35714285714285,233.9045135601692,CXCL13
GO_Biological_Process_2023,Inflammatory Response (GO:0006954),3/236,0.0200653948896408,0.1234000452051159,0,0,5.5191267027430495,21.572933935890795,CXCR2;PROK2;CXCL13
GO_Biological_Process_2023,Positive Regulation Of Leukocyte Apoptotic Process (GO:2000108),1/9,0.0218393074841168,0.1234000452051159,0,0,51.934895833333336,198.60131834764672,HCAR2
GO_Biological_Process_2023,Positive Regulation Of Myoblast Fusion (GO:1901741),1/9,0.0218393074841168,0.1234000452051159,0,0,51.934895833333336,198.60131834764672,RIPOR2
GO_Biological_Process_2023,Negative Regulation Of Phosphatidylinositol 3-Kinase Signaling (GO:0014067),1/9,0.0218393074841168,0.1234000452051159,0,0,51.934895833333336,198.60131834764672,PIK3IP1
GO_Biological_Process_2023,Vasoconstriction (GO:0042310),1/9,0.0218393074841168,0.1234000452051159,0,0,51.934895833333336,198.60131834764672,EDN3
GO_Biological_Process_2023,Positive Regulation Of Smooth Muscle Contraction (GO:0045987),1/9,0.0218393074841168,0.1234000452051159,0,0,51.934895833333336,198.60131834764672,PROK2
GO_Biological_Process_2023,Regulation Of Cell-Cell Adhesion Mediated By Integrin (GO:0033632),1/9,0.0218393074841168,0.1234000452051159,0,0,51.934895833333336,198.60131834764672,CXCL13
GO_Biological_Process_2023,Positive Regulation Of Integrin Activation (GO:0033625),1/10,0.0242368708211977,0.1234000452051159,0,0,46.16203703703704,171.71724838044534,CXCL13
GO_Biological_Process_2023,Negative Regulation Of Lymphocyte Migration (GO:2000402),1/10,0.0242368708211977,0.1234000452051159,0,0,46.16203703703704,171.71724838044534,RIPOR2
GO_Biological_Process_2023,Negative Regulation Of B Cell Proliferation (GO:0030889),1/10,0.0242368708211977,0.1234000452051159,0,0,46.16203703703704,171.71724838044534,MNDA
GO_Biological_Process_2023,Regulation Of Mitotic Sister Chromatid Separation (GO:0010965),1/10,0.0242368708211977,0.1234000452051159,0,0,46.16203703703704,171.71724838044534,DUSP1
GO_Biological_Process_2023,Regulation Of Phospholipase Activity (GO:0010517),1/10,0.0242368708211977,0.1234000452051159,0,0,46.16203703703704,171.71724838044534,RGS2
GO_Biological_Process_2023,Negative Regulation Of Leukocyte Chemotaxis (GO:0002689),1/11,0.0266286776759158,0.1234000452051159,0,0,41.54375,150.62793852241148,DUSP1
GO_Biological_Process_2023,Phasic Smooth Muscle Contraction (GO:0014821),1/11,0.0266286776759158,0.1234000452051159,0,0,41.54375,150.62793852241148,EDN3
GO_Biological_Process_2023,Ganglion Development (GO:0061548),1/11,0.0266286776759158,0.1234000452051159,0,0,41.54375,150.62793852241148,NELL2
GO_Biological_Process_2023,Positive Regulation Of Muscle Contraction (GO:0045933),1/11,0.0266286776759158,0.1234000452051159,0,0,41.54375,150.62793852241148,PROK2
GO_Biological_Process_2023,Negative Regulation Of MAPK Cascade (GO:0043409),2/105,0.0273542709107046,0.1234000452051159,0,0,8.199958686221855,29.510688675044072,RGS2;DUSP1
GO_Biological_Process_2023,Protein Heterotetramerization (GO:0051290),1/12,0.0290147415071519,0.1234000452051159,0,0,37.76515151515152,133.68679532449664,KRT1
GO_Biological_Process_2023,Fibrinolysis (GO:0042730),1/12,0.0290147415071519,0.1234000452051159,0,0,37.76515151515152,133.68679532449664,KRT1
GO_Biological_Process_2023,Gamma-Delta T Cell Activation (GO:0046629),1/12,0.0290147415071519,0.1234000452051159,0,0,37.76515151515152,133.68679532449664,JAML
GO_Biological_Process_2023,Negative Regulation Of Mononuclear Cell Migration (GO:0071676),1/12,0.0290147415071519,0.1234000452051159,0,0,37.76515151515152,133.68679532449664,DUSP1
GO_Biological_Process_2023,Granulocyte Activation (GO:0036230),1/12,0.0290147415071519,0.1234000452051159,0,0,37.76515151515152,133.68679532449664,CXCR2
GO_Biological_Process_2023,Positive Regulation Of T Cell Chemotaxis (GO:0010820),1/12,0.0290147415071519,0.1234000452051159,0,0,37.76515151515152,133.68679532449664,CXCL13
GO_Biological_Process_2023,Relaxation Of Cardiac Muscle (GO:0055119),1/12,0.0290147415071519,0.1234000452051159,0,0,37.76515151515152,133.68679532449664,RGS2
GO_Biological_Process_2023,Positive Regulation Of Protein Localization To Cell Surface (GO:2000010),1/12,0.0290147415071519,0.1234000452051159,0,0,37.76515151515152,133.68679532449664,RIC3
GO_Biological_Process_2023,Positive Regulation Of Calcium-Mediated Signaling (GO:0050850),1/12,0.0290147415071519,0.1234000452051159,0,0,37.76515151515152,133.68679532449664,TRAT1
GO_Biological_Process_2023,Positive Regulation Of Cellular Extravasation (GO:0002693),1/12,0.0290147415071519,0.1234000452051159,0,0,37.76515151515152,133.68679532449664,RIPOR2
GO_Biological_Process_2023,Negative Regulation Of Cardiac Muscle Hypertrophy (GO:0010614),1/12,0.0290147415071519,0.1234000452051159,0,0,37.76515151515152,133.68679532449664,RGS2
GO_Biological_Process_2023,Semaphorin-Plexin Signaling Pathway Involved In Neuron Projection Guidance (GO:1902285),1/12,0.0290147415071519,0.1234000452051159,0,0,37.76515151515152,133.68679532449664,NELL2
GO_Biological_Process_2023,Protein Localization To Phagophore Assembly Site (GO:0034497),1/13,0.0313950757631915,0.1245220420719846,0,0,34.61631944444444,119.81068935137382,ATG9B
GO_Biological_Process_2023,Regulation Of Humoral Immune Response (GO:0002920),1/13,0.0313950757631915,0.1245220420719846,0,0,34.61631944444444,119.81068935137382,CXCL13
GO_Biological_Process_2023,Relaxation Of Muscle (GO:0090075),1/13,0.0313950757631915,0.1245220420719846,0,0,34.61631944444444,119.81068935137382,RGS2
GO_Biological_Process_2023,Positive Regulation Of T Cell Receptor Signaling Pathway (GO:0050862),1/13,0.0313950757631915,0.1245220420719846,0,0,34.61631944444444,119.81068935137382,TRAT1
GO_Biological_Process_2023,Regulation Of T Cell Chemotaxis (GO:0010819),1/13,0.0313950757631915,0.1245220420719846,0,0,34.61631944444444,119.81068935137382,CXCL13
GO_Biological_Process_2023,Regulation Of Myoblast Fusion (GO:1901739),1/13,0.0313950757631915,0.1245220420719846,0,0,34.61631944444444,119.81068935137382,RIPOR2
GO_Biological_Process_2023,Endoderm Development (GO:0007492),1/14,0.033769693865094,0.1250293374826218,0,0,31.95192307692308,108.25923449477123,DUSP1
GO_Biological_Process_2023,Bone Morphogenesis (GO:0060349),1/14,0.033769693865094,0.1250293374826218,0,0,31.95192307692308,108.25923449477123,ATG9B
GO_Biological_Process_2023,Receptor-Mediated Endocytosis (GO:0006898),2/122,0.0360231599262089,0.1250293374826218,0,0,7.032269503546099,23.37240321571158,CXCR1;CXCR2
GO_Biological_Process_2023,Sympathetic Nervous System Development (GO:0048485),1/15,0.0361386092201723,0.1250293374826218,0,0,29.668154761904763,98.50994756608031,NELL2
GO_Biological_Process_2023,Regulation Of Systemic Arterial Blood Pressure By Hormone (GO:0001990),1/15,0.0361386092201723,0.1250293374826218,0,0,29.668154761904763,98.50994756608031,EDN3
GO_Biological_Process_2023,Regulation Of Hormone Secretion (GO:0046883),1/15,0.0361386092201723,0.1250293374826218,0,0,29.668154761904763,98.50994756608031,EDN3
GO_Biological_Process_2023,Regulation Of Intrinsic Apoptotic Signaling Pathway In Response To DNA Damage (GO:1902229),1/15,0.0361386092201723,0.1250293374826218,0,0,29.668154761904763,98.50994756608031,CDKN2D
GO_Biological_Process_2023,Positive Regulation Of Syncytium Formation By Plasma Membrane Fusion (GO:0060143),1/15,0.0361386092201723,0.1250293374826218,0,0,29.668154761904763,98.50994756608031,RIPOR2
GO_Biological_Process_2023,Positive Regulation Of Epithelial Cell Proliferation (GO:0050679),2/123,0.0365623414508728,0.1250293374826218,0,0,6.97379989449622,23.07446618756862,NELL2;JAML
GO_Biological_Process_2023,Neuron Projection Guidance (GO:0097485),2/124,0.0371046571441088,0.1250293374826218,0,0,6.916288803627485,22.782343762963357,NELL2;ARHGEF40
GO_Biological_Process_2023,Stabilization Of Membrane Potential (GO:0030322),1/16,0.0385018352066202,0.1250293374826218,0,0,27.68888888888889,90.18407814256835,KCNK7
GO_Biological_Process_2023,"Synaptic Transmission, Cholinergic (GO:0007271)",1/16,0.0385018352066202,0.1250293374826218,0,0,27.68888888888889,90.18407814256835,RIC3
GO_Biological_Process_2023,Regulation Of Anatomical Structure Morphogenesis (GO:0022603),2/127,0.0387502305620584,0.1250293374826218,0,0,6.749276595744681,21.93932385787189,KRT1;CXCL13
GO_Biological_Process_2023,Cellular Response To Cytokine Stimulus (GO:0071345),3/308,0.0396176801751542,0.1250293374826218,0,0,4.200855310049893,13.562376474628572,RIPOR2;DUSP1;MNDA
GO_Biological_Process_2023,Positive Regulation Of Heart Rate (GO:0010460),1/17,0.0408593851672061,0.1250293374826218,0,0,25.95703125,83.00068948212059,EDN3
GO_Biological_Process_2023,Regulation Of Receptor Recycling (GO:0001919),1/17,0.0408593851672061,0.1250293374826218,0,0,25.95703125,83.00068948212059,TRAT1
GO_Biological_Process_2023,Positive Regulation Of Lymphocyte Chemotaxis (GO:0140131),1/17,0.0408593851672061,0.1250293374826218,0,0,25.95703125,83.00068948212059,CXCL13
GO_Biological_Process_2023,Regulation Of Establishment Of Cell Polarity (GO:2000114),1/17,0.0408593851672061,0.1250293374826218,0,0,25.95703125,83.00068948212059,RIPOR2
GO_Biological_Process_2023,Regulation Of Leukocyte Chemotaxis (GO:0002688),1/17,0.0408593851672061,0.1250293374826218,0,0,25.95703125,83.00068948212059,EDN3
GO_Biological_Process_2023,Negative Regulation Of Rho Protein Signal Transduction (GO:0035024),1/17,0.0408593851672061,0.1250293374826218,0,0,25.95703125,83.00068948212059,RIPOR2
GO_Biological_Process_2023,Positive Regulation Of Cell Adhesion Mediated By Integrin (GO:0033630),1/17,0.0408593851672061,0.1250293374826218,0,0,25.95703125,83.00068948212059,CXCL13
GO_Biological_Process_2023,Regulation Of Mitotic Cell Cycle Spindle Assembly Checkpoint (GO:0090266),1/17,0.0408593851672061,0.1250293374826218,0,0,25.95703125,83.00068948212059,DUSP1
GO_Biological_Process_2023,Leukocyte Tethering Or Rolling (GO:0050901),1/17,0.0408593851672061,0.1250293374826218,0,0,25.95703125,83.00068948212059,SELL
GO_Biological_Process_2023,Epithelial Cell Differentiation (GO:0030855),2/132,0.0415538783891097,0.1250293374826218,0,0,6.488052373158756,20.636966139349056,KRT15;KRT13
GO_Biological_Process_2023,Negative Regulation Of Cellular Process (GO:0048523),4/537,0.0421299727335407,0.1250293374826218,0,0,3.2383573066499896,10.255864151591682,CDKN2D;RIPOR2;DUSP1;BNIPL
GO_Biological_Process_2023,Supramolecular Fiber Organization (GO:0097435),3/316,0.0422245120854266,0.1250293374826218,0,0,4.091818308098347,12.949599877800097,KRT15;KRT1;KRT13
GO_Biological_Process_2023,Protein Import Into Mitochondrial Matrix (GO:0030150),1/18,0.0432112724444188,0.1250293374826218,0,0,24.42892156862745,76.74721626832032,DNLZ
GO_Biological_Process_2023,Negative Regulation Of Lipid Catabolic Process (GO:0050995),1/18,0.0432112724444188,0.1250293374826218,0,0,24.42892156862745,76.74721626832032,HCAR2
GO_Biological_Process_2023,Regulation Of Establishment Or Maintenance Of Cell Polarity (GO:0032878),1/18,0.0432112724444188,0.1250293374826218,0,0,24.42892156862745,76.74721626832032,RIPOR2
GO_Biological_Process_2023,Positive Regulation Of Neutrophil Chemotaxis (GO:0090023),1/18,0.0432112724444188,0.1250293374826218,0,0,24.42892156862745,76.74721626832032,RIPOR2
GO_Biological_Process_2023,Neutrophil Activation (GO:0042119),1/18,0.0432112724444188,0.1250293374826218,0,0,24.42892156862745,76.74721626832032,CXCR2
GO_Biological_Process_2023,Autophagy Of Nucleus (GO:0044804),1/18,0.0432112724444188,0.1250293374826218,0,0,24.42892156862745,76.74721626832032,ATG9B
GO_Biological_Process_2023,Endothelial Cell Proliferation (GO:0001935),1/18,0.0432112724444188,0.1250293374826218,0,0,24.42892156862745,76.74721626832032,PROK2
GO_Biological_Process_2023,Protein Heterooligomerization (GO:0051291),1/19,0.0455575103218218,0.1271280718834925,0,0,23.07060185185185,71.26000869785321,KRT1
GO_Biological_Process_2023,Inositol Phosphate-Mediated Signaling (GO:0048016),1/19,0.0455575103218218,0.1271280718834925,0,0,23.07060185185185,71.26000869785321,EDN3
GO_Biological_Process_2023,Leukocyte Adhesion To Vascular Endothelial Cell (GO:0061756),1/19,0.0455575103218218,0.1271280718834925,0,0,23.07060185185185,71.26000869785321,SELL
GO_Biological_Process_2023,Regulation Of Smooth Muscle Contraction (GO:0006940),1/20,0.0478981120694178,0.1271280718834925,0,0,21.855263157894736,66.41113333547993,PROK2
GO_Biological_Process_2023,Negative Regulation Of Phosphate Metabolic Process (GO:0045936),1/20,0.0478981120694178,0.1271280718834925,0,0,21.855263157894736,66.41113333547993,CDKN2D
GO_Biological_Process_2023,Negative Regulation Of Reproductive Process (GO:2000242),1/20,0.0478981120694178,0.1271280718834925,0,0,21.855263157894736,66.41113333547993,DUSP1
GO_Biological_Process_2023,Positive Regulation Of Antigen Receptor-Mediated Signaling Pathway (GO:0050857),1/20,0.0478981120694178,0.1271280718834925,0,0,21.855263157894736,66.41113333547993,TRAT1
GO_Biological_Process_2023,Negative Regulation Of B Cell Activation (GO:0050869),1/20,0.0478981120694178,0.1271280718834925,0,0,21.855263157894736,66.41113333547993,MNDA
GO_Biological_Process_2023,Regulation Of Meiotic Cell Cycle (GO:0051445),1/20,0.0478981120694178,0.1271280718834925,0,0,21.855263157894736,66.41113333547993,DUSP1
GO_Biological_Process_2023,Sensory Perception Of Pain (GO:0019233),1/20,0.0478981120694178,0.1271280718834925,0,0,21.855263157894736,66.41113333547993,PROK2
GO_Biological_Process_2023,Regulation Of Phosphatase Activity (GO:0010921),1/20,0.0478981120694178,0.1271280718834925,0,0,21.855263157894736,66.41113333547993,PPP1R2C
GO_Biological_Process_2023,Regulation Of Cell Adhesion (GO:0030155),2/144,0.0485820538833046,0.1279810822448248,0,0,5.9361702127659575,17.953953207286375,RIPOR2;DUSP1
GO_Biological_Process_2023,Positive Regulation Of Granulocyte Chemotaxis (GO:0071624),1/21,0.0502330909367498,0.1313502303753531,0,0,20.761458333333334,62.09920952085082,RIPOR2
GO_Biological_Process_2023,Axon Guidance (GO:0007411),2/149,0.0516299300469031,0.1336195875500511,0,0,5.732812273845709,16.990070507344612,NELL2;ARHGEF40
GO_Biological_Process_2023,Cellular Response To Interferon-Beta (GO:0035458),1/22,0.0525624601312181,0.1336195875500511,0,0,19.771825396825395,58.24291595044674,MNDA
GO_Biological_Process_2023,Negative Regulation Of G Protein-Coupled Receptor Signaling Pathway (GO:0045744),1/22,0.0525624601312181,0.1336195875500511,0,0,19.771825396825395,58.24291595044674,RGS2
GO_Biological_Process_2023,Epithelium Development (GO:0060429),2/154,0.0547450484630088,0.1336195875500511,0,0,5.542833146696529,16.10230916268445,KRT15;KRT13
GO_Biological_Process_2023,Positive Regulation Of Neutrophil Migration (GO:1902624),1/23,0.0548862328463382,0.1336195875500511,0,0,18.87215909090909,54.77630455586824,RIPOR2
GO_Biological_Process_2023,Positive Regulation Of Oxidoreductase Activity (GO:0051353),1/23,0.0548862328463382,0.1336195875500511,0,0,18.87215909090909,54.77630455586824,EDN3
GO_Biological_Process_2023,Regulation Of Lipid Catabolic Process (GO:0050994),1/23,0.0548862328463382,0.1336195875500511,0,0,18.87215909090909,54.77630455586824,HCAR2
GO_Biological_Process_2023,Regulation Of T Cell Migration (GO:2000404),1/23,0.0548862328463382,0.1336195875500511,0,0,18.87215909090909,54.77630455586824,RIPOR2
GO_Biological_Process_2023,Axon Extension (GO:0048675),1/23,0.0548862328463382,0.1336195875500511,0,0,18.87215909090909,54.77630455586824,NELL2
GO_Biological_Process_2023,Regulation Of Cardiac Muscle Hypertrophy (GO:0010611),1/23,0.0548862328463382,0.1336195875500511,0,0,18.87215909090909,54.77630455586824,RGS2
GO_Biological_Process_2023,Outflow Tract Septum Morphogenesis (GO:0003148),1/24,0.0572044222192574,0.1373684424720943,0,0,18.05072463768116,51.645362778983234,NELL2
GO_Biological_Process_2023,Regulation Of Cysteine-Type Endopeptidase Activity (GO:2000116),1/24,0.0572044222192574,0.1373684424720943,0,0,18.05072463768116,51.645362778983234,PSMB9
GO_Biological_Process_2023,Peptide Hormone Secretion (GO:0030072),1/25,0.0595170414020208,0.1382204974665353,0,0,17.297743055555557,48.80545398159523,EDN3
GO_Biological_Process_2023,Negative Regulation Of Intrinsic Apoptotic Signaling Pathway In Response To DNA Damage (GO:1902230),1/25,0.0595170414020208,0.1382204974665353,0,0,17.297743055555557,48.80545398159523,CDKN2D
GO_Biological_Process_2023,Positive Regulation Of T Cell Migration (GO:2000406),1/25,0.0595170414020208,0.1382204974665353,0,0,17.297743055555557,48.80545398159523,CXCL13
GO_Biological_Process_2023,Regulation Of Monocyte Chemotaxis (GO:0090025),1/25,0.0595170414020208,0.1382204974665353,0,0,17.297743055555557,48.80545398159523,DUSP1
GO_Biological_Process_2023,Regulation Of Neutrophil Chemotaxis (GO:0090022),1/25,0.0595170414020208,0.1382204974665353,0,0,17.297743055555557,48.80545398159523,RIPOR2
GO_Biological_Process_2023,Protein Localization To Cell Surface (GO:0034394),1/26,0.061824103460221,0.1407994098158582,0,0,16.605,46.219385960868735,RIC3
GO_Biological_Process_2023,Negative Regulation Of Lipid Metabolic Process (GO:0045833),1/26,0.061824103460221,0.1407994098158582,0,0,16.605,46.219385960868735,HCAR2
GO_Biological_Process_2023,Positive Regulation Of Nuclear Division (GO:0051785),1/26,0.061824103460221,0.1407994098158582,0,0,16.605,46.219385960868735,EDN3
GO_Biological_Process_2023,Positive Regulation Of Immune System Process (GO:0002684),1/27,0.0641256214892022,0.1441805374884611,0,0,15.965544871794872,43.85593535873217,HCAR2
GO_Biological_Process_2023,Positive Regulation Of Filopodium Assembly (GO:0051491),1/27,0.0641256214892022,0.1441805374884611,0,0,15.965544871794872,43.85593535873217,RIPOR2
GO_Biological_Process_2023,Membrane Fusion (GO:0061025),1/28,0.0664216085125299,0.1457724186171527,0,0,15.373456790123456,41.68870773487514,GCA
GO_Biological_Process_2023,Regulation Of Sodium Ion Transmembrane Transport (GO:1902305),1/28,0.0664216085125299,0.1457724186171527,0,0,15.373456790123456,41.68870773487514,FXYD7
GO_Biological_Process_2023,Negative Regulation Of Signaling (GO:0023057),1/28,0.0664216085125299,0.1457724186171527,0,0,15.373456790123456,41.68870773487514,TRAT1
GO_Biological_Process_2023,Cell-Cell Adhesion Via Plasma-Membrane Adhesion Molecules (GO:0098742),2/172,0.0664854373862934,0.1457724186171527,0,0,4.951439299123905,13.422224705026672,JAML;SELL
GO_Biological_Process_2023,Peptidyl-Tyrosine Dephosphorylation (GO:0035335),1/29,0.0687120775442854,0.1488059102646182,0,0,14.823660714285714,39.695247728368734,DUSP1
GO_Biological_Process_2023,Response To Interferon-Beta (GO:0035456),1/29,0.0687120775442854,0.1488059102646182,0,0,14.823660714285714,39.695247728368734,MNDA
GO_Biological_Process_2023,Positive Regulation Of Cell Communication (GO:0010647),1/30,0.070997041562065,0.1509756365747527,0,0,14.311781609195402,37.85633785017516,EDN3
GO_Biological_Process_2023,Negative Regulation Of Blood Coagulation (GO:0030195),1/30,0.070997041562065,0.1509756365747527,0,0,14.311781609195402,37.85633785017516,KRT1
GO_Biological_Process_2023,Regulation Of Calcium-Mediated Signaling (GO:0050848),1/30,0.070997041562065,0.1509756365747527,0,0,14.311781609195402,37.85633785017516,TRAT1
GO_Biological_Process_2023,Regulation Of Protein Localization To Cell Surface (GO:2000008),1/31,0.0732765135248936,0.1521565251428673,0,0,13.834027777777775,36.15544100556018,RIC3
GO_Biological_Process_2023,Positive Regulation Of Leukocyte Migration (GO:0002687),1/31,0.0732765135248936,0.1521565251428673,0,0,13.834027777777775,36.15544100556018,EDN3
GO_Biological_Process_2023,Leukocyte Cell-Cell Adhesion (GO:0007159),1/31,0.0732765135248936,0.1521565251428673,0,0,13.834027777777775,36.15544100556018,SELL
GO_Biological_Process_2023,Positive Regulation Of Extrinsic Apoptotic Signaling Pathway (GO:2001238),1/31,0.0732765135248936,0.1521565251428673,0,0,13.834027777777775,36.15544100556018,LTB
GO_Biological_Process_2023,Protein Transmembrane Import Into Intracellular Organelle (GO:0044743),1/32,0.0755505063421219,0.1559609867764272,0,0,13.387096774193548,34.57825366469509,DNLZ
GO_Biological_Process_2023,Axonogenesis (GO:0007409),2/188,0.0775583563694129,0.15878681282155,0,0,4.521848547243194,11.561121601627695,NELL2;ARHGEF40
GO_Biological_Process_2023,Positive Regulation Of Interleukin-12 Production (GO:0032735),1/33,0.0778190329125443,0.15878681282155,0,0,12.968098958333334,33.112344965122624,LTB
GO_Biological_Process_2023,Regulation Of T Cell Receptor Signaling Pathway (GO:0050856),1/34,0.080082106093531,0.1597117709096974,0,0,12.57449494949495,31.746863166533927,TRAT1
GO_Biological_Process_2023,Negative Regulation Of Ras Protein Signal Transduction (GO:0046580),1/34,0.080082106093531,0.1597117709096974,0,0,12.57449494949495,31.746863166533927,RIPOR2
GO_Biological_Process_2023,Semaphorin-Plexin Signaling Pathway (GO:0071526),1/34,0.080082106093531,0.1597117709096974,0,0,12.57449494949495,31.746863166533927,NELL2
GO_Biological_Process_2023,Regulation Of Phosphatidylinositol 3-Kinase Activity (GO:0043551),1/34,0.080082106093531,0.1597117709096974,0,0,12.57449494949495,31.746863166533927,PIK3IP1
GO_Biological_Process_2023,Positive Regulation Of Mitotic Nuclear Division (GO:0045840),1/35,0.0823397387131553,0.1605852362748278,0,0,12.204044117647058,30.47229528129729,EDN3
GO_Biological_Process_2023,Response To Nutrient Levels (GO:0031667),1/35,0.0823397387131553,0.1605852362748278,0,0,12.204044117647058,30.47229528129729,UTS2
GO_Biological_Process_2023,Regulation Of Cardiac Muscle Contraction (GO:0055117),1/35,0.0823397387131553,0.1605852362748278,0,0,12.204044117647058,30.47229528129729,RGS2
GO_Biological_Process_2023,Endoderm Formation (GO:0001706),1/35,0.0823397387131553,0.1605852362748278,0,0,12.204044117647058,30.47229528129729,DUSP1
GO_Biological_Process_2023,Blood Vessel Diameter Maintenance (GO:0097746),1/36,0.0845919435999249,0.1630535793796534,0,0,11.854761904761904,29.2802690236398,EDN3
GO_Biological_Process_2023,Regulation Of Sodium Ion Transmembrane Transporter Activity (GO:2000649),1/37,0.0868387334939797,0.1630535793796534,0,0,11.52488425925926,28.16338868908917,FXYD7
GO_Biological_Process_2023,Mitochondrion Disassembly (GO:0061726),1/37,0.0868387334939797,0.1630535793796534,0,0,11.52488425925926,28.16338868908917,ATG9B
GO_Biological_Process_2023,Negative Regulation Of Stress-Activated MAPK Cascade (GO:0032873),1/37,0.0868387334939797,0.1630535793796534,0,0,11.52488425925926,28.16338868908917,DUSP1
GO_Biological_Process_2023,Positive Regulation Of Signaling (GO:0023056),1/37,0.0868387334939797,0.1630535793796534,0,0,11.52488425925926,28.16338868908917,EDN3
GO_Biological_Process_2023,Regulation Of p38MAPK Cascade (GO:1900744),1/37,0.0868387334939797,0.1630535793796534,0,0,11.52488425925926,28.16338868908917,DUSP1
GO_Biological_Process_2023,Regulation Of Phosphoprotein Phosphatase Activity (GO:0043666),1/37,0.0868387334939797,0.1630535793796534,0,0,11.52488425925926,28.16338868908917,PPP1R2C
GO_Biological_Process_2023,Calcium-Dependent Cell-Cell Adhesion Via Plasma Membrane Cell Adhesion Molecules (GO:0016339),1/38,0.0890801211766743,0.164462194509049,0,0,11.21283783783784,27.115098358704657,SELL
GO_Biological_Process_2023,Fatty Acid Transport (GO:0015908),1/38,0.0890801211766743,0.164462194509049,0,0,11.21283783783784,27.115098358704657,RBP7
GO_Biological_Process_2023,Positive Regulation Of Myoblast Differentiation (GO:0045663),1/38,0.0890801211766743,0.164462194509049,0,0,11.21283783783784,27.115098358704657,RIPOR2
GO_Biological_Process_2023,Regulation Of Angiogenesis (GO:0045765),2/205,0.0899110548503563,0.164462194509049,0,0,4.139608007546379,9.972044035699671,KRT1;CXCL13
GO_Biological_Process_2023,Negative Regulation Of Lymphocyte Proliferation (GO:0050672),1/39,0.0913161193308034,0.164462194509049,0,0,10.917214912280702,26.129567345484944,MNDA
GO_Biological_Process_2023,Negative Regulation Of Transport (GO:0051051),1/39,0.0913161193308034,0.164462194509049,0,0,10.917214912280702,26.129567345484944,TRAT1
GO_Biological_Process_2023,Retina Homeostasis (GO:0001895),1/39,0.0913161193308034,0.164462194509049,0,0,10.917214912280702,26.129567345484944,KRT1
GO_Biological_Process_2023,Neuron Projection Extension (GO:1990138),1/39,0.0913161193308034,0.164462194509049,0,0,10.917214912280702,26.129567345484944,NELL2
GO_Biological_Process_2023,Regulation Of Protein Dephosphorylation (GO:0035304),1/40,0.0935467406593446,0.1659396957424555,0,0,10.636752136752136,25.20159373503205,PPP1R2C
GO_Biological_Process_2023,Negative Regulation Of Protein Localization (GO:1903828),1/40,0.0935467406593446,0.1659396957424555,0,0,10.636752136752136,25.20159373503205,RIPOR2
GO_Biological_Process_2023,Negative Regulation Of Cell-Cell Adhesion (GO:0022408),1/40,0.0935467406593446,0.1659396957424555,0,0,10.636752136752136,25.20159373503205,MUC21
GO_Biological_Process_2023,Keratinocyte Differentiation (GO:0030216),1/42,0.0979919034498567,0.1721559323519295,0,0,10.116869918699187,23.50017789315131,SPRR1A
GO_Biological_Process_2023,Regulation Of Filopodium Assembly (GO:0051489),1/43,0.1002064701400459,0.1721559323519295,0,0,9.875496031746032,22.71880101878368,RIPOR2
GO_Biological_Process_2023,Skeletal System Morphogenesis (GO:0048705),1/43,0.1002064701400459,0.1721559323519295,0,0,9.875496031746032,22.71880101878368,ATG9B
GO_Biological_Process_2023,Regulation Of Cell-Cell Adhesion (GO:0022407),1/43,0.1002064701400459,0.1721559323519295,0,0,9.875496031746032,22.71880101878368,MUC21
GO_Biological_Process_2023,Lymphocyte Chemotaxis (GO:0048247),1/44,0.1024157104643206,0.1721559323519295,0,0,9.645348837209305,21.979002576799186,CXCL13
GO_Biological_Process_2023,Establishment Of Protein Localization To Mitochondrion (GO:0072655),1/44,0.1024157104643206,0.1721559323519295,0,0,9.645348837209305,21.979002576799186,DNLZ
GO_Biological_Process_2023,Negative Regulation Of Immune System Process (GO:0002683),1/44,0.1024157104643206,0.1721559323519295,0,0,9.645348837209305,21.979002576799186,TSC22D3
GO_Biological_Process_2023,Regulation Of Transport (GO:0051049),1/44,0.1024157104643206,0.1721559323519295,0,0,9.645348837209305,21.979002576799186,TRAT1
GO_Biological_Process_2023,Regulation Of B Cell Proliferation (GO:0030888),1/44,0.1024157104643206,0.1721559323519295,0,0,9.645348837209305,21.979002576799186,MNDA
GO_Biological_Process_2023,Positive Regulation Of Chemotaxis (GO:0050921),1/44,0.1024157104643206,0.1721559323519295,0,0,9.645348837209305,21.979002576799186,EDN3
GO_Biological_Process_2023,Bone Development (GO:0060348),1/44,0.1024157104643206,0.1721559323519295,0,0,9.645348837209305,21.979002576799186,ATG9B
GO_Biological_Process_2023,B Cell Receptor Signaling Pathway (GO:0050853),1/46,0.1068182621376764,0.1770274485192478,0,0,9.21574074074074,20.612168790008823,MNDA
GO_Biological_Process_2023,Positive Regulation Of Cell-Cell Adhesion (GO:0022409),1/46,0.1068182621376764,0.1770274485192478,0,0,9.21574074074074,20.612168790008823,CXCL13
GO_Biological_Process_2023,Intracellular Protein Transmembrane Transport (GO:0065002),1/46,0.1068182621376764,0.1770274485192478,0,0,9.21574074074074,20.612168790008823,DNLZ
GO_Biological_Process_2023,Negative Regulation Of Intracellular Signal Transduction (GO:1902532),2/231,0.1098264383699969,0.1811623025449015,0,0,3.664777478398216,8.09495836397464,PIK3IP1;DUSP1
GO_Biological_Process_2023,Negative Regulation Of T Cell Activation (GO:0050868),1/49,0.1133824545204342,0.1835963598427214,0,0,8.63845486111111,18.805817941718324,RIPOR2
GO_Biological_Process_2023,Regulation Of Mitotic Metaphase/Anaphase Transition (GO:0030071),1/49,0.1133824545204342,0.1835963598427214,0,0,8.63845486111111,18.805817941718324,DUSP1
GO_Biological_Process_2023,Autophagy Of Mitochondrion (GO:0000422),1/49,0.1133824545204342,0.1835963598427214,0,0,8.63845486111111,18.805817941718324,ATG9B
GO_Biological_Process_2023,Negative Regulation Of Cysteine-Type Endopeptidase Activity Involved In Apoptotic Process (GO:0043154),1/49,0.1133824545204342,0.1835963598427214,0,0,8.63845486111111,18.805817941718324,CDKN2D
GO_Biological_Process_2023,Regulation Of Interleukin-12 Production (GO:0032655),1/50,0.1155599990222406,0.1845822608816785,0,0,8.46173469387755,18.26013079359792,LTB
GO_Biological_Process_2023,Positive Regulation Of Cell Death (GO:0010942),1/50,0.1155599990222406,0.1845822608816785,0,0,8.46173469387755,18.26013079359792,ATG9B
GO_Biological_Process_2023,Blood Circulation (GO:0008015),1/50,0.1155599990222406,0.1845822608816785,0,0,8.46173469387755,18.26013079359792,EDN3
GO_Biological_Process_2023,Regulation Of Cell Population Proliferation (GO:0042127),4/766,0.1173490544910046,0.1863654862469466,0,0,2.238436862058909,4.796080223984151,CDKN2D;EDN3;CXCR2;BNIPL
GO_Biological_Process_2023,Sensory Perception (GO:0007600),1/51,0.117732304342972,0.1863654862469466,0,0,8.292083333333334,17.739600807203995,PROK2
GO_Biological_Process_2023,Regulation Of Cyclin-Dependent Protein Kinase Activity (GO:1904029),1/53,0.122061246826909,0.1915005339106617,0,0,7.972355769230769,16.76771645630506,CDKN2D
GO_Biological_Process_2023,Negative Regulation Of Cysteine-Type Endopeptidase Activity (GO:2000117),1/53,0.122061246826909,0.1915005339106617,0,0,7.972355769230769,16.76771645630506,CDKN2D
GO_Biological_Process_2023,Epidermal Cell Differentiation (GO:0009913),1/54,0.1242179085729291,0.192319832132649,0,0,7.821540880503145,16.313528042717785,SPRR1A
GO_Biological_Process_2023,Positive Regulation Of Leukocyte Chemotaxis (GO:0002690),1/54,0.1242179085729291,0.192319832132649,0,0,7.821540880503145,16.313528042717785,EDN3
GO_Biological_Process_2023,Regulation Of Myoblast Differentiation (GO:0045661),1/54,0.1242179085729291,0.192319832132649,0,0,7.821540880503145,16.313528042717785,RIPOR2
GO_Biological_Process_2023,Positive Regulation Of Interleukin-1 Beta Production (GO:0032731),1/57,0.1306568028722364,0.1998589232756871,0,0,7.401413690476191,15.06321813640217,MNDA
GO_Biological_Process_2023,Chemokine-Mediated Signaling Pathway (GO:0070098),1/57,0.1306568028722364,0.1998589232756871,0,0,7.401413690476191,15.06321813640217,CXCL13
GO_Biological_Process_2023,Cytokine-Mediated Signaling Pathway (GO:0019221),2/257,0.1307858676393306,0.1998589232756871,0,0,3.2867751355861494,6.685937903107104,CXCR2;CXCL13
GO_Biological_Process_2023,Response To Organic Cyclic Compound (GO:0014070),1/58,0.132792777972346,0.2020510802768886,0,0,7.271198830409356,14.68029904530939,CDKN2D
GO_Biological_Process_2023,Protein Targeting To Mitochondrion (GO:0006626),1/59,0.1349236118713764,0.2044121673416131,0,0,7.145474137931035,14.31271695339298,DNLZ
GO_Biological_Process_2023,Regulation Of Extrinsic Apoptotic Signaling Pathway (GO:2001236),1/60,0.1370493166479286,0.2049932575284695,0,0,7.0240112994350286,13.95962150005924,LTB
GO_Biological_Process_2023,Response To Light Stimulus (GO:0009416),1/60,0.1370493166479286,0.2049932575284695,0,0,7.0240112994350286,13.95962150005924,CDKN2D
GO_Biological_Process_2023,Response To Retinoic Acid (GO:0032526),1/60,0.1370493166479286,0.2049932575284695,0,0,7.0240112994350286,13.95962150005924,CDKN2D
GO_Biological_Process_2023,Negative Regulation Of Intrinsic Apoptotic Signaling Pathway (GO:2001243),1/61,0.1391699044024069,0.206415866613654,0,0,6.906597222222223,13.620222449856575,CDKN2D
GO_Biological_Process_2023,Autophagosome Organization (GO:1905037),1/61,0.1391699044024069,0.206415866613654,0,0,6.906597222222223,13.620222449856575,ATG9B
GO_Biological_Process_2023,Positive Regulation Of Apoptotic Signaling Pathway (GO:2001235),1/62,0.1412853871962421,0.2086767434321066,0,0,6.793032786885246,13.293784547448324,LTB
GO_Biological_Process_2023,Chemical Synaptic Transmission (GO:0007268),2/273,0.1441159234112104,0.2119705040173219,0,0,3.0902096255005103,5.986160267258377,RIC3;UTS2
GO_Biological_Process_2023,Positive Regulation Of Interleukin-1 Production (GO:0032732),1/64,0.145501086009976,0.2131198479731183,0,0,6.576719576719577,12.677098721780732,MNDA
GO_Biological_Process_2023,Antimicrobial Humoral Immune Response Mediated By Antimicrobial Peptide (GO:0061844),1/65,0.1476013260006852,0.2144167410627237,0,0,6.4736328125,12.385615722311575,CXCL13
GO_Biological_Process_2023,Autophagosome Assembly (GO:0000045),1/65,0.1476013260006852,0.2144167410627237,0,0,6.4736328125,12.385615722311575,ATG9B
GO_Biological_Process_2023,Positive Regulation Of Cell Differentiation (GO:0045597),2/283,0.1525905328542739,0.2207559758096668,0,0,2.978723404255319,5.599991662610069,RIPOR2;EDN3
GO_Biological_Process_2023,Skin Development (GO:0043588),1/68,0.1538717517089819,0.2217009320541658,0,0,6.182835820895522,11.572016896560733,SPRR1A
GO_Biological_Process_2023,Regulation Of Endopeptidase Activity (GO:0052548),1/69,0.1559518351617717,0.2228785336522486,0,0,6.091605392156863,11.319470289022188,PSMB9
GO_Biological_Process_2023,Regulation Of Monoatomic Ion Transmembrane Transporter Activity (GO:0032412),1/69,0.1559518351617717,0.2228785336522486,0,0,6.091605392156863,11.319470289022188,FXYD7
GO_Biological_Process_2023,Regulation Of G Protein-Coupled Receptor Signaling Pathway (GO:0008277),1/70,0.1580269091413692,0.2249334634149327,0,0,6.003019323671498,11.075510318438736,RGS2
GO_Biological_Process_2023,Second-Messenger-Mediated Signaling (GO:0019932),1/72,0.1621620759393262,0.2282300546103997,0,0,5.833333333333333,10.611760688222162,EDN3
GO_Biological_Process_2023,Negative Regulation Of Catabolic Process (GO:0009895),1/72,0.1621620759393262,0.2282300546103997,0,0,5.833333333333333,10.611760688222162,HCAR2
GO_Biological_Process_2023,Protein Tetramerization (GO:0051262),1/73,0.1642221922692394,0.2282300546103997,0,0,5.752025462962963,10.391234958525118,KRT1
GO_Biological_Process_2023,Monocarboxylic Acid Transport (GO:0015718),1/73,0.1642221922692394,0.2282300546103997,0,0,5.752025462962963,10.391234958525118,RBP7
GO_Biological_Process_2023,Regulation Of Rho Protein Signal Transduction (GO:0035023),1/73,0.1642221922692394,0.2282300546103997,0,0,5.752025462962963,10.391234958525118,RIPOR2
GO_Biological_Process_2023,Positive Regulation Of Secretion By Cell (GO:1903532),1/73,0.1642221922692394,0.2282300546103997,0,0,5.752025462962963,10.391234958525118,EDN3
GO_Biological_Process_2023,Regulation Of Cell Cycle G1/S Phase Transition (GO:1902806),1/74,0.1662773462428849,0.2301800126421112,0,0,5.6729452054794525,10.17782035237302,CDKN2D
GO_Biological_Process_2023,Negative Regulation Of Phosphorylation (GO:0042326),1/75,0.1683275495268852,0.2321079100898065,0,0,5.596002252252252,9.97120022915206,CDKN2D
GO_Biological_Process_2023,Positive Regulation Of Protein Secretion (GO:0050714),1/76,0.1703728138367953,0.2340140205618239,0,0,5.521111111111111,9.771075944218463,HCAR2
GO_Biological_Process_2023,Positive Regulation Of Endothelial Cell Proliferation (GO:0001938),1/77,0.1724131507719458,0.2358986132654917,0,0,5.448190789473684,9.57716561300858,NELL2
GO_Biological_Process_2023,Proteolysis Involved In Protein Catabolic Process (GO:0051603),1/78,0.1744485719970262,0.2368474842882703,0,0,5.377164502164503,9.389202964039915,RPS27AP5
GO_Biological_Process_2023,Cellular Response To Nutrient Levels (GO:0031669),1/78,0.1744485719970262,0.2368474842882703,0,0,5.377164502164503,9.389202964039915,UTS2
GO_Biological_Process_2023,Regulation Of Cyclin-Dependent Protein Serine/Threonine Kinase Activity (GO:0000079),1/79,0.1764790891137693,0.238686277613642,0,0,5.307959401709402,9.20693629318639,CDKN2D
GO_Biological_Process_2023,Wound Healing (GO:0042060),1/80,0.1785047136614883,0.2405044424523106,0,0,5.2405063291139244,9.030127496356862,JAML
GO_Biological_Process_2023,Regulation Of Phosphorylation (GO:0042325),1/82,0.1825413312312226,0.245007946481451,0,0,5.11059670781893,8.691993815929068,CDKN2D
GO_Biological_Process_2023,Phospholipase C-activating G Protein-Coupled Receptor Signaling Pathway (GO:0007200),1/83,0.1845523472379876,0.2467688582386728,0,0,5.048018292682927,8.530253028046035,CXCR2
GO_Biological_Process_2023,Regulation Of Cysteine-Type Endopeptidase Activity Involved In Apoptotic Process (GO:0043281),1/84,0.1865585167269207,0.2474409942017286,0,0,4.986947791164659,8.373136839084948,CDKN2D
GO_Biological_Process_2023,Regulation Of Interleukin-1 Beta Production (GO:0032651),1/84,0.1865585167269207,0.2474409942017286,0,0,4.986947791164659,8.373136839084948,MNDA
GO_Biological_Process_2023,Positive Regulation Of Protein Localization (GO:1903829),1/85,0.1885598511055665,0.2474409942017286,0,0,4.927331349206349,8.220463046913004,RIC3
GO_Biological_Process_2023,Negative Regulation Of Cell Cycle (GO:0045786),1/85,0.1885598511055665,0.2474409942017286,0,0,4.927331349206349,8.220463046913004,DUSP1
GO_Biological_Process_2023,Positive Regulation Of Endothelial Cell Migration (GO:0010595),1/85,0.1885598511055665,0.2474409942017286,0,0,4.927331349206349,8.220463046913004,NELL2
GO_Biological_Process_2023,Regulation Of Mitotic Cell Cycle Phase Transition (GO:1901990),1/86,0.190556361783656,0.2491347989245577,0,0,4.869117647058824,8.072058613293224,CDKN2D
GO_Biological_Process_2023,Regulation Of Endothelial Cell Migration (GO:0010594),1/88,0.1945349576029131,0.2524663236537806,0,0,4.756704980842912,7.78740817211223,NELL2
GO_Biological_Process_2023,Positive Regulation Of Plasma Membrane Bounded Cell Projection Assembly (GO:0120034),1/88,0.1945349576029131,0.2524663236537806,0,0,4.756704980842912,7.78740817211223,RIPOR2
GO_Biological_Process_2023,Sensory Perception Of Mechanical Stimulus (GO:0050954),1/89,0.1965170653943891,0.2541044838249794,0,0,4.7024147727272725,7.650857071596247,RIPOR2
GO_Biological_Process_2023,Regulation Of Phosphatidylinositol 3-Kinase Signaling (GO:0014066),1/90,0.1984943948760389,0.2557245306249698,0,0,4.64934456928839,7.517964209639377,PIK3IP1
GO_Biological_Process_2023,Positive Regulation Of MAP Kinase Activity (GO:0043406),1/91,0.2004669573314919,0.2573266761382424,0,0,4.597453703703704,7.388594729250947,EDN3
GO_Biological_Process_2023,Sensory Perception Of Sound (GO:0007605),1/92,0.2024347639912458,0.2589111293076441,0,0,4.5467032967032965,7.262620120354334,RIPOR2
GO_Biological_Process_2023,Regulation Of Endothelial Cell Proliferation (GO:0001936),1/93,0.204397826110705,0.2604780960905374,0,0,4.49705615942029,7.139917855205284,NELL2
GO_Biological_Process_2023,Muscle Contraction (GO:0006936),1/94,0.2063561548822489,0.2620277794008414,0,0,4.448476702508961,7.0203710519550615,UTS2
GO_Biological_Process_2023,Positive Regulation Of Epithelial Cell Migration (GO:0010634),1/95,0.2083097614480037,0.2635603791797323,0,0,4.40093085106383,6.903868158328248,NELL2
GO_Biological_Process_2023,Protein Localization (GO:0008104),2/351,0.2123643002852283,0.2677307071453056,0,0,2.3900506004999085,3.703268877820961,RIC3;ATG9B
GO_Biological_Process_2023,Positive Regulation Of Protein-Containing Complex Assembly (GO:0031334),1/98,0.214142359503524,0.2690115761734661,0,0,4.264175257731959,6.571581270407724,CXCL13
GO_Biological_Process_2023,Response To UV (GO:0009411),1/100,0.21800735103248,0.2719314307931642,0,0,4.177609427609427,6.363445371866637,CDKN2D
GO_Biological_Process_2023,Antimicrobial Humoral Response (GO:0019730),1/100,0.21800735103248,0.2719314307931642,0,0,4.177609427609427,6.363445371866637,CXCL13
GO_Biological_Process_2023,Calcium Ion Homeostasis (GO:0055074),1/102,0.2218537199073844,0.2747872390431813,0,0,4.09447194719472,6.165198044044981,EDN3
GO_Biological_Process_2023,Activation Of GTPase Activity (GO:0090630),1/102,0.2218537199073844,0.2747872390431813,0,0,4.09447194719472,6.165198044044981,CXCL13
GO_Biological_Process_2023,Regulation Of G1/S Transition Of Mitotic Cell Cycle (GO:2000045),1/106,0.2294909406653386,0.2832528043876383,0,0,3.937698412698413,5.795865707171542,CDKN2D
GO_Biological_Process_2023,Lipid Transport (GO:0006869),1/108,0.2332819671059828,0.2869286912488221,0,0,3.863707165109034,5.623654361810044,RBP7
GO_Biological_Process_2023,Adenylate Cyclase-Activating G Protein-Coupled Receptor Signaling Pathway (GO:0007189),1/110,0.2370547198597219,0.288848621641722,0,0,3.7924311926605503,5.4590692324491465,UTS2
GO_Biological_Process_2023,Response To Lipid (GO:0033993),1/110,0.2370547198597219,0.288848621641722,0,0,3.7924311926605503,5.4590692324491465,CDKN2D
GO_Biological_Process_2023,Negative Regulation Of Cell Population Proliferation (GO:0008285),2/379,0.2376733763778896,0.288848621641722,0,0,2.2093797618375755,3.1745648003137488,CDKN2D;BNIPL
GO_Biological_Process_2023,T Cell Activation (GO:0042110),1/111,0.2389342705931524,0.288848621641722,0,0,3.757765151515152,5.379491770403333,JAML
GO_Biological_Process_2023,Cytoskeleton Organization (GO:0007010),1/111,0.2389342705931524,0.288848621641722,0,0,3.757765151515152,5.379491770403333,KRT13
GO_Biological_Process_2023,Regulation Of Protein Serine/Threonine Kinase Activity (GO:0071900),1/112,0.2408092852503611,0.2901217668715954,0,0,3.723723723723724,5.301651675040672,CDKN2D
GO_Biological_Process_2023,Cellular Response To Molecule Of Bacterial Origin (GO:0071219),1/117,0.2501166914505655,0.2992921765493207,0,0,3.5623204022988504,4.936762304809963,CXCL13
GO_Biological_Process_2023,Positive Regulation Of Protein Serine/Threonine Kinase Activity (GO:0071902),1/117,0.2501166914505655,0.2992921765493207,0,0,3.5623204022988504,4.936762304809963,EDN3
GO_Biological_Process_2023,Regulation Of Small GTPase Mediated Signal Transduction (GO:0051056),1/118,0.2519647137871081,0.2994732120095931,0,0,3.531695156695157,4.868322493782762,ARHGEF40
GO_Biological_Process_2023,Positive Regulation Of Cell Cycle Process (GO:0090068),1/118,0.2519647137871081,0.2994732120095931,0,0,3.531695156695157,4.868322493782762,EDN3
GO_Biological_Process_2023,Potassium Ion Transport (GO:0006813),1/122,0.259312292735852,0.3071719440797172,0,0,3.414256198347108,4.608297319701074,KCNK7
GO_Biological_Process_2023,Protein Dephosphorylation (GO:0006470),1/124,0.2629595230513715,0.3083877463027712,0,0,3.3584010840108403,4.4860015887240845,DUSP1
GO_Biological_Process_2023,Negative Regulation Of Growth (GO:0045926),1/124,0.2629595230513715,0.3083877463027712,0,0,3.3584010840108403,4.4860015887240845,CDKN2D
GO_Biological_Process_2023,Cellular Response To Lipopolysaccharide (GO:0071222),1/124,0.2629595230513715,0.3083877463027712,0,0,3.3584010840108403,4.4860015887240845,CXCL13
GO_Biological_Process_2023,Response To Cytokine (GO:0034097),1/125,0.2647765350088233,0.3084690325350318,0,0,3.331149193548387,4.426661140391498,SELL
GO_Biological_Process_2023,Negative Regulation Of Cell Growth (GO:0030308),1/125,0.2647765350088233,0.3084690325350318,0,0,3.331149193548387,4.426661140391498,CDKN2D
GO_Biological_Process_2023,Antigen Receptor-Mediated Signaling Pathway (GO:0050851),1/134,0.2809334114658099,0.3262154416033911,0,0,3.1043233082706765,3.941365618338237,MNDA
GO_Biological_Process_2023,Potassium Ion Transmembrane Transport (GO:0071805),1/137,0.286241345606316,0.3312891639312444,0,0,3.0353860294117645,3.7970249652161496,KCNK7
GO_Biological_Process_2023,Intracellular Calcium Ion Homeostasis (GO:0006874),1/139,0.2897586249714423,0.3342640346892782,0,0,2.9910929951690823,3.705087921287284,EDN3
GO_Biological_Process_2023,Response To Lipopolysaccharide (GO:0032496),1/159,0.3240106124333795,0.3725594338403354,0,0,2.6098364978902957,2.941230950833157,CXCL13
GO_Biological_Process_2023,Regulation Of Macromolecule Metabolic Process (GO:0060255),1/162,0.3290068352665128,0.3770760157437631,0,0,2.5608178053830226,2.8468016217515144,EDN3
GO_Biological_Process_2023,Adenylate Cyclase-Modulating G Protein-Coupled Receptor Signaling Pathway (GO:0007188),1/163,0.3306641904153248,0.3770847587741386,0,0,2.5448816872427984,2.816298279306064,UTS2
GO_Biological_Process_2023,Negative Regulation Of Apoptotic Process (GO:0043066),2/482,0.3313177626421916,0.3770847587741386,0,0,1.7261524822695036,1.9068415604003408,CDKN2D;PROK2
GO_Biological_Process_2023,Positive Regulation Of Cell Population Proliferation (GO:0008284),2/483,0.3322191500814649,0.3770847587741386,0,0,1.722475339496616,1.898099678217194,EDN3;CXCR2
GO_Biological_Process_2023,Membrane Organization (GO:0061024),1/167,0.337253602648243,0.3815721850475314,0,0,2.4830572289156625,2.6988848153456635,GCA
GO_Biological_Process_2023,Metal Ion Transport (GO:0030001),1/171,0.3437794549959414,0.387712931672739,0,0,2.4241421568627453,2.5883897787945456,KCNK7
GO_Biological_Process_2023,Positive Regulation Of I-kappaB kinase/NF-kappaB Signaling (GO:0043123),1/175,0.3502423480378865,0.3937437861699808,0,0,2.3679358237547894,2.484272371416838,LTB
GO_Biological_Process_2023,Negative Regulation Of Macromolecule Metabolic Process (GO:0010605),1/186,0.367695506472434,0.4120524247135531,0,0,2.2259009009009008,2.2270140992828584,TRAT1
GO_Biological_Process_2023,Positive Regulation Of Intracellular Signal Transduction (GO:1902533),2/525,0.3697565740655574,0.4130508564719676,0,0,1.580733086530247,1.5726877839214972,TRAT1;LTB
GO_Biological_Process_2023,Intracellular Monoatomic Cation Homeostasis (GO:0030003),1/190,0.3739275551680612,0.4163925141145918,0,0,2.178350970017637,2.142829043149991,EDN3
GO_Biological_Process_2023,Modification-Dependent Protein Catabolic Process (GO:0019941),1/192,0.3770209754460539,0.4176012788655215,0,0,2.155322862129145,2.1024192884606947,RPS27AP5
GO_Biological_Process_2023,Regulation Of Signal Transduction (GO:0009966),1/193,0.3785620658271016,0.4176012788655215,0,0,2.1439887152777777,2.0826175553054305,RGS2
GO_Biological_Process_2023,Regulation Of Cell Differentiation (GO:0045595),1/193,0.3785620658271016,0.4176012788655215,0,0,2.1439887152777777,2.0826175553054305,EDN3
GO_Biological_Process_2023,Anterograde Trans-Synaptic Signaling (GO:0098916),1/199,0.3877304897677703,0.4263827504299779,0,0,2.078388047138047,1.969157936659925,UTS2
GO_Biological_Process_2023,Regulation Of Translation (GO:0006417),1/202,0.3922648788623522,0.4300295100571749,0,0,2.047056384742952,1.9156721217833612,KRT13
GO_Biological_Process_2023,Regulation Of MAPK Cascade (GO:0043408),1/204,0.3952695122315171,0.4306485735114986,0,0,2.0266830870279144,1.881141780770528,DUSP1
GO_Biological_Process_2023,Defense Response To Bacterium (GO:0042742),1/204,0.3952695122315171,0.4306485735114986,0,0,2.0266830870279144,1.881141780770528,CXCL13
GO_Biological_Process_2023,Protein Stabilization (GO:0050821),1/208,0.4012351883218207,0.4358031430080084,0,0,1.987117552334944,1.8146506900462736,DNLZ
GO_Biological_Process_2023,Regulation Of Cell Growth (GO:0001558),1/227,0.428793959072465,0.4615925394295846,0,0,1.8183075221238936,1.5397041839892625,CDKN2D
GO_Biological_Process_2023,Positive Regulation Of Cellular Process (GO:0048522),2/594,0.4296098368045767,0.4615925394295846,0,0,1.3915324899367452,1.1756749622443838,EDN3;CXCR2
GO_Biological_Process_2023,Cellular Response To Lipid (GO:0071396),1/228,0.4302094772587346,0.4615925394295846,0,0,1.8102055800293688,1.526877692093458,CXCL13
GO_Biological_Process_2023,Apoptotic Process (GO:0006915),1/228,0.4302094772587346,0.4615925394295846,0,0,1.8102055800293688,1.526877692093458,BNIPL
GO_Biological_Process_2023,Negative Regulation Of Multicellular Organismal Process (GO:0051241),1/231,0.4344354459053535,0.4647142800139084,0,0,1.786322463768116,1.489271179113862,RGS2
GO_Biological_Process_2023,Regulation Of I-kappaB kinase/NF-kappaB Signaling (GO:0043122),1/232,0.4358372673709556,0.464805303268723,0,0,1.7784992784992786,1.4770193658828288,LTB
GO_Biological_Process_2023,Positive Regulation Of Developmental Process (GO:0051094),1/233,0.4372356849478535,0.4648921589957598,0,0,1.770743534482759,1.4649058542366618,EDN3
GO_Biological_Process_2023,Positive Regulation Of GTPase Activity (GO:0043547),1/234,0.438630706795119,0.4649748933894204,0,0,1.763054363376252,1.4529285777709902,CXCL13
GO_Biological_Process_2023,Positive Regulation Of Programmed Cell Death (GO:0043068),1/245,0.4537541222271697,0.4795664824736255,0,0,1.6826331967213115,1.3296164300708784,MNDA
GO_Biological_Process_2023,Negative Regulation Of Signal Transduction (GO:0009968),1/267,0.4828132801326792,0.5087554862293606,0,0,1.5417449874686715,1.1225835063142673,RGS2
GO_Biological_Process_2023,Positive Regulation Of Apoptotic Process (GO:0043065),1/270,0.4866566635138001,0.5112791732749151,0,0,1.5243184634448574,1.0978086813851322,MNDA
GO_Biological_Process_2023,Monoatomic Cation Transmembrane Transport (GO:0098655),1/281,0.500511173010821,0.524274314756142,0,0,1.4636160714285715,1.0130057956236431,KCNK7
GO_Biological_Process_2023,Inorganic Cation Transmembrane Transport (GO:0098662),1/284,0.5042256660474921,0.5266025447182388,0,0,1.447879858657244,0.9914087462215204,KCNK7
GO_Biological_Process_2023,DNA Repair (GO:0006281),1/291,0.5127879026587183,0.533964984184447,0,0,1.4124281609195402,0.9433508314170562,CDKN2D
GO_Biological_Process_2023,Regulation Of Apoptotic Process (GO:0042981),2/705,0.5194423390836399,0.5383110630470791,0,0,1.1650979086589388,0.7631385099955771,PROK2;MNDA
GO_Biological_Process_2023,Regulation Of Intracellular Signal Transduction (GO:1902531),1/297,0.5200115368245155,0.5383110630470791,0,0,1.383375563063063,0.9045952035427076,ARHGEF40
GO_Biological_Process_2023,Protein Modification Process (GO:0036211),2/711,0.5240369396304123,0.5408919289167706,0,0,1.154878012183777,0.7462742047410916,KRT1;SPRR1A
GO_Biological_Process_2023,Positive Regulation Of MAPK Cascade (GO:0043410),1/310,0.5353047075113027,0.5509112587506992,0,0,1.3242988133764833,0.827579685445765,EDN3
GO_Biological_Process_2023,Positive Regulation Of Cytokine Production (GO:0001819),1/320,0.546742896342975,0.5610472163054366,0,0,1.2821316614420062,0.7741211107137145,LTB
GO_Biological_Process_2023,Organelle Assembly (GO:0070925),1/322,0.5489972106461568,0.5617275807480967,0,0,1.2740134994807892,0.7639773790078593,ATG9B
GO_Biological_Process_2023,Protein Modification By Small Protein Conjugation (GO:0032446),1/364,0.5938793761096961,0.6058942767824357,0,0,1.124196510560147,0.5857952505943199,RPS27AP5
GO_Biological_Process_2023,Negative Regulation Of Programmed Cell Death (GO:0043069),1/381,0.6107748702420808,0.6213358190070736,0,0,1.07297149122807,0.5290037532274395,PROK2
GO_Biological_Process_2023,DNA Damage Response (GO:0006974),1/384,0.6136840923792607,0.6225013925571237,0,0,1.0644038294168845,0.5197217699788055,MNDA
GO_Biological_Process_2023,Positive Regulation Of Multicellular Organismal Process (GO:0051240),1/387,0.6165720101280865,0.623638738037864,0,0,1.0559693436960276,0.5106458225421808,HCAR2
GO_Biological_Process_2023,Cellular Response To Oxygen-Containing Compound (GO:1901701),1/406,0.6343771882475577,0.6398147070039655,0,0,1.005452674897119,0.4575931427220813,CXCL13
GO_Biological_Process_2023,Organelle Organization (GO:0006996),1/418,0.6452025294779317,0.6488788971672645,0,0,0.9759192645883292,0.4276390504566375,KRT13
GO_Biological_Process_2023,Protein Ubiquitination (GO:0016567),1/434,0.659149165137474,0.6610217479929783,0,0,0.9390877598152424,0.3914168675394143,RPS27AP5
GO_Biological_Process_2023,Regulation Of Gene Expression (GO:0010468),1/1127,0.9418939942894784,0.9418939942894784,0,0,0.3483015097690941,0.0208502142237466,EDN3
Reactome_2022,Peptide Ligand-Binding Receptors R-HSA-375276,6/196,8.080084836100839e-06,0.001500117771119,0,0,14.512362301101591,170.17353037669469,EDN3;CXCR1;CXCR2;PROK2;UTS2;CXCL13
Reactome_2022,Class A/1 (Rhodopsin-like Receptors) R-HSA-373076,7/327,1.3954583917386954e-05,0.001500117771119,0,0,10.224479166666669,114.30663537689595,HCAR2;EDN3;CXCR1;CXCR2;PROK2;UTS2;CXCL13
Reactome_2022,GPCR Ligand Binding R-HSA-500792,7/458,0.00011798769998021974,0.0063607721874882,0,0,7.206208425720621,65.17965204713813,HCAR2;EDN3;CXCR1;CXCR2;PROK2;UTS2;CXCL13
Reactome_2022,GPCR Downstream Signaling R-HSA-388396,8/619,0.00011833994767420072,0.0063607721874882,0,0,6.176200550876213,55.8448914007789,HCAR2;EDN3;CXCR1;CXCR2;PROK2;UTS2;CXCL13;ARHGEF40
Reactome_2022,Signaling By GPCR R-HSA-372790,8/689,0.00024616139072634744,0.0105849398012329,0,0,5.52129221732746,45.87930564842872,HCAR2;EDN3;CXCR1;CXCR2;PROK2;UTS2;CXCL13;ARHGEF40
Reactome_2022,Chemokine Receptors Bind Chemokines R-HSA-380108,3/56,0.00034964169186176323,0.0125288272917131,0,0,24.48482362592289,194.86495808619284,CXCR1;CXCR2;CXCL13
Reactome_2022,Immune System R-HSA-168256,13/1943,0.0006107418254312981,0.0187584989239613,0,0,3.371804835924007,24.95417539826086,GCA;TRAT1;KRT1;PSMB9;JAML;CXCR1;SELL;CXCR2;LAIR2;MNDA;LTB;ICOS;MUC21
Reactome_2022,Neutrophil Degranulation R-HSA-6798695,6/468,0.0009481044273494846,0.0254803064850174,0,0,5.886137118695258,40.97367069427292,CXCR1;GCA;SELL;KRT1;CXCR2;MNDA
Reactome_2022,Keratinization R-HSA-6805567,4/208,0.0016698539407045,0.0398909552501635,0,0,8.604357298474946,55.02502941354136,KRT15;KRT1;KRT13;SPRR1A
Reactome_2022,Immunoregulatory Interactions Between A Lymphoid And A non-Lymphoid Cell R-HSA-198933,3/123,0.0034027389004454,0.0666238175157078,0,0,10.777717391304348,61.251649861050986,JAML;SELL;LAIR2
Reactome_2022,Innate Immune System R-HSA-168249,8/1035,0.0034086604310362,0.0666238175157078,0,0,3.595411689267818,20.427101047908373,CXCR1;GCA;SELL;KRT1;CXCR2;MNDA;MUC21;PSMB9
Reactome_2022,G Alpha (I) Signaling Events R-HSA-418594,4/312,0.0070906524377647,0.1270408561766178,0,0,5.668975468975469,28.055634427363145,HCAR2;CXCR1;CXCR2;CXCL13
Reactome_2022,Adaptive Immune System R-HSA-1280218,6/733,0.0086865698261665,0.1436625009712166,0,0,3.689709222353732,17.511275638008872,JAML;SELL;TRAT1;LAIR2;ICOS;PSMB9
Reactome_2022,Signal Transduction R-HSA-162582,12/2465,0.0139554844818151,0.2107782176605422,0,0,2.3135046991549237,9.88302068949309,HCAR2;FGFBP2;EDN3;CXCR1;TRAT1;CXCR2;PROK2;UTS2;CXCL13;ARHGEF40;ICOS;PSMB9
Reactome_2022,G Alpha (Q) Signaling Events R-HSA-416476,3/212,0.0151272454602779,0.2107782176605422,0,0,6.16039109631787,25.819787393051197,EDN3;PROK2;UTS2
Reactome_2022,Constitutive Signaling By Aberrant PI3K In Cancer R-HSA-2219530,2/78,0.0156858208491566,0.2107782176605422,0,0,11.128219484882418,46.237730875305125,TRAT1;ICOS
Reactome_2022,Regulation Of Commissural Axon Pathfinding By SLIT And ROBO R-HSA-428542,1/9,0.0218393074841168,0.2599237260015691,0,0,51.934895833333336,198.60131834764672,NELL2
Reactome_2022,Downstream TCR Signaling R-HSA-202424,2/94,0.0222733388457848,0.2599237260015691,0,0,9.185476410730804,34.94490389272714,TRAT1;PSMB9
Reactome_2022,FGFR2b Ligand Binding And Activation R-HSA-190377,1/10,0.0242368708211977,0.2599237260015691,0,0,46.16203703703704,171.71724838044534,FGFBP2
Reactome_2022,TNFR2 Non-Canonical NF-kB Pathway R-HSA-5668541,2/100,0.0249911884332231,0.2599237260015691,0,0,8.620495006513243,31.803005852102093,LTB;PSMB9
Reactome_2022,PI3K/AKT Signaling In Cancer R-HSA-2219528,2/105,0.0273542709107046,0.2599237260015691,0,0,8.199958686221855,29.510688675044072,TRAT1;ICOS
Reactome_2022,"PI5P, PP2A And IER3 Regulate PI3K/AKT Signaling R-HSA-6811558",2/106,0.0278373679750829,0.2599237260015691,0,0,8.120703764320785,29.08329347621452,TRAT1;ICOS
Reactome_2022,PIP3 Activates AKT Signaling R-HSA-1257604,3/268,0.0278791956285846,0.2599237260015691,0,0,4.844790812141099,17.343743302802444,TRAT1;ICOS;PSMB9
Reactome_2022,Tandem Pore Domain Potassium Channels R-HSA-1296346,1/12,0.0290147415071519,0.2599237260015691,0,0,37.76515151515152,133.68679532449664,KCNK7
Reactome_2022,Negative Regulation Of PI3K/AKT Network R-HSA-199418,2/113,0.0313145503410418,0.2693051329329599,0,0,7.605903776116542,26.34435915621024,TRAT1;ICOS
Reactome_2022,TCR Signaling R-HSA-202403,2/116,0.0328548991379609,0.2716847428716003,0,0,7.404628592758492,25.291652296541745,TRAT1;PSMB9
Reactome_2022,Cardiac Conduction R-HSA-5576891,2/126,0.038198619503629,0.2783268674304011,0,0,6.804049416609471,22.214921304824795,KCNK7;FXYD7
Reactome_2022,Intracellular Signaling By Second Messengers R-HSA-9006925,3/306,0.0389793310368269,0.2783268674304011,0,0,4.229014205768403,13.721982818811387,TRAT1;ICOS;PSMB9
Reactome_2022,TNF Receptor Superfamily (TNFSF) Members Mediating Non-Canonical NF-kB Pathway R-HSA-5676594,1/17,0.0408593851672061,0.2783268674304011,0,0,25.95703125,83.00068948212059,LTB
Reactome_2022,Cell Surface Interactions At Vascular Wall R-HSA-202733,2/134,0.0426962874820762,0.2783268674304011,0,0,6.389103803997421,20.14895444755055,JAML;SELL
Reactome_2022,Defective GALNT12 Causes CRCS1 R-HSA-5083636,1/18,0.0432112724444188,0.2783268674304011,0,0,24.42892156862745,76.74721626832032,MUC21
Reactome_2022,Defective GALNT3 Causes HFTC R-HSA-5083625,1/18,0.0432112724444188,0.2783268674304011,0,0,24.42892156862745,76.74721626832032,MUC21
Reactome_2022,Phase 4 - Resting Membrane Potential R-HSA-5576886,1/19,0.0455575103218218,0.2783268674304011,0,0,23.07060185185185,71.26000869785321,KCNK7
Reactome_2022,Defective C1GALT1C1 Causes TNPS R-HSA-5083632,1/19,0.0455575103218218,0.2783268674304011,0,0,23.07060185185185,71.26000869785321,MUC21
Reactome_2022,Developmental Biology R-HSA-1266738,6/1073,0.0460640521938597,0.2783268674304011,0,0,2.469518972995357,7.600493890146513,NELL2;KRT15;KRT1;KRT13;SPRR1A;PSMB9
Reactome_2022,C-type Lectin Receptors (CLRs) R-HSA-5621481,2/141,0.0467864578129079,0.2783268674304011,0,0,6.065207408541252,18.572644500129385,MUC21;PSMB9
Reactome_2022,FGFR2 Ligand Binding And Activation R-HSA-190241,1/20,0.0478981120694178,0.2783268674304011,0,0,21.855263157894736,66.41113333547993,FGFBP2
Reactome_2022,Mitotic G1 Phase And G1/S Transition R-HSA-453279,2/147,0.0504025962800977,0.2851725842163428,0,0,5.812472487160675,17.365997239018228,CDKN2D;PSMB9
Reactome_2022,Termination Of O-glycan Biosynthesis R-HSA-977068,1/25,0.0595170414020208,0.3281067667034483,0,0,17.297743055555557,48.80545398159523,MUC21
Reactome_2022,Ion Channel Transport R-HSA-983712,2/175,0.0685179787721321,0.3375041155990311,0,0,4.86483827327512,13.040973008322766,TSC22D3;FXYD7
Reactome_2022,Dectin-2 Family R-HSA-5621480,1/29,0.0687120775442854,0.3375041155990311,0,0,14.823660714285714,39.695247728368734,MUC21
Reactome_2022,Oncogene Induced Senescence R-HSA-2559585,1/33,0.0778190329125443,0.3375041155990311,0,0,12.968098958333334,33.112344965122624,CDKN2D
Reactome_2022,Muscle Contraction R-HSA-397014,2/196,0.0832999757450453,0.3375041155990311,0,0,4.333625795130511,10.7703906149609,KCNK7;FXYD7
Reactome_2022,Diseases Of Signal Transduction By Growth Factor Receptors And Second Messengers R-HSA-5663202,3/424,0.0853615213220596,0.3375041155990311,0,0,3.025405349581741,7.445098553926145,TRAT1;ICOS;PSMB9
Reactome_2022,Signaling By ROBO Receptors R-HSA-376176,2/209,0.092898441842934,0.3375041155990311,0,0,4.058793298386268,9.644701104416718,NELL2;PSMB9
Reactome_2022,Cyclin D Associated Events In G1 R-HSA-69231,1/47,0.1090115984928597,0.3375041155990311,0,0,9.014945652173912,19.979833011775472,CDKN2D
Reactome_2022,Cross-presentation Of Soluble Exogenous Antigens (Endosomes) R-HSA-1236978,1/48,0.1111996584812328,0.3375041155990311,0,0,8.822695035460994,19.378414132394244,PSMB9
Reactome_2022,Regulation Of Activated PAK-2p34 By Proteasome Mediated Degradation R-HSA-211733,1/49,0.1133824545204342,0.3375041155990311,0,0,8.63845486111111,18.805817941718324,PSMB9
Reactome_2022,Ion Homeostasis R-HSA-5578775,1/50,0.1155599990222406,0.3375041155990311,0,0,8.46173469387755,18.26013079359792,FXYD7
Reactome_2022,Regulation Of Ornithine Decarboxylase (ODC) R-HSA-350562,1/50,0.1155599990222406,0.3375041155990311,0,0,8.46173469387755,18.26013079359792,PSMB9
Reactome_2022,GSK3B And BTRC:CUL1-mediated-degradation Of NFE2L2 R-HSA-9762114,1/51,0.117732304342972,0.3375041155990311,0,0,8.292083333333334,17.739600807203995,PSMB9
Reactome_2022,Autodegradation Of E3 Ubiquitin Ligase COP1 R-HSA-349425,1/51,0.117732304342972,0.3375041155990311,0,0,8.292083333333334,17.739600807203995,PSMB9
Reactome_2022,Ubiquitin Mediated Degradation Of Phosphorylated Cdc25A R-HSA-69601,1/51,0.117732304342972,0.3375041155990311,0,0,8.292083333333334,17.739600807203995,PSMB9
Reactome_2022,Ubiquitin-dependent Degradation Of Cyclin D R-HSA-75815,1/51,0.117732304342972,0.3375041155990311,0,0,8.292083333333334,17.739600807203995,PSMB9
Reactome_2022,Vpu Mediated Degradation Of CD4 R-HSA-180534,1/51,0.117732304342972,0.3375041155990311,0,0,8.292083333333334,17.739600807203995,PSMB9
Reactome_2022,Regulation Of Apoptosis R-HSA-169911,1/52,0.1198993828458443,0.3375041155990311,0,0,8.129084967320262,17.242621342986663,PSMB9
Reactome_2022,Vif-mediated Degradation Of APOBEC3G R-HSA-180585,1/53,0.122061246826909,0.3375041155990311,0,0,7.972355769230769,16.76771645630506,PSMB9
Reactome_2022,Ion Transport By P-type ATPases R-HSA-936837,1/53,0.122061246826909,0.3375041155990311,0,0,7.972355769230769,16.76771645630506,FXYD7
Reactome_2022,Sensory Processing Of Sound By Outer Hair Cells Of Cochlea R-HSA-9662361,1/53,0.122061246826909,0.3375041155990311,0,0,7.972355769230769,16.76771645630506,RIPOR2
Reactome_2022,Negative Regulation Of NOTCH4 Signaling R-HSA-9604323,1/53,0.122061246826909,0.3375041155990311,0,0,7.972355769230769,16.76771645630506,PSMB9
Reactome_2022,AUF1 (hnRNP D0) Binds And Destabilizes mRNA R-HSA-450408,1/54,0.1242179085729291,0.3375041155990311,0,0,7.821540880503145,16.313528042717785,PSMB9
Reactome_2022,Regulation Of RUNX3 Expression And Activity R-HSA-8941858,1/54,0.1242179085729291,0.3375041155990311,0,0,7.821540880503145,16.313528042717785,PSMB9
Reactome_2022,SCF-beta-TrCP Mediated Degradation Of Emi1 R-HSA-174113,1/54,0.1242179085729291,0.3375041155990311,0,0,7.821540880503145,16.313528042717785,PSMB9
Reactome_2022,Degradation Of AXIN R-HSA-4641257,1/54,0.1242179085729291,0.3375041155990311,0,0,7.821540880503145,16.313528042717785,PSMB9
Reactome_2022,FBXL7 Down-Regulates AURKA During Mitotic Entry And In Early Mitosis R-HSA-8854050,1/54,0.1242179085729291,0.3375041155990311,0,0,7.821540880503145,16.313528042717785,PSMB9
Reactome_2022,Hh Mutants Are Degraded By ERAD R-HSA-5362768,1/55,0.126369380338241,0.3375041155990311,0,0,7.676311728395062,15.878804463813514,PSMB9
Reactome_2022,Degradation Of DVL R-HSA-4641258,1/55,0.126369380338241,0.3375041155990311,0,0,7.676311728395062,15.878804463813514,PSMB9
Reactome_2022,Stabilization Of P53 R-HSA-69541,1/56,0.1285156743868668,0.3375041155990311,0,0,7.536363636363636,15.462390450976152,PSMB9
Reactome_2022,NRAGE Signals Death Thru JNK R-HSA-193648,1/57,0.1306568028722364,0.3375041155990311,0,0,7.401413690476191,15.06321813640217,ARHGEF40
Reactome_2022,Hh Mutants Abrogate Ligand Secretion R-HSA-5387390,1/58,0.132792777972346,0.3375041155990311,0,0,7.271198830409356,14.68029904530939,PSMB9
Reactome_2022,Metabolism Of Polyamines R-HSA-351202,1/58,0.132792777972346,0.3375041155990311,0,0,7.271198830409356,14.68029904530939,PSMB9
Reactome_2022,NIK To Noncanonical NF-kB Signaling R-HSA-5676590,1/58,0.132792777972346,0.3375041155990311,0,0,7.271198830409356,14.68029904530939,PSMB9
Reactome_2022,O-linked Glycosylation Of Mucins R-HSA-913709,1/59,0.1349236118713764,0.3375041155990311,0,0,7.145474137931035,14.31271695339298,MUC21
Reactome_2022,GLI3 Is Processed To GLI3R By Proteasome R-HSA-5610785,1/59,0.1349236118713764,0.3375041155990311,0,0,7.145474137931035,14.31271695339298,PSMB9
Reactome_2022,Role Of GTSE1 In G2/M Progression After G2 Checkpoint R-HSA-8852276,1/59,0.1349236118713764,0.3375041155990311,0,0,7.145474137931035,14.31271695339298,PSMB9
Reactome_2022,SCF(Skp2)-mediated Degradation Of P27/P21 R-HSA-187577,1/59,0.1349236118713764,0.3375041155990311,0,0,7.145474137931035,14.31271695339298,PSMB9
Reactome_2022,Degradation Of GLI1 By Proteasome R-HSA-5610780,1/59,0.1349236118713764,0.3375041155990311,0,0,7.145474137931035,14.31271695339298,PSMB9
Reactome_2022,Degradation Of GLI2 By Proteasome R-HSA-5610783,1/59,0.1349236118713764,0.3375041155990311,0,0,7.145474137931035,14.31271695339298,PSMB9
Reactome_2022,Defective CFTR Causes Cystic Fibrosis R-HSA-5678895,1/60,0.1370493166479286,0.3375041155990311,0,0,7.0240112994350286,13.95962150005924,PSMB9
Reactome_2022,Dectin-1 Mediated Noncanonical NF-kB Signaling R-HSA-5607761,1/61,0.1391699044024069,0.3375041155990311,0,0,6.906597222222223,13.620222449856575,PSMB9
Reactome_2022,Asymmetric Localization Of PCP Proteins R-HSA-4608870,1/62,0.1412853871962421,0.3375041155990311,0,0,6.793032786885246,13.293784547448324,PSMB9
Reactome_2022,Autodegradation Of Cdh1 By Cdh1:APC/C R-HSA-174084,1/63,0.1433957770700575,0.3375041155990311,0,0,6.683131720430108,12.979622883843671,PSMB9
Reactome_2022,Oxygen-dependent Proline Hydroxylation Of Hypoxia-inducible Factor Alpha R-HSA-1234176,1/64,0.145501086009976,0.3375041155990311,0,0,6.576719576719577,12.677098721780732,PSMB9
Reactome_2022,Hedgehog Ligand Biogenesis R-HSA-5358346,1/64,0.145501086009976,0.3375041155990311,0,0,6.576719576719577,12.677098721780732,PSMB9
Reactome_2022,p53-Dependent G1 DNA Damage Response R-HSA-69563,1/65,0.1476013260006852,0.3375041155990311,0,0,6.4736328125,12.385615722311575,PSMB9
Reactome_2022,Regulation Of RAS By GAPs R-HSA-5658442,1/65,0.1476013260006852,0.3375041155990311,0,0,6.4736328125,12.385615722311575,PSMB9
Reactome_2022,Activation Of NF-kappaB In B Cells R-HSA-1169091,1/66,0.1496965090156283,0.3375041155990311,0,0,6.373717948717949,12.104616534894063,PSMB9
Reactome_2022,APC/C:Cdc20 Mediated Degradation Of Securin R-HSA-174154,1/67,0.1517866469464216,0.3375041155990311,0,0,6.276830808080808,11.833579710979905,PSMB9
Reactome_2022,G1/S DNA Damage Checkpoints R-HSA-69615,1/67,0.1517866469464216,0.3375041155990311,0,0,6.276830808080808,11.833579710979905,PSMB9
Reactome_2022,Regulation Of PTEN Stability And Activity R-HSA-8948751,1/67,0.1517866469464216,0.3375041155990311,0,0,6.276830808080808,11.833579710979905,PSMB9
Reactome_2022,Sensory Processing Of Sound By Inner Hair Cells Of Cochlea R-HSA-9662360,1/67,0.1517866469464216,0.3375041155990311,0,0,6.276830808080808,11.833579710979905,RIPOR2
Reactome_2022,Costimulation By CD28 Family R-HSA-388841,1/68,0.1538717517089819,0.3375041155990311,0,0,6.182835820895522,11.572016896560733,ICOS
Reactome_2022,Orc1 Removal From Chromatin R-HSA-68949,1/69,0.1559518351617717,0.3375041155990311,0,0,6.091605392156863,11.319470289022188,PSMB9
Reactome_2022,Diseases Associated With O-glycosylation Of Proteins R-HSA-3906995,1/69,0.1559518351617717,0.3375041155990311,0,0,6.091605392156863,11.319470289022188,MUC21
Reactome_2022,CDK-mediated Phosphorylation And Removal Of Cdc6 R-HSA-69017,1/72,0.1621620759393262,0.3375041155990311,0,0,5.833333333333333,10.611760688222162,PSMB9
Reactome_2022,Cdc20:Phospho-APC/C Mediated Degradation Of Cyclin A R-HSA-174184,1/72,0.1621620759393262,0.3375041155990311,0,0,5.833333333333333,10.611760688222162,PSMB9
Reactome_2022,Regulation Of RUNX2 Expression And Activity R-HSA-8939902,1/72,0.1621620759393262,0.3375041155990311,0,0,5.833333333333333,10.611760688222162,PSMB9
Reactome_2022,Signaling By FGFR2 R-HSA-5654738,1/72,0.1621620759393262,0.3375041155990311,0,0,5.833333333333333,10.611760688222162,FGFBP2
Reactome_2022,APC/C:Cdh1 Mediated Degradation Of Cdc20 And APC/C:Cdh1 Targets In Late Mitosis/Early G1 R-HSA-174178,1/73,0.1642221922692394,0.3375041155990311,0,0,5.752025462962963,10.391234958525118,PSMB9
Reactome_2022,APC:Cdc20 Mediated Degradation Of Cell Cycle Proteins Before Cycle Checkpoint Satisfied R-HSA-179419,1/73,0.1642221922692394,0.3375041155990311,0,0,5.752025462962963,10.391234958525118,PSMB9
Reactome_2022,RHOC GTPase Cycle R-HSA-9013106,1/73,0.1642221922692394,0.3375041155990311,0,0,5.752025462962963,10.391234958525118,ARHGEF40
Reactome_2022,Cellular Response To Hypoxia R-HSA-1234174,1/73,0.1642221922692394,0.3375041155990311,0,0,5.752025462962963,10.391234958525118,PSMB9
Reactome_2022,Formation Of Cornified Envelope R-HSA-6809371,1/74,0.1662773462428849,0.3375041155990311,0,0,5.6729452054794525,10.17782035237302,SPRR1A
Reactome_2022,"Cell Death Signaling Via NRAGE, NRIF And NADE R-HSA-204998",1/74,0.1662773462428849,0.3375041155990311,0,0,5.6729452054794525,10.17782035237302,ARHGEF40
Reactome_2022,APC/C:Cdc20 Mediated Degradation Of Mitotic Proteins R-HSA-176409,1/75,0.1683275495268852,0.3375041155990311,0,0,5.596002252252252,9.97120022915206,PSMB9
Reactome_2022,Sensory Processing Of Sound R-HSA-9659379,1/75,0.1683275495268852,0.3375041155990311,0,0,5.596002252252252,9.97120022915206,RIPOR2
Reactome_2022,Activation Of APC/C And APC/C:Cdc20 Mediated Degradation Of Mitotic Proteins R-HSA-176814,1/76,0.1703728138367953,0.3375041155990311,0,0,5.521111111111111,9.771075944218463,PSMB9
Reactome_2022,ABC Transporter Disorders R-HSA-5619084,1/77,0.1724131507719458,0.3375041155990311,0,0,5.448190789473684,9.57716561300858,PSMB9
Reactome_2022,G Alpha (12/13) Signaling Events R-HSA-416482,1/78,0.1744485719970262,0.3375041155990311,0,0,5.377164502164503,9.389202964039915,ARHGEF40
Reactome_2022,FCERI Mediated NF-kB Activation R-HSA-2871837,1/78,0.1744485719970262,0.3375041155990311,0,0,5.377164502164503,9.389202964039915,PSMB9
Reactome_2022,Nuclear Events Mediated By NFE2L2 R-HSA-9759194,1/78,0.1744485719970262,0.3375041155990311,0,0,5.377164502164503,9.389202964039915,PSMB9
Reactome_2022,Downstream Signaling Events Of B Cell Receptor (BCR) R-HSA-1168372,1/79,0.1764790891137693,0.3375041155990311,0,0,5.307959401709402,9.20693629318639,PSMB9
Reactome_2022,Regulation Of APC/C Activators Between G1/S And Early Anaphase R-HSA-176408,1/80,0.1785047136614883,0.3375041155990311,0,0,5.2405063291139244,9.030127496356862,PSMB9
Reactome_2022,Senescence-Associated Secretory Phenotype (SASP) R-HSA-2559582,1/81,0.1805254571808771,0.3375041155990311,0,0,5.174739583333333,8.858551175690666,CDKN2D
Reactome_2022,Signaling By NOTCH4 R-HSA-9013694,1/81,0.1805254571808771,0.3375041155990311,0,0,5.174739583333333,8.858551175690666,PSMB9
Reactome_2022,Cyclin E Associated Events During G1/S Transition R-HSA-69202,1/82,0.1825413312312226,0.3383309156440765,0,0,5.11059670781893,8.691993815929068,PSMB9
Reactome_2022,Cyclin A:Cdk2-associated Events At S Phase Entry R-HSA-69656,1/84,0.1865585167269207,0.338700753161495,0,0,4.986947791164659,8.373136839084948,PSMB9
Reactome_2022,Degradation Of Beta-Catenin By Destruction Complex R-HSA-195253,1/84,0.1865585167269207,0.338700753161495,0,0,4.986947791164659,8.373136839084948,PSMB9
Reactome_2022,Hedgehog On State R-HSA-5632684,1/85,0.1885598511055665,0.338700753161495,0,0,4.927331349206349,8.220463046913004,PSMB9
Reactome_2022,Signaling By FGFR R-HSA-190236,1/86,0.190556361783656,0.338700753161495,0,0,4.869117647058824,8.072058613293224,FGFBP2
Reactome_2022,APC/C-mediated Degradation Of Cell Cycle Proteins R-HSA-174143,1/87,0.1925480601766818,0.338700753161495,0,0,4.8122577519379846,7.927759104072992,PSMB9
Reactome_2022,PCP/CE Pathway R-HSA-4086400,1/88,0.1945349576029131,0.338700753161495,0,0,4.756704980842912,7.78740817211223,PSMB9
Reactome_2022,Regulation Of mRNA Stability By Proteins That Bind AU-rich Elements R-HSA-450531,1/88,0.1945349576029131,0.338700753161495,0,0,4.756704980842912,7.78740817211223,PSMB9
Reactome_2022,ER-Phagosome Pathway R-HSA-1236974,1/89,0.1965170653943891,0.338700753161495,0,0,4.7024147727272725,7.650857071596247,PSMB9
Reactome_2022,Switching Of Origins To A Post-Replicative State R-HSA-69052,1/90,0.1984943948760389,0.338700753161495,0,0,4.64934456928839,7.517964209639377,PSMB9
Reactome_2022,MAPK6/MAPK4 Signaling R-HSA-5687128,1/90,0.1984943948760389,0.338700753161495,0,0,4.64934456928839,7.517964209639377,PSMB9
Reactome_2022,Oxidative Stress Induced Senescence R-HSA-2559580,1/93,0.204397826110705,0.3445122977793908,0,0,4.49705615942029,7.139917855205284,CDKN2D
Reactome_2022,Transcriptional Regulation By RUNX3 R-HSA-8878159,1/95,0.2083097614480037,0.3445122977793908,0,0,4.40093085106383,6.903868158328248,PSMB9
Reactome_2022,UCH Proteinases R-HSA-5689603,1/95,0.2083097614480037,0.3445122977793908,0,0,4.40093085106383,6.903868158328248,PSMB9
Reactome_2022,P75 NTR Receptor-Mediated Signaling R-HSA-193704,1/95,0.2083097614480037,0.3445122977793908,0,0,4.40093085106383,6.903868158328248,ARHGEF40
Reactome_2022,Potential Therapeutics For SARS R-HSA-9679191,1/97,0.212202852644482,0.3446439740587,0,0,4.308810763888889,6.679572779011756,FXYD7
Reactome_2022,Hedgehog Off State R-HSA-5610787,1/98,0.214142359503524,0.3446439740587,0,0,4.264175257731959,6.571581270407724,PSMB9
Reactome_2022,RUNX1 Regulates Transcription Of Genes Involved In Differentiation Of HSCs R-HSA-8939236,1/98,0.214142359503524,0.3446439740587,0,0,4.264175257731959,6.571581270407724,PSMB9
Reactome_2022,CLEC7A (Dectin-1) Signaling R-HSA-5607764,1/99,0.2160771886111481,0.3446439740587,0,0,4.2204506802721085,6.466235125579845,PSMB9
Reactome_2022,Stimuli-sensing Channels R-HSA-2672351,1/100,0.21800735103248,0.3446439740587,0,0,4.177609427609427,6.363445371866637,TSC22D3
Reactome_2022,KEAP1-NFE2L2 Pathway R-HSA-9755511,1/100,0.21800735103248,0.3446439740587,0,0,4.177609427609427,6.363445371866637,PSMB9
Reactome_2022,ABC-family Proteins Mediated Transport R-HSA-382556,1/102,0.2218537199073844,0.3456416650730989,0,0,4.09447194719472,6.165198044044981,PSMB9
Reactome_2022,Potassium Channels R-HSA-1296071,1/102,0.2218537199073844,0.3456416650730989,0,0,4.09447194719472,6.165198044044981,KCNK7
Reactome_2022,Antigen processing-Cross Presentation R-HSA-1236975,1/104,0.2256815539658193,0.3490757849111593,0,0,4.014563106796117,5.976200388856241,PSMB9
Reactome_2022,O-linked Glycosylation R-HSA-5173105,1/107,0.2313887434989261,0.3553469989447794,0,0,3.900353773584906,5.708776634262086,MUC21
Reactome_2022,Signaling By B Cell Receptor (BCR) R-HSA-983705,1/109,0.235170622282374,0.3585935020617761,0,0,3.827739197530864,5.540438043245476,PSMB9
Reactome_2022,Assembly Of Pre-Replicative Complex R-HSA-68867,1/110,0.2370547198597219,0.3589208786608465,0,0,3.7924311926605503,5.4590692324491465,PSMB9
Reactome_2022,Interleukin-1 Signaling R-HSA-9020702,1/114,0.2445457491576363,0.3651203893673042,0,0,3.657448377581121,5.150977935724419,PSMB9
Reactome_2022,Macroautophagy R-HSA-1632852,1/114,0.2445457491576363,0.3651203893673042,0,0,3.657448377581121,5.150977935724419,ATG9B
Reactome_2022,Transport Of Small Molecules R-HSA-382551,3/706,0.2492015502505848,0.3695057469232809,0,0,1.785639186096852,2.481133633835015,TSC22D3;FXYD7;PSMB9
Reactome_2022,Synthesis Of DNA R-HSA-69239,1/119,0.2538082745383733,0.3712161838486413,0,0,3.5015889830508478,4.801295201354348,PSMB9
Reactome_2022,Transcriptional Regulation By RUNX2 R-HSA-8878166,1/119,0.2538082745383733,0.3712161838486413,0,0,3.5015889830508478,4.801295201354348,PSMB9
Reactome_2022,DNA Replication Pre-Initiation R-HSA-69002,1/127,0.2683974045277927,0.3872772059506547,0,0,3.277943121693122,4.31143448027524,PSMB9
Reactome_2022,Autophagy R-HSA-9612973,1/128,0.2702012828540778,0.3872772059506547,0,0,3.251968503937008,4.255487304274522,ATG9B
Reactome_2022,G1/S Transition R-HSA-69206,1/129,0.2720008039629406,0.3872772059506547,0,0,3.226399739583333,4.200611969955875,PSMB9
Reactome_2022,Fc Epsilon Receptor (FCERI) Signaling R-HSA-2454202,1/130,0.2737959781604628,0.3872772059506547,0,0,3.2012273901808785,4.146780503594048,PSMB9
Reactome_2022,Host Interactions Of HIV Factors R-HSA-162909,1/130,0.2737959781604628,0.3872772059506547,0,0,3.2012273901808785,4.146780503594048,PSMB9
Reactome_2022,Signaling By Hedgehog R-HSA-5358351,1/135,0.2827070050205102,0.397268013590913,0,0,3.0810012437810945,3.892365161205596,PSMB9
Reactome_2022,PTEN Regulation R-HSA-6807070,1/139,0.2897586249714423,0.4019232539926458,0,0,2.9910929951690823,3.705087921287284,PSMB9
Reactome_2022,Death Receptor Signaling R-HSA-73887,1/139,0.2897586249714423,0.4019232539926458,0,0,2.9910929951690823,3.705087921287284,ARHGEF40
Reactome_2022,Beta-catenin Independent WNT Signaling R-HSA-3858494,1/142,0.2950027306318847,0.4063668745723154,0,0,2.9270094562647757,3.573207284207981,PSMB9
Reactome_2022,Diseases Of Glycosylation R-HSA-3781865,1/143,0.2967423223621094,0.4063668745723154,0,0,2.90625,3.530777312378629,MUC21
Reactome_2022,RHOA GTPase Cycle R-HSA-8980692,1/147,0.3036587378991768,0.412931709153337,0,0,2.8260559360730597,3.3682369740854674,ARHGEF40
Reactome_2022,G2/M Checkpoints R-HSA-69481,1/148,0.3053774035133981,0.412931709153337,0,0,2.806689342403628,3.3293142044468143,PSMB9
Reactome_2022,Interleukin-1 Family Signaling R-HSA-446652,1/152,0.3122106087631069,0.4195330055254249,0,0,2.7317880794701987,3.1800124666297145,PSMB9
Reactome_2022,DNA Replication R-HSA-69306,1/155,0.3172922568741916,0.4237132622854112,0,0,2.6781655844155843,3.0743519324254893,PSMB9
Reactome_2022,S Phase R-HSA-69242,1/161,0.3273454602523001,0.4344399626805217,0,0,2.576953125,2.8777846031219503,PSMB9
Reactome_2022,Cellular Senescence R-HSA-2559583,1/165,0.3339668792429504,0.4405084603511309,0,0,2.513592479674797,2.756690692508758,CDKN2D
Reactome_2022,Regulation Of Expression Of SLITs And ROBOs R-HSA-9010553,1/167,0.337253602648243,0.4421312473742211,0,0,2.4830572289156625,2.6988848153456635,PSMB9
Reactome_2022,Separation Of Sister Chromatids R-HSA-2467813,1/170,0.342153917690173,0.4458369230508315,0,0,2.4386094674556213,2.615395464472686,PSMB9
Reactome_2022,Disorders Of Transmembrane Transporters R-HSA-5619115,1/176,0.3518483036606474,0.4557071402833687,0,0,2.354285714285714,2.4591812716229144,PSMB9
Reactome_2022,Apoptosis R-HSA-109581,1/178,0.3550485587569653,0.4570984439086679,0,0,2.327448210922787,2.410074283347598,PSMB9
Reactome_2022,G2/M Transition R-HSA-69275,1/182,0.3614027009497814,0.4583608064598896,0,0,2.2755524861878453,2.315971821740016,PSMB9
Reactome_2022,Cellular Response To Chemical Stress R-HSA-9711123,1/182,0.3614027009497814,0.4583608064598896,0,0,2.2755524861878453,2.315971821740016,PSMB9
Reactome_2022,Axon Guidance R-HSA-422475,2/519,0.3644371329580143,0.4583608064598896,0,0,1.5995719988476893,1.614609922550894,NELL2;PSMB9
Reactome_2022,Mitotic G2-G2/M Phases R-HSA-453274,1/184,0.3645567344401912,0.4583608064598896,0,0,2.250455373406193,2.2708739566588165,PSMB9
Reactome_2022,"Cell Cycle, Mitotic R-HSA-69278",2/523,0.3679851984727442,0.4599814980909302,0,0,1.5869645117817617,1.5865083597229686,CDKN2D;PSMB9
Reactome_2022,TCF Dependent Signaling In Response To WNT R-HSA-201681,1/198,0.3862116748146341,0.4786432442592473,0,0,2.0890439932318103,1.9874531142481773,PSMB9
Reactome_2022,Nervous System Development R-HSA-9675108,2/545,0.3873670907028327,0.4786432442592473,0,0,1.5209435366952706,1.442436204424636,NELL2;PSMB9
Reactome_2022,Ub-specific Processing Proteases R-HSA-5689880,1/201,0.3907570830460499,0.4800729877422899,0,0,2.057395833333333,1.933271461913719,PSMB9
Reactome_2022,Signaling By NOTCH R-HSA-157118,1/203,0.3937690190040998,0.4801296335015603,0,0,2.036819306930693,1.89829683042406,PSMB9
Reactome_2022,Transcriptional Regulation By RUNX1 R-HSA-8878171,1/204,0.3952695122315171,0.4801296335015603,0,0,2.0266830870279144,1.881141780770528,PSMB9
Reactome_2022,Programmed Cell Death R-HSA-5357801,1/208,0.4012351883218207,0.4846380083662441,0,0,1.987117552334944,1.8146506900462736,PSMB9
Reactome_2022,Hemostasis R-HSA-109582,2/576,0.4142531555857662,0.4975666393907247,0,0,1.4365038179257172,1.2659592190039988,JAML;SELL
Reactome_2022,Disease R-HSA-1643685,5/1736,0.4226955745244724,0.5048863806820088,0,0,1.1961031458431806,1.0299680562429951,TRAT1;FXYD7;ICOS;MUC21;PSMB9
Reactome_2022,HIV Infection R-HSA-162906,1/229,0.4316215589800439,0.5126996418823726,0,0,1.802174707602339,1.5141981745700688,PSMB9
Reactome_2022,Mitotic Anaphase R-HSA-68882,1/232,0.4358372673709556,0.5136921981627788,0,0,1.7784992784992786,1.4770193658828288,PSMB9
Reactome_2022,Mitotic Metaphase And Anaphase R-HSA-2555396,1/233,0.4372356849478535,0.5136921981627788,0,0,1.770743534482759,1.4649058542366618,PSMB9
Reactome_2022,Neddylation R-HSA-8951664,1/237,0.4427954782938846,0.5173968903977456,0,0,1.7403778248587571,1.4177940782867182,PSMB9
Reactome_2022,Diseases Of Metabolism R-HSA-5668914,1/247,0.456460624171487,0.5304812659290254,0,0,1.6687838753387534,1.308748491227025,MUC21
Reactome_2022,Cell Cycle R-HSA-1640170,2/654,0.4792711135857869,0.5539961796824957,0,0,1.2595614149588827,0.9263933672126072,CDKN2D;PSMB9
Reactome_2022,RAF/MAP Kinase Cascade R-HSA-5673001,1/271,0.4879315629907542,0.5580068406543199,0,0,1.5185956790123456,1.0897140737328748,PSMB9
Reactome_2022,Cell Cycle Checkpoints R-HSA-69620,1/271,0.4879315629907542,0.5580068406543199,0,0,1.5185956790123456,1.0897140737328748,PSMB9
Reactome_2022,MAPK1/MAPK3 Signaling R-HSA-5684996,1/277,0.4955160803498399,0.563548622588059,0,0,1.4851298309178744,1.042792038841119,PSMB9
Reactome_2022,Deubiquitination R-HSA-5688426,1/279,0.4980197129847964,0.563548622588059,0,0,1.4742955635491606,1.027754463538226,PSMB9
Reactome_2022,Signaling By WNT R-HSA-195721,1/294,0.5164129323167295,0.5790828554672909,0,0,1.3977531285551763,0.9237031661528964,PSMB9
Reactome_2022,Cytokine Signaling In Immune System R-HSA-1280215,2/702,0.5171344569754411,0.5790828554672909,0,0,1.170273556231003,0.77173966642162,LTB;PSMB9
Reactome_2022,Antigen Processing: Ubiquitination And Proteasome Degradation R-HSA-983168,1/307,0.5318184489797706,0.5900160588508152,0,0,1.337486383442266,0.8445599353367571,PSMB9
Reactome_2022,Cellular Responses To Stress R-HSA-2262752,2/722,0.5323865833351542,0.5900160588508152,0,0,1.136583924349882,0.7164859039718876,CDKN2D;PSMB9
Reactome_2022,Cellular Responses To Stimuli R-HSA-8953897,2/736,0.542873964100354,0.5972585314887766,0,0,1.1140935706417765,0.6805753595363836,CDKN2D;PSMB9
Reactome_2022,MAPK Family Signaling Cascades R-HSA-5683057,1/318,0.5444775449851174,0.5972585314887766,0,0,1.2903522607781284,0.7844420139252054,PSMB9
Reactome_2022,Metabolism Of Amino Acids And Derivatives R-HSA-71291,1/364,0.5938793761096961,0.6481424663126125,0,0,1.124196510560147,0.5857952505943199,PSMB9
Reactome_2022,SARS-CoV Infections R-HSA-9679506,1/369,0.5989218458310048,0.6503444285538689,0,0,1.1086390398550725,0.5683151607449805,FXYD7
Reactome_2022,Class I MHC Mediated Antigen Processing And Presentation R-HSA-983169,1/378,0.607844190073138,0.6555353963717199,0,0,1.0816755083996463,0.5384977614457716,PSMB9
Reactome_2022,M Phase R-HSA-68886,1/380,0.609800368717879,0.6555353963717199,0,0,1.0758575197889182,0.5321445623166307,PSMB9
Reactome_2022,Neuronal System R-HSA-112316,1/386,0.6156117285417131,0.6584901573953647,0,0,1.0587662337662338,0.5136486065851502,KCNK7
Reactome_2022,RHO GTPase Cycle R-HSA-9012999,1/441,0.6650805942180299,0.7078828106776062,0,0,0.923816287878788,0.3767757490068346,ARHGEF40
Reactome_2022,Signaling By Interleukins R-HSA-449147,1/453,0.6750143721437236,0.7149166995610865,0,0,0.8987370943952803,0.3532228178465184,PSMB9
Reactome_2022,Infectious Disease R-HSA-5663205,2/961,0.6893112197737726,0.7264799620164761,0,0,0.842721806846671,0.3135451082422404,FXYD7;PSMB9
Reactome_2022,Signaling By Receptor Tyrosine Kinases R-HSA-9006934,1/496,0.7082963565159061,0.7428473982971698,0,0,0.8188552188552188,0.2824171793317538,FGFBP2
Reactome_2022,Sensory Perception R-HSA-9709957,1/616,0.7845005469636391,0.818774842704769,0,0,0.6550135501355013,0.1589770350119551,RIPOR2
Reactome_2022,Signaling By Rho GTPases R-HSA-194315,1/644,0.7992541274518308,0.8301431758557662,0,0,0.6255832037325039,0.1401783864622981,ARHGEF40
Reactome_2022,"Signaling By Rho GTPases, Miro GTPases And RHOBTB3 R-HSA-9716542",1/660,0.8072355879728293,0.8334056090731321,0,0,0.6098887202832575,0.130601401464996,ARHGEF40
Reactome_2022,Metabolism Of RNA R-HSA-8953854,1/666,0.810147778122254,0.8334056090731321,0,0,0.6041979949874686,0.1272070035099151,PSMB9
Reactome_2022,Post-translational Protein Modification R-HSA-597592,2/1383,0.8617663577670632,0.8822846043805647,0,0,0.5722033062689694,0.0851273105663936,MUC21;PSMB9
Reactome_2022,Generic Transcription Pathway R-HSA-212436,1/1190,0.9506851298026184,0.9664794870441836,0,0,0.3287426408746846,0.0166252928430151,PSMB9
Reactome_2022,Metabolism Of Proteins R-HSA-392499,2/1890,0.9529937267598462,0.9664794870441836,0,0,0.4071177425171294,0.0196014808390579,MUC21;PSMB9
Reactome_2022,RNA Polymerase II Transcription R-HSA-73857,1/1312,0.964162735414696,0.973215906639247,0,0,0.2962115433511315,0.0108102953545437,PSMB9
Reactome_2022,Gene Expression (Transcription) R-HSA-74160,1/1449,0.9750215837688652,0.9795777593939534,0,0,0.266214894106814,0.0067340843847394,PSMB9
Reactome_2022,Metabolism R-HSA-1430728,1/2049,0.9950207806582988,0.9950207806582988,0,0,0.1821187337239583,0.00090907424436025,PSMB9
