Gene_set,Term,Overlap,P-value,Adjusted P-value,Old P-value,Old Adjusted P-value,Odds Ratio,Combined Score,Genes
KEGG_2021_Human,Tuberculosis,29/180,1.7386892289120581e-12,4.624913348906074e-10,0,0,5.79299429380649,156.86205996026757,CIITA;ITGAM;CALML5;SRC;NOD2;CYP27B1;FCGR3A;CLEC7A;IRAK2;MRC1;HLA-DOA;FCGR1A;HLA-DQA1;CAMP;IL10;SYK;VDR;RIPK2;IL10RB;STAT1;IL1A;CD209;HLA-DRA;CLEC4E;FCGR2B;TLR4;HLA-DRB1;HLA-DQB1;TLR2
KEGG_2021_Human,Staphylococcus aureus infection,20/95,3.403081468739208e-11,4.526098353423146e-09,0,0,7.962790697674419,191.9331536041111,IL10;C1QB;C1QA;ITGAM;PTAFR;KRT24;FPR3;ICAM1;C2;FCGR3A;C3AR1;HLA-DRA;HLA-DOA;FCGR1A;FCGR2B;CAMP;HLA-DQA1;HLA-DRB1;HLA-DQB1;C1QC
KEGG_2021_Human,Phagosome,24/152,2.2229720912263344e-10,1.9710352542206832e-08,0,0,5.618272230889236,124.8773697405712,COLEC12;MSR1;ITGAM;NCF2;TAP2;CYBB;TAP1;MARCO;FCGR3A;TUBB3;CLEC7A;CD209;MRC1;HLA-DRA;OLR1;CD36;HLA-DOA;FCGR1A;FCGR2B;TLR4;HLA-DQA1;HLA-DRB1;HLA-DQB1;TLR2
KEGG_2021_Human,Rheumatoid arthritis,18/93,1.3931194997587616e-09,9.264244673395764e-08,0,0,7.14435857805255,145.68576227470115,CD86;CXCL8;CCL3L1;MMP1;CD80;TNFRSF11A;ICAM1;IL1A;CCL3;ACP5;CTLA4;HLA-DRA;HLA-DOA;TLR4;HLA-DQA1;HLA-DRB1;HLA-DQB1;TLR2
KEGG_2021_Human,Leishmaniasis,15/77,2.9918500911966775e-08,1.3643144270878286e-06,0,0,7.173573200992556,124.28064056464112,IL10;ITGAM;NCF2;STAT1;CYBB;IL1A;FCGR3A;HLA-DRA;HLA-DOA;FCGR1A;TLR4;HLA-DQA1;HLA-DRB1;HLA-DQB1;TLR2
KEGG_2021_Human,Viral protein interaction with cytokine and cytokine receptor,17/100,3.0774009633560045e-08,1.3643144270878286e-06,0,0,6.085155436561059,105.25247120534608,CCR1;IL10;CSF1R;CCL13;CXCL9;CXCL8;CCL22;CCL3L1;IL10RB;CXCL13;CXCL10;CXCL11;CCL8;CCL7;IL2RA;CCL3;CCL18
KEGG_2021_Human,Osteoclast differentiation,19/127,4.137954952284075e-08,1.5724228818679486e-06,0,0,5.236111111111111,89.0163972533527,LILRA6;CSF1R;SYK;NCF2;STAT1;TREM2;LILRB1;TNFRSF11A;LILRB2;LILRB4;LILRB5;OSCAR;IL1A;FCGR3A;BLNK;ACP5;PPARG;FCGR1A;FCGR2B
KEGG_2021_Human,Antigen processing and presentation,14/78,2.524163838355501e-07,7.735329071979916e-06,0,0,6.475470430107527,98.37654989199808,CIITA;KLRC2;KLRC3;KLRC4;CD8B2;TAP2;TAP1;KIR2DL4;HLA-DRA;HLA-DOA;HLA-DQA1;HLA-DRB1;HLA-DQB1;LGMN
KEGG_2021_Human,Epstein-Barr virus infection,23/202,2.862044533409471e-07,7.735329071979916e-06,0,0,3.8339337614646967,57.7641907899786,SYK;STAT1;DDX58;TAP2;TAP1;TNFAIP3;ISG15;ICAM1;CXCL10;BCL2L11;CCNE2;OAS1;CCNE1;OAS2;OAS3;BLNK;HLA-DRA;E2F2;HLA-DOA;HLA-DQA1;HLA-DRB1;HLA-DQB1;TLR2
KEGG_2021_Human,Influenza A,21/172,2.908018448112751e-07,7.735329071979916e-06,0,0,4.142816009213936,62.351965009340425,CIITA;CXCL8;RSAD2;DDX58;STAT1;MX1;TMPRSS2;ICAM1;IFIH1;CXCL10;IL1A;OAS1;OAS2;OAS3;HLA-DRA;TLR7;HLA-DOA;TLR4;HLA-DQA1;HLA-DRB1;HLA-DQB1
KEGG_2021_Human,Systemic lupus erythematosus,18/135,5.510646816095065e-07,1.3325745937102612e-05,0,0,4.56973011532517,65.85627093884273,CD86;IL10;C1QB;C1QA;H2BC5;CD80;C2;FCGR3A;H2AC14;H4C11;HLA-DRA;HLA-DOA;FCGR1A;HLA-DQA1;HLA-DRB1;H3C6;HLA-DQB1;C1QC
KEGG_2021_Human,Cytokine-cytokine receptor interaction,28/295,6.862059399014141e-07,1.5210898334481347e-05,0,0,3.139152981849611,44.55113552188069,CCL13;CSF1R;IL1RN;CXCL9;CXCL8;CCL3L1;CXCL17;TNFRSF11A;CXCL13;CSF2RA;GHR;CCL8;CCL7;CCL3;IL21R;CCL18;RELT;CCR1;IL10;CCL22;IL10RB;TNFRSF9;IL36G;IL1A;CXCL10;CXCL11;TNFSF4;IL2RA
KEGG_2021_Human,Coronavirus disease,24/232,9.288459530099742e-07,1.9005617192357933e-05,0,0,3.442997719908796,47.82090718632598,C1QB;C1QA;CXCL8;SYK;STAT1;DDX58;MMP1;MX1;TMPRSS2;CYBB;ISG15;C2;IFIH1;CXCL10;OAS1;OAS2;OAS3;C3AR1;TLR8;TLR7;TLR4;HBEGF;TLR2;C1QC
KEGG_2021_Human,Inflammatory bowel disease,12/65,1.326256918715063e-06,2.51988814555862e-05,0,0,6.685659799474125,90.47803644913937,IL10;IL1A;STAT1;IL21R;HLA-DRA;NOD2;HLA-DOA;TLR4;HLA-DQA1;HLA-DRB1;HLA-DQB1;TLR2
KEGG_2021_Human,Toll-like receptor signaling pathway,15/104,1.7642141713857253e-06,3.128539797257353e-05,0,0,4.990319792566984,66.11078447467321,CD86;CXCL9;CXCL8;CCL3L1;STAT1;CD80;CXCL10;CXCL11;CCL3;SPP1;TLR8;IRF5;TLR7;TLR4;TLR2
KEGG_2021_Human,NOD-like receptor signaling pathway,20/181,2.703666635988807e-06,4.494845782331392e-05,0,0,3.692811401608166,47.34517195040509,GBP5;CXCL8;RIPK2;STAT1;CYBB;TNFAIP3;NLRC4;NOD2;P2RX7;TRPM2;AIM2;OAS1;NLRP7;OAS2;OAS3;GBP2;TLR4;GBP1;CAMP;GBP4
KEGG_2021_Human,Measles,17/139,3.7991728600003416e-06,5.944588122118181e-05,0,0,4.131514369560818,51.564303700562746,DDX58;STAT1;MX1;TNFAIP3;IFIH1;IL1A;CCNE2;OAS1;CCNE1;CD209;OAS2;OAS3;IL2RA;TLR7;FCGR2B;TLR4;TLR2
KEGG_2021_Human,Type I diabetes mellitus,9/43,9.63583317200518e-06,0.0001423962013196321,0,0,7.788244261119082,89.95439089337134,CD86;IL1A;CD80;GAD1;HLA-DRA;HLA-DOA;HLA-DQA1;HLA-DRB1;HLA-DQB1
KEGG_2021_Human,Neutrophil extracellular trap formation,19/189,1.872630264482032e-05,0.00026216823702748446,0,0,3.315743944636678,36.09380082255705,ITGAM;SIGLEC9;SYK;H2BC5;NCF2;SRC;CYBB;FPR3;FCGR3A;H2AC14;CLEC7A;H4C11;TLR8;TLR7;FCGR1A;TLR4;CAMP;H3C6;TLR2
KEGG_2021_Human,Hematopoietic cell lineage,13/99,2.4146503224011617e-05,0.0003211484928793545,0,0,4.462779997146526,47.4454697624369,CSF1R;ITGAM;CD8B2;CSF2RA;IL1A;IL2RA;HLA-DRA;CD36;HLA-DOA;FCGR1A;HLA-DQA1;HLA-DRB1;HLA-DQB1
KEGG_2021_Human,Allograft rejection,8/38,2.894838682197954e-05,0.0003666795664117408,0,0,7.835616438356165,81.88216105266936,CD86;IL10;CD80;HLA-DRA;HLA-DOA;HLA-DQA1;HLA-DRB1;HLA-DQB1
KEGG_2021_Human,PPAR signaling pathway,11/74,3.146126457444173e-05,0.0003803952898546137,0,0,5.145187126838503,53.33888647460257,FABP3;GK;MMP1;ME1;OLR1;LPL;NR1H3;PPARG;CD36;ANGPTL4;SLC27A2
KEGG_2021_Human,Cell adhesion molecules,16/148,3.472935143718576e-05,0.00038555515947843777,0,0,3.58649670822244,36.82588052474638,CD86;CD274;ITGAM;CD80;CD8B2;PDCD1LG2;CLDN1;ICAM1;CLDN23;HLA-DRA;CTLA4;SIGLEC1;HLA-DOA;HLA-DQA1;HLA-DRB1;HLA-DQB1
KEGG_2021_Human,Cholesterol metabolism,9/50,3.478693168226506e-05,0.00038555515947843777,0,0,6.456201665675193,66.28110152076812,ABCA1;NCEH1;APOC2;APOC1;LPL;CD36;ANGPTL4;APOE;LIPA
KEGG_2021_Human,Pertussis,11/76,4.05933061549517e-05,0.0004319127774886861,0,0,4.986356151493766,50.42157155752769,IL10;C1QB;IL1A;C1QA;CXCL8;ITGAM;CALML5;IRF8;TLR4;C2;C1QC
KEGG_2021_Human,Autoimmune thyroid disease,9/53,5.630263829418187e-05,0.0005760192994712452,0,0,6.015070676274944,58.85607806385472,CD86;IL10;CD80;CTLA4;HLA-DRA;HLA-DOA;HLA-DQA1;HLA-DRB1;HLA-DQB1
KEGG_2021_Human,Graft-versus-host disease,8/42,6.214042820863347e-05,0.0006121982927220927,0,0,6.912346673829349,66.95377625195489,CD86;IL1A;CD80;HLA-DRA;HLA-DOA;HLA-DQA1;HLA-DRB1;HLA-DQB1
KEGG_2021_Human,Chemokine signaling pathway,18/192,7.737744903114196e-05,0.0007350857657958486,0,0,3.063635879123808,29.00287463425141,CCR1;CCL13;CXCL9;CXCL8;CCL22;CCL3L1;SRC;STAT1;CXCL13;PIK3R6;CXCL10;CXCL11;CCL8;CCL7;GNG4;GNB4;CCL3;CCL18
KEGG_2021_Human,Lipid and atherosclerosis,19/215,0.00010921565241985525,0.0010017711566786,0,0,2.871998799519808,26.198907722765863,ABCA1;CYP2J2;CXCL8;CALML5;CCL3L1;NCF2;MMP1;SRC;CYBB;POU2F3;MMP9;ICAM1;CCL3;OLR1;PPARG;CD36;TLR4;ABCG1;TLR2
KEGG_2021_Human,Complement and coagulation cascades,11/85,0.00011542699661391274,0.00102345270331,0,0,4.377861806760889,39.69351391299665,C1QB;C1QA;ITGAM;SERPINB2;PLAU;C3AR1;PLAUR;VSIG4;F3;C2;C1QC
KEGG_2021_Human,Intestinal immune network for IgA production,8/48,0.00016669606308426885,0.0014303597671101,0,0,5.873668188736682,51.09702713654255,CD86;IL10;CD80;HLA-DRA;HLA-DOA;HLA-DQA1;HLA-DRB1;HLA-DQB1
KEGG_2021_Human,NF-kappa B signaling pathway,12/104,0.0001750106996031404,0.0014547764404511,0,0,3.8437312737199543,33.250825623204015,EDARADD;CCL13;CXCL8;SYK;PLAU;DDX58;BLNK;TNFAIP3;TNFRSF11A;CARD14;TLR4;ICAM1
KEGG_2021_Human,Linoleic acid metabolism,6/29,0.0003262597427031541,0.0026298512593648,0,0,7.644784587979151,61.37092966676243,CYP2J2;PLA2G2F;PLA2G2D;ALOX15;PLA2G4C;CYP2E1
KEGG_2021_Human,Toxoplasmosis,12/112,0.00035153000559050247,0.0027502053378551,0,0,3.5347626339969374,28.11272891984696,IL10;CIITA;IL10RB;STAT1;HLA-DRA;HLA-DOA;TLR4;PIK3R6;HLA-DQA1;HLA-DRB1;HLA-DQB1;TLR2
KEGG_2021_Human,Bladder cancer,7/41,0.000365484555138456,0.0027776826190522,0,0,6.039111389236545,47.79525796007993,CXCL8;SRC;CDKN2A;MMP1;E2F2;MMP9;HBEGF
KEGG_2021_Human,Asthma,6/31,0.0004779266666663156,0.0035313470370344,0,0,7.03247344461305,53.77066646667001,IL10;HLA-DRA;HLA-DOA;HLA-DQA1;HLA-DRB1;HLA-DQB1
KEGG_2021_Human,ABC transporters,7/45,0.0006576579034382406,0.004728027089583,0,0,5.402295632698769,39.58167829387067,ABCA1;TAP2;TAP1;ABCA12;ABCA13;ABCD1;ABCG1
KEGG_2021_Human,C-type lectin receptor signaling pathway,11/104,0.000683706898491794,0.0047859482894425,0,0,3.480023675643681,25.362347273828902,IL10;EGR2;EGR3;CCL22;CALML5;SYK;CLEC7A;CD209;SRC;STAT1;CLEC4E
KEGG_2021_Human,Transcriptional misregulation in cancer,16/192,0.0007100046250086117,0.0048425956474946,0,0,2.683709202969604,19.45753332623044,CD86;PTCRA;CSF1R;CEBPA;CXCL8;ITGAM;TMPRSS2;MMP9;ETV7;NR4A3;SIX4;PLAU;PAX7;PPARG;FCGR1A;H3C6
KEGG_2021_Human,Viral myocarditis,8/60,0.0007968502164753788,0.0052990539395612,0,0,4.5153963236155015,32.21664760404452,CD86;CD80;HLA-DRA;HLA-DOA;HLA-DQA1;HLA-DRB1;ICAM1;HLA-DQB1
KEGG_2021_Human,B cell receptor signaling pathway,9/81,0.0014536348356849,0.0094308991778586,0,0,3.670541158536585,23.98217100021328,LILRA6;SYK;BLNK;LILRB1;LILRB2;FCGR2B;PIK3AP1;LILRB4;LILRB5
KEGG_2021_Human,Hepatitis C,13/157,0.0022986417222636,0.0145580642410028,0,0,2.6572405419222904,16.14389720345222,RSAD2;DDX58;STAT1;MX1;NR1H3;IFIT1;CLDN1;CXCL10;OAS1;OAS2;OAS3;CLDN23;E2F2
KEGG_2021_Human,Fat digestion and absorption,6/43,0.0028241640802569,0.0174704103569383,0,0,4.748718369355698,27.872805994087702,ABCA1;PLA2G2F;PLA2G2D;MOGAT2;CD36;CEL
KEGG_2021_Human,Hepatitis B,13/162,0.0030226990275585,0.0182735895756949,0,0,2.5674023139951414,14.895054433051518,EGR2;EGR3;CXCL8;DDX58;SRC;STAT1;MMP9;IFIH1;CCNE2;CCNE1;E2F2;TLR4;TLR2
KEGG_2021_Human,Arachidonic acid metabolism,7/61,0.0040033281411434,0.0236641174565368,0,0,3.798463356973995,20.9699078319951,CYP2J2;PLA2G2F;GPX2;PLA2G2D;PLA2G4C;ALOX15;CYP2E1
KEGG_2021_Human,Ether lipid metabolism,6/49,0.005478394019174,0.0316794088934845,0,0,4.084836080036701,21.2695097897888,PLA2G2F;PLA2G2D;PLA2G4C;GDPD3;PLD1;PLA2G7
KEGG_2021_Human,Malaria,6/50,0.0060544011587712,0.0342653342177264,0,0,3.991791971306387,20.385961073899672,IL10;CXCL8;CD36;TLR4;ICAM1;TLR2
KEGG_2021_Human,Chagas disease,9/102,0.0069189045315093,0.0383422626121142,0,0,2.8386113296616835,14.117827278575623,IL10;C1QB;C1QA;CXCL8;CCL3L1;CCL3;TLR4;TLR2;C1QC
KEGG_2021_Human,Renin secretion,7/69,0.0078906173788178,0.0428347800564399,0,0,3.306966369251888,16.012598689924392,EDN1;EDN2;CALML5;KCNMA1;ADRB1;CLCA4;KCNJ2
KEGG_2021_Human,Primary immunodeficiency,5/38,0.0081063285806104,0.0431256680488477,0,0,4.431129476584022,21.336376811634132,CIITA;BLNK;CD8B2;TAP2;TAP1
KEGG_2021_Human,"Neomycin, kanamycin and gentamicin biosynthesis",2/5,0.0103254589888023,0.0538543547259104,0,0,19.43891402714932,88.89692752651465,HK3;HK2
KEGG_2021_Human,Th1 and Th2 cell differentiation,8/92,0.0115241664601354,0.0589505438153084,0,0,2.7906066536203524,12.455339840604294,STAT1;IL2RA;HLA-DRA;HLA-DOA;HLA-DQA1;HLA-DRB1;HLA-DQB1;DLL3
KEGG_2021_Human,Vascular smooth muscle contraction,10/133,0.0134466715027772,0.0674870682969572,0,0,2.384658350400298,10.275549289789252,PLA2G2F;EDN1;PLA2G2D;EDN2;CALML5;PLA2G4C;KCNMA1;KCNMB3;MYH14;ADM
KEGG_2021_Human,Human T-cell leukemia virus 1 infection,14/219,0.01511149563288,0.0744381081175201,0,0,2.006818777865198,8.413185408427758,EGR2;CDKN2B;CDKN2A;ICAM1;POLB;CCNE2;CCNE1;IL2RA;HLA-DRA;E2F2;HLA-DOA;HLA-DQA1;HLA-DRB1;HLA-DQB1
KEGG_2021_Human,AGE-RAGE signaling pathway in diabetic complications,8/100,0.0183385279112551,0.0886917895344341,0,0,2.546886374164516,10.18436464426154,IL1A;EDN1;CXCL8;STAT1;FN1;CYBB;F3;ICAM1
KEGG_2021_Human,Pathways in cancer,27/531,0.0196301497198158,0.0932432111691252,0,0,1.5811968204209583,6.215192385373885,CSF1R;CEBPA;CXCL8;CALML5;PLD1;CSF2RA;DLL3;BCL2L11;GNG4;HMOX1;E2F2;HES5;CDKN2B;EGLN3;EDN1;EGLN2;CDKN2A;STAT1;MMP1;WNT7B;FN1;MMP9;CCNE2;CCNE1;IL2RA;GNB4;PPARG
KEGG_2021_Human,Fructose and mannose metabolism,4/33,0.0230819497881776,0.1077157656781625,0,0,4.02858782409098,15.182556502746651,HK3;PFKFB4;FBP1;HK2
KEGG_2021_Human,Retinol metabolism,6/68,0.0253501254073868,0.1162609199718085,0,0,2.8302413236085955,10.401056490842702,SDR16C5;CYP27C1;ADH1C;DHRS9;CYP2S1;RDH13
KEGG_2021_Human,Th17 cell differentiation,8/107,0.0263304250947717,0.1187100521221911,0,0,2.365942530326092,8.60500434132893,STAT1;IL2RA;IL21R;HLA-DRA;HLA-DOA;HLA-DQA1;HLA-DRB1;HLA-DQB1
KEGG_2021_Human,Steroid biosynthesis,3/20,0.0273729165592882,0.1213532634128446,0,0,5.149635685089746,18.52942530765232,CYP27B1;CEL;LIPA
KEGG_2021_Human,Kaposi sarcoma-associated herpesvirus infection,12/193,0.0281996142491953,0.1224407432474981,0,0,1.944683695311905,6.939500660054188,CCR1;CD86;CXCL8;CALML5;SYK;STAT1;SRC;GNG4;GNB4;E2F2;PIK3R6;ICAM1
KEGG_2021_Human,GABAergic synapse,7/89,0.0287248993448243,0.1224407432474981,0,0,2.497794499221588,8.867147890551013,GABRP;SLC12A5;SRC;GNG4;GAD1;GNB4;HAP1
KEGG_2021_Human,HIF-1 signaling pathway,8/109,0.0289991234007232,0.1224407432474981,0,0,2.3188510631885104,8.209868251751379,HK3;EDN1;EGLN3;EGLN2;CYBB;HMOX1;TLR4;HK2
KEGG_2021_Human,IL-17 signaling pathway,7/94,0.0371234235904373,0.1542942292977551,0,0,2.3536316947909026,7.751702803424656,CXCL10;CXCL8;MMP13;CCL7;MMP1;TNFAIP3;MMP9
KEGG_2021_Human,Human cytomegalovirus infection,13/225,0.0383611526469973,0.1569856400630967,0,0,1.7985226878110891,5.864460879684894,CCR1;CXCL8;CALML5;CCL3L1;CDKN2A;IL10RB;SRC;TAP2;TAP1;GNG4;GNB4;CCL3;E2F2
KEGG_2021_Human,Legionellosis,5/57,0.0405935948131289,0.1636044881862468,0,0,2.809294871794872,9.001388083398695,CXCL8;ITGAM;NLRC4;TLR4;TLR2
KEGG_2021_Human,Ferroptosis,4/41,0.0464925443524197,0.1845823402648305,0,0,3.156233389213722,9.68478637075139,ALOX15;MAP1LC3B2;HMOX1;CYBB
KEGG_2021_Human,alpha-Linolenic acid metabolism,3/25,0.0489083640619468,0.1913180123599684,0,0,3.9782340016478983,12.00554183267692,PLA2G2F;PLA2G2D;PLA2G4C
KEGG_2021_Human,Amoebiasis,7/102,0.0536520599321968,0.2068325788690487,0,0,2.154535274356103,6.302522887173253,IL10;CXCL8;ITGAM;SERPINB13;FN1;TLR4;TLR2
KEGG_2021_Human,Cell cycle,8/124,0.0550706953541998,0.2092686423459592,0,0,2.01742507741563,5.848792794339267,CDKN2B;CCNE2;ORC1;CCNE1;CDKN2A;E2F2;SMC1B;MCM2
KEGG_2021_Human,Glycosphingolipid biosynthesis,4/45,0.0617639210861228,0.2313972254775868,0,0,2.847717796391277,7.929287626020008,B3GNT5;GCNT2;B4GALNT1;FUT1
KEGG_2021_Human,Lysosome,8/128,0.0639411227041387,0.2362269255458461,0,0,1.9497716894977168,5.361467718218325,PLA2G15;GM2A;LAMP3;ACP5;CD68;LIPA;ARSB;LGMN
KEGG_2021_Human,Natural killer cell mediated cytotoxicity,8/131,0.071144699337814,0.2590506126401108,0,0,1.9019192931655344,5.026847735944847,NCR1;FCGR3A;KLRC2;SYK;KLRC3;RAET1L;ULBP1;ICAM1
KEGG_2021_Human,Oxytocin signaling pathway,9/154,0.0720667117870985,0.2590506126401108,0,0,1.8157064760302772,4.775604058120486,RYR1;TRPM2;KCNJ5;CALML5;SRC;PLA2G4C;KCNJ14;PIK3R6;KCNJ2
KEGG_2021_Human,Non-alcoholic fatty liver disease,9/155,0.0743800085798799,0.2616042234921686,0,0,1.8031761610424324,4.685676005926188,IL1A;CEBPA;BCL2L11;CXCL8;NDUFA4L2;NR1H3;PPARG;CYP2E1;COX6B2
KEGG_2021_Human,Amino sugar and nucleotide sugar metabolism,4/48,0.0747440638549053,0.2616042234921686,0,0,2.653142621372576,6.881417501852352,HK3;NPL;RENBP;HK2
KEGG_2021_Human,Cellular senescence,9/156,0.0767385688949278,0.2632479943292817,0,0,1.7908163265306123,4.597653805732661,IL1A;CDKN2B;CXCL8;CALML5;CCNE2;CCNE1;CDKN2A;E2F2;KIR2DL4
KEGG_2021_Human,Viral carcinogenesis,11/203,0.0771930208935487,0.2632479943292817,0,0,1.676963876146789,4.295452796677294,POLB;EGR2;CDKN2B;EGR3;SYK;H2BC5;CCNE2;CDKN2A;CCNE1;SRC;H4C11
KEGG_2021_Human,Proteoglycans in cancer,11/205,0.0814088867978097,0.2741109352938912,0,0,1.659502191115735,4.162480950763641,PLAU;SRC;WNT7B;FN1;GPC3;PLAUR;HPSE;TLR4;MMP9;HBEGF;TLR2
KEGG_2021_Human,RIG-I-like receptor signaling pathway,5/70,0.083253857398428,0.2753586604963142,0,0,2.245920745920746,5.583046378302785,IFIH1;CXCL10;CXCL8;DDX58;ISG15
KEGG_2021_Human,PI3K-Akt signaling pathway,17/354,0.0838498176699302,0.2753586604963142,0,0,1.4789445726636627,3.665901271233828,CSF1R;SYK;FN1;PIK3R6;GHR;BCL2L11;CCNE2;CCNE1;GNG4;IL2RA;MYB;SPP1;GNB4;PIK3AP1;TLR4;EPHA2;TLR2
KEGG_2021_Human,Leukocyte transendothelial migration,7/114,0.0859318736487263,0.2787465884928661,0,0,1.9117120699940344,4.691724648322681,ITGAM;NCF2;CLDN23;CYBB;CLDN1;MMP9;ICAM1
KEGG_2021_Human,Yersinia infection,8/137,0.0869773189658191,0.2787465884928661,0,0,1.8128915790591484,4.42727683955558,IL10;CXCL8;SRC;WIPF3;FN1;CD8B2;NLRC4;TLR4
KEGG_2021_Human,Fluid shear stress and atherosclerosis,8/139,0.0926764847825517,0.2934755351447471,0,0,1.7850279433464626,4.24593977517172,IL1A;EDN1;CALML5;NCF2;SRC;HMOX1;MMP9;ICAM1
KEGG_2021_Human,Fc gamma R-mediated phagocytosis,6/97,0.1043110021508081,0.322636355489709,0,0,1.9253947873067752,4.352120859771907,FCGR3A;SYK;PLA2G4C;PLD1;FCGR1A;FCGR2B
KEGG_2021_Human,Prostate cancer,6/97,0.1043110021508081,0.322636355489709,0,0,1.9253947873067752,4.352120859771907,CCNE2;PLAU;CCNE1;TMPRSS2;E2F2;MMP9
KEGG_2021_Human,Glycerophospholipid metabolism,6/98,0.1081856427863032,0.3307744940362835,0,0,1.9043676189219505,4.235135740947502,PLA2G15;PLA2G2F;ACHE;PLA2G2D;PLA2G4C;PLD1
KEGG_2021_Human,African trypanosomiasis,3/37,0.1240433057189528,0.3749490831959258,0,0,2.5725519815176825,5.369236357360326,IL10;ICAM1;IDO1
KEGG_2021_Human,Glycosaminoglycan degradation,2/19,0.1302383780251356,0.3892517815133267,0,0,3.427912341407151,6.987418228807119,HPSE;ARSB
KEGG_2021_Human,Notch signaling pathway,4/59,0.1326127438115746,0.391944331709765,0,0,2.121303809654793,4.285716964642881,PTCRA;DTX3L;HES5;DLL3
KEGG_2021_Human,Relaxin signaling pathway,7/129,0.1388026014543196,0.4057306811741651,0,0,1.675357516567841,3.3083326572927123,EDN1;MMP13;MMP1;SRC;GNG4;GNB4;MMP9
KEGG_2021_Human,Glycerolipid metabolism,4/61,0.1446784258470936,0.4183093616883359,0,0,2.046659765904929,3.95668811198696,GK;MOGAT2;LPL;CEL
KEGG_2021_Human,Necroptosis,8/159,0.1607879418212673,0.4598880916608293,0,0,1.5469876117612669,2.827381167930301,IL1A;H2AC14;STAT1;ALOX15;PLA2G4C;CYBB;TNFAIP3;TLR4
KEGG_2021_Human,Tryptophan metabolism,3/42,0.1629803027909168,0.4611995802381263,0,0,2.2421566349058795,4.067554484340266,IL4I1;KMO;IDO1
KEGG_2021_Human,Alcoholism,9/186,0.1680489323811013,0.4643851397032392,0,0,1.4849627945431996,2.648431259619924,H2AC14;CALML5;H2BC5;GNG4;PPP1R1B;H4C11;GNB4;SLC29A3;H3C6
KEGG_2021_Human,TNF signaling pathway,6/112,0.1696775698619589,0.4643851397032392,0,0,1.6516448592779225,2.929778972015301,CXCL10;EDN1;TNFAIP3;NOD2;MMP9;ICAM1
KEGG_2021_Human,Apelin signaling pathway,7/137,0.1722053964374903,0.4643851397032392,0,0,1.5716039279869067,2.764557155726254,RYR1;CALML5;GNG4;GNB4;SPP1;SLC8A1;PIK3R6
KEGG_2021_Human,Cholinergic synapse,6/113,0.1745438896583362,0.4643851397032392,0,0,1.6361238353211465,2.8559834939020328,ACHE;GNG4;KCNJ14;GNB4;PIK3R6;KCNJ2
KEGG_2021_Human,Serotonergic synapse,6/113,0.1745438896583362,0.4643851397032392,0,0,1.6361238353211465,2.8559834939020328,CYP2J2;KCNJ5;GNG4;ALOX15;PLA2G4C;GNB4
KEGG_2021_Human,PD-L1 expression and PD-1 checkpoint pathway in cancer,5/89,0.1745808795876839,0.4643851397032392,0,0,1.7362012987012987,3.0303087149371524,BATF2;CD274;STAT1;TLR4;TLR2
KEGG_2021_Human,Acute myeloid leukemia,4/67,0.1832231973176674,0.4697312811924034,0,0,1.8511634608457603,3.1415173433881685,CEBPA;CSF1R;ITGAM;FCGR1A
KEGG_2021_Human,Glycolysis / Gluconeogenesis,4/67,0.1832231973176674,0.4697312811924034,0,0,1.8511634608457603,3.1415173433881685,HK3;ADH1C;FBP1;HK2
KEGG_2021_Human,Caffeine metabolism,1/6,0.1836543355037968,0.4697312811924034,0,0,5.822289156626506,9.867032848996889,XDH
KEGG_2021_Human,"Phenylalanine, tyrosine and tryptophan biosynthesis",1/6,0.1836543355037968,0.4697312811924034,0,0,5.822289156626506,9.867032848996889,IL4I1
KEGG_2021_Human,Small cell lung cancer,5/92,0.191593003318138,0.4853689417392831,0,0,1.6760710553814002,2.7695095273880237,CDKN2B;CCNE2;CCNE1;FN1;E2F2
KEGG_2021_Human,GnRH signaling pathway,5/93,0.1973904451019776,0.4907089569824864,0,0,1.6569387052341598,2.688501614628012,CALML5;SRC;PLA2G4C;PLD1;HBEGF
KEGG_2021_Human,Salivary secretion,5/93,0.1973904451019776,0.4907089569824864,0,0,1.6569387052341598,2.688501614628012,CALML5;KCNMA1;ADRB1;LYZ;CAMP
KEGG_2021_Human,Epithelial cell signaling in Helicobacter pylori infection,4/70,0.2036363150759032,0.5002237095258176,0,0,1.7667446018429378,2.811632067773713,CXCL8;PTPRZ1;SRC;HBEGF
KEGG_2021_Human,Carbohydrate digestion and absorption,3/47,0.2049788884899027,0.5002237095258176,0,0,1.9868511397967592,3.148857627661974,HK3;SLC2A5;HK2
KEGG_2021_Human,Pathogenic Escherichia coli infection,9/197,0.2105608760967431,0.5091744821975787,0,0,1.397273936170213,2.176925503877108,MYO1E;CXCL8;TUBB3;SRC;WIPF3;CLDN23;MYH14;CLDN1;TLR4
KEGG_2021_Human,Circadian entrainment,5/97,0.2211550181931103,0.5299750886429491,0,0,1.584568511198946,2.390941773225166,RYR1;KCNJ5;CALML5;GNG4;GNB4
KEGG_2021_Human,Cysteine and methionine metabolism,3/50,0.231249362939094,0.5492172369803483,0,0,1.859741595423282,2.7231427317209618,IL4I1;SDS;BCAT1
KEGG_2021_Human,Riboflavin metabolism,1/8,0.2370557901163459,0.5580251342561771,0,0,4.158347676419965,5.985774165822479,ACP5
KEGG_2021_Human,Metabolism of xenobiotics by cytochrome P450,4/76,0.2462427520638162,0.5657471541844313,0,0,1.619011598587998,2.2689434580852947,ADH1C;CYP2S1;DHDH;CYP2E1
KEGG_2021_Human,Pancreatic cancer,4/76,0.2462427520638162,0.5657471541844313,0,0,1.619011598587998,2.2689434580852947,CDKN2A;STAT1;E2F2;PLD1
KEGG_2021_Human,Neuroactive ligand-receptor interaction,14/341,0.2467168040804286,0.5657471541844313,0,0,1.250073986386505,1.7494962228954791,GABRP;EDN1;EDN2;P2RY14;PTAFR;FPR3;ADM;ADRB1;NTS;GHR;P2RX7;NPW;ADORA3;C3AR1
KEGG_2021_Human,Pancreatic secretion,5/102,0.2519850162487202,0.5728890113005092,0,0,1.5024992189940642,2.071023366457493,PLA2G2F;PLA2G2D;KCNMA1;CEL;CLCA4
KEGG_2021_Human,Cushing syndrome,7/155,0.2579178975931651,0.5814081420320503,0,0,1.379169062679701,1.8689312653301016,CDKN2B;NCEH1;CCNE2;CCNE1;CDKN2A;WNT7B;E2F2
KEGG_2021_Human,Human immunodeficiency virus 1 infection,9/212,0.2744767737096155,0.6097581664020719,0,0,1.2930133365373062,1.671722247314479,CALML5;GNG4;TAP2;GNB4;TAP1;TLR4;APOBEC3A;APOBEC3B;TLR2
KEGG_2021_Human,Galactose metabolism,2/31,0.2757090022255211,0.6097581664020719,0,0,2.008217610651688,2.5874062645327967,HK3;HK2
KEGG_2021_Human,"Parathyroid hormone synthesis, secretion and action",5/106,0.2773711959949275,0.6097581664020719,0,0,1.442694269426943,1.8501091288372973,CYP27B1;MMP13;VDR;PLD1;HBEGF
KEGG_2021_Human,JAK-STAT signaling pathway,7/162,0.2941729013358057,0.641393375043642,0,0,1.3164035689773508,1.610735063487984,GHR;IL10;IL10RB;STAT1;IL2RA;IL21R;CSF2RA
KEGG_2021_Human,Base excision repair,2/33,0.3005579894756511,0.647076018414289,0,0,1.8784605653675863,2.2581248091634416,POLB;POLE2
KEGG_2021_Human,Herpes simplex virus 1 infection,19/498,0.3016444597119242,0.647076018414289,0,0,1.1578042490482623,1.387635618195467,ZNF473;SYK;STAT1;SRC;DDX58;TAP2;TAP1;PILRA;POU2F3;IFIH1;OAS1;OAS2;OAS3;HLA-DRA;HLA-DOA;HLA-DQA1;HLA-DRB1;HLA-DQB1;TLR2
KEGG_2021_Human,Estrogen signaling pathway,6/137,0.3049261211011147,0.6488827857031721,0,0,1.334707919702533,1.5852135868054975,KCNJ5;CALML5;SRC;KRT24;MMP9;HBEGF
KEGG_2021_Human,Taurine and hypotaurine metabolism,1/11,0.3106889902256541,0.6558989793652699,0,0,2.9103915662650603,3.4021397613526294,GAD1
KEGG_2021_Human,cGMP-PKG signaling pathway,7/167,0.3207257842962079,0.6689576132343883,0,0,1.274933510638298,1.449814579091081,CALML5;ADORA3;KCNMA1;KCNMB3;ADRB1;SLC8A1;PIK3R6
KEGG_2021_Human,Mineral absorption,3/60,0.3219044153909838,0.6689576132343883,0,0,1.5326761011289554,1.7372893171992745,VDR;HMOX1;SLC8A1
KEGG_2021_Human,Glutamatergic synapse,5/114,0.3294582213473652,0.6793479602976679,0,0,1.336252432582708,1.483648728839506,GNG4;PLA2G4C;GNB4;SLC1A3;PLD1
KEGG_2021_Human,DNA replication,2/36,0.3375268353664097,0.6801677136929165,0,0,1.7124478750776329,1.8599072062097632,POLE2;MCM2
KEGG_2021_Human,Starch and sucrose metabolism,2/36,0.3375268353664097,0.6801677136929165,0,0,1.7124478750776329,1.8599072062097632,HK3;HK2
KEGG_2021_Human,Tyrosine metabolism,2/36,0.3375268353664097,0.6801677136929165,0,0,1.7124478750776329,1.8599072062097632,IL4I1;ADH1C
KEGG_2021_Human,Cytosolic DNA-sensing pathway,3/63,0.3493881953643346,0.6942319951219788,0,0,1.4558157099697886,1.5308945534163654,CXCL10;AIM2;DDX58
KEGG_2021_Human,"Alanine, aspartate and glutamate metabolism",2/37,0.3497258922794931,0.6942319951219788,0,0,1.6634346046110753,1.7476137045974172,IL4I1;GAD1
KEGG_2021_Human,Morphine addiction,4/91,0.3586088793819596,0.7065923104859353,0,0,1.3388283165527677,1.3729991739378955,GABRP;KCNJ5;GNG4;GNB4
KEGG_2021_Human,Ras signaling pathway,9/232,0.3666426628615898,0.7171099141263448,0,0,1.1758175653505414,1.1797772202812675,PLA2G2F;CSF1R;PLA2G2D;CALML5;GNG4;PLA2G4C;GNB4;PLD1;EPHA2
KEGG_2021_Human,Retrograde endocannabinoid signaling,6/148,0.3698506712904124,0.7181042230894138,0,0,1.2306097587039688,1.2240333135967518,GABRP;KCNJ5;DAGLA;GNG4;GNB4;NDUFA4L2
KEGG_2021_Human,Inflammatory mediator regulation of TRP channels,4/98,0.4115582506524048,0.7900213206001409,0,0,1.2386776965912385,1.0997038956982057,CYP2J2;CALML5;SRC;PLA2G4C
KEGG_2021_Human,Prolactin signaling pathway,3/70,0.4128306900880435,0.7900213206001409,0,0,1.303242097668756,1.1530013791274178,SRC;STAT1;TNFRSF11A
KEGG_2021_Human,Prion disease,10/273,0.4229669353474717,0.8036371771601963,0,0,1.1071314544451862,0.952643737369128,RYR1;C1QB;IL1A;C1QA;NCF2;TUBB3;NDUFA4L2;CYBB;COX6B2;C1QC
KEGG_2021_Human,Shigellosis,9/246,0.4330306583810555,0.8169230860238352,0,0,1.1055495523309664,0.9252861035833992,HK3;CXCL8;RIPK2;SRC;SEPTIN3;NLRC4;TLR4;HK2;H3C6
KEGG_2021_Human,Phenylalanine metabolism,1/17,0.4373479340336059,0.8174498174079,0,0,1.818429969879518,1.503889251515023,IL4I1
KEGG_2021_Human,p53 signaling pathway,3/73,0.4394561048471041,0.8174498174079,0,0,1.2471946482520502,1.025465193424805,CCNE2;CCNE1;CDKN2A
KEGG_2021_Human,Dopaminergic synapse,5/132,0.448190354150306,0.821270784962791,0,0,1.1457885946074922,0.919538015370056,KCNJ5;CALML5;GNG4;PPP1R1B;GNB4
KEGG_2021_Human,Type II diabetes mellitus,2/46,0.4551548895416388,0.821270784962791,0,0,1.3225695872754697,1.0410176689437045,HK3;HK2
KEGG_2021_Human,Other glycan degradation,1/18,0.4560719932788273,0.821270784962791,0,0,1.7113749114103474,1.3436083185793315,NEU4
KEGG_2021_Human,Glioma,3/75,0.4569476547913273,0.821270784962791,0,0,1.2124244712990937,0.9495544000942944,CALML5;CDKN2A;E2F2
KEGG_2021_Human,Thyroid hormone synthesis,3/75,0.4569476547913273,0.821270784962791,0,0,1.2124244712990937,0.9495544000942944,GPX2;DUOXA2;DUOX2
KEGG_2021_Human,Pyruvate metabolism,2/47,0.4662738183527508,0.8324082931666558,0,0,1.2931121166415285,0.9866215591408496,ADH1C;ME1
KEGG_2021_Human,Bacterial invasion of epithelial cells,3/77,0.4742044032138863,0.8407308219843285,0,0,1.179533763370621,0.880069980409531,SRC;FN1;SEPTIN3
KEGG_2021_Human,"Valine, leucine and isoleucine degradation",2/48,0.4772569703745624,0.8407308219843285,0,0,1.2649354056003672,0.9356729866682528,IL4I1;BCAT1
KEGG_2021_Human,Drug metabolism,4/108,0.4853207845447733,0.8437603182281681,0,0,1.1189922029558943,0.8089700366472439,ADH1C;CYP2E1;FMO4;XDH
KEGG_2021_Human,Insulin resistance,4/108,0.4853207845447733,0.8437603182281681,0,0,1.1189922029558943,0.8089700366472439,NR1H3;CD36;SLC27A2;PPARGC1B
KEGG_2021_Human,Pantothenate and CoA biosynthesis,1/21,0.5085928741440946,0.8741289594978798,0,0,1.4544427710843373,0.9833595739585842,BCAT1
KEGG_2021_Human,Ovarian steroidogenesis,2/51,0.5093608598577871,0.8741289594978798,0,0,1.187305691507372,0.8009547040249648,CYP2J2;PLA2G4C
KEGG_2021_Human,Peroxisome,3/82,0.5161855900009937,0.880162608591438,0,0,1.10459290986271,0.7304550387300713,ABCD1;SLC27A2;XDH
KEGG_2021_Human,Endocrine and other factor-regulated calcium reabsorption,2/53,0.5300339718372281,0.8980193408197623,0,0,1.1406263863011268,0.724085800323859,VDR;SLC8A1
KEGG_2021_Human,ErbB signaling pathway,3/85,0.5404931437728218,0.9099441534403202,0,0,1.0640151794267187,0.6546601593764789,NRG4;SRC;HBEGF
KEGG_2021_Human,Calcium signaling pathway,8/240,0.547379711352808,0.9108561117402146,0,0,1.0026242586469325,0.604193957908384,RYR1;P2RX7;ITPKC;CALML5;PTAFR;ADRB1;MCOLN2;SLC8A1
KEGG_2021_Human,Phospholipase D signaling pathway,5/148,0.5489121062916198,0.9108561117402146,0,0,1.0167408349226532,0.6098583846313755,CXCL8;SYK;PLA2G4C;PLD1;PIK3R6
KEGG_2021_Human,Gastric cancer,5/149,0.5549228099063577,0.9108561117402146,0,0,1.0096275252525253,0.5945961585612407,CDKN2B;CCNE2;CCNE1;WNT7B;E2F2
KEGG_2021_Human,Cardiac muscle contraction,3/87,0.5563018656145687,0.9108561117402146,0,0,1.0385735865343115,0.6090654647103091,SLC9A7;COX6B2;SLC8A1
KEGG_2021_Human,ECM-receptor interaction,3/88,0.5640830588530599,0.9108561117402146,0,0,1.0263017593744446,0.5876129423669123,SPP1;FN1;CD36
KEGG_2021_Human,Gap junction,3/88,0.5640830588530599,0.9108561117402146,0,0,1.0263017593744446,0.5876129423669123,TUBB3;SRC;ADRB1
KEGG_2021_Human,Axon guidance,6/182,0.5661453688997842,0.9108561117402146,0,0,0.9911194647537592,0.5638522226832183,SEMA4A;SEMA7A;ABLIM3;SRC;EPHB2;EPHA2
KEGG_2021_Human,AMPK signaling pathway,4/120,0.5684290020634423,0.9108561117402146,0,0,1.0026083781104909,0.5663522776760074,PFKFB4;PPARG;CD36;FBP1
KEGG_2021_Human,cAMP signaling pathway,7/216,0.5808603376904228,0.9206914435395468,0,0,0.9735315076860428,0.5288660593082642,EDN1;EDN2;SUCNR1;CALML5;PPP1R1B;ADRB1;PLD1
KEGG_2021_Human,MicroRNAs in cancer,10/310,0.5838043824362913,0.9206914435395468,0,0,0.968702290076336,0.5213452208189411,ZEB2;BCL2L11;CCNE2;CDKN2A;PLAU;CCNE1;HMOX1;E2F2;MMP9;EZH2
KEGG_2021_Human,Folate biosynthesis,1/26,0.5851161197739073,0.9206914435395468,0,0,1.1632530120481928,0.6234395844845064,GCH1
KEGG_2021_Human,VEGF signaling pathway,2/59,0.5884118248185074,0.9206914435395468,0,0,1.0202429149797572,0.5410635824326946,SRC;PLA2G4C
KEGG_2021_Human,Platelet activation,4/124,0.5944311957867705,0.924198022674554,0,0,0.9689863842662632,0.5040185624818532,SYK;SRC;PLA2G4C;PIK3R6
KEGG_2021_Human,Long-term depression,2/60,0.5976017289474559,0.924198022674554,0,0,1.002600509699901,0.5161695743804398,RYR1;PLA2G4C
KEGG_2021_Human,Steroid hormone biosynthesis,2/61,0.6066366529088767,0.92538154018437,0,0,0.9855561520566506,0.492605861947361,STS;CYP2E1
KEGG_2021_Human,TGF-beta signaling pathway,3/94,0.6089763091439763,0.92538154018437,0,0,0.9583347166428736,0.4753109363056134,CDKN2B;FST;HAMP
KEGG_2021_Human,Butanoate metabolism,1/28,0.6122825228287562,0.92538154018437,0,0,1.0769745649263722,0.5283222196735825,GAD1
KEGG_2021_Human,Phototransduction,1/28,0.6122825228287562,0.92538154018437,0,0,1.0769745649263722,0.5283222196735825,CALML5
KEGG_2021_Human,Lysine degradation,2/63,0.6242422463606491,0.9319829935183144,0,0,0.9531439309645674,0.4491374050920642,KMT5C;EZH2
KEGG_2021_Human,Oocyte meiosis,4/129,0.6255902421295787,0.9319829935183144,0,0,0.9299848714069592,0.436218413154101,CALML5;CCNE2;CCNE1;SMC1B
KEGG_2021_Human,GnRH secretion,2/64,0.6328136539842809,0.9319829935183144,0,0,0.9377219870578504,0.4290821569938054,KCNJ5;SPP1
KEGG_2021_Human,Aldosterone synthesis and secretion,3/98,0.6371386040907759,0.9319829935183144,0,0,0.9177929718556208,0.4137117557891901,KCNJ5;DAGLA;CALML5
KEGG_2021_Human,Pentose phosphate pathway,1/30,0.637672574512531,0.9319829935183144,0,0,1.0025965932696304,0.4510986195415593,FBP1
KEGG_2021_Human,beta-Alanine metabolism,1/30,0.637672574512531,0.9319829935183144,0,0,1.0025965932696304,0.4510986195415593,GAD1
KEGG_2021_Human,Melanogenesis,3/101,0.6573105586714398,0.9324732488247796,0,0,0.8895585424502127,0.3732575903188831,EDN1;CALML5;WNT7B
KEGG_2021_Human,Hepatocellular carcinoma,5/168,0.6608182454368243,0.9324732488247796,0,0,0.8910578174381856,0.3691442658096059,CDKN2A;WNT7B;DPF3;HMOX1;E2F2
KEGG_2021_Human,Fc epsilon RI signaling pathway,2/68,0.6655718060463734,0.9324732488247796,0,0,0.8807075277663513,0.3585437399313573,SYK;PLA2G4C
KEGG_2021_Human,Tight junction,5/169,0.6659162980785491,0.9324732488247796,0,0,0.8855783444198079,0.3600684457936652,SRC;CLDN23;MYH14;CLDN1;TJP2
KEGG_2021_Human,Protein digestion and absorption,3/103,0.6703031803634304,0.9324732488247796,0,0,0.8716767371601208,0.3486926270726396,SLC36A1;SLC7A7;SLC8A1
KEGG_2021_Human,Diabetic cardiomyopathy,6/203,0.671460353045549,0.9324732488247796,0,0,0.8844965838102647,0.3522952609927038,NCF2;NDUFA4L2;CYBB;CD36;COX6B2;MMP9
KEGG_2021_Human,Insulin signaling pathway,4/137,0.672173600108361,0.9324732488247796,0,0,0.8736819355499187,0.3470602224085328,HK3;CALML5;FBP1;HK2
KEGG_2021_Human,SNARE interactions in vesicular transport,1/33,0.6726786355235029,0.9324732488247796,0,0,0.9084619728915664,0.3601938834741499,STX19
KEGG_2021_Human,Amphetamine addiction,2/69,0.6733839355505881,0.9324732488247796,0,0,0.8675176155421985,0.343050843408506,CALML5;PPP1R1B
KEGG_2021_Human,Renal cell carcinoma,2/69,0.6733839355505881,0.9324732488247796,0,0,0.8675176155421985,0.343050843408506,EGLN3;EGLN2
KEGG_2021_Human,T cell receptor signaling pathway,3/104,0.6766627728838222,0.9324732488247796,0,0,0.8630014058807693,0.3370730308533178,IL10;CD8B2;CTLA4
KEGG_2021_Human,Central carbon metabolism in cancer,2/70,0.6810472587115234,0.9324732488247796,0,0,0.8547156419128737,0.3283164315597606,HK3;HK2
KEGG_2021_Human,Pentose and glucuronate interconversions,1/34,0.6835800132362105,0.9324732488247796,0,0,0.8808871851040526,0.3350996732737467,DHDH
KEGG_2021_Human,Adherens junction,2/71,0.6885630182726798,0.934478381941494,0,0,0.8422847399829497,0.3142972327126005,SRC;NECTIN4
KEGG_2021_Human,Melanoma,2/72,0.6959325386281433,0.9349396731064956,0,0,0.830209006679595,0.3009528824556688,CDKN2A;E2F2
KEGG_2021_Human,Non-small cell lung cancer,2/72,0.6959325386281433,0.9349396731064956,0,0,0.830209006679595,0.3009528824556688,CDKN2A;E2F2
KEGG_2021_Human,Rap1 signaling pathway,6/210,0.702692108291024,0.936834636779382,0,0,0.8538337945193252,0.3012636861428867,CSF1R;DOCK4;ITGAM;CALML5;SRC;EPHA2
KEGG_2021_Human,Signaling pathways regulating pluripotency of stem cells,4/143,0.7043869449469037,0.936834636779382,0,0,0.8357078331283536,0.2928549533009681,SOX2;HOXD1;WNT7B;OTX1
KEGG_2021_Human,Thyroid cancer,1/37,0.7141566491991618,0.9440869004373692,0,0,0.8073544176706827,0.2717982416159434,PPARG
KEGG_2021_Human,Chronic myeloid leukemia,2/76,0.7239772110565597,0.9440869004373692,0,0,0.7851697851697852,0.253606200196066,CDKN2A;E2F2
KEGG_2021_Human,Gastric acid secretion,2/76,0.7239772110565597,0.9440869004373692,0,0,0.7851697851697852,0.253606200196066,CALML5;KCNJ2
KEGG_2021_Human,Breast cancer,4/147,0.7245544176488433,0.9440869004373692,0,0,0.812162119272558,0.2616773430172527,WNT7B;E2F2;HES5;DLL3
KEGG_2021_Human,Arrhythmogenic right ventricular cardiomyopathy,2/77,0.7306378113536459,0.9440869004373692,0,0,0.7746606334841629,0.243117488485987,DSG2;SLC8A1
KEGG_2021_Human,Various types of N-glycan biosynthesis,1/39,0.7328836408582261,0.9440869004373692,0,0,0.764782815472416,0.2376702809848173,CHST9
KEGG_2021_Human,Adrenergic signaling in cardiomyocytes,4/150,0.738996849358983,0.9440869004373692,0,0,0.7953495119474436,0.2405627029850749,CALML5;ADRB1;SLC8A1;PIK3R6
KEGG_2021_Human,"Glycine, serine and threonine metabolism",1/40,0.7417825646293617,0.9440869004373692,0,0,0.7451343836886005,0.2225709834543296,SDS
KEGG_2021_Human,Nicotine addiction,1/40,0.7417825646293617,0.9440869004373692,0,0,0.7451343836886005,0.2225709834543296,GABRP
KEGG_2021_Human,Neurotrophin signaling pathway,3/119,0.7612956041486975,0.9620443628672132,0,0,0.7508203979581206,0.204773916170012,CALML5;IRAK2;RIPK2
KEGG_2021_Human,Fatty acid degradation,1/43,0.7667421237889068,0.9620443628672132,0,0,0.691802925989673,0.1837461419911257,ADH1C
KEGG_2021_Human,Porphyrin and chlorophyll metabolism,1/43,0.7667421237889068,0.9620443628672132,0,0,0.691802925989673,0.1837461419911257,HMOX1
KEGG_2021_Human,Human papillomavirus infection,9/331,0.7752397726832354,0.9681398100175616,0,0,0.810090327223148,0.2062351555979603,CCNE2;STAT1;CCNE1;WNT7B;MX1;FN1;SPP1;ISG15;HES5
KEGG_2021_Human,Insulin secretion,2/86,0.7846352033961573,0.9752942247821396,0,0,0.6913380736910149,0.1676746325462109,KCNMA1;KCNMB3
KEGG_2021_Human,Nucleotide excision repair,1/47,0.7963144530309413,0.9821653267662668,0,0,0.6315151911995809,0.1438346133387174,POLE2
KEGG_2021_Human,Huntington disease,8/306,0.8017368414275861,0.9821653267662668,0,0,0.7778697148927911,0.1718896457904581,DNAH11;GPX2;TUBB3;NDUFA4L2;SLC1A3;PPARG;HAP1;COX6B2
KEGG_2021_Human,Hypertrophic cardiomyopathy,2/90,0.8054221506931382,0.9821653267662668,0,0,0.6597764980117922,0.1427681973141735,EDN1;SLC8A1
KEGG_2021_Human,Cocaine addiction,1/49,0.8096654239975561,0.9821653267662668,0,0,0.6051393072289156,0.127765587447982,PPP1R1B
KEGG_2021_Human,Sphingolipid metabolism,1/49,0.8096654239975561,0.9821653267662668,0,0,0.6051393072289156,0.127765587447982,NEU4
KEGG_2021_Human,FoxO signaling pathway,3/131,0.8152899381948528,0.9821653267662668,0,0,0.6800061367069486,0.1388650572874706,IL10;CDKN2B;BCL2L11
KEGG_2021_Human,Vibrio cholerae infection,1/50,0.8160095384035524,0.9821653267662668,0,0,0.5927587902630932,0.1205251912844735,TJP2
KEGG_2021_Human,Dilated cardiomyopathy,2/96,0.8332598567210246,0.9869205948208536,0,0,0.6174705561438978,0.112632639044522,ADRB1;SLC8A1
KEGG_2021_Human,Phosphatidylinositol signaling system,2/97,0.8375340958582299,0.9869205948208536,0,0,0.6109391124871001,0.1083154141861117,ITPKC;CALML5
KEGG_2021_Human,Salmonella infection,6/249,0.8392350514526657,0.9869205948208536,0,0,0.7153374922722419,0.1253732357768779,CXCL8;RIPK2;TUBB3;NLRC4;TLR4;TLR2
KEGG_2021_Human,Fanconi anemia pathway,1/54,0.839343485793191,0.9869205948208536,0,0,0.5479086155944533,0.095958116345726,RMI2
KEGG_2021_Human,Choline metabolism in cancer,2/98,0.8417089933150271,0.9869205948208536,0,0,0.6045437405731523,0.1041755445089784,PLA2G4C;PLD1
KEGG_2021_Human,Regulation of lipolysis in adipocytes,1/55,0.8446997208639686,0.9869205948208536,0,0,0.5377342704149933,0.0907556039262226,ADRB1
KEGG_2021_Human,Hedgehog signaling pathway,1/56,0.8498776380726655,0.9869205948208536,0,0,0.5279299014238773,0.0858746061590729,CDON
KEGG_2021_Human,Pyrimidine metabolism,1/56,0.8498776380726655,0.9869205948208536,0,0,0.5279299014238773,0.0858746061590729,CMPK2
KEGG_2021_Human,Glutathione metabolism,1/57,0.8548831652716945,0.9869205948208536,0,0,0.5184756884681584,0.0812920459388683,GPX2
KEGG_2021_Human,MAPK signaling pathway,7/294,0.8613237474434584,0.9869205948208536,0,0,0.7060567870116391,0.1054035687882782,DUSP5;IL1A;CSF1R;DUSP10;PLA2G4C;MAPK8IP2;EPHA2
KEGG_2021_Human,Alzheimer disease,9/369,0.8684649381076923,0.9869205948208536,0,0,0.7231326219512195,0.1019819942285312,IL1A;CALML5;TUBB3;WNT7B;NDUFA4L2;CYBB;LPL;APOE;COX6B2
KEGG_2021_Human,Pathways of neurodegeneration,12/475,0.8697036669110634,0.9869205948208536,0,0,0.7490399849175925,0.1045680328417091,RYR1;IL1A;DNAH11;GPX2;CALML5;TUBB3;WNT7B;NDUFA4L2;CYBB;HAP1;COX6B2;PRPH
KEGG_2021_Human,Glucagon signaling pathway,2/107,0.8751158151278693,0.9869205948208536,0,0,0.5524671407024349,0.0736985868847718,CALML5;FBP1
KEGG_2021_Human,Basal cell carcinoma,1/63,0.8816041070006607,0.9869205948208536,0,0,0.4681548775748154,0.058993217645699,WNT7B
KEGG_2021_Human,Cortisol synthesis and secretion,1/65,0.8893706627500167,0.9869205948208536,0,0,0.4534779743975903,0.0531662959464728,NCEH1
KEGG_2021_Human,Aminoacyl-tRNA biosynthesis,1/66,0.8930610206919642,0.9869205948208536,0,0,0.4464782205746061,0.0504968511395267,WARS1
KEGG_2021_Human,Long-term potentiation,1/67,0.8966284525618693,0.9869205948208536,0,0,0.4396905805038335,0.0479762722158534,CALML5
KEGG_2021_Human,Mitophagy,1/68,0.900077047181511,0.9869205948208536,0,0,0.4331055565545765,0.0455951490682373,SRC
KEGG_2021_Human,Chemical carcinogenesis,5/239,0.9025250875297076,0.9869205948208536,0,0,0.6183954933954934,0.0634218943755909,VDR;SRC;ADRB1;CYP2E1;DLL3
KEGG_2021_Human,Adipocytokine signaling pathway,1/69,0.9034107573890376,0.9869205948208536,0,0,0.4267142097802976,0.0433447538812966,CD36
KEGG_2021_Human,"Growth hormone synthesis, secretion and action",2/119,0.9095873212683596,0.9869205948208536,0,0,0.4954944502455815,0.0469551725630713,GHR;STAT1
KEGG_2021_Human,Sphingolipid signaling pathway,2/119,0.9095873212683596,0.9869205948208536,0,0,0.4954944502455815,0.0469551725630713,ADORA3;PLD1
KEGG_2021_Human,Hippo signaling pathway,3/163,0.911137318899768,0.9869205948208536,0,0,0.5430985649546828,0.0505416533648411,SOX2;RASSF4;WNT7B
KEGG_2021_Human,Thyroid hormone signaling pathway,2/121,0.914385213349746,0.9869205948208536,0,0,0.4871161134136912,0.0435985179052505,SRC;STAT1
KEGG_2021_Human,Inositol phosphate metabolism,1/73,0.9156713071354194,0.9869205948208536,0,0,0.4029241967871486,0.035496740827682,ITPKC
KEGG_2021_Human,Amyotrophic lateral sclerosis,8/364,0.9203747423470984,0.9869205948208536,0,0,0.649154310536487,0.0538631655591172,DNAH11;GPX2;TUBB3;NRG4;NDUFA4L2;HAP1;COX6B2;PRPH
KEGG_2021_Human,Endocytosis,5/252,0.9248264345585931,0.9869205948208536,0,0,0.5854496380812171,0.0457524193289087,SRC;IL2RA;WIPF3;PLD1;FOLR2
KEGG_2021_Human,Synaptic vesicle cycle,1/78,0.9288349078745872,0.9869205948208536,0,0,0.3766624941323736,0.027806831955808,SLC1A3
KEGG_2021_Human,Regulation of actin cytoskeleton,4/218,0.9345177271541224,0.9869205948208536,0,0,0.5406987430542791,0.036618650755088,ITGAM;SRC;FN1;MYH14
KEGG_2021_Human,Oxidative phosphorylation,2/133,0.93850327933585,0.9869205948208536,0,0,0.4422184610779132,0.0280671319895176,NDUFA4L2;COX6B2
KEGG_2021_Human,Colorectal cancer,1/86,0.9457630304893462,0.9869205948208536,0,0,0.341070163004961,0.019019176545138,BCL2L11
KEGG_2021_Human,Taste transduction,1/86,0.9457630304893462,0.9869205948208536,0,0,0.341070163004961,0.019019176545138,SCN2A
KEGG_2021_Human,Apoptosis,2/142,0.9522003116444112,0.9869205948208536,0,0,0.4135962077138547,0.0202578822546452,HRK;BCL2L11
KEGG_2021_Human,Thermogenesis,4/232,0.9522394281799644,0.9869205948208536,0,0,0.507126363563978,0.0248181433187648,NDUFA4L2;DPF3;PPARG;COX6B2
KEGG_2021_Human,Bile secretion,1/90,0.9526530445974448,0.9869205948208536,0,0,0.3256734804386084,0.0157966319847671,NCEH1
KEGG_2021_Human,Spinocerebellar ataxia,2/143,0.9535285446201478,0.9869205948208536,0,0,0.4106415070119701,0.0195407529627047,RYR1;KCNC3
KEGG_2021_Human,Focal adhesion,3/201,0.9652267146201914,0.9908572803925833,0,0,0.4379978028014282,0.0155017355353529,SRC;FN1;SPP1
KEGG_2021_Human,Parkinson disease,4/249,0.9678020193590836,0.9908572803925833,0,0,0.4715181079996295,0.0154317211382285,CALML5;TUBB3;NDUFA4L2;COX6B2
KEGG_2021_Human,Longevity regulating pathway,1/102,0.9685071161732016,0.9908572803925833,0,0,0.2868006680186091,0.0091774632171386,PPARG
KEGG_2021_Human,Purine metabolism,1/129,0.98742774776551,0.9999914079983546,0,0,0.2259859751506024,0.0028591636432555,XDH
KEGG_2021_Human,Ubiquitin mediated proteolysis,1/140,0.9913542817975848,0.9999914079983546,0,0,0.2079830111814163,0.0018059808045409,NHLRC1
KEGG_2021_Human,mTOR signaling pathway,1/154,0.9946329180140062,0.9999914079983546,0,0,0.188814079848807,0.0010161098648372,WNT7B
KEGG_2021_Human,Wnt signaling pathway,1/166,0.9964340116783106,0.9999914079983546,0,0,0.174972617743702,0.0006250654631192816,WNT7B
KEGG_2021_Human,Protein processing in endoplasmic reticulum,1/171,0.9969926663818632,0.9999914079983546,0,0,0.1697820694542877,0.0005113606272077284,DNAJC5B
KEGG_2021_Human,Olfactory transduction,2/440,0.9999914079983546,0.9999914079983546,0,0,0.1301473170933283,1.118230766534841e-06,CALML5;SLC8A1
GO_Biological_Process_2023,Inflammatory Response (GO:0006954),46/236,1.422725259318837e-22,4.107407823653482e-19,0,0,7.488053736927132,376.6812852510149,CCL13;CSF1R;CIITA;CXCL9;CXCL8;CCL3L1;TNFAIP6;ALOX15;FPR3;ADM;NLRC4;CXCL13;CCL8;CCL7;IRAK2;ADORA3;CCRL2;C3AR1;BLNK;CCL3;OLR1;LGALS9;CCL18;CMKLR1;APOL2;CCR1;PLA2G2D;CCL22;RIPK2;IL10RB;NFAM1;PLA2G4C;CYBB;LYZ;TMIGD3;IL1A;CXCL10;CXCL11;TNFSF4;IL2RA;CHI3L1;SIGLEC1;FCGR2B;FOLR2;TLR4;TLR2
GO_Biological_Process_2023,Cytokine-Mediated Signaling Pathway (GO:0019221),40/257,3.3890596853586613e-16,4.892107655815228e-13,0,0,5.638488479262673,200.84752107795796,CCL13;CSF1R;CEBPA;CXCL9;CXCL8;CCL3L1;SRC;TNFRSF11A;CXCL13;CSF2RA;GHR;CCL8;CCL7;IRAK2;CCL3;IL21R;CCL18;CD300LF;DUOX2;CCR1;EDN2;CCL22;SYK;STAT1;MX1;IL36G;LILRB1;LILRB2;LILRB4;ST18;IL1A;CXCL10;CEACAM1;CXCL11;AIM2;OAS1;OAS2;IL2RA;IRF5;CARD14
GO_Biological_Process_2023,Negative Regulation Of T Cell Proliferation (GO:0042130),16/36,7.351792017964642e-15,7.074874518621307e-12,0,0,23.80893682588598,774.8340472894819,CD86;IL10;PLA2G2F;CD274;PLA2G2D;CD80;CRTAM;LILRB1;LILRB2;PDCD1LG2;LILRB4;IL4I1;GPNMB;LGALS9;VSIG4;HLA-DRB1
GO_Biological_Process_2023,Negative Regulation Of Lymphocyte Proliferation (GO:0050672),16/39,3.4570509197434076e-14,2.495126501324805e-11,0,0,20.700207677363167,641.6189881415562,CD86;IL10;PLA2G2F;CD274;PLA2G2D;CD80;LILRB1;LILRB2;PDCD1LG2;LILRB4;IL4I1;GPNMB;CTLA4;VSIG4;FCGR2B;HLA-DRB1
GO_Biological_Process_2023,Negative Regulation Of T Cell Activation (GO:0050868),17/49,1.46089711377559e-13,8.068995729052044e-11,0,0,15.82518325617284,467.70625684882026,CD86;IL10;PLA2G2F;CD274;PLA2G2D;CD80;LILRB1;PDCD1LG2;LILRB2;LILRB4;IL4I1;CEACAM1;GPNMB;VSIG4;FCGR2B;HLA-DRB1;HAVCR2
GO_Biological_Process_2023,Cellular Response To Cytokine Stimulus (GO:0071345),40/308,1.6769648207243598e-13,8.068995729052044e-11,0,0,4.553313432835821,133.94309419927802,CCL13;CSF1R;CEBPA;CXCL8;CCL3L1;ALOX15;IFIT1;CSF2RA;GHR;TRIM6;CCL8;CCL7;NLRP7;CCL3;IL21R;HAS2;LGALS9;CCL18;GBP2;GBP1;DUOX2;GBP4;CCR1;GBP5;EDN2;CCL22;STAT1;IL36G;LILRB1;LILRB2;LILRB4;DCSTAMP;IL1A;AIM2;OAS1;CHI3L1;IRF8;IRF5;TLR4;TLR2
GO_Biological_Process_2023,Response To Lipopolysaccharide (GO:0032496),28/159,4.4134070392395466e-13,1.7330883984757382e-10,0,0,6.443754718563879,183.31811538278376,CD86;CD274;CXCL9;CXCL8;CD80;TNFAIP3;TNFRSF11A;NOD2;CXCL13;CYP27B1;TRIM6;NLRP7;LGALS9;GBP2;IL10;GCH1;IL36G;NR1H3;LILRB1;PDCD1LG2;LILRB2;CXCL10;IL1A;CXCL11;TNFSF4;TRIB1;CD68;TLR4
GO_Biological_Process_2023,Defense Response To Symbiont (GO:0140546),27/148,4.802461790026294e-13,1.7330883984757382e-10,0,0,6.720096375553771,190.612022775281,IFIT5;IFI6;NLRC5;IFIT1;DDX60;IFI44L;IFIT3;IFIT2;IFIH1;GBP2;GBP5;RSAD2;STAT1;MX1;ISG15;LILRB1;RNASE1;AIM2;OAS1;OAS2;OAS3;TLR8;TLR7;TRIM31;APOBEC3A;APOBEC3B;TLR2
GO_Biological_Process_2023,Cellular Response To Molecule Of Bacterial Origin (GO:0071219),24/117,6.697266718833932e-13,2.148334335252618e-10,0,0,7.746766644859343,217.15663995615688,CD86;IL10;CD274;CXCL9;CXCL8;CD80;IL36G;TNFAIP3;NR1H3;LILRB1;PDCD1LG2;NOD2;LILRB2;CXCL13;CXCL10;IL1A;CXCL11;NLRP7;TNFSF4;GBP2;CD68;FCGR2B;TLR4;TLR2
GO_Biological_Process_2023,Defense Response To Virus (GO:0051607),30/189,1.0679087503564417e-12,2.9440495428193013e-10,0,0,5.697816074877433,157.06211667477683,IFIT5;IFI6;NLRC5;IFIT1;DDX60;USP18;IFI44L;IFIT3;IFIT2;IFIH1;TRIM6;GBP2;GBP5;RSAD2;STAT1;MX1;ISG15;LILRB1;RNASE1;CXCL10;AIM2;OAS1;OAS2;OAS3;TLR8;TLR7;TRIM31;APOBEC3A;APOBEC3B;TLR2
GO_Biological_Process_2023,Response To Type II Interferon (GO:0034341),20/80,1.1217369231386325e-12,2.9440495428193013e-10,0,0,9.96124031007752,274.0949109136787,GBP5;CCL13;CIITA;CCL22;CCL3L1;GCH1;STAT1;CYP27B1;CCL8;CCL7;UBD;CCL3;IRF8;LGALS9;CCL18;GBP2;TLR4;GBP1;GBP4;TLR2
GO_Biological_Process_2023,Regulation Of ERK1 And ERK2 Cascade (GO:0070372),33/244,7.515811359271133e-12,1.8081789495179803e-09,0,0,4.732527446157538,121.21901542679842,CCL13;CSF1R;SEMA7A;CCL3L1;PSCA;ALOX15;CXCL17;TREM2;NOD2;ICAM1;DUSP10;CCL8;GPNMB;CCL7;FFAR4;GCNT2;CCL3;LGALS9;APOE;CD36;EPHB2;CCL18;GBP1;CCR1;CCL22;SYK;FN1;MARCO;CEACAM1;CHI3L1;TLR4;HLA-DRB1;EPHA2
GO_Biological_Process_2023,Cellular Response To Lipopolysaccharide (GO:0071222),23/124,1.816360206934796e-11,4.033716859554426e-09,0,0,6.822460750747972,168.73037992688106,CD86;IL10;CD274;CXCL9;CXCL8;CD80;IL36G;TNFAIP3;NR1H3;LILRB1;PDCD1LG2;NOD2;LILRB2;CXCL13;CXCL10;IL1A;CXCL11;NLRP7;TNFSF4;CCL3;GBP2;CD68;TLR4
GO_Biological_Process_2023,Cellular Response To Type II Interferon (GO:0071346),16/66,3.3996546479516514e-10,7.010573549026014e-08,0,0,9.508782742681047,207.31216514844675,GBP5;CCL13;CCL22;CCL3L1;STAT1;CCL8;CCL7;CCL3;IRF8;LGALS9;CCL18;GBP2;TLR4;GBP1;GBP4;TLR2
GO_Biological_Process_2023,Positive Regulation Of ERK1 And ERK2 Cascade (GO:0070374),25/179,1.342685702196195e-09,2.584222414826944e-07,0,0,4.865310470779221,99.3914521623401,CSF1R;CCL13;SEMA7A;CCL3L1;ALOX15;CXCL17;TREM2;TNFRSF11A;NOD2;ICAM1;CCL8;CCL7;GPNMB;FFAR4;CCL3;GCNT2;LGALS9;APOE;CD36;CCL18;CCR1;CCL22;MARCO;CHI3L1;HLA-DRB1
GO_Biological_Process_2023,Regulation Of Interleukin-10 Production (GO:0032653),13/46,2.0010950713031674e-09,3.610725919282653e-07,0,0,11.662297824874512,233.59082546202887,CD274;SYK;ISG15;LILRB1;NOD2;PDCD1LG2;LILRB4;CLEC7A;TNFSF4;LGALS9;FCGR2B;TLR4;HLA-DRB1
GO_Biological_Process_2023,Response To Interleukin-1 (GO:0070555),17/85,2.3510489098766264e-09,3.9926342369493057e-07,0,0,7.433256172839506,147.68693863794678,CCL13;CXCL8;CCL22;CCL3L1;SRC;TNFRSF11A;CCL8;CCL7;IRAK2;NLRP7;CCL3;CHI3L1;HAS2;LGALS9;CCL18;GBP2;GBP1
GO_Biological_Process_2023,Regulation Of T Cell Proliferation (GO:0042129),16/77,3.867005772569785e-09,6.202247591893872e-07,0,0,7.789638535956958,150.8914158903533,CD86;IL10;PLA2G2F;CD274;PLA2G2D;CD80;LILRB1;PDCD1LG2;LILRB2;LILRB4;IL4I1;GPNMB;CD209;VSIG4;HLA-DRB1;IDO1
GO_Biological_Process_2023,Negative Regulation Of Cytokine Production (GO:0001818),24/178,5.857095524186158e-09,8.899702514908125e-07,0,0,4.663411471523796,88.39781845319631,IL10;CD274;FN1;TNFAIP3;TREM2;LILRB1;PDCD1LG2;LILRB4;CLEC4A;CEACAM1;GPNMB;NLRP7;TNFSF4;FFAR4;TLR8;LGALS9;VSIG4;XAF1;FCGR2B;TLR4;GBP1;HLA-DRB1;CMKLR1;HAVCR2
GO_Biological_Process_2023,Regulation Of Tumor Necrosis Factor Production (GO:0032680),20/127,7.415026650263704e-09,1.0435261891878923e-06,0,0,5.5721220024632325,104.30877134967784,IL10;SYK;TNFAIP3;LILRB1;NOD2;LILRB4;CLEC4A;IFIH1;IL1A;FCGR3A;OAS1;CLEC7A;OAS2;OAS3;CCL3;LGALS9;EPHB2;TLR4;HAVCR2;TLR2
GO_Biological_Process_2023,Neutrophil Chemotaxis (GO:0030593),15/70,7.590595764788965e-09,1.0435261891878923e-06,0,0,8.08951048951049,151.24436599759122,CCL13;CXCL9;EDN1;CXCL8;EDN2;CCL22;SYK;CCL3L1;CXCL13;CXCL10;CXCL11;CCL8;CCL7;CCL3;CCL18
GO_Biological_Process_2023,Positive Regulation Of Tumor Necrosis Factor Superfamily Cytokine Production (GO:1903557),16/82,1.011667124273951e-08,1.3275831762631348e-06,0,0,7.197646729233786,132.50206276909216,CD86;SYK;NOD2;IFIH1;IL1A;FCGR3A;OAS1;OAS2;CLEC7A;OAS3;CCL3;LGALS9;EPHB2;TLR4;HAVCR2;TLR2
GO_Biological_Process_2023,Cellular Response To Lipid (GO:0071396),27/228,1.1572934128857717e-08,1.452654818696184e-06,0,0,4.028587470172647,73.62081140849918,CD86;CD274;CXCL9;CXCL8;CD80;TNFAIP3;TREM2;NOD2;CXCL13;NLRP7;SPP1;GBP2;IL10;TBX1;SYK;WNT7B;IL36G;NR1H3;LILRB1;PDCD1LG2;LILRB2;IL1A;CXCL10;CXCL11;TNFSF4;CD68;TLR4
GO_Biological_Process_2023,Granulocyte Chemotaxis (GO:0071621),15/73,1.394962882449516e-08,1.6160758181612482e-06,0,0,7.669893899204244,138.731606092346,CCL13;CXCL9;EDN1;CXCL8;EDN2;CCL22;SYK;CCL3L1;CXCL13;CXCL10;CXCL11;CCL8;CCL7;CCL3;CCL18
GO_Biological_Process_2023,Positive Regulation Of Interferon-Beta Production (GO:0032728),11/36,1.4241645607578896e-08,1.6160758181612482e-06,0,0,12.991437308868502,234.71753692168028,IFIH1;OAS1;RIPK2;OAS2;OAS3;TLR8;ISG15;IRF5;TLR7;TLR4;TLR2
GO_Biological_Process_2023,Regulation Of Interleukin-1 Beta Production (GO:0032651),16/84,1.4554198570208681e-08,1.6160758181612482e-06,0,0,6.98522613976253,126.0511042485254,GBP5;RIPK2;TNFAIP3;NLRC4;NOD2;LILRB4;P2RX7;AIM2;CLEC7A;NLRP7;FFAR4;CCL3;TLR8;CD36;LGALS9;TLR4
GO_Biological_Process_2023,Positive Regulation Of MAPK Cascade (GO:0043410),32/310,1.534626714928599e-08,1.6409138244440242e-06,0,0,3.465421028106425,62.35121904057716,CCL13;CSF1R;SEMA7A;CCL3L1;ALOX15;CXCL17;TREM2;NOD2;PIK3R6;ICAM1;SOX2;GHR;CCL8;GPNMB;CCL7;FFAR4;GCNT2;CCL3;LGALS9;APOE;CD36;CCL18;CCR1;TBX1;EDN1;CCL22;FCRL3;MARCO;CHI3L1;TLR4;HLA-DRB1;EZH2
GO_Biological_Process_2023,Defense Response To Bacterium (GO:0042742),25/204,2.0226199318138877e-08,2.08546562255239e-06,0,0,4.18034217877095,74.06014211904926,COLEC12;TREM2;NLRC4;NOD2;CXCL13;STAB1;RNASE7;SLAMF8;SPRR2A;GBP2;GBP1;CAMP;GBP4;GSDMA;SYK;ISG15;LYZ;RNASE1;F3;MPEG1;OAS1;OAS2;OAS3;TLR4;TLR2
GO_Biological_Process_2023,Neutrophil Migration (GO:1990266),15/77,2.9918500911966775e-08,2.978438349408554e-06,0,0,7.173573200992556,124.28064056464112,CCL13;CXCL9;EDN1;CXCL8;EDN2;CCL22;SYK;CCL3L1;CXCL13;CXCL10;CXCL11;CCL8;CCL7;CCL3;CCL18
GO_Biological_Process_2023,Chemokine-Mediated Signaling Pathway (GO:0070098),13/57,3.438094402103815e-08,3.3085928462912384e-06,0,0,8.741738706079197,150.2334529231321,CCR1;CCL13;CXCL9;CXCL8;CCL22;CCL3L1;CXCL13;CXCL10;CXCL11;CCL8;CCL7;CCL3;CCL18
GO_Biological_Process_2023,Positive Regulation Of Tumor Necrosis Factor Production (GO:0032760),15/78,3.591894486318979e-08,3.3450965748396426e-06,0,0,7.059340659340659,121.01122441993016,SYK;NOD2;IFIH1;IL1A;FCGR3A;OAS1;OAS2;CLEC7A;OAS3;CCL3;LGALS9;EPHB2;TLR4;HAVCR2;TLR2
GO_Biological_Process_2023,Cellular Response To Chemokine (GO:1990869),13/59,5.3464771648395515e-08,4.823524867153682e-06,0,0,8.360796212323287,139.99520239744933,CCR1;CCL13;CXCL9;CXCL8;CCL22;CCL3L1;CXCL13;CXCL10;CXCL11;CCL8;CCL7;CCL3;CCL18
GO_Biological_Process_2023,Regulation Of Interferon-Beta Production (GO:0032648),12/50,6.30675032675738e-08,5.355172998043692e-06,0,0,9.331990005641975,154.715624124263,IFIH1;OAS1;RIPK2;OAS2;OAS3;TLR8;IRF5;TLR7;ISG15;LILRB1;TLR4;TLR2
GO_Biological_Process_2023,Regulation Of Interleukin-12 Production (GO:0032655),12/50,6.30675032675738e-08,5.355172998043692e-06,0,0,9.331990005641975,154.715624124263,IL10;SYK;RIPK2;CLEC7A;TNFSF4;TLR8;IRF5;LILRB1;LGALS9;TLR4;CMKLR1;TLR2
GO_Biological_Process_2023,Myeloid Leukocyte Differentiation (GO:0002573),14/71,7.356374285184895e-08,6.0679578746653686e-06,0,0,7.273344651952462,119.46551184669102,BATF2;CEBPA;CSF1R;SNX10;TREM2;TNFRSF11A;MMP9;OSCAR;DCSTAMP;UBD;PPARG;LGALS9;HLA-DRB1;EPHA2
GO_Biological_Process_2023,Cellular Response To Tumor Necrosis Factor (GO:0071356),18/119,7.89140704155438e-08,6.328470035824305e-06,0,0,5.298054998699252,86.6491930374612,CCL13;CXCL8;CCL22;CCL3L1;STAT1;TNFRSF11A;ST18;DCSTAMP;AIM2;CCL8;CCL7;CCL3;CHI3L1;HAS2;CCL18;GBP2;CARD14;GBP1
GO_Biological_Process_2023,Negative Regulation Of Viral Process (GO:0048525),13/61,8.15938815168268e-08,6.366527998353486e-06,0,0,8.011598926380367,130.76140448458372,RSAD2;STAT1;MX1;IFIT5;ISG15;IFIT1;IFIH1;TRIM6;OAS1;OAS2;OAS3;TRIM31;APOBEC3A
GO_Biological_Process_2023,Regulation Of Interferon-Alpha Production (GO:0032647),9/26,8.854859275826022e-08,6.72736282350256e-06,0,0,15.590208034433283,253.1805253685951,IFIH1;IL10;RIPK2;STAT1;TLR8;IRF5;TLR7;TLR4;HAVCR2
GO_Biological_Process_2023,Cellular Response To Oxygen-Containing Compound (GO:1901701),36/406,9.997239990396715e-08,7.4005209877629e-06,0,0,2.933614059210244,47.28508180140122,RYR1;CD86;CD274;CXCL9;CXCL8;CPNE7;CD80;ALOX15;TNFAIP3;NOD2;CXCL13;NLRP7;CHP2;ECT2;GBP2;TBX1;IL10;WNT7B;NR1H3;IL36G;LILRB1;PDCD1LG2;LILRB2;MMP9;P2RX7;ITPKC;CXCL10;IL1A;CXCL11;NR4A3;TNFSF4;NEURL1;CD68;TLR4;LGMN;TLR2
GO_Biological_Process_2023,Negative Regulation Of Viral Genome Replication (GO:0045071),12/53,1.2650250929139426e-07,9.13031860810638e-06,0,0,8.647816830388825,137.35330665068565,IFIH1;TRIM6;RSAD2;OAS1;OAS2;OAS3;MX1;IFIT5;ISG15;IFIT1;APOBEC3A;APOBEC3B
GO_Biological_Process_2023,Positive Regulation Of Protein-Containing Complex Assembly (GO:0031334),16/98,1.4021090843416473e-07,9.872899820717892e-06,0,0,5.7884174527415535,91.34191077983392,HRK;GBP5;SYK;MMP1;SRC;PLEK;ISG15;CXCL13;RASIP1;WARS1;BCL2L11;CLEC7A;TPPP;CD36;GBP2;TLR4
GO_Biological_Process_2023,Negative Regulation Of Type II Interferon Production (GO:0032689),9/28,1.844039928383772e-07,1.2675579222009406e-05,0,0,13.947689345314506,216.2747800494399,CD274;TNFSF4;LILRB1;LGALS9;PDCD1LG2;LILRB4;TLR4;HLA-DRB1;HAVCR2
GO_Biological_Process_2023,Positive Regulation Of Interleukin-1 Beta Production (GO:0032731),12/57,2.969641551845089e-07,1.9938035256225044e-05,0,0,7.877488514548239,118.39592987457074,P2RX7;GBP5;AIM2;RIPK2;CLEC7A;CCL3;TLR8;CD36;LGALS9;NLRC4;NOD2;TLR4
GO_Biological_Process_2023,Positive Regulation Of Cytokine Production (GO:0001819),30/320,3.593296764100092e-07,2.3576926722629465e-05,0,0,3.1026337225088243,46.04006108421135,CD86;CD274;CSF1R;CD80;CXCL17;NOD2;IFIH1;TRIM6;CLEC7A;HMOX1;LGALS9;HAVCR2;IL10;GBP5;SYK;RIPK2;NFAM1;CRTAM;LILRB1;ISG15;LILRB2;IL1A;TNFSF4;TLR8;CHI3L1;TLR7;IRF5;HPSE;TLR4;TLR2
GO_Biological_Process_2023,Cellular Response To Interleukin-1 (GO:0071347),14/81,4.100738093907649e-07,2.630851306024751e-05,0,0,6.184561065639544,90.9558984509963,CCL13;CXCL8;CCL22;CCL3L1;ST18;CCL8;CCL7;IRAK2;NLRP7;CCL3;HAS2;CCL18;GBP2;GBP1
GO_Biological_Process_2023,Regulation Of Inflammatory Response (GO:0050727),25/240,4.852987741959793e-07,3.0457773067473744e-05,0,0,3.4738372093023258,50.5043861109197,CEBPA;SEMA7A;DAGLA;TNFAIP6;ALOX15;CXCL17;TNFAIP3;NLRC4;NOD2;PLA2G7;USP18;NLRP7;FFAR4;CCL3;APOE;IL10;NR1H3;MMP9;AIM2;TNFSF4;PPARG;TLR7;PIK3AP1;TLR4;TLR2
GO_Biological_Process_2023,Response To Tumor Necrosis Factor (GO:0034612),16/108,5.532407670596767e-07,3.39831083936444e-05,0,0,5.156561934749113,74.29302451027965,CCL13;CXCL8;CCL22;CCL3L1;GCH1;TNFRSF11A;DCSTAMP;CCL8;CCL7;UBD;CCL3;CHI3L1;HAS2;CCL18;GBP2;GBP1
GO_Biological_Process_2023,Regulation Of Natural Killer Cell Mediated Cytotoxicity (GO:0042269),9/32,6.647092491202434e-07,3.99794917127113e-05,0,0,11.519618239660655,163.8540834747529,NCR1;KLRC2;KLRC3;KLRC4;CRTAM;LILRB1;LGALS9;KIR2DL4;PIK3R6
GO_Biological_Process_2023,Epidermis Development (GO:0008544),14/85,7.560120946472126e-07,4.454299831115311e-05,0,0,5.834923519612297,82.24446337275461,SPRR2E;SPRR2F;SPRR3;CALML5;GRHL3;OVOL1;GRHL1;FOXN1;POU2F3;CASP14;STS;SPRR2B;HLA-DRB1;SPRR2D
GO_Biological_Process_2023,Monocyte Chemotaxis (GO:0002548),10/42,8.675045418409903e-07,5.008971224589878e-05,0,0,9.209446564885496,128.54218662419277,CCL13;CCL8;CCL22;CCL3L1;CCL7;PTPRO;CCL3;TNFRSF11A;CCL18;FOLR2
GO_Biological_Process_2023,Osteoclast Differentiation (GO:0030316),8/25,9.382622356661723e-07,5.2091597584004605e-05,0,0,13.836869907780464,192.0451879059765,CSF1R;DCSTAMP;SRC;SNX10;TREM2;TNFRSF11A;OSCAR;EPHA2
GO_Biological_Process_2023,Regulation Of B Cell Activation (GO:0050864),8/25,9.382622356661723e-07,5.2091597584004605e-05,0,0,13.836869907780464,192.0451879059765,IL10;IL4I1;FCRL3;TNFSF4;SLAMF8;TNFAIP3;NOD2;FCGR2B
GO_Biological_Process_2023,Regulation Of Type II Interferon Production (GO:0032649),14/87,1.0122725202664703e-06,5.514020313225093e-05,0,0,5.674473412873766,78.32653112178507,CD274;CRTAM;ISG15;LILRB1;PDCD1LG2;LILRB4;CLEC7A;TNFSF4;TLR8;TLR7;LGALS9;TLR4;HLA-DRB1;HAVCR2
GO_Biological_Process_2023,Positive Regulation Of Chemokine Production (GO:0032722),11/53,1.080265501430153e-06,5.746909786084948e-05,0,0,7.726190476190476,106.14475130162567,CSF1R;SYK;OAS1;CLEC7A;OAS3;TNFSF4;HMOX1;TLR7;LGALS9;TLR4;TLR2
GO_Biological_Process_2023,Positive Regulation Of Interleukin-1 Production (GO:0032732),12/64,1.114745230414815e-06,5.746909786084948e-05,0,0,6.8145835787489695,93.40671120204092,P2RX7;GBP5;AIM2;RIPK2;CLEC7A;CCL3;TLR8;CD36;LGALS9;NLRC4;NOD2;TLR4
GO_Biological_Process_2023,Positive Regulation Of Type I Interferon Production (GO:0032481),12/64,1.114745230414815e-06,5.746909786084948e-05,0,0,6.8145835787489695,93.40671120204092,IFIH1;OAS1;RIPK2;OAS2;STAT1;OAS3;TLR8;IRF5;TLR7;ISG15;TLR4;TLR2
GO_Biological_Process_2023,Regulation Of Interleukin-6 Production (GO:0032675),16/114,1.1652123961314336e-06,5.901698574792015e-05,0,0,4.839344674695765,66.1180652665111,IL10;SYK;TNFAIP3;TREM2;NOD2;LILRB2;LILRB4;IFIH1;IL1A;CLEC7A;TNFSF4;TLR8;TLR7;LGALS9;TLR4;TLR2
GO_Biological_Process_2023,Lymphocyte Chemotaxis (GO:0048247),10/44,1.3776372079346406e-06,6.857307964322944e-05,0,0,8.666816344858555,116.95990594633636,CCL13;CXCL10;CXCL11;CCL8;CCL22;CCL3L1;CCL7;CCL3;CXCL13;CCL18
GO_Biological_Process_2023,Regulation Of Viral Genome Replication (GO:0045069),12/67,1.858345175307968e-06,9.093292408667972e-05,0,0,6.441876653208966,85.00587155646504,IFIH1;TRIM6;CXCL8;RSAD2;OAS1;OAS2;OAS3;MX1;IFIT5;ISG15;IFIT1;APOBEC3A
GO_Biological_Process_2023,Positive Regulation Of Monocyte Chemotactic Protein-1 Production (GO:0071639),5/8,2.062860102017968e-06,9.925795190876456e-05,0,0,48.81818181818182,639.0991821522776,OAS1;SYK;CLEC7A;OAS3;LGALS9
GO_Biological_Process_2023,Antiviral Innate Immune Response (GO:0140374),10/46,2.1314869101229862e-06,0.0001008787329430338,0,0,8.184478371501273,106.87857193734696,IFIH1;CXCL10;TRIM6;OAS1;MX1;IFIT1;TRIM31;USP18;IFIT3;IFIT2
GO_Biological_Process_2023,Regulation Of Bone Resorption (GO:0045124),8/28,2.4682411352114607e-06,0.00011493245415089494,0,0,11.75951293759513,151.83888693130586,P2RX7;CSF1R;DCSTAMP;SYK;SRC;SPP1;TNFAIP3;TNFRSF11A
GO_Biological_Process_2023,Response To Molecule Of Bacterial Origin (GO:0002237),12/69,2.570797116637476e-06,0.0001178077980274983,0,0,6.215201096155396,79.99768396522013,IL10;CYP27B1;TRIM6;CXCL8;GCH1;TNFAIP3;IRF5;LGALS9;TNFRSF11A;TRIB1;FCGR2B;TLR4
GO_Biological_Process_2023,Positive Regulation Of Interferon-Alpha Production (GO:0032727),7/21,3.369434356620238e-06,0.00015199307793066605,0,0,14.68161094224924,184.9995392058144,IFIH1;RIPK2;STAT1;TLR8;IRF5;TLR7;TLR4
GO_Biological_Process_2023,Response To Cytokine (GO:0034097),16/125,4.014164920571495e-06,0.0001782906788567678,0,0,4.348482492472541,54.03285725131824,CD274;CSF1R;CIITA;GCH1;SRC;STAT1;MX1;ISG15;TNFRSF11A;CYP27B1;IRAK2;LAMP3;UBD;CHI3L1;LGALS9;XAF1
GO_Biological_Process_2023,Dendritic Cell Differentiation (GO:0097028),7/22,4.80042633829769e-06,0.00020998228543432472,0,0,13.702127659574469,167.8072968158369,BATF2;DCSTAMP;UBD;IRF8;LILRB1;TREM2;LGALS9
GO_Biological_Process_2023,Interleukin-27-Mediated Signaling Pathway (GO:0070106),4/5,5.897550391425696e-06,0.00025412280567232813,0,0,116.99848714069591,1408.775680997065,OAS1;OAS2;STAT1;MX1
GO_Biological_Process_2023,Regulation Of Chemokine Production (GO:0032642),9/41,6.352653824405872e-06,0.0002697075233979375,0,0,8.275866996951219,99.03430372118127,CSF1R;TNFSF4;HMOX1;TREM2;TLR7;LGALS9;LILRB4;TLR4;TLR2
GO_Biological_Process_2023,Positive Regulation Of Interleukin-6 Production (GO:0032755),12/76,7.3173565154293216e-06,0.0003061624385513689,0,0,5.533403522205207,65.43394323108606,IFIH1;IL1A;SYK;CLEC7A;TNFSF4;TLR8;TLR7;LGALS9;NOD2;LILRB2;TLR4;TLR2
GO_Biological_Process_2023,Regulation Of Immune Response (GO:0050776),12/77,8.409619302547936e-06,0.00034683672752079843,0,0,5.447991518435623,63.66596083430099,IL4I1;FCGR3A;RSAD2;SYK;TNFSF4;SPNS2;HLA-DRA;TREM2;CXCL13;FCGR1A;FCGR2B;HLA-DRB1
GO_Biological_Process_2023,Positive Regulation Of DNA-binding Transcription Factor Activity (GO:0051091),23/246,8.607047062438001e-06,0.00034997950520082404,0,0,3.070393808585837,35.809785803345385,IL10;FOXA1;EDN1;RIPK2;NFAM1;RTKN2;TNFRSF11A;NLRC4;NOD2;NTS;TRIM6;AIM2;ZIC2;CLEC7A;IRAK2;PPARG;LGALS9;CD36;TRIM31;TLR4;CARD14;PPARGC1B;TLR2
GO_Biological_Process_2023,Negative Regulation Of Activated T Cell Proliferation (GO:0046007),5/10,8.780696189786254e-06,0.0003520815263876794,0,0,29.28787878787879,340.9974506951044,CD274;CRTAM;LGALS9;PDCD1LG2;LILRB4
GO_Biological_Process_2023,Eosinophil Chemotaxis (GO:0048245),7/24,9.192851259559182e-06,0.00035864542684253185,0,0,12.088861076345433,140.19554235896615,CCL13;CCL22;CCL8;CCL3L1;CCL7;CCL3;CCL18
GO_Biological_Process_2023,Eosinophil Migration (GO:0072677),7/24,9.192851259559182e-06,0.00035864542684253185,0,0,12.088861076345433,140.19554235896615,CCL13;CCL22;CCL8;CCL3L1;CCL7;CCL3;CCL18
GO_Biological_Process_2023,Positive Regulation Of Interleukin-12 Production (GO:0032735),8/33,9.518019458826182e-06,0.00036603487325761775,0,0,9.40517503805175,108.7456789114106,SYK;CLEC7A;RIPK2;TNFSF4;IRF5;LGALS9;TLR4;TLR2
GO_Biological_Process_2023,Response To Amyloid-Beta (GO:1904645),9/43,9.63583317200518e-06,0.00036603487325761775,0,0,7.788244261119082,89.95439089337134,MMP12;MMP13;TREM2;CD36;FCGR2B;MMP9;TLR4;ICAM1;LGMN
GO_Biological_Process_2023,Regulation Of Cell Population Proliferation (GO:0042127),49/766,9.807174987520155e-06,0.0003677053790775414,0,0,2.0655192088246483,23.82038607851377,CD86;CXCL9;CXCL8;RTKN2;KIF14;HOXC10;IFIT3;SIX4;ADORA3;CHP2;IL10;EDN1;EDN2;NCCRP1;TMIGD3;IL1A;CEACAM6;ATF5;HBEGF;CSF1R;CEBPA;CCL3L1;TNFRSF11A;CYP27B1;GPNMB;CLEC7A;GCNT2;HAS2;E2F7;HES5;TBX1;CDKN2B;EGLN3;CADM4;STAT1;CDKN2A;TNFRSF9;FN1;ST18;WARS1;CXCL10;FABP3;CXCL11;NR4A3;TNFSF4;NEURL1;FOLR2;LGMN;EZH2
GO_Biological_Process_2023,Negative Regulation Of Leukocyte Activation (GO:0002695),6/17,1.1948019529207412e-05,0.00043663205545344045,0,0,15.9944819975169,181.29657411473497,FN1;NR1H3;CD300LF;FCGR2B;LILRB4;HAVCR2
GO_Biological_Process_2023,Positive Regulation Of Regulatory T Cell Differentiation (GO:0045591),6/17,1.1948019529207412e-05,0.00043663205545344045,0,0,15.9944819975169,181.29657411473497,IL4I1;DUSP10;HLA-DRA;LILRB2;LILRB4;HLA-DRB1
GO_Biological_Process_2023,Positive Regulation Of Immune Response (GO:0050778),12/80,1.2589553901948968e-05,0.00045432552643658334,0,0,5.206828213674444,58.7467846431686,IL10;GBP5;ITGAM;RSAD2;TNFSF4;TLR8;HLA-DRA;LILRB1;LGALS9;NOD2;FCGR2B;HLA-DRB1
GO_Biological_Process_2023,Regulation Of Monocyte Chemotactic Protein-1 Production (GO:0071637),5/11,1.5656950221418955e-05,0.0005512392108443479,0,0,24.40530303030303,270.0348094033207,OAS1;SYK;CLEC7A;OAS3;LGALS9
GO_Biological_Process_2023,Phospholipid Efflux (GO:0033700),5/11,1.5656950221418955e-05,0.0005512392108443479,0,0,24.40530303030303,270.0348094033207,APOC2;APOC1;APOE;ABCA12;ABCG1
GO_Biological_Process_2023,Phagocytosis (GO:0006909),11/69,1.5955531699046952e-05,0.0005549833736764885,0,0,5.5901877043129815,61.74756413041117,MSR1;MARCO;ITGAM;ALOX15;NR1H3;TREM2;CD36;MERTK;FCGR2B;TLR4;CORO1C
GO_Biological_Process_2023,Response To Lipid (GO:0033993),14/110,1.7024184347310043e-05,0.000585105002508144,0,0,4.309811827956989,47.325507611987874,FOXA1;SYK;GCH1;TREM2;TNFRSF11A;CYP27B1;TRIM6;SPP1;PPARG;LGALS9;CD36;TRIB1;TLR4;ABCG1
GO_Biological_Process_2023,Regulation Of Interleukin-2 Production (GO:0032663),9/47,2.0678650506661965e-05,0.0006941774885201522,0,0,6.966984916559692,75.14874717947748,CD86;IL1A;CLEC7A;CD80;TNFAIP3;VSIG4;GBP1;LILRB4;HAVCR2
GO_Biological_Process_2023,Regulation Of Wound Healing (GO:0061041),9/47,2.0678650506661965e-05,0.0006941774885201522,0,0,6.966984916559692,75.14874717947748,CADM4;CLEC7A;PLAU;TNFAIP3;EPPK1;EPHB2;CLDN1;DUOX2;HBEGF
GO_Biological_Process_2023,Cellular Response To Lectin (GO:1990858),6/19,2.4744406814253947e-05,0.0008117852553721721,0,0,13.532391735730128,143.5368758648586,KLRC2;SYK;KLRC3;SRC;CLEC7A;KLRC4
GO_Biological_Process_2023,Stimulatory C-type Lectin Receptor Signaling Pathway (GO:0002223),6/19,2.4744406814253947e-05,0.0008117852553721721,0,0,13.532391735730128,143.5368758648586,KLRC2;SYK;KLRC3;SRC;CLEC7A;KLRC4
GO_Biological_Process_2023,Antigen Processing And Presentation Of Peptide Antigen Via MHC Class II (GO:0002495),7/28,2.8007978381855324e-05,0.0009085284672855768,0,0,9.78419452887538,102.56791814442454,MARCHF1;HLA-DRA;HLA-DOA;FCGR2B;HLA-DQA1;HLA-DRB1;LGMN
GO_Biological_Process_2023,Negative Regulation Of Tumor Necrosis Factor Superfamily Cytokine Production (GO:1903556),9/49,2.9382857878328133e-05,0.0009425367854970368,0,0,6.617949695121951,69.05896103336079,IL10;CLEC4A;CD274;TNFAIP3;LILRB1;LGALS9;TLR4;LILRB4;HAVCR2
GO_Biological_Process_2023,Negative Regulation Of Cell Population Proliferation (GO:0008285),29/379,2.9789776127544342e-05,0.000945088831650775,0,0,2.473337825696316,25.77550754068401,CEBPA;CXCL8;CCL3L1;TNFAIP3;TREM2;IFIT3;SOX2;CYP27B1;DUSP10;GPNMB;ADORA3;HMOX1;APOE;E2F7;IL10;CDKN2B;KRT4;CDKN2A;CEL;ST18;WARS1;TMIGD3;IL1A;FABP3;NEURL1;PPARG;EPPK1;ATF5;TRIB1
GO_Biological_Process_2023,Regulation Of Blood Coagulation (GO:0030193),7/29,3.586659416415332e-05,0.0011255093190425,0,0,9.3389748549323,95.5909843363944,EDN1;PLAU;PLAUR;APOE;CEL;HPSE;EPHB2
GO_Biological_Process_2023,Regulation Of Immune Effector Process (GO:0002697),5/13,4.126152633303552e-05,0.0012808820056287,0,0,18.30208333333333,184.7701475191298,ZNF683;SUSD4;HLA-DRA;FCGR2B;HLA-DRB1
GO_Biological_Process_2023,Immunoglobulin Mediated Immune Response (GO:0016064),7/30,4.544883438219603e-05,0.0013667790089729,0,0,8.932469935245143,89.31508251084499,IL21R;HLA-DRA;TLR8;HLA-DOA;FCGR2B;HLA-DQA1;HLA-DRB1
GO_Biological_Process_2023,Negative Regulation Of Myeloid Leukocyte Differentiation (GO:0002762),7/30,4.544883438219603e-05,0.0013667790089729,0,0,8.932469935245143,89.31508251084499,CEACAM1;TNFAIP6;CCL3;HOXA7;LILRB4;TLR4;C1QC
GO_Biological_Process_2023,Positive Regulation Of Interleukin-10 Production (GO:0032733),7/30,4.544883438219603e-05,0.0013667790089729,0,0,8.932469935245143,89.31508251084499,SYK;CLEC7A;TNFSF4;ISG15;NOD2;LGALS9;TLR4
GO_Biological_Process_2023,Negative Regulation Of Innate Immune Response (GO:0045824),9/52,4.814560753229309e-05,0.0014329522571724,0,0,6.155275099262621,61.19131723078992,OAS1;OAS3;NLRC5;SLAMF8;SUSD4;TNFAIP3;ISG15;VSIG4;USP18
GO_Biological_Process_2023,Lymphocyte Migration (GO:0072676),8/41,5.179907613546168e-05,0.0015259584979905,0,0,7.122180711221807,70.28266385766132,CCL13;CCL8;CCL22;CCL3L1;CCL7;CRTAM;CCL3;CCL18
GO_Biological_Process_2023,Receptor-Mediated Endocytosis (GO:0006898),14/122,5.496869518169759e-05,0.0016029759897935,0,0,3.828554360812425,37.55332000327088,MSR1;CXCL8;ITGAM;SYK;ADM;LILRB1;LILRB4;MARCO;MRC1;STAB1;APOE;CD36;FCGR2B;SCARF1
GO_Biological_Process_2023,Antigen Processing And Presentation Of Exogenous Peptide Antigen (GO:0002478),7/31,5.703199564521287e-05,0.0016465137142772,0,0,8.559840425531915,83.64588856608536,CLEC4A;HLA-DRA;HLA-DOA;FCGR2B;HLA-DQA1;HLA-DRB1;LGMN
GO_Biological_Process_2023,Regulation Of Cholesterol Storage (GO:0010885),5/14,6.243036330324085e-05,0.0017180780523727,0,0,16.267676767676768,157.49484255314098,MSR1;NR1H3;TREM2;PPARG;ABCG1
GO_Biological_Process_2023,Negative Regulation Of T Cell Mediated Immunity (GO:0002710),5/14,6.243036330324085e-05,0.0017180780523727,0,0,16.267676767676768,157.49484255314098,IL4I1;CEACAM1;CD80;LILRB1;LILRB4
GO_Biological_Process_2023,Negative Regulation Of Leukocyte Mediated Cytotoxicity (GO:0001911),5/14,6.243036330324085e-05,0.0017180780523727,0,0,16.267676767676768,157.49484255314098,CEACAM1;LILRB1;LGALS9;FCGR2B;KIR2DL4
GO_Biological_Process_2023,Regulation Of Regulatory T Cell Differentiation (GO:0045589),6/22,6.24863856941929e-05,0.0017180780523727,0,0,10.99336115326252,106.42191262579254,IL4I1;DUSP10;TNFSF4;CTLA4;LILRB2;LILRB4
GO_Biological_Process_2023,Cellular Response To Low-Density Lipoprotein Particle Stimulus (GO:0071404),6/22,6.24863856941929e-05,0.0017180780523727,0,0,10.99336115326252,106.42191262579254,SYK;TREM2;PPARG;CD36;CD68;TLR4
GO_Biological_Process_2023,Regulation Of Smooth Muscle Cell Proliferation (GO:0048660),9/54,6.55938673808083e-05,0.0017698083656859,0,0,5.8810975609756095,56.64689844485986,EDN1;NR4A3;STAT1;TNFAIP3;HMOX1;PPARG;APOE;TRIB1;HES5
GO_Biological_Process_2023,Positive Regulation Of Leukocyte Chemotaxis (GO:0002690),9/54,6.55938673808083e-05,0.0017698083656859,0,0,5.8810975609756095,56.64689844485986,CCR1;CSF1R;CXCL10;EDN2;CXCL17;LGALS9;PLA2G7;CMKLR1;LGMN
GO_Biological_Process_2023,Synapse Pruning (GO:0098883),4/8,7.620252288167372e-05,0.0019999698505399,0,0,29.245083207261725,277.30527102470984,C1QB;ITGAM;TREM2;C1QC
GO_Biological_Process_2023,Negative Regulation Of Cholesterol Storage (GO:0010887),4/8,7.620252288167372e-05,0.0019999698505399,0,0,29.245083207261725,277.30527102470984,NR1H3;PPARG;TREM2;ABCG1
GO_Biological_Process_2023,Negative Regulation Of Production Of Molecular Mediator Of Immune Response (GO:0002701),4/8,7.620252288167372e-05,0.0019999698505399,0,0,29.245083207261725,277.30527102470984,IL10;FCRL3;LILRB1;FCGR2B
GO_Biological_Process_2023,Negative Regulation Of Inflammatory Response (GO:0050728),13/111,8.145138812987414e-05,0.002118199614558,0,0,3.9138756729685737,36.851112760156425,IL10;TNFAIP6;SYK;SRC;CXCL17;TNFAIP3;NR1H3;TREM2;SLAMF8;FFAR4;PPARG;APOE;HLA-DRB1
GO_Biological_Process_2023,Regulation Of Interleukin-4 Production (GO:0032673),6/23,8.217469928316824e-05,0.002118199614558,0,0,10.346157279300188,97.32281588415164,CD86;SYK;TNFSF4;LGALS9;HLA-DRB1;HAVCR2
GO_Biological_Process_2023,Negative Regulation Of Endocytosis (GO:0045806),7/33,8.745377360763824e-05,0.0022305906659737,0,0,7.900572831423895,73.8261143921179,MCTP1;APOC2;APOC1;NR1H3;LILRB1;FCGR2B;TLR2
GO_Biological_Process_2023,Cellular Response To Peptide (GO:1901653),9/56,8.808013021163951e-05,0.0022305906659737,0,0,5.630254281266217,52.571168287240575,RIPK2;SRC;TREM2;CD36;NOD2;FCGR2B;TLR4;ICAM1;LGMN
GO_Biological_Process_2023,Defense Response To Protozoan (GO:0042832),5/15,9.108814032712152e-05,0.0022669953545206,0,0,14.640151515151516,136.2073279665161,BATF2;CLEC7A;GBP2;GBP1;GBP4
GO_Biological_Process_2023,Negative Regulation Of Type I Interferon-Mediated Signaling Pathway (GO:0060339),5/15,9.108814032712152e-05,0.0022669953545206,0,0,14.640151515151516,136.2073279665161,OAS1;OAS3;NLRC5;ISG15;USP18
GO_Biological_Process_2023,Negative Regulation Of Multicellular Organismal Process (GO:0051241),20/231,9.644425546791118e-05,0.0023797826114176,0,0,2.81038980124178,25.986396832885347,IL10;FOXA1;PTPRO;NR1H3;ADM;TREM2;KREMEN2;HS3ST6;HOXC10;CORO1C;CLEC4A;TIFAB;DUSP10;GPNMB;TNNT1;SLAMF8;FFAR4;HOXA7;FCGR2B;TLR4
GO_Biological_Process_2023,Positive Regulation Of Type II Interferon Production (GO:0032729),9/58,0.0001167027053274102,0.0028552602566121,0,0,5.39988800398208,48.90074229744078,CLEC7A;TNFSF4;CRTAM;TLR8;TLR7;ISG15;LILRB1;LGALS9;TLR4
GO_Biological_Process_2023,Cell Surface Toll-Like Receptor Signaling Pathway (GO:0140895),5/16,0.0001288764639783704,0.0030748595829739,0,0,13.30853994490358,119.20001755594213,OAS1;RIPK2;LGALS9;PIK3AP1;TLR4
GO_Biological_Process_2023,Negative Regulation Of Chemokine Production (GO:0032682),5/16,0.0001288764639783704,0.0030748595829739,0,0,13.30853994490358,119.20001755594213,IL10;OAS1;OAS3;LGALS9;LILRB4
GO_Biological_Process_2023,Negative Regulation Of Interleukin-10 Production (GO:0032693),5/16,0.0001288764639783704,0.0030748595829739,0,0,13.30853994490358,119.20001755594213,CD274;LILRB1;PDCD1LG2;FCGR2B;LILRB4
GO_Biological_Process_2023,Macrophage Activation (GO:0042116),7/35,0.00012993864534908766,0.0030748595829739,0,0,7.33548632218845,65.64121921284031,C1QA;FCGR3A;ITGAM;EDN2;SYK;TREM2;TLR4
GO_Biological_Process_2023,Cellular Response To Oxidised Low-Density Lipoprotein Particle Stimulus (GO:0140052),4/9,0.0001335537898099638,0.0031128878578691,0,0,23.394856278366117,208.70565887478057,TREM2;CD36;CD68;TLR4
GO_Biological_Process_2023,Negative Regulation Of Cytokine-Mediated Signaling Pathway (GO:0001960),9/59,0.000133702145609896,0.0031128878578691,0,0,5.291615853658537,47.20066322439368,IL1RN;OAS1;OAS3;NLRC5;NR1H3;TREM2;PPARG;ISG15;USP18
GO_Biological_Process_2023,Regulation Of Monocyte Chemotaxis (GO:0090025),6/25,0.00013621787321808668,0.0031460879998449,0,0,9.256129702100472,82.39117028348664,CCR1;CXCL10;CXCL17;SLAMF8;PLA2G7;LGMN
GO_Biological_Process_2023,Negative Regulation Of Tumor Necrosis Factor Production (GO:0032720),8/47,0.00014303117122148632,0.0032772300898129,0,0,6.024587284861258,53.33234548531277,IL10;CLEC4A;TNFAIP3;LILRB1;LGALS9;LILRB4;TLR4;HAVCR2
GO_Biological_Process_2023,Positive Regulation Of Cell Motility (GO:2000147),19/221,0.0001567065860624808,0.0035622985351368,0,0,2.785818287711124,24.406931161968508,CCR1;CSF1R;SEMA4A;EDN1;SEMA7A;CLDN1;GPNMB;CCL7;CEACAM6;PLAU;CLEC7A;DUOXA2;GCNT2;CCL3;HAS2;EPHB2;DUOX2;EPHA2;HBEGF
GO_Biological_Process_2023,Cellular Defense Response (GO:0006968),8/48,0.00016669606308426885,0.0037597776103459,0,0,5.873668188736682,51.09702713654255,NCR1;CXCL9;KLRC2;NCF2;KLRC3;CLEC5A;LILRB2;KIR2DL4
GO_Biological_Process_2023,Positive Regulation Of NF-kappaB Transcription Factor Activity (GO:0051092),15/152,0.00017035238265122255,0.0038124599125122,0,0,3.233801235261089,28.061767566289998,RIPK2;RTKN2;TNFRSF11A;NLRC4;NOD2;NTS;TRIM6;AIM2;CLEC7A;IRAK2;LGALS9;CD36;CARD14;TLR4;TLR2
GO_Biological_Process_2023,Antigen Processing And Presentation Of Exogenous Peptide Antigen Via MHC Class II (GO:0019886),6/26,0.00017213713951179282,0.0038227686290041,0,0,8.792867981790591,76.20971310541101,HLA-DRA;HLA-DOA;FCGR2B;HLA-DQA1;HLA-DRB1;LGMN
GO_Biological_Process_2023,Positive Regulation Of Interleukin-8 Production (GO:0032757),9/61,0.00017394438327363797,0.0038334155306182,0,0,5.087564493433396,44.04190084394484,SYK;CLEC7A;CHI3L1;TLR8;TLR7;LGALS9;NOD2;TLR4;TLR2
GO_Biological_Process_2023,Regulation Of Inflammatory Response To Antigenic Stimulus (GO:0002861),5/17,0.000177596997280681,0.0038645547291383,0,0,12.198863636363637,105.34930871485015,PLA2G2D;SYK;SRC;TREM2;HLA-DRB1
GO_Biological_Process_2023,Regulation Of Angiogenesis (GO:0045765),18/205,0.00017803456147398532,0.0038645547291383,0,0,2.8487217846250488,24.594533139223746,ECM1;CXCL8;STAT1;TNFAIP3;CXCL13;PIK3R6;HK2;WARS1;IL1A;CXCL10;CEACAM1;GPNMB;STAB1;HMOX1;CHI3L1;PPARG;ANGPTL4;EPHA2
GO_Biological_Process_2023,Positive Regulation Of Immune Effector Process (GO:0002699),7/37,0.0001877947448805872,0.0040459957348526,0,0,6.845744680851064,58.73759134938074,IL10;TNFSF4;HLA-DRA;LILRB1;LGALS9;DDX60;HLA-DRB1
GO_Biological_Process_2023,Positive Regulation Of Programmed Cell Death (GO:0043068),20/245,0.0002134869531385638,0.0044694169448085,0,0,2.63359173126615,22.2589456988282,HRK;FOXA1;GBP5;SYK;HTRA4;LILRB1;NLRC4;IFIT2;MLLT11;BCL2L11;ADAMTSL4;CLEC7A;UBD;KCNMA1;NEURL1;CTLA4;IRF5;ECT2;GBP2;GBP1
GO_Biological_Process_2023,Regulation Of Immunoglobulin Production (GO:0002637),6/27,0.00021514143981301705,0.0044694169448085,0,0,8.373726425319749,70.7095453364645,CD86;IL10;FCRL3;TNFSF4;EPHB2;FCGR2B
GO_Biological_Process_2023,Regulation Of Cysteine-Type Endopeptidase Activity Involved In Apoptotic Signaling Pathway (GO:2001267),4/10,0.00021673653352033255,0.0044694169448085,0,0,19.494704992435704,164.47347436129246,PLAUR;LGALS9;MMP9;ST18
GO_Biological_Process_2023,Regulation Of Dendritic Cell Differentiation (GO:2001198),4/10,0.00021673653352033255,0.0044694169448085,0,0,19.494704992435704,164.47347436129246,LILRB1;LGALS9;LILRB2;FCGR2B
GO_Biological_Process_2023,Positive Regulation Of Bone Resorption (GO:0045780),4/10,0.00021673653352033255,0.0044694169448085,0,0,19.494704992435704,164.47347436129246,DCSTAMP;SYK;SPP1;TNFRSF11A
GO_Biological_Process_2023,Positive Regulation Of Integrin Activation (GO:0033625),4/10,0.00021673653352033255,0.0044694169448085,0,0,19.494704992435704,164.47347436129246,SRC;PLEK;CXCL13;RASIP1
GO_Biological_Process_2023,Positive Regulation Of Production Of Molecular Mediator Of Immune Response (GO:0002702),7/38,0.0002236634755118819,0.0045795493177503,0,0,6.624571036376115,55.68195725197847,CD86;IL10;TRIM6;TNFSF4;IRF5;NOD2;EPHB2
GO_Biological_Process_2023,Positive Regulation Of T Cell Activation (GO:0050870),12/107,0.0002292918624938205,0.004661729626899,0,0,3.721769968566132,31.190348516649923,CD86;CD274;CD209;CD80;HLA-DRA;LGALS9;PDCD1LG2;NOD2;LILRB2;HLA-DOA;HLA-DQA1;HLA-DRB1
GO_Biological_Process_2023,Regulation Of Lymphocyte Activation (GO:0051249),5/18,0.0002392043310151628,0.0047300198879505,0,0,11.25990675990676,93.88726930572004,KLRC2;KLRC3;CLEC7A;FCRL3;CRTAM
GO_Biological_Process_2023,Positive Regulation Of Interleukin-4 Production (GO:0032753),5/18,0.0002392043310151628,0.0047300198879505,0,0,11.25990675990676,93.88726930572004,CD86;SYK;TNFSF4;LGALS9;HAVCR2
GO_Biological_Process_2023,Positive Regulation Of Macrophage Migration (GO:1905523),5/18,0.0002392043310151628,0.0047300198879505,0,0,11.25990675990676,93.88726930572004,CSF1R;CXCL17;CCL3;TREM2;CMKLR1
GO_Biological_Process_2023,Positive Regulation Of Monocyte Chemotaxis (GO:0090026),5/18,0.0002392043310151628,0.0047300198879505,0,0,11.25990675990676,93.88726930572004,CCR1;CXCL10;CXCL17;PLA2G7;LGMN
GO_Biological_Process_2023,Cholesterol Transport (GO:0030301),8/51,0.00025771075451468453,0.0050271010019182,0,0,5.463027857420976,45.14467421106251,MSR1;STARD5;APOC2;APOC1;CD36;CEL;APOE;ABCG1
GO_Biological_Process_2023,Positive Regulation Of Leukocyte Mediated Cytotoxicity (GO:0001912),8/51,0.00025771075451468453,0.0050271010019182,0,0,5.463027857420976,45.14467421106251,ITGAM;KLRC2;KLRC3;KLRC4;CRTAM;HLA-DRA;ULBP1;HLA-DRB1
GO_Biological_Process_2023,Negative Regulation Of Cell-Substrate Adhesion (GO:0010812),7/39,0.0002648536284348826,0.0051317612435671,0,0,6.417220744680851,52.85436846433908,CDKN2A;NEXMIF;PTPRO;GCNT2;HOXA7;GBP1;CORO1C
GO_Biological_Process_2023,Regulation Of Lymphocyte Differentiation (GO:0045619),5/19,0.0003157976435256699,0.0060780519790573,0,0,10.45508658008658,84.27227310953873,ZNF683;IL4I1;FCRL3;CRTAM;SLAMF8
GO_Biological_Process_2023,Negative Regulation Of Immune Response (GO:0050777),9/66,0.0003203880272015895,0.0061255644670926,0,0,4.640083440308088,37.33400794139286,SYK;SRC;ALOX15;TNFAIP3;TREM2;LILRB1;FCGR2B;HLA-DRB1;HAVCR2
GO_Biological_Process_2023,Regulation Of Type II Interferon-Mediated Signaling Pathway (GO:0060334),4/11,0.00033163999923107386,0.0062989781432901,0,0,16.708882645342555,133.86255359693007,NLRC5;NR1H3;PPARG;PARP9
GO_Biological_Process_2023,Regulation Of Interleukin-8 Production (GO:0032677),10/81,0.00034561835696838303,0.0064001801358605,0,0,4.142350284915601,33.01525836477043,IL10;SYK;CLEC7A;CHI3L1;TLR8;TLR7;LGALS9;NOD2;TLR4;TLR2
GO_Biological_Process_2023,Negative Regulation Of NF-kappaB Transcription Factor Activity (GO:0032088),10/81,0.00034561835696838303,0.0064001801358605,0,0,4.142350284915601,33.01525836477043,IL10;TMIGD3;AIM2;IRAK2;CDKN2A;ADORA3;NLRC5;TNFAIP3;CMKLR1;HAVCR2
GO_Biological_Process_2023,Regulation Of Ribonuclease Activity (GO:0060700),3/5,0.00034805274725670395,0.0064001801358605,0,0,43.8058912386707,348.8331683045517,OAS1;OAS2;OAS3
GO_Biological_Process_2023,"Positive Regulation Of CD4-positive, CD25-positive, Alpha-Beta Regulatory T Cell Differentiation (GO:0032831)",3/5,0.00034805274725670395,0.0064001801358605,0,0,43.8058912386707,348.8331683045517,HLA-DRA;LGALS9;HLA-DRB1
GO_Biological_Process_2023,Regulation Of T Cell Activation Via T Cell Receptor Contact With Antigen Bound To MHC Molecule On Antigen Presenting Cell (GO:2001188),3/5,0.00034805274725670395,0.0064001801358605,0,0,43.8058912386707,348.8331683045517,LILRB1;LGALS9;HAVCR2
GO_Biological_Process_2023,Regulation Of Defense Response (GO:0031347),11/97,0.000375764407706241,0.0068660243357463,0,0,3.7646504516037274,29.690097190787608,HERC5;SEMA7A;NLRP7;TNFSF4;ALOX15;TREM2;APOE;NOD2;FCGR2B;PIK3AP1;USP18
GO_Biological_Process_2023,Positive Regulation Of Intracellular Signal Transduction (GO:1902533),33/525,0.0003787747928594594,0.006877502056511,0,0,1.9997780950910773,15.755389194096804,CD86;ECM1;SRC;RTKN2;IFIT5;SECTM1;TREM2;NOD2;NTS;SOX2;TRIM6;CLEC7A;UBD;GCNT2;CCL3;FFAR4;HMOX1;LGALS9;ECT2;APOL2;TBX1;RIPK2;FCRL3;FN1;CHI3L1;PPARG;TLR7;HPSE;PIK3AP1;TLR4;HLA-DRB1;HBEGF;TLR2
GO_Biological_Process_2023,Positive Regulation Of Cellular Component Organization (GO:0051130),12/113,0.0003816521034252013,0.0068864351411784,0,0,3.4995830364047125,27.54522188826572,HRK;BCL2L11;SYK;CLEC7A;MMP1;APOC2;NEURL1;GPC3;TREM2;APOE;TPPP;WARS1
GO_Biological_Process_2023,Innate Immune Response Activating Cell Surface Receptor Signaling Pathway (GO:0002220),6/30,0.0003964628450862631,0.0070220137040738,0,0,7.325872534142641,57.38303377109855,KLRC2;SYK;SRC;CLEC7A;KLRC3;KLRC4
GO_Biological_Process_2023,Negative Regulation Of Interleukin-1 Production (GO:0032692),6/30,0.0003964628450862631,0.0070220137040738,0,0,7.325872534142641,57.38303377109855,IL10;CEACAM1;NLRP7;FFAR4;TNFAIP3;LILRB4
GO_Biological_Process_2023,Regulation Of Calcium-Mediated Signaling (GO:0050848),6/30,0.0003964628450862631,0.0070220137040738,0,0,7.325872534142641,57.38303377109855,CLEC7A;PLEK;CCL3;TREM2;GBP1;CMKLR1
GO_Biological_Process_2023,Negative Regulation Of Cell-Matrix Adhesion (GO:0001953),6/31,0.0004779266666663156,0.0083622684040342,0,0,7.03247344461305,53.77066646667001,MMP12;SRC;CDKN2A;NEXMIF;HOXA7;CORO1C
GO_Biological_Process_2023,Positive Regulation Of Mononuclear Cell Migration (GO:0071677),6/31,0.0004779266666663156,0.0083622684040342,0,0,7.03247344461305,53.77066646667001,CCR1;CXCL10;CXCL17;LGALS9;PLA2G7;LGMN
GO_Biological_Process_2023,"Positive Regulation Of CD4-positive, Alpha-Beta T Cell Activation (GO:2000516)",4/12,0.0004844081388226678,0.0084246162456689,0,0,14.619515885022691,111.58466467788904,TNFSF4;HLA-DRA;LGALS9;HLA-DRB1
GO_Biological_Process_2023,Antimicrobial Humoral Response (GO:0019730),11/100,0.00048918057313203,0.0084566725427076,0,0,3.6371851699137543,27.725458246562884,CXCL10;CCL13;CXCL11;CXCL9;CXCL8;RNASE7;CXCL13;SPRR2A;LYZ;F3;CAMP
GO_Biological_Process_2023,Pattern Recognition Receptor Signaling Pathway (GO:0002221),8/56,0.0004969637394239133,0.0085400852126002,0,0,4.892694063926941,37.21869190965972,IFIH1;TLR8;TLR7;NLRC4;NOD2;CLEC4E;TLR4;TLR2
GO_Biological_Process_2023,Negative Regulation Of Epithelial Cell Proliferation (GO:0050680),9/70,0.0005004073728588861,0.0085483792038083,0,0,4.334916033586565,32.945743525321824,SOX2;CYP27B1;CEACAM1;CDKN2B;DUSP10;KRT4;STAT1;EPPK1;APOE
GO_Biological_Process_2023,Antigen Processing And Presentation Of Endogenous Peptide Antigen (GO:0002483),5/21,0.0005230049936535244,0.0087785780039402,0,0,9.147253787878787,69.11591368668599,TAP2;TAP1;HLA-DRA;ULBP1;HLA-DRB1
GO_Biological_Process_2023,Negative Regulation Of Interleukin-2 Production (GO:0032703),5/21,0.0005230049936535244,0.0087785780039402,0,0,9.147253787878787,69.11591368668599,TNFAIP3;VSIG4;LILRB4;GBP1;HAVCR2
GO_Biological_Process_2023,Negative Regulation Of Osteoclast Differentiation (GO:0045671),5/21,0.0005230049936535244,0.0087785780039402,0,0,9.147253787878787,69.11591368668599,TNFAIP6;CCL3;LILRB1;LILRB4;TLR4
GO_Biological_Process_2023,Regulation Of Viral Entry Into Host Cell (GO:0046596),7/44,0.0005715247938547157,0.0094827131026354,0,0,5.548591144335825,41.4324547289467,CIITA;TRIM6;TMPRSS2;LGALS9;HS3ST6;TRIM31;HLA-DRB1
GO_Biological_Process_2023,Negative Regulation Of Immune System Process (GO:0002683),7/44,0.0005715247938547157,0.0094827131026354,0,0,5.548591144335825,41.4324547289467,TNFAIP3;HMOX1;TREM2;LILRB2;HOXA7;FCGR2B;LILRB4
GO_Biological_Process_2023,Cell-Cell Adhesion Via Plasma-Membrane Adhesion Molecules (GO:0098742),15/172,0.0006447872424146241,0.0105463051907498,0,0,2.8189122978931898,20.709393327912743,CADM4;ITGAM;CRTAM;CLDN1;ICAM1;CEACAM1;CD209;CEACAM6;CEACAM5;CLDN23;HMCN2;CDH23;DSG2;NECTIN4;SCARF1
GO_Biological_Process_2023,Regulation Of Nuclease Activity (GO:0032069),3/6,0.0006788827103255003,0.0105463051907498,0,0,29.202416918429,213.03344734799185,OAS1;OAS2;OAS3
GO_Biological_Process_2023,Negative Regulation Of Digestive System Process (GO:0060457),3/6,0.0006788827103255003,0.0105463051907498,0,0,29.202416918429,213.03344734799185,TIFAB;NR1H3;HAMP
GO_Biological_Process_2023,Peptide Transport (GO:0015833),3/6,0.0006788827103255003,0.0105463051907498,0,0,29.202416918429,213.03344734799185,CD209;TAP2;TAP1
GO_Biological_Process_2023,Regulation Of Type I Interferon-Mediated Signaling Pathway (GO:0060338),6/33,0.0006794957216471694,0.0105463051907498,0,0,6.510875063227112,47.49136198173022,TRIM6;OAS1;OAS3;NLRC5;ISG15;USP18
GO_Biological_Process_2023,Positive Regulation Of Cytokine Production Involved In Immune Response (GO:0002720),6/33,0.0006794957216471694,0.0105463051907498,0,0,6.510875063227112,47.49136198173022,TRIM6;CLEC7A;TNFSF4;IRF5;NOD2;KIR2DL4
GO_Biological_Process_2023,Regulation Of Activated T Cell Proliferation (GO:0046006),6/33,0.0006794957216471694,0.0105463051907498,0,0,6.510875063227112,47.49136198173022,CD274;CRTAM;LGALS9;PDCD1LG2;LILRB4;IDO1
GO_Biological_Process_2023,Regulation Of Humoral Immune Response (GO:0002920),4/13,0.0006813633957390169,0.0105463051907498,0,0,12.994452849218357,94.74794547674875,SPNS2;SUSD4;CXCL13;FCGR2B
GO_Biological_Process_2023,Regulation Of Nitric-Oxide Synthase Biosynthetic Process (GO:0051769),4/13,0.0006813633957390169,0.0105463051907498,0,0,12.994452849218357,94.74794547674875,EDN1;NOD2;TLR4;TLR2
GO_Biological_Process_2023,Endolysosomal Toll-Like Receptor Signaling Pathway (GO:0140894),4/13,0.0006813633957390169,0.0105463051907498,0,0,12.994452849218357,94.74794547674875,OAS1;TLR8;TLR7;PIK3AP1
GO_Biological_Process_2023,Negative Regulation Of Interleukin-12 Production (GO:0032695),4/13,0.0006813633957390169,0.0105463051907498,0,0,12.994452849218357,94.74794547674875,IL10;TLR8;LILRB1;CMKLR1
GO_Biological_Process_2023,Positive Regulation Of Type 2 Immune Response (GO:0002830),4/13,0.0006813633957390169,0.0105463051907498,0,0,12.994452849218357,94.74794547674875,CD86;RSAD2;TNFSF4;NOD2
GO_Biological_Process_2023,Positive Regulation Of Response To External Stimulus (GO:0032103),14/155,0.0006831171010288276,0.0105463051907498,0,0,2.927476549988561,21.337920653803646,GBP5;CEBPA;TREM2;NLRC4;PLA2G7;AIM2;PLAU;TNFSF4;CCL3;TLR8;TLR7;SCARF1;TLR4;TLR2
GO_Biological_Process_2023,Anterior/Posterior Pattern Specification (GO:0009952),8/59,0.0007109660615546124,0.0109178671261072,0,0,4.604172262512311,33.37511922314935,TBX1;TIFAB;SIX2;HOXA7;HOXC9;HOXA6;HES5;HOXC6
GO_Biological_Process_2023,Regulation Of Cytokine Production Involved In Inflammatory Response (GO:1900015),7/46,0.0007537652216318786,0.011489239186692,0,0,5.263502454991817,37.846843934105394,GBP5;CLEC7A;NLRP7;TREM2;NOD2;LILRB4;TLR4
GO_Biological_Process_2023,Positive Regulation Of Lymphocyte Proliferation (GO:0050671),9/74,0.0007561328179672642,0.011489239186692,0,0,4.0673076923076925,29.232934188530468,CD86;CD274;FCGR3A;CD209;CD80;FCRL3;PDCD1LG2;LILRB2;EPHB2
GO_Biological_Process_2023,Regulation Of I-kappaB kinase/NF-kappaB Signaling (GO:0043122),18/232,0.0007905786060286648,0.0119497405005484,0,0,2.485793525834549,17.755390440769954,ECM1;RIPK2;STAT1;PPM1N;IFIT5;SECTM1;TNFAIP3;TREM2;NOD2;LILRB4;TRIM6;CLEC7A;UBD;HMOX1;LGALS9;ECT2;HLA-DRB1;APOL2
GO_Biological_Process_2023,Cellular Response To Amyloid-Beta (GO:1904646),6/34,0.000802175302439385,0.0119993787468523,0,0,6.278018642965532,44.75086822788911,TREM2;CD36;FCGR2B;TLR4;ICAM1;LGMN
GO_Biological_Process_2023,Glial Cell Differentiation (GO:0010001),6/34,0.000802175302439385,0.0119993787468523,0,0,6.278018642965532,44.75086822788911,SOX2;EGR2;PTPRZ1;ADGRG6;TPPP;HES5
GO_Biological_Process_2023,Long-Chain Fatty Acid Transport (GO:0015909),5/23,0.000818530295034682,0.012180912174047,0,0,8.130050505050505,57.78840020101088,FABP3;PPARG;APOE;CD36;SLC27A2
GO_Biological_Process_2023,Positive Regulation Of Lymphocyte Activation (GO:0051251),7/47,0.0008606441190396051,0.0126769365901394,0,0,5.131648936170213,36.218303109005774,CLEC7A;TNFSF4;HLA-DRA;NOD2;HLA-DOA;HLA-DQA1;HLA-DRB1
GO_Biological_Process_2023,Positive Regulation Of Smooth Muscle Cell Proliferation (GO:0048661),7/47,0.0008606441190396051,0.0126769365901394,0,0,5.131648936170213,36.218303109005774,IL10;EDN1;NR4A3;STAT1;HMOX1;MMP9;HES5
GO_Biological_Process_2023,Regulation Of Epithelial Cell Proliferation (GO:0050678),10/91,0.0008792020733678965,0.0128845501817924,0,0,3.629064178682499,25.53589483901407,SOX2;TBX1;CDKN2B;DUSP10;NR4A3;SIX4;KRT4;EPPK1;NOD2;FUT1
GO_Biological_Process_2023,MHC Class II Protein Complex Assembly (GO:0002399),4/14,0.0009289380054504876,0.0134092201086777,0,0,11.694402420574889,81.6441027563461,HLA-DRA;HLA-DOA;HLA-DQA1;HLA-DRB1
GO_Biological_Process_2023,Regulation Of Integrin Activation (GO:0033623),4/14,0.0009289380054504876,0.0134092201086777,0,0,11.694402420574889,81.6441027563461,SRC;PLEK;KIF14;RASIP1
GO_Biological_Process_2023,Peptide Antigen Assembly With MHC Class II Protein Complex (GO:0002503),4/14,0.0009289380054504876,0.0134092201086777,0,0,11.694402420574889,81.6441027563461,HLA-DRA;HLA-DOA;HLA-DQA1;HLA-DRB1
GO_Biological_Process_2023,Regulation Of T Cell Activation (GO:0050863),8/62,0.0009935865766229866,0.0140973473572293,0,0,4.34770843903264,30.060879415265152,IL4I1;GPNMB;CD209;CRTAM;HLA-DRA;HLA-DOA;HLA-DQA1;HLA-DRB1
GO_Biological_Process_2023,Regulation Of Cytokine Production Involved In Immune Response (GO:0002718),5/24,0.0010059070161375,0.0140973473572293,0,0,7.701754385964913,53.156473970858094,IL10;TRIM6;LILRB1;IRF5;NOD2
GO_Biological_Process_2023,Response To Purine-Containing Compound (GO:0014074),5/24,0.0010059070161375,0.0140973473572293,0,0,7.701754385964913,53.156473970858094,RYR1;P2RX7;STAT1;TLR7;DUOX2
GO_Biological_Process_2023,Mononuclear Cell Differentiation (GO:1903131),5/24,0.0010059070161375,0.0140973473572293,0,0,7.701754385964913,53.156473970858094,CSF1R;IRF8;LILRB1;TREM2;PPARG
GO_Biological_Process_2023,Negative Regulation Of Antigen Receptor-Mediated Signaling Pathway (GO:0050858),5/24,0.0010059070161375,0.0140973473572293,0,0,7.701754385964913,53.156473970858094,CEACAM1;FCRL3;FCGR2B;LILRB4;GBP1
GO_Biological_Process_2023,Positive Regulation Of Natural Killer Cell Mediated Immunity (GO:0002717),5/24,0.0010059070161375,0.0140973473572293,0,0,7.701754385964913,53.156473970858094,KLRC2;KLRC3;KLRC4;CRTAM;KIR2DL4
GO_Biological_Process_2023,Regulation Of Response To External Stimulus (GO:0032101),12/127,0.001091140081744,0.0152179778550485,0,0,3.071309674412411,20.947966477699072,HERC5;SEMA7A;NLRP7;TNFSF4;ALOX15;TREM2;CD36;NOD2;EPHB2;FCGR2B;PIK3AP1;USP18
GO_Biological_Process_2023,Heterophilic Cell-Cell Adhesion Via Plasma Membrane Cell Adhesion Molecules (GO:0007157),7/49,0.0011100631147613,0.0154074625592111,0,0,4.88677811550152,33.246405230535615,CEACAM6;CD209;CEACAM5;CRTAM;NECTIN4;SCARF1;ICAM1
GO_Biological_Process_2023,Regulation Of Response To Wounding (GO:1903034),3/7,0.0011586986302655,0.0156316025494233,0,0,21.90067975830816,148.05862072996098,IL10;CADM4;PLAU
GO_Biological_Process_2023,Tryptophan Catabolic Process (GO:0006569),3/7,0.0011586986302655,0.0156316025494233,0,0,21.90067975830816,148.05862072996098,IL4I1;KMO;IDO1
GO_Biological_Process_2023,Tryptophan Metabolic Process (GO:0006568),3/7,0.0011586986302655,0.0156316025494233,0,0,21.90067975830816,148.05862072996098,IL4I1;KMO;IDO1
GO_Biological_Process_2023,"Positive Regulation Of CD4-positive, Alpha-Beta T Cell Differentiation (GO:0043372)",3/7,0.0011586986302655,0.0156316025494233,0,0,21.90067975830816,148.05862072996098,TNFSF4;HLA-DRA;HLA-DRB1
GO_Biological_Process_2023,Positive Regulation Of Apoptotic Cell Clearance (GO:2000427),3/7,0.0011586986302655,0.0156316025494233,0,0,21.90067975830816,148.05862072996098,TREM2;CD300LF;C2
GO_Biological_Process_2023,"Regulation Of CD4-positive, Alpha-Beta T Cell Activation (GO:2000514)",3/7,0.0011586986302655,0.0156316025494233,0,0,21.90067975830816,148.05862072996098,TARM1;HLA-DRA;HLA-DRB1
GO_Biological_Process_2023,Regulation Of Myelination (GO:0031641),5/25,0.0012233302878137,0.0163507154672138,0,0,7.316287878787879,49.06433170515032,EGR2;PTPRZ1;KIF14;TPPP;HES5
GO_Biological_Process_2023,Positive Regulation Of Release Of Cytochrome C From Mitochondria (GO:0090200),5/25,0.0012233302878137,0.0163507154672138,0,0,7.316287878787879,49.06433170515032,HRK;MLLT11;BCL2L11;PLAUR;MMP9
GO_Biological_Process_2023,Regulation Of Lipoprotein Lipase Activity (GO:0051004),4/15,0.0012336122739647,0.0164121596080014,0,0,10.63072479713932,71.20256002890396,APOC2;APOC1;NR1H3;ANGPTL4
GO_Biological_Process_2023,Calcium Ion Transport (GO:0006816),11/112,0.0012675412524462,0.0167232133591426,0,0,3.2030459926726618,21.366482916564166,CCR1;RYR1;P2RX7;CYP27B1;TRPM2;CCL8;CDH23;CCL3;ATP2C2;MCOLN2;SLC8A1
GO_Biological_Process_2023,Regulation Of Defense Response To Virus By Host (GO:0050691),6/37,0.0012743702594428,0.0167232133591426,0,0,5.669587351314308,37.78951835565963,TRIM6;DTX3L;STAT1;TNFAIP3;LILRB1;PARP9
GO_Biological_Process_2023,Negative Regulation Of Smooth Muscle Cell Proliferation (GO:0048662),6/37,0.0012743702594428,0.0167232133591426,0,0,5.669587351314308,37.78951835565963,IL10;TNFAIP3;HMOX1;PPARG;APOE;TRIB1
GO_Biological_Process_2023,Positive Regulation Of Multicellular Organismal Process (GO:0051240),25/387,0.0012806263588554,0.0167292683168133,0,0,2.0473282113259668,13.636037057405913,ACHE;TREM2;ADRB1;TNFRSF11A;GHR;CYP27B1;SIX4;GCNT2;SPP1;FFAR4;APOE;CD36;PPARGC1B;CMKLR1;IL10;SYK;NFAM1;FST;CRTAM;LILRB2;DCSTAMP;IL1A;APOC2;PPARG;EZH2
GO_Biological_Process_2023,Antimicrobial Humoral Immune Response Mediated By Antimicrobial Peptide (GO:0061844),8/65,0.0013596384119723,0.0176021349567901,0,0,4.118240807498197,27.18259871681653,CCL13;CXCL10;CXCL9;CXCL11;CXCL8;RNASE7;CXCL13;CAMP
GO_Biological_Process_2023,Positive Regulation Of T Cell Proliferation (GO:0042102),8/65,0.0013596384119723,0.0176021349567901,0,0,4.118240807498197,27.18259871681653,CD86;CD274;SYK;CD209;CD80;TNFSF4;PDCD1LG2;LILRB2
GO_Biological_Process_2023,Regulation Of Apoptotic Process (GO:0042981),39/705,0.0013818210241932,0.0178094522180617,0,0,1.746373370175287,11.498738855950762,HRK;FOXA1;SRC;HTRA4;KIF14;IFI6;NLRC4;IFIT3;IFIT2;BCL2L11;SIX4;ADAMTSL4;UBD;CLEC5A;FFAR4;CTLA4;ECT2;IL10;EGLN3;STIL;EGLN2;EGR3;STAT1;STYK1;PLAUR;LILRB1;MMP9;MLLT11;CXCL10;RNF144B;PAX7;CEACAM5;KCNMA1;NEURL1;IRF5;ANGPTL4;ATF5;CARD14;MCM2
GO_Biological_Process_2023,Regulation Of Cytokine Production (GO:0001817),14/167,0.0014117706293036,0.0180489819072914,0,0,2.69618384988404,17.69481355970904,IL10;NFAM1;CRTAM;ISG15;TREM2;CLEC4A;IFIH1;IL1A;GPNMB;FFAR4;IRF8;LGALS9;FCGR2B;HLA-DRB1
GO_Biological_Process_2023,Receptor Internalization (GO:0031623),7/51,0.0014129095639237,0.0180489819072914,0,0,4.6641682785299805,30.606758157757707,CEACAM1;CXCL8;SYK;ADM;LILRB1;CD36;LILRB4
GO_Biological_Process_2023,Negative Regulation Of DNA-binding Transcription Factor Activity (GO:0043433),13/149,0.0014397134550774,0.0183103645145759,0,0,2.81472167087694,18.41759976278911,CDKN2A;NLRC5;TNFAIP3;TBX6;TMIGD3;AIM2;IRAK2;ADORA3;TNFSF4;E2F2;TRIB1;CMKLR1;HAVCR2
GO_Biological_Process_2023,Regulation Of Cell Migration (GO:0030334),27/434,0.001449846021406,0.018358357297365,0,0,1.968128287877504,12.864272834981028,CSF1R;SEMA7A;MCTP1;SRC;KIF14;CLDN1;CORO1C;DUSP10;GPNMB;CCL7;CLEC7A;PLAU;ADORA3;GCNT2;CCL3;HAS2;EPHB2;ARSB;CCR1;SEMA4A;EDN1;TMIGD3;CEACAM1;CEACAM6;EPPK1;HBEGF;EPHA2
GO_Biological_Process_2023,Response To Peptide (GO:1901652),6/38,0.0014713785482829,0.0184970774157696,0,0,5.492128224582701,35.81721919280637,MMP12;MMP13;STAT1;IRF5;NOD2;MMP9
GO_Biological_Process_2023,Plasma Membrane Invagination (GO:0099024),5/26,0.0014736154505116,0.0184970774157696,0,0,6.967532467532467,45.42856535974864,MSR1;MARCO;ITGAM;CD36;FCGR2B
GO_Biological_Process_2023,Arachidonic Acid Metabolic Process (GO:0019369),7/52,0.0015866806431789,0.0197445992105928,0,0,4.560283687943262,29.39609525767831,CYP2J2;DAGLA;CYP2S1;PLA2G4C;ALOX15;CYP2E1;CYP4F11
GO_Biological_Process_2023,Icosanoid Metabolic Process (GO:0006690),7/52,0.0015866806431789,0.0197445992105928,0,0,4.560283687943262,29.39609525767831,CYP2J2;DAGLA;CYP2S1;PLA2G4C;ALOX15;NLRC4;CYP4F11
GO_Biological_Process_2023,Negative Regulation Of Inflammatory Response To Antigenic Stimulus (GO:0002862),4/16,0.0016018593288831,0.0197631106089125,0,0,9.744326777609682,62.72023866991592,SYK;SRC;TREM2;HLA-DRB1
GO_Biological_Process_2023,Negative Regulation Of Natural Killer Cell Mediated Cytotoxicity (GO:0045953),4/16,0.0016018593288831,0.0197631106089125,0,0,9.744326777609682,62.72023866991592,CEACAM1;LILRB1;LGALS9;KIR2DL4
GO_Biological_Process_2023,Positive Regulation Of Cell Population Proliferation (GO:0008284),29/483,0.0016857824997645,0.0207100173481718,0,0,1.896312996980024,12.108954868152974,CD86;CSF1R;RTKN2;KIF14;TNFRSF11A;NOD2;CSF2RA;HOXC10;CLEC7A;SIX2;GCNT2;CHP2;HMOX1;HAS2;HES5;TBX1;EDN1;EDN2;STAT1;FN1;NCCRP1;NR4A3;CEACAM6;TNFSF4;HPSE;FOLR2;EZH2;LGMN;HBEGF
GO_Biological_Process_2023,Positive Regulation Of Response To Wounding (GO:1903036),5/27,0.0017596334461592,0.021482607735228,0,0,6.650482093663912,42.18167866092016,CLEC7A;CLDN1;SCARF1;DUOX2;HBEGF
GO_Biological_Process_2023,Metal Ion Transport (GO:0030001),14/171,0.0017664670977201,0.021482607735228,0,0,2.6269433600438328,16.65159952676626,KCNG1;CCR1;RYR1;KCNJ5;CYP27B1;CCL8;KCNS1;KCNS3;KCNMA1;CDH23;KCNMB3;CCL3;SCN2A;KCNJ2
GO_Biological_Process_2023,Positive Regulation Of NIK/NF-kappaB Signaling (GO:1901224),7/53,0.0017766380088999,0.021482607735228,0,0,4.460915818686401,28.25112467963043,CD86;RTKN2;TLR7;LGALS9;NOD2;TLR4;TLR2
GO_Biological_Process_2023,Regulation Of Dendritic Cell Antigen Processing And Presentation (GO:0002604),3/8,0.0018082000968688,0.021482607735228,0,0,17.51963746223565,110.64392751409744,NOD2;CD68;FCGR2B
GO_Biological_Process_2023,Regulation Of Interleukin-18 Production (GO:0032661),3/8,0.0018082000968688,0.021482607735228,0,0,17.51963746223565,110.64392751409744,IL10;GBP5;TLR2
GO_Biological_Process_2023,Immune Response-Inhibiting Cell Surface Receptor Signaling Pathway (GO:0002767),3/8,0.0018082000968688,0.021482607735228,0,0,17.51963746223565,110.64392751409744,LILRB1;LILRB2;LILRB4
GO_Biological_Process_2023,Negative Regulation Of Leukocyte Degranulation (GO:0043301),3/8,0.0018082000968688,0.021482607735228,0,0,17.51963746223565,110.64392751409744,CEACAM1;LGALS9;FCGR2B
GO_Biological_Process_2023,Positive Regulation Of Memory T Cell Differentiation (GO:0043382),3/8,0.0018082000968688,0.021482607735228,0,0,17.51963746223565,110.64392751409744,TNFSF4;HLA-DRA;HLA-DRB1
GO_Biological_Process_2023,Intermediate Filament Organization (GO:0045109),8/68,0.0018255026753525,0.0215992878022249,0,0,3.9117199391171993,24.666914338971264,KRT80;KRT4;KRT24;TCHH;KRT78;EPPK1;KRT86;INA
GO_Biological_Process_2023,Positive Regulation Of Cell Migration (GO:0030335),19/272,0.0019716395170101,0.0232331562677887,0,0,2.2183213206231107,13.817679136365124,CCR1;CSF1R;SEMA4A;EDN1;SEMA7A;SRC;FN1;CLDN1;GPNMB;CCL7;CEACAM6;PLAU;CLEC7A;GCNT2;CCL3;HAS2;EPHB2;EPHA2;HBEGF
GO_Biological_Process_2023,Toll-Like Receptor 4 Signaling Pathway (GO:0034142),4/17,0.00204009587162,0.0238528755797379,0,0,8.994297684161527,55.7175018176679,OAS1;LGALS9;PIK3AP1;TLR4
GO_Biological_Process_2023,Defense Response To Gram-positive Bacterium (GO:0050830),9/85,0.0020407552020073,0.0238528755797379,0,0,3.476632702182285,21.5357764835312,RNASE7;GBP2;SPRR2A;LYZ;RNASE1;CAMP;MPEG1;GBP4;TLR2
GO_Biological_Process_2023,Positive Regulation Of Defense Response To Virus By Host (GO:0002230),5/28,0.0020842989154803,0.0242635926169018,0,0,6.361001317523057,39.26851403075983,TRIM6;DTX3L;STAT1;LILRB1;PARP9
GO_Biological_Process_2023,Calcium Ion Homeostasis (GO:0055074),10/102,0.0021056534892543,0.0244137414597486,0,0,3.1933289080650518,19.68089932131222,CCR1;CYP27B1;CCL13;EDN1;EDN2;CCL8;CCL7;CCL3;ATP2C2;SLC8A1
GO_Biological_Process_2023,Negative Regulation Of Cellular Process (GO:0048523),31/537,0.0021859088137832,0.0252428749815694,0,0,1.8194879116220497,11.14568004710504,CEBPA;ADAMDEC1;CXCL8;CCL3L1;TREM2;IFIT3;CYP27B1;GPNMB;GNG4;ADORA3;HOXC9;EPHB2;E2F7;TBX1;IL10;CDKN2B;CDKN2A;NR1H3;LILRB1;ST18;WARS1;TMIGD3;DCSTAMP;IL1A;FABP3;NEURL1;TGFBI;ATF5;FBP1;APOBEC3A;APOBEC3B
GO_Biological_Process_2023,Intracellular Calcium Ion Homeostasis (GO:0006874),12/139,0.0023621143240159,0.0271690201332029,0,0,2.779370802233182,16.810185374850384,CCR1;RYR1;TRPM2;CCL13;EDN1;EDN2;CCL8;CCL7;CDH23;CCL3;ATP2C2;SLC8A1
GO_Biological_Process_2023,Response To Interferon-Beta (GO:0035456),5/29,0.0024505584448447,0.0280744532947096,0,0,6.0956439393939394,36.64359380262856,TRIM6;AIM2;OAS1;STAT1;XAF1
GO_Biological_Process_2023,Regulation Of Osteoclast Differentiation (GO:0045670),6/42,0.0024991078315665,0.028183166269875,0,0,4.880880121396054,29.245362343771816,CCR1;TNFAIP6;CCL3;TNFRSF11A;LILRB4;TLR4
GO_Biological_Process_2023,Response To Organophosphorus (GO:0046683),4/18,0.0025546384826871,0.028183166269875,0,0,8.351415604063108,49.85665300715098,P2RX7;STAT1;TLR7;DUOX2
GO_Biological_Process_2023,Negative Regulation Of Lipid Storage (GO:0010888),4/18,0.0025546384826871,0.028183166269875,0,0,8.351415604063108,49.85665300715098,NR1H3;TREM2;PPARG;ABCG1
GO_Biological_Process_2023,Peptide Antigen Assembly With MHC Protein Complex (GO:0002501),4/18,0.0025546384826871,0.028183166269875,0,0,8.351415604063108,49.85665300715098,HLA-DRA;HLA-DOA;HLA-DQA1;HLA-DRB1
GO_Biological_Process_2023,Positive Regulation Of Cytokine Production Involved In Inflammatory Response (GO:1900017),4/18,0.0025546384826871,0.028183166269875,0,0,8.351415604063108,49.85665300715098,GBP5;CLEC7A;NOD2;TLR4
GO_Biological_Process_2023,Regulation Of Adaptive Immune Response (GO:0002819),4/18,0.0025546384826871,0.028183166269875,0,0,8.351415604063108,49.85665300715098,IL4I1;TNFSF4;ALOX15;FCGR2B
GO_Biological_Process_2023,Negative Regulation Of Protein Kinase Activity (GO:0006469),9/88,0.002594267150632,0.028183166269875,0,0,3.344087681383143,19.912206942374063,CEACAM1;DUSP10;PTPRO;EPHB2;TRIB1;LILRB4;SLC8A1;WARS1;CORO1C
GO_Biological_Process_2023,Regulation Of Neuron Apoptotic Process (GO:0043523),10/105,0.002610512033433,0.028183166269875,0,0,3.092004821213339,18.39189058245956,EGLN3;EGLN2;SIX4;PTPRZ1;KIF14;CCL3;TREM2;APOE;FCGR2B;LGMN
GO_Biological_Process_2023,Negative Regulation Of MAPK Cascade (GO:0043409),10/105,0.002610512033433,0.028183166269875,0,0,3.092004821213339,18.39189058245956,P2RX7;DUSP5;DUSP10;PSCA;PPARG;APOE;EPHB2;TLR4;GBP1;LILRB4
GO_Biological_Process_2023,Second-Messenger-Mediated Signaling (GO:0019932),8/72,0.0026329725765626,0.028183166269875,0,0,3.666476407914764,21.777556581776928,FCGR3A;EDN1;CXCL8;MCTP1;EDN2;CCL3;CD36;APOE
GO_Biological_Process_2023,I-kappaB Phosphorylation (GO:0007252),3/9,0.0026455275577194,0.028183166269875,0,0,14.59894259818731,86.6430422132278,TLR7;TLR4;TLR2
GO_Biological_Process_2023,T-helper 1 Type Immune Response (GO:0042088),3/9,0.0026455275577194,0.028183166269875,0,0,14.59894259818731,86.6430422132278,TLR4;HLA-DRB1;IL18BP
GO_Biological_Process_2023,Regulation Of Leukocyte Mediated Cytotoxicity (GO:0001910),3/9,0.0026455275577194,0.028183166269875,0,0,14.59894259818731,86.6430422132278,NCR1;PIK3R6;ICAM1
GO_Biological_Process_2023,Regulation Of Memory T Cell Differentiation (GO:0043380),3/9,0.0026455275577194,0.028183166269875,0,0,14.59894259818731,86.6430422132278,TNFSF4;HLA-DRA;HLA-DRB1
GO_Biological_Process_2023,Response To Type I Interferon (GO:0034340),3/9,0.0026455275577194,0.028183166269875,0,0,14.59894259818731,86.6430422132278,MX1;ISG15;IFIT1
GO_Biological_Process_2023,Vasoconstriction (GO:0042310),3/9,0.0026455275577194,0.028183166269875,0,0,14.59894259818731,86.6430422132278,EDN1;EDN2;SLC8A1
GO_Biological_Process_2023,Myeloid Dendritic Cell Differentiation (GO:0043011),3/9,0.0026455275577194,0.028183166269875,0,0,14.59894259818731,86.6430422132278,BATF2;DCSTAMP;UBD
GO_Biological_Process_2023,Negative Regulation Of Leukocyte Migration (GO:0002686),3/9,0.0026455275577194,0.028183166269875,0,0,14.59894259818731,86.6430422132278,SLAMF8;HMOX1;HOXA7
GO_Biological_Process_2023,Positive Regulation Of T Cell Apoptotic Process (GO:0070234),3/9,0.0026455275577194,0.028183166269875,0,0,14.59894259818731,86.6430422132278,CD274;LGALS9;IDO1
GO_Biological_Process_2023,Positive Regulation Of Defense Response (GO:0031349),11/124,0.0028601268060695,0.0300392773103812,0,0,2.861113366350031,16.75722431109337,GBP5;CEBPA;AIM2;TNFSF4;CCL3;TLR8;TLR7;NLRC4;PLA2G7;TLR4;TLR2
GO_Biological_Process_2023,Regulation Of Macrophage Derived Foam Cell Differentiation (GO:0010743),5/30,0.002861379030258,0.0300392773103812,0,0,5.851515151515152,34.269115224405446,MSR1;NR1H3;PPARG;CD36;ABCG1
GO_Biological_Process_2023,Regulation Of Vasculature Development (GO:1901342),5/30,0.002861379030258,0.0300392773103812,0,0,5.851515151515152,34.269115224405446,GPNMB;HMOX1;CXCL13;WARS1;EPHA2
GO_Biological_Process_2023,"Phagocytosis, Engulfment (GO:0006911)",5/30,0.002861379030258,0.0300392773103812,0,0,5.851515151515152,34.269115224405446,MSR1;MARCO;ITGAM;CD36;FCGR2B
GO_Biological_Process_2023,Regulation Of Neuron Death (GO:1901214),7/58,0.0030049356214314,0.0313185889497201,0,0,4.022528160200251,23.360828811040868,C1QA;EGLN3;ITGAM;EGLN2;GPNMB;KIF14;SNCG
GO_Biological_Process_2023,Regulation Of Bone Mineralization (GO:0030500),7/58,0.0030049356214314,0.0313185889497201,0,0,4.022528160200251,23.360828811040868,CCR1;P2RX7;CYP27B1;ECM1;CCL3;ISG15;SLC8A1
GO_Biological_Process_2023,Organic Substance Transport (GO:0071702),15/201,0.0030425083775316,0.0315961211724238,0,0,2.3758064516129034,13.767971772510297,CCR1;RYR1;SPNS2;TAP1;ABCA12;ABCA13;CYP27B1;CCL8;GM2A;SLCO2B1;CDH23;CCL3;ABCD1;SLC29A3;APOL2
GO_Biological_Process_2023,Regulation Of Granulocyte Chemotaxis (GO:0071622),4/19,0.0031516650651339,0.03226545050724,0,0,7.794251134644478,44.893517660018766,MPP1;CSF1R;CXCL17;CMKLR1
GO_Biological_Process_2023,Immunoglobulin Production Involved In Immunoglobulin-Mediated Immune Response (GO:0002381),4/19,0.0031516650651339,0.03226545050724,0,0,7.794251134644478,44.893517660018766,HLA-DRA;HLA-DOA;HLA-DQA1;HLA-DRB1
GO_Biological_Process_2023,Positive Regulation Of Alpha-Beta T Cell Activation (GO:0046635),4/19,0.0031516650651339,0.03226545050724,0,0,7.794251134644478,44.893517660018766,SYK;TNFSF4;HLA-DRA;HLA-DRB1
GO_Biological_Process_2023,Regulation Of B Cell Differentiation (GO:0045577),4/19,0.0031516650651339,0.03226545050724,0,0,7.794251134644478,44.893517660018766,IL4I1;SYK;FCRL3;SLAMF8
GO_Biological_Process_2023,Positive Regulation Of Leukocyte Cell-Cell Adhesion (GO:1903039),6/44,0.0031798450797453,0.0324389142940804,0,0,4.623512499001677,26.589463448618737,NR4A3;HAS2;HLA-DRA;HLA-DOA;HLA-DQA1;HLA-DRB1
GO_Biological_Process_2023,Lipid Transport (GO:0006869),10/108,0.0032079317977021,0.0326102080984718,0,0,2.996884249883159,17.208495509182324,CEACAM1;FABP3;GM2A;SLCO2B1;SPNS2;APOE;CD36;ABCA12;ABCA13;APOL2
GO_Biological_Process_2023,Regulation Of Long-Term Synaptic Potentiation (GO:1900271),5/31,0.0033197368162686,0.0333940076256714,0,0,5.626165501165501,32.11341999301957,AKAP5;APOE;LILRB2;EPHB2;LGMN
GO_Biological_Process_2023,Toll-Like Receptor Signaling Pathway (GO:0002224),5/31,0.0033197368162686,0.0333940076256714,0,0,5.626165501165501,32.11341999301957,IRAK2;TLR8;TLR7;TLR4;TLR2
GO_Biological_Process_2023,Positive Regulation Of Cholesterol Transport (GO:0032376),5/31,0.0033197368162686,0.0333940076256714,0,0,5.626165501165501,32.11341999301957,NR1H3;TREM2;PPARG;APOE;ABCA13
GO_Biological_Process_2023,I-kappaB kinase/NF-kappaB Signaling (GO:0007249),6/45,0.0035678750471109,0.0357654696562827,0,0,4.504727442511965,25.3876757338782,IRAK2;RIPK2;TLR8;TLR7;TLR4;TLR2
GO_Biological_Process_2023,Homophilic Cell Adhesion Via Plasma Membrane Adhesion Molecules (GO:0007156),7/60,0.0036461604338367,0.0360771534305187,0,0,3.870333199518266,21.728362534805456,CEACAM1;CADM4;CEACAM6;CEACAM5;HMCN2;DSG2;NECTIN4
GO_Biological_Process_2023,T Cell Chemotaxis (GO:0010818),3/10,0.0036864427648088,0.0360771534305187,0,0,12.512731981009926,70.11000480598744,CXCL10;CXCL11;CCL3
GO_Biological_Process_2023,Regulation Of Mitochondrial Depolarization (GO:0051900),3/10,0.0036864427648088,0.0360771534305187,0,0,12.512731981009926,70.11000480598744,MLLT11;SRC;IFI6
GO_Biological_Process_2023,Aromatic Amino Acid Family Catabolic Process (GO:0009074),3/10,0.0036864427648088,0.0360771534305187,0,0,12.512731981009926,70.11000480598744,IL4I1;KMO;IDO1
GO_Biological_Process_2023,Negative Regulation Of B Cell Proliferation (GO:0030889),3/10,0.0036864427648088,0.0360771534305187,0,0,12.512731981009926,70.11000480598744,IL10;CTLA4;FCGR2B
GO_Biological_Process_2023,Negative Regulation Of Natural Killer Cell Mediated Immunity (GO:0002716),3/10,0.0036864427648088,0.0360771534305187,0,0,12.512731981009926,70.11000480598744,LILRB1;LGALS9;KIR2DL4
GO_Biological_Process_2023,Positive Regulation Of Nitric-Oxide Synthase Biosynthetic Process (GO:0051770),3/10,0.0036864427648088,0.0360771534305187,0,0,12.512731981009926,70.11000480598744,NOD2;TLR4;TLR2
GO_Biological_Process_2023,Negative Regulation Of Macromolecule Metabolic Process (GO:0010605),14/186,0.0038177422812933,0.0371743008132536,0,0,2.395973993498375,13.341013345699626,CCR1;MSR1;EDN1;CXCL8;LILRB2;NTS;PARP9;TRIM6;CCL3;PPARG;LGALS9;APOE;LGMN;HAVCR2
GO_Biological_Process_2023,Regulation Of Macrophage Chemotaxis (GO:0010758),4/20,0.0038371810330272,0.0371743008132536,0,0,7.306732223903177,40.64747768001472,CSF1R;CXCL17;SLAMF8;CMKLR1
GO_Biological_Process_2023,Negative Regulation Of B Cell Activation (GO:0050869),4/20,0.0038371810330272,0.0371743008132536,0,0,7.306732223903177,40.64747768001472,IL10;TNFAIP3;CTLA4;FCGR2B
GO_Biological_Process_2023,Positive Regulation Of Cell-Cell Adhesion (GO:0022409),6/46,0.0039899927510306,0.0385254484020915,0,0,4.391881638846738,24.260604255522544,FOXA1;IL10;CEACAM6;GCNT2;PLAUR;CXCL13
GO_Biological_Process_2023,Apoptotic Process (GO:0006915),16/228,0.0041273123217397,0.0397185022428758,0,0,2.2237985870860832,12.208940787125124,TBX1;EGLN3;RIPK2;MX1;IFI6;CEL;HK2;IFIT2;IL1A;BCL2L11;IL2RA;SCN2A;RELT;ZNF385A;TLR2;MCM2
GO_Biological_Process_2023,Regulation Of Protein Serine/Threonine Kinase Activity (GO:0071900),10/112,0.004168387400735,0.0399805130429304,0,0,2.878760664571172,15.776259135080345,HERC5;CSF1R;CDKN2B;CCNE2;CCNE1;SRC;CDKN2A;TRIB1;SLC8A1;EZH2
GO_Biological_Process_2023,Glycerophospholipid Metabolic Process (GO:0006650),7/62,0.0043863871580286,0.0417883207143376,0,0,3.7292069632495166,20.246794524339244,PLA2G15;CSF1R;PLA2G2D;PLEK;PLA2G4C;GDPD3;PLA2G7
GO_Biological_Process_2023,Regulation Of NLRP3 Inflammasome Complex Assembly (GO:1900225),5/33,0.0043909490613205,0.0417883207143376,0,0,5.223755411255412,28.3556407767642,GBP5;TREM2;CD36;TRIM31;TLR4
GO_Biological_Process_2023,Endocytosis (GO:0006897),14/189,0.0044002942491024,0.0417883207143376,0,0,2.354531490015361,12.775885328779172,MSR1;ITGAM;MERTK;CORO1C;MARCO;MYO1E;MRC1;STAB1;RIN3;APOE;CD36;FCGR2B;SCARF1;TLR4
GO_Biological_Process_2023,Intracellular Monoatomic Cation Homeostasis (GO:0030003),14/190,0.0046097562979341,0.0435596397867448,0,0,2.3410312805474094,12.59376572845686,CCR1;CCL13;EDN1;EDN2;ATP2C2;F3;SLC8A1;CCL8;CCL7;KCNMA1;CCL3;HMOX1;HAMP;KCNJ2
GO_Biological_Process_2023,Positive Regulation Of Natural Killer Cell Mediated Cytotoxicity (GO:0045954),4/21,0.0046169898769462,0.0435596397867448,0,0,6.876568479131441,36.98227005524674,KLRC2;KLRC3;KLRC4;CRTAM
GO_Biological_Process_2023,Myelination (GO:0042552),6/48,0.0049434951249025,0.0453167255898501,0,0,4.182310860611316,22.206743550635423,ADGRG6;EPB41L3;TPPP;SCN2A;HES5;BCAS1
GO_Biological_Process_2023,Intestinal Absorption (GO:0050892),3/11,0.0049444989819199,0.0453167255898501,0,0,10.948074018126889,58.12857606531891,CD36;SLC2A5;TJP2
GO_Biological_Process_2023,Macrophage Chemotaxis (GO:0048246),3/11,0.0049444989819199,0.0453167255898501,0,0,10.948074018126889,58.12857606531891,EDN2;CCL3;CXCL17
GO_Biological_Process_2023,"Negative Regulation Of CD4-positive, Alpha-Beta T Cell Activation (GO:2000515)",3/11,0.0049444989819199,0.0453167255898501,0,0,10.948074018126889,58.12857606531891,CD274;TARM1;LGALS9
GO_Biological_Process_2023,Negative Regulation Of Leukocyte Apoptotic Process (GO:2000107),3/11,0.0049444989819199,0.0453167255898501,0,0,10.948074018126889,58.12857606531891,LILRB1;NOD2;MERTK
GO_Biological_Process_2023,Negative Regulation Of Nitrogen Compound Metabolic Process (GO:0051172),3/11,0.0049444989819199,0.0453167255898501,0,0,10.948074018126889,58.12857606531891,EDN1;APOE;LILRB2
GO_Biological_Process_2023,Nucleotide-Binding Oligomerization Domain Containing Signaling Pathway (GO:0070423),3/11,0.0049444989819199,0.0453167255898501,0,0,10.948074018126889,58.12857606531891,RIPK2;TNFAIP3;NOD2
GO_Biological_Process_2023,Phasic Smooth Muscle Contraction (GO:0014821),3/11,0.0049444989819199,0.0453167255898501,0,0,10.948074018126889,58.12857606531891,EDN1;EDN2;TIFAB
GO_Biological_Process_2023,"Regulation Of CD4-positive, Alpha-Beta T Cell Differentiation (GO:0043370)",3/11,0.0049444989819199,0.0453167255898501,0,0,10.948074018126889,58.12857606531891,TNFSF4;HLA-DRA;HLA-DRB1
GO_Biological_Process_2023,Positive Regulation Of Immunoglobulin Production (GO:0002639),5/34,0.0050097050032381,0.0457690453935084,0,0,5.043364681295715,26.711566990752416,CD86;IL10;KMT5C;TNFSF4;EPHB2
GO_Biological_Process_2023,Cellular Response To Virus (GO:0098586),7/64,0.0052348062302842,0.047524797442864,0,0,3.5979843225083985,18.89814442286617,IFIH1;CXCL10;OAS1;IL10RB;IFI6;IRF5;LGALS9
GO_Biological_Process_2023,Positive Regulation Of T Cell Differentiation (GO:0045582),7/64,0.0052348062302842,0.047524797442864,0,0,3.5979843225083985,18.89814442286617,IL4I1;DUSP10;TNFSF4;HLA-DRA;LILRB2;LILRB4;HLA-DRB1
GO_Biological_Process_2023,Fc Receptor Mediated Stimulatory Signaling Pathway (GO:0002431),4/22,0.0054966677665489,0.0492822355342451,0,0,6.494200706001009,33.793308718379244,NR4A3;SYK;SRC;FCGR2B
GO_Biological_Process_2023,Cellular Response To Interferon-Beta (GO:0035458),4/22,0.0054966677665489,0.0492822355342451,0,0,6.494200706001009,33.793308718379244,TRIM6;AIM2;OAS1;STAT1
GO_Biological_Process_2023,Positive Regulation Of Cholesterol Efflux (GO:0010875),4/22,0.0054966677665489,0.0492822355342451,0,0,6.494200706001009,33.793308718379244,NR1H3;TREM2;PPARG;APOE
GO_Biological_Process_2023,Positive Regulation Of Viral Life Cycle (GO:1903902),4/22,0.0054966677665489,0.0492822355342451,0,0,6.494200706001009,33.793308718379244,CD209;TMPRSS2;LGALS9;HLA-DRB1
GO_Biological_Process_2023,Regulation Of Cell-Matrix Adhesion (GO:0001952),7/65,0.0057025000167351,0.0509694041743477,0,0,3.535766691122524,18.268778252566182,PLAU;CDKN2A;NEXMIF;CD36;HOXA7;FUT1;CORO1C
GO_Biological_Process_2023,Positive Regulation Of I-kappaB kinase/NF-kappaB Signaling (GO:0043123),13/175,0.0058031441253915,0.0517088799074237,0,0,2.359776187230175,12.151326294327529,ECM1;RIPK2;IFIT5;SECTM1;NOD2;TRIM6;CLEC7A;UBD;HMOX1;LGALS9;ECT2;HLA-DRB1;APOL2
GO_Biological_Process_2023,Negative Regulation Of Apoptotic Process (GO:0043066),27/482,0.0060647968513985,0.0538740569538078,0,0,1.756037066381894,8.96501566536636,SRC;KIF14;IFI6;TREM2;IFIT3;PTPRZ1;SIX4;LAMP3;CLEC5A;FFAR4;APOE;TBX1;IL10;STIL;EGR3;PLAUR;MERTK;MAPK8IP2;MMP9;RNF144B;PAX7;CEACAM6;CEACAM5;ANGPTL4;ATF5;CARD14;LGMN
GO_Biological_Process_2023,Regulation Of NIK/NF-kappaB Signaling (GO:1901222),8/83,0.0063202814095355,0.0546084666337523,0,0,3.1269406392694066,15.834800958944076,CD86;TRIM6;RTKN2;TLR7;LGALS9;NOD2;TLR4;TLR2
GO_Biological_Process_2023,Regulation Of Protein-Containing Complex Assembly (GO:0043254),10/119,0.0063819390934712,0.0546084666337523,0,0,2.6929056656628614,13.610708120049146,HRK;BCL2L11;SYK;CLEC7A;MMP1;SRC;APOE;TPPP;CD36;WARS1
GO_Biological_Process_2023,Neural Crest Cell Migration (GO:0001755),5/36,0.0064280433965519,0.0546084666337523,0,0,4.717497556207234,23.809611530656813,TBX1;SEMA4A;SEMA7A;FN1;CORO1C
GO_Biological_Process_2023,Regulation Of T Cell Mediated Cytotoxicity (GO:0001914),5/36,0.0064280433965519,0.0546084666337523,0,0,4.717497556207234,23.809611530656813,CEACAM1;HLA-DRA;LILRB1;ULBP1;HLA-DRB1
GO_Biological_Process_2023,Regulation Of Chemokine (C-X-C Motif) Ligand 2 Production (GO:2000341),3/12,0.006431201474013,0.0546084666337523,0,0,9.731117824773412,49.10899989120697,OAS1;OAS3;TLR4
GO_Biological_Process_2023,Response To Muramyl Dipeptide (GO:0032495),3/12,0.006431201474013,0.0546084666337523,0,0,9.731117824773412,49.10899989120697,RIPK2;IRF5;NOD2
GO_Biological_Process_2023,Detection Of Bacterium (GO:0016045),3/12,0.006431201474013,0.0546084666337523,0,0,9.731117824773412,49.10899989120697,NLRC4;NOD2;HLA-DRB1
GO_Biological_Process_2023,Macrophage Migration (GO:1905517),3/12,0.006431201474013,0.0546084666337523,0,0,9.731117824773412,49.10899989120697,EDN2;CCL3;CXCL17
GO_Biological_Process_2023,Negative Regulation Of Coagulation (GO:0050819),3/12,0.006431201474013,0.0546084666337523,0,0,9.731117824773412,49.10899989120697,EDN1;APOE;HS3ST6
GO_Biological_Process_2023,Negative Regulation Of Macrophage Derived Foam Cell Differentiation (GO:0010745),3/12,0.006431201474013,0.0546084666337523,0,0,9.731117824773412,49.10899989120697,NR1H3;PPARG;ABCG1
GO_Biological_Process_2023,Phosphatidylcholine Acyl-Chain Remodeling (GO:0036151),3/12,0.006431201474013,0.0546084666337523,0,0,9.731117824773412,49.10899989120697,PLA2G2F;PLA2G4C;NR1H3
GO_Biological_Process_2023,Positive Regulation By Symbiont Of Entry Into Host (GO:0075294),3/12,0.006431201474013,0.0546084666337523,0,0,9.731117824773412,49.10899989120697,TMPRSS2;LGALS9;HLA-DRB1
GO_Biological_Process_2023,Positive Regulation Of T-helper Cell Differentiation (GO:0045624),3/12,0.006431201474013,0.0546084666337523,0,0,9.731117824773412,49.10899989120697,CD86;CD80;TNFSF4
GO_Biological_Process_2023,Positive Regulation Of Reactive Oxygen Species Biosynthetic Process (GO:1903428),3/12,0.006431201474013,0.0546084666337523,0,0,9.731117824773412,49.10899989120697,DUOXA2;CD36;TLR4
GO_Biological_Process_2023,Positive Regulation Of Viral Entry Into Host Cell (GO:0046598),3/12,0.006431201474013,0.0546084666337523,0,0,9.731117824773412,49.10899989120697,TMPRSS2;LGALS9;HLA-DRB1
GO_Biological_Process_2023,Cholesterol Efflux (GO:0033344),4/23,0.0064815418582001,0.0547140682591337,0,0,6.152082172147464,30.999092305893207,APOC2;APOC1;APOE;ABCG1
GO_Biological_Process_2023,Negative Regulation Of Lymphocyte Activation (GO:0051250),4/23,0.0064815418582001,0.0547140682591337,0,0,6.152082172147464,30.999092305893207,IL4I1;GPNMB;TNFAIP3;FCGR2B
GO_Biological_Process_2023,Regulation Of Kinase Activity (GO:0043549),8/85,0.007281006139156,0.0609283035470827,0,0,3.0454051275969083,14.990964776116275,CSF1R;NLRC5;SLAMF8;TREM2;ECT2;MERTK;HLA-DRB1;EPHA2
GO_Biological_Process_2023,Calcium-Mediated Signaling (GO:0019722),8/85,0.007281006139156,0.0609283035470827,0,0,3.0454051275969083,14.990964776116275,P2RX7;FCGR3A;EDN1;CXCL8;MCTP1;EDN2;CCL3;SLC8A1
GO_Biological_Process_2023,Integrin-Mediated Signaling Pathway (GO:0007229),8/85,0.007281006139156,0.0609283035470827,0,0,3.0454051275969083,14.990964776116275,CEACAM1;SEMA7A;ITGAM;SYK;SRC;PLEK;FN1;ISG15
GO_Biological_Process_2023,Positive Regulation Of B Cell Activation (GO:0050871),6/52,0.0073367377369538,0.0612172307704789,0,0,3.8178399419410174,18.7641525782283,SYK;KMT5C;FCRL3;TNFSF4;NOD2;EPHB2
GO_Biological_Process_2023,Fatty Acid Metabolic Process (GO:0006631),10/122,0.0075718889968712,0.0617905427350479,0,0,2.6203653217011995,12.796063268323024,PLA2G15;CYP2J2;FA2H;ALOX15;CYP4B1;CYP2E1;CD36;CYP4F11;SLC27A2;ABCD1
GO_Biological_Process_2023,Potassium Ion Transport (GO:0006813),10/122,0.0075718889968712,0.0617905427350479,0,0,2.6203653217011995,12.796063268323024,KCNG1;KCNJ5;KCNS1;SLC9A7;KCNC3;KCNS3;KCNMA1;KCNMB3;SLC1A3;KCNJ2
GO_Biological_Process_2023,Fc-gamma Receptor Signaling Pathway (GO:0038094),4/24,0.00757667202224,0.0617905427350479,0,0,5.844175491679274,28.535245936760376,FCGR3A;SYK;SRC;FCGR2B
GO_Biological_Process_2023,Regulation Of Heterotypic Cell-Cell Adhesion (GO:0034114),4/24,0.00757667202224,0.0617905427350479,0,0,5.844175491679274,28.535245936760376,IL10;IL1RN;CEACAM6;GCNT2
GO_Biological_Process_2023,Acylglycerol Homeostasis (GO:0055090),4/24,0.00757667202224,0.0617905427350479,0,0,5.844175491679274,28.535245936760376,APOC2;NR1H3;ANGPTL4;APOE
GO_Biological_Process_2023,Regulation Of Viral Life Cycle (GO:1903900),4/24,0.00757667202224,0.0617905427350479,0,0,5.844175491679274,28.535245936760376,TRIM6;CD209;LAMP3;HS3ST6
GO_Biological_Process_2023,Ear Morphogenesis (GO:0042471),4/24,0.00757667202224,0.0617905427350479,0,0,5.844175491679274,28.535245936760376,TBX1;TIFAB;GSC;EPHB2
GO_Biological_Process_2023,Negative Regulation Of Ossification (GO:0030279),4/24,0.00757667202224,0.0617905427350479,0,0,5.844175491679274,28.535245936760376,CCR1;ECM1;CCL3;KREMEN2
GO_Biological_Process_2023,Exocytosis (GO:0006887),8/86,0.0078007379126557,0.0634386770530624,0,0,3.006205362369746,14.590728792246187,CCR1;CCL8;EXOC3L4;STX19;WIPF3;TNFAIP2;CCL3;SYNGR3
GO_Biological_Process_2023,Positive Regulation Of Inflammatory Response (GO:0050729),9/104,0.0078318047409377,0.0635124165367622,0,0,2.778562259306804,13.474810794821758,CEBPA;AIM2;TNFSF4;CCL3;TLR7;NLRC4;PLA2G7;TLR4;TLR2
GO_Biological_Process_2023,Cellular Response To Calcium Ion (GO:0071277),7/69,0.0078906173788178,0.0638101186908885,0,0,3.306966369251888,16.012598689924392,RYR1;ITPKC;CPNE7;ALOX15;CHP2;ECT2;LGMN
GO_Biological_Process_2023,Tumor Necrosis Factor-Mediated Signaling Pathway (GO:0033209),5/38,0.0081063285806104,0.0645118639134975,0,0,4.431129476584022,21.336376811634132,AIM2;STAT1;TNFRSF11A;CARD14;ST18
GO_Biological_Process_2023,Myeloid Dendritic Cell Activation (GO:0001773),3/13,0.0081561587559496,0.0645118639134975,0,0,8.757552870090635,42.11491377942649,BATF2;DCSTAMP;UBD
GO_Biological_Process_2023,Negative Regulation Of T Cell Differentiation (GO:0045581),3/13,0.0081561587559496,0.0645118639134975,0,0,8.757552870090635,42.11491377942649,TNFSF4;CTLA4;LILRB4
GO_Biological_Process_2023,Negative Regulation Of Bone Mineralization (GO:0030502),3/13,0.0081561587559496,0.0645118639134975,0,0,8.757552870090635,42.11491377942649,CCR1;ECM1;CCL3
GO_Biological_Process_2023,Positive Regulation Of Leukocyte Degranulation (GO:0043302),3/13,0.0081561587559496,0.0645118639134975,0,0,8.757552870090635,42.11491377942649,ITGAM;KLRC2;SYK
GO_Biological_Process_2023,Positive Regulation Of Macrophage Chemotaxis (GO:0010759),3/13,0.0081561587559496,0.0645118639134975,0,0,8.757552870090635,42.11491377942649,CSF1R;CXCL17;CMKLR1
GO_Biological_Process_2023,Positive Regulation Of Superoxide Anion Generation (GO:0032930),3/13,0.0081561587559496,0.0645118639134975,0,0,8.757552870090635,42.11491377942649,ITGAM;SYK;CLEC7A
GO_Biological_Process_2023,Regulation Of ERBB Signaling Pathway (GO:1901184),3/13,0.0081561587559496,0.0645118639134975,0,0,8.757552870090635,42.11491377942649,CEACAM1;IFI6;LGMN
GO_Biological_Process_2023,Regulation Of Protein Processing (GO:0070613),4/25,0.0087868356890347,0.0688841800286349,0,0,5.565593256969959,26.35030473674444,NLRP7;PLAU;PLAUR;NLRC4
GO_Biological_Process_2023,Positive Regulation Of Interleukin-2 Production (GO:0032743),4/25,0.0087868356890347,0.0688841800286349,0,0,5.565593256969959,26.35030473674444,CD86;IL1A;CLEC7A;CD80
GO_Biological_Process_2023,Proteoglycan Metabolic Process (GO:0006029),4/25,0.0087868356890347,0.0688841800286349,0,0,5.565593256969959,26.35030473674444,CHST9;HPSE;HS3ST4;GAL3ST4
GO_Biological_Process_2023,Epidermal Cell Differentiation (GO:0009913),6/54,0.0088043860168224,0.0688841800286349,0,0,3.6583839150227617,17.313321159946415,SPRR2F;SPRR3;OVOL1;SPRR2B;POU2F3;EPHA2
GO_Biological_Process_2023,Response To Calcium Ion (GO:0051592),9/106,0.0088336985523691,0.0689267235694319,0,0,2.720989439275836,12.86805289060413,RYR1;ITPKC;CPNE7;ALOX15;KCNMA1;CHP2;KCNMB3;ECT2;LGMN
GO_Biological_Process_2023,Negative Regulation Of Gene Expression (GO:0010629),20/336,0.0090465877111565,0.0703975706795391,0,0,1.866254538318124,8.781413714213848,CCR1;IL10;MSR1;CXCL8;PARP9;NTS;CLEC4A;SDR16C5;TRIM6;GPNMB;FFAR4;CCL3;NHLRC1;PPARG;LGALS9;APOE;FCGR2B;EZH2;LGMN;HAVCR2
GO_Biological_Process_2023,Positive Regulation Of Apoptotic Process (GO:0043065),17/270,0.0091678121400412,0.0711491227104813,0,0,1.9786878446298737,9.284115380626908,HRK;FOXA1;HTRA4;LILRB1;CEL;NLRC4;IFIT2;MLLT11;BCL2L11;ADAMTSL4;UBD;KCNMA1;NEURL1;CCL3;CTLA4;IRF5;ECT2
GO_Biological_Process_2023,Phosphatidylcholine Metabolic Process (GO:0046470),6/55,0.0096119706457836,0.0732422606896129,0,0,3.583537208510111,16.64462016892492,PLA2G15;PLA2G2F;PLA2G2D;PLA2G4C;NR1H3;PLA2G7
GO_Biological_Process_2023,Negative Regulation Of Cell Adhesion (GO:0007162),7/72,0.0098978934128345,0.0732422606896129,0,0,3.1538461538461537,14.556366659516604,ADAMDEC1;NEXMIF;PTPRO;GCNT2;TGFBI;EPHB2;MUC21
GO_Biological_Process_2023,Positive Regulation Of Wound Healing (GO:0090303),5/40,0.0100663337427669,0.0732422606896129,0,0,4.177489177489178,19.210429266997565,CLEC7A;HPSE;CLDN1;DUOX2;HBEGF
GO_Biological_Process_2023,Regulation Of Fatty Acid Biosynthetic Process (GO:0042304),4/26,0.0101165155632942,0.0732422606896129,0,0,5.312336679961491,24.402675327786955,CEACAM1;APOC2;APOC1;NR1H3
GO_Biological_Process_2023,Negative Regulation Of Interleukin-1 Beta Production (GO:0032691),4/26,0.0101165155632942,0.0732422606896129,0,0,5.312336679961491,24.402675327786955,NLRP7;FFAR4;TNFAIP3;LILRB4
GO_Biological_Process_2023,Positive Regulation Of Adenylate Cyclase Activity (GO:0045762),4/26,0.0101165155632942,0.0732422606896129,0,0,5.312336679961491,24.402675327786955,TMIGD3;ADORA3;ADRB1;AKAP5
GO_Biological_Process_2023,Cellular Response To Exogenous dsRNA (GO:0071360),3/14,0.0101272250841887,0.0732422606896129,0,0,7.960999725350178,36.56111357929986,COLEC12;IFIH1;IFIT1
GO_Biological_Process_2023,Regulation Of Superoxide Anion Generation (GO:0032928),3/14,0.0101272250841887,0.0732422606896129,0,0,7.960999725350178,36.56111357929986,ITGAM;SYK;CLEC7A
GO_Biological_Process_2023,Mammary Gland Epithelium Development (GO:0061180),3/14,0.0101272250841887,0.0732422606896129,0,0,7.960999725350178,36.56111357929986,CSF1R;WNT7B;EPHA2
GO_Biological_Process_2023,Positive Regulation Of Heterotypic Cell-Cell Adhesion (GO:0034116),3/14,0.0101272250841887,0.0732422606896129,0,0,7.960999725350178,36.56111357929986,IL10;CEACAM6;GCNT2
GO_Biological_Process_2023,Positive Regulation Of Long-Term Synaptic Potentiation (GO:1900273),3/14,0.0101272250841887,0.0732422606896129,0,0,7.960999725350178,36.56111357929986,AKAP5;EPHB2;LGMN
GO_Biological_Process_2023,"CD4-positive, Alpha-Beta T Cell Activation (GO:0035710)",2/5,0.0103254589888023,0.0732422606896129,0,0,19.43891402714932,88.89692752651465,RSAD2;TNFSF4
GO_Biological_Process_2023,Regulation Of Endothelial Cell-Matrix Adhesion Via Fibronectin (GO:1904904),2/5,0.0103254589888023,0.0732422606896129,0,0,19.43891402714932,88.89692752651465,MMP12;FUT1
GO_Biological_Process_2023,Regulation Of Immunoglobulin Mediated Immune Response (GO:0002889),2/5,0.0103254589888023,0.0732422606896129,0,0,19.43891402714932,88.89692752651465,IL10;TNFSF4
GO_Biological_Process_2023,Regulation Of Natural Killer Cell Mediated Immunity (GO:0002715),2/5,0.0103254589888023,0.0732422606896129,0,0,19.43891402714932,88.89692752651465,NCR1;PIK3R6
GO_Biological_Process_2023,Regulation Of Neutrophil Activation (GO:1902563),2/5,0.0103254589888023,0.0732422606896129,0,0,19.43891402714932,88.89692752651465,SYK;FCGR2B
GO_Biological_Process_2023,Cell Junction Disassembly (GO:0150146),2/5,0.0103254589888023,0.0732422606896129,0,0,19.43891402714932,88.89692752651465,C1QB;C1QC
GO_Biological_Process_2023,Regulation Of Resting Membrane Potential (GO:0060075),2/5,0.0103254589888023,0.0732422606896129,0,0,19.43891402714932,88.89692752651465,TREM2;KCNJ2
GO_Biological_Process_2023,Regulation Of Superoxide Metabolic Process (GO:0090322),2/5,0.0103254589888023,0.0732422606896129,0,0,19.43891402714932,88.89692752651465,GCH1;SYK
GO_Biological_Process_2023,Regulation Of Type 2 Immune Response (GO:0002828),2/5,0.0103254589888023,0.0732422606896129,0,0,19.43891402714932,88.89692752651465,TNFSF4;NOD2
GO_Biological_Process_2023,Cholesterol Import (GO:0070508),2/5,0.0103254589888023,0.0732422606896129,0,0,19.43891402714932,88.89692752651465,STARD5;CD36
GO_Biological_Process_2023,Signal Complex Assembly (GO:0007172),2/5,0.0103254589888023,0.0732422606896129,0,0,19.43891402714932,88.89692752651465,SRC;MAPK8IP2
GO_Biological_Process_2023,Tongue Development (GO:0043586),2/5,0.0103254589888023,0.0732422606896129,0,0,19.43891402714932,88.89692752651465,TBX1;SIX4
GO_Biological_Process_2023,Humoral Immune Response Mediated By Circulating Immunoglobulin (GO:0002455),2/5,0.0103254589888023,0.0732422606896129,0,0,19.43891402714932,88.89692752651465,C1QB;C1QC
GO_Biological_Process_2023,Lipoprotein Metabolic Process (GO:0042157),2/5,0.0103254589888023,0.0732422606896129,0,0,19.43891402714932,88.89692752651465,OLR1;APOE
GO_Biological_Process_2023,Mesenchymal Cell Differentiation Involved In Kidney Development (GO:0072161),2/5,0.0103254589888023,0.0732422606896129,0,0,19.43891402714932,88.89692752651465,STAT1;SIX2
GO_Biological_Process_2023,Multinuclear Osteoclast Differentiation (GO:0072674),2/5,0.0103254589888023,0.0732422606896129,0,0,19.43891402714932,88.89692752651465,DCSTAMP;TNFRSF11A
GO_Biological_Process_2023,Negative Regulation Of B Cell Receptor Signaling Pathway (GO:0050859),2/5,0.0103254589888023,0.0732422606896129,0,0,19.43891402714932,88.89692752651465,FCRL3;FCGR2B
GO_Biological_Process_2023,Negative Regulation Of Astrocyte Differentiation (GO:0048712),2/5,0.0103254589888023,0.0732422606896129,0,0,19.43891402714932,88.89692752651465,TREM2;HES5
GO_Biological_Process_2023,Negative Regulation Of Lipoprotein Lipase Activity (GO:0051005),2/5,0.0103254589888023,0.0732422606896129,0,0,19.43891402714932,88.89692752651465,APOC1;ANGPTL4
GO_Biological_Process_2023,Negative Regulation Of Sequestering Of Triglyceride (GO:0010891),2/5,0.0103254589888023,0.0732422606896129,0,0,19.43891402714932,88.89692752651465,PPARG;TREM2
GO_Biological_Process_2023,Negative Regulation Of Toll-Like Receptor 2 Signaling Pathway (GO:0034136),2/5,0.0103254589888023,0.0732422606896129,0,0,19.43891402714932,88.89692752651465,TNFAIP3;TREM2
GO_Biological_Process_2023,Phagosome Acidification (GO:0090383),2/5,0.0103254589888023,0.0732422606896129,0,0,19.43891402714932,88.89692752651465,RAB39A;SLAMF8
GO_Biological_Process_2023,Plasma Membrane Raft Organization (GO:0044857),2/5,0.0103254589888023,0.0732422606896129,0,0,19.43891402714932,88.89692752651465,COLEC12;FA2H
GO_Biological_Process_2023,Positive Regulation Of Interleukin-18 Production (GO:0032741),2/5,0.0103254589888023,0.0732422606896129,0,0,19.43891402714932,88.89692752651465,GBP5;TLR2
GO_Biological_Process_2023,Positive Regulation Of Macromolecule Metabolic Process (GO:0010604),21/364,0.0106091132590849,0.0750698773994564,0,0,1.8055520344783875,8.208115211853789,CXCL8;DTX3L;FN1;IL36G;NR1H3;LILRB1;TREM2;NTS;WARS1;P2RX7;CYP27B1;IL1A;CLEC7A;LAMP3;CCL3;PPARG;LGALS9;CD36;EPHB2;TLR4;TLR2
GO_Biological_Process_2023,Negative Regulation Of Intracellular Signal Transduction (GO:1902532),15/231,0.0106667387188483,0.0752930921303548,0,0,2.042628205128205,9.274808510035529,DUSP5;STAT1;SRC;PPM1N;RTKN2;PLEK;PLAUR;TNFAIP3;TREM2;LILRB4;MMP9;P2RX7;AIM2;PPARG;EPHA2
GO_Biological_Process_2023,Positive Regulation Of Binding (GO:0051099),8/91,0.0108272985450702,0.0762400265844338,0,0,2.8243751260750765,12.782231269455908,DTX3L;RIPK2;PLAUR;PPARG;APOE;CLIC2;PARP9;MMP9
GO_Biological_Process_2023,Regulation Of Release Of Cytochrome C From Mitochondria (GO:0090199),5/41,0.0111584699239382,0.0783807850861549,0,0,4.061237373737374,18.257521809641844,HRK;MLLT11;BCL2L11;PLAUR;MMP9
GO_Biological_Process_2023,Glycerophospholipid Catabolic Process (GO:0046475),4/27,0.0115698899506999,0.0806818171199778,0,0,5.081102413997237,22.658410236132468,PLA2G15;PLA2G4C;GDPD3;PLA2G7
GO_Biological_Process_2023,Myeloid Cell Development (GO:0061515),4/27,0.0115698899506999,0.0806818171199778,0,0,5.081102413997237,22.658410236132468,SRC;MYB;ZNF385A;TLR2
GO_Biological_Process_2023,Positive Regulation Of Nitric Oxide Biosynthetic Process (GO:0045429),4/27,0.0115698899506999,0.0806818171199778,0,0,5.081102413997237,22.658410236132468,EDN1;CLEC7A;CD36;TLR4
GO_Biological_Process_2023,Positive Regulation Of Cellular Component Biogenesis (GO:0044089),8/93,0.0122535318120074,0.083700192910488,0,0,2.75763273345868,12.13893679189835,HRK;BCL2L11;SYK;MMP1;CLEC7A;PLEK;TPPP;WARS1
GO_Biological_Process_2023,Keratinocyte Differentiation (GO:0030216),5/42,0.0123286564794842,0.083700192910488,0,0,3.951269451269451,17.36910456920598,SPRR2F;SPRR3;SPRR2B;POU2F3;EPHA2
GO_Biological_Process_2023,Negative Regulation Of I-kappaB kinase/NF-kappaB Signaling (GO:0043124),5/42,0.0123286564794842,0.083700192910488,0,0,3.951269451269451,17.36910456920598,STAT1;PPM1N;TNFAIP3;TREM2;LILRB4
GO_Biological_Process_2023,Regulation Of Phagocytosis (GO:0050764),6/58,0.0123497053370053,0.083700192910488,0,0,3.376269405859694,14.835743305543268,SYK;CLEC7A;TREM2;MERTK;FCGR2B;TLR2
GO_Biological_Process_2023,Positive Regulation Of Mitochondrion Organization (GO:0010822),6/58,0.0123497053370053,0.083700192910488,0,0,3.376269405859694,14.835743305543268,HRK;MLLT11;BCL2L11;PLAUR;TREM2;MMP9
GO_Biological_Process_2023,B Cell Mediated Immunity (GO:0019724),3/15,0.0123506346310591,0.083700192910488,0,0,7.297205438066465,32.06426972091619,IL21R;TLR8;FCGR2B
GO_Biological_Process_2023,Regulation Of Monocyte Differentiation (GO:0045655),3/15,0.0123506346310591,0.083700192910488,0,0,7.297205438066465,32.06426972091619,DCSTAMP;HOXA7;HLA-DRB1
GO_Biological_Process_2023,Ceramide Catabolic Process (GO:0046514),3/15,0.0123506346310591,0.083700192910488,0,0,7.297205438066465,32.06426972091619,NEU4;GM2A;CEL
GO_Biological_Process_2023,High-Density Lipoprotein Particle Remodeling (GO:0034375),3/15,0.0123506346310591,0.083700192910488,0,0,7.297205438066465,32.06426972091619,APOC1;APOE;ABCG1
GO_Biological_Process_2023,Negative Regulation Of Immune Effector Process (GO:0002698),3/15,0.0123506346310591,0.083700192910488,0,0,7.297205438066465,32.06426972091619,SLAMF8;LILRB1;HAVCR2
GO_Biological_Process_2023,Negative Regulation Of Phagocytosis (GO:0050765),3/15,0.0123506346310591,0.083700192910488,0,0,7.297205438066465,32.06426972091619,CD300LF;FCGR2B;TLR2
GO_Biological_Process_2023,Phagosome Maturation (GO:0090382),3/15,0.0123506346310591,0.083700192910488,0,0,7.297205438066465,32.06426972091619,RAB20;RAB39A;SLAMF8
GO_Biological_Process_2023,Positive Regulation Of DNA-templated Transcription (GO:0045893),56/1243,0.012830830662266,0.0867508386931194,0,0,1.405881726365124,6.123886339696147,FOXA1;CD86;CIITA;CD80;HOXC10;SOX2;IL4I1;ZIC2;SIX4;MYB;CHP2;HOXA7;IL10;FOXD3;EDN1;DTX3L;RIPK2;PARP9;MMP12;ZEB2;TET3;TFEC;IRF8;PPARG;IRF5;ATF5;TLR4;TLR2;CEBPA;NLRC5;NOD2;ASCL2;HELZ2;CYP27B1;SPP1;E2F2;HIVEP3;APOE;OTX1;PPARGC1B;E2F7;HES5;TBX1;EGR2;STAT1;NR1H3;LILRB1;GRHL3;GRHL1;POU2F3;ST18;MLLT11;CXCL10;NR4A3;LHX2;HLA-DRB1
GO_Biological_Process_2023,Positive Regulation Of Protein Secretion (GO:0050714),7/76,0.0131222629260469,0.0882940306318715,0,0,2.9703977798334877,12.872055499765084,ACHE;IL1A;TREM2;PPARG;TLR4;ABCG1;TLR2
GO_Biological_Process_2023,Phospholipid Catabolic Process (GO:0009395),4/28,0.013150825483791,0.0882940306318715,0,0,4.869137670196672,21.089553558400432,PLA2G4C;PLBD1;GDPD3;PLD1
GO_Biological_Process_2023,Positive Regulation Of Nitric Oxide Metabolic Process (GO:1904407),4/28,0.013150825483791,0.0882940306318715,0,0,4.869137670196672,21.089553558400432,EDN1;CLEC7A;CD36;TLR4
GO_Biological_Process_2023,Chordate Embryonic Development (GO:0043009),6/59,0.0133726467096821,0.0893676644695656,0,0,3.312394422652962,14.291471311700631,TBX1;FOXD3;STIL;SIX4;WNT7B;HES5
GO_Biological_Process_2023,Phospholipid Transport (GO:0015914),6/59,0.0133726467096821,0.0893676644695656,0,0,3.312394422652962,14.291471311700631,ATP8B4;APOC2;APOC1;APOE;ABCA12;ABCG1
GO_Biological_Process_2023,Regulation Of MAP Kinase Activity (GO:0043405),9/114,0.0138357020159782,0.0898038647802285,0,0,2.512630662020906,10.755322898227872,GHR;EDN1;PPARG;APOE;NOD2;TRIB1;TLR4;PIK3R6;EZH2
GO_Biological_Process_2023,Positive Regulation Of Phagocytosis (GO:0050766),6/60,0.0144533693611105,0.0898038647802285,0,0,3.2508851795649973,13.773440436248134,CLEC7A;TREM2;CD300LF;MERTK;FCGR2B;C2
GO_Biological_Process_2023,Regulation Of Protein Metabolic Process (GO:0051246),8/96,0.0146449666892473,0.0898038647802285,0,0,2.663207416632074,11.24847883760859,EDN1;SERPINB13;DDX25;PLAUR;NR1H3;GSAP;APOE;LILRB2
GO_Biological_Process_2023,Cellular Response To Metal Ion (GO:0071248),10/135,0.0148059058454769,0.0898038647802285,0,0,2.346259541984733,9.884155928903253,RYR1;ITPKC;CPNE7;ALOX15;CHP2;ECT2;F3;MMP9;FBP1;LGMN
GO_Biological_Process_2023,Regulation Of Fatty Acid Oxidation (GO:0046320),3/16,0.014831127756593,0.0898038647802285,0,0,6.7355333488264,28.363513330826983,FABP3;NR4A3;ABCD1
GO_Biological_Process_2023,Regulation Of Fibrinolysis (GO:0051917),3/16,0.014831127756593,0.0898038647802285,0,0,6.7355333488264,28.363513330826983,PLAU;PLAUR;CEL
GO_Biological_Process_2023,Regulation Of Interleukin-1 Production (GO:0032652),3/16,0.014831127756593,0.0898038647802285,0,0,6.7355333488264,28.363513330826983,IL10;CEACAM1;TLR4
GO_Biological_Process_2023,Activation Of Cysteine-Type Endopeptidase Activity (GO:0097202),3/16,0.014831127756593,0.0898038647802285,0,0,6.7355333488264,28.363513330826983,RIPK2;NLRC4;LGMN
GO_Biological_Process_2023,Antifungal Innate Immune Response (GO:0061760),3/16,0.014831127756593,0.0898038647802285,0,0,6.7355333488264,28.363513330826983,CLEC4A;CLEC7A;CLEC4E
GO_Biological_Process_2023,Regulation Of Natural Killer Cell Activation (GO:0032814),3/16,0.014831127756593,0.0898038647802285,0,0,6.7355333488264,28.363513330826983,ZNF683;KLRC2;KLRC3
GO_Biological_Process_2023,Regulation Of Response To Cytokine Stimulus (GO:0060759),3/16,0.014831127756593,0.0898038647802285,0,0,6.7355333488264,28.363513330826983,IFIH1;IRAK2;PARP9
GO_Biological_Process_2023,Regulation Of Transforming Growth Factor Beta Production (GO:0071634),3/16,0.014831127756593,0.0898038647802285,0,0,6.7355333488264,28.363513330826983,FN1;LILRB1;LGALS9
GO_Biological_Process_2023,Retinal Metabolic Process (GO:0042574),3/16,0.014831127756593,0.0898038647802285,0,0,6.7355333488264,28.363513330826983,SDR16C5;CYP27C1;RDH13
GO_Biological_Process_2023,Reverse Cholesterol Transport (GO:0043691),3/16,0.014831127756593,0.0898038647802285,0,0,6.7355333488264,28.363513330826983,APOC2;APOE;ABCG1
GO_Biological_Process_2023,Glycoprotein Catabolic Process (GO:0006516),3/16,0.014831127756593,0.0898038647802285,0,0,6.7355333488264,28.363513330826983,MMP12;NEU4;NCCRP1
GO_Biological_Process_2023,Innate Immune Response-Activating Signaling Pathway (GO:0002758),3/16,0.014831127756593,0.0898038647802285,0,0,6.7355333488264,28.363513330826983,NLRC4;NOD2;CLEC4E
GO_Biological_Process_2023,Negative Regulation Of Anoikis (GO:2000811),3/16,0.014831127756593,0.0898038647802285,0,0,6.7355333488264,28.363513330826983,SRC;CEACAM6;CEACAM5
GO_Biological_Process_2023,Negative Regulation Of Biosynthetic Process (GO:0009890),3/16,0.014831127756593,0.0898038647802285,0,0,6.7355333488264,28.363513330826983,CIITA;CEACAM1;ABCD1
GO_Biological_Process_2023,Negative Regulation Of Cytokine Production Involved In Immune Response (GO:0002719),3/16,0.014831127756593,0.0898038647802285,0,0,6.7355333488264,28.363513330826983,IL10;LILRB1;LILRB4
GO_Biological_Process_2023,Positive Regulation Of Myeloid Leukocyte Cytokine Production Involved In Immune Response (GO:0061081),3/16,0.014831127756593,0.0898038647802285,0,0,6.7355333488264,28.363513330826983,SEMA7A;NR4A3;LILRB1
GO_Biological_Process_2023,Regulation Of B Cell Receptor Signaling Pathway (GO:0050855),3/16,0.014831127756593,0.0898038647802285,0,0,6.7355333488264,28.363513330826983,FCRL3;NFAM1;FCGR2B
GO_Biological_Process_2023,Regulation Of Developmental Growth (GO:0048638),4/29,0.0148628720002525,0.0898038647802285,0,0,4.674130105900152,19.67289473038432,GHR;SIX4;EPPK1;APOE
GO_Biological_Process_2023,Regulation Of Monoatomic Ion Transmembrane Transport (GO:0034765),4/29,0.0148628720002525,0.0898038647802285,0,0,4.674130105900152,19.67289473038432,P2RX7;KCNJ5;KCNJ14;KCNJ2
GO_Biological_Process_2023,Defense Response To Fungus (GO:0050832),4/29,0.0148628720002525,0.0898038647802285,0,0,4.674130105900152,19.67289473038432,CLEC4A;CLEC7A;RNASE7;CLEC4E
GO_Biological_Process_2023,Peptidyl-Tyrosine Dephosphorylation (GO:0035335),4/29,0.0148628720002525,0.0898038647802285,0,0,4.674130105900152,19.67289473038432,DUSP5;DUSP10;PTPRZ1;PTPRO
GO_Biological_Process_2023,Positive Regulation Of Biosynthetic Process (GO:0009891),5/44,0.0149125098082602,0.0898038647802285,0,0,3.748251748251748,15.763478258300358,CXCL8;NR1H3;APOE;CD36;TLR4
GO_Biological_Process_2023,Positive Regulation Of Cytokine-Mediated Signaling Pathway (GO:0001961),5/44,0.0149125098082602,0.0898038647802285,0,0,3.748251748251748,15.763478258300358,TRIM6;EDN1;NLRC5;CD300LF;PARP9
GO_Biological_Process_2023,Regulation Of B Cell Proliferation (GO:0030888),5/44,0.0149125098082602,0.0898038647802285,0,0,3.748251748251748,15.763478258300358,IL10;FCRL3;CTLA4;EPHB2;FCGR2B
GO_Biological_Process_2023,Long-Chain Fatty Acid Metabolic Process (GO:0001676),7/78,0.0149896893434301,0.0898038647802285,0,0,2.8864249325741684,12.124118190876096,CYP2J2;DAGLA;PLA2G4C;ALOX15;CYP2E1;CYP4F11;SLC27A2
GO_Biological_Process_2023,N-acetylneuraminate Catabolic Process (GO:0019262),2/6,0.0151487641662526,0.0898038647802285,0,0,14.57843137254902,61.08124130492171,NPL;RENBP
GO_Biological_Process_2023,Antigen Processing And Presentation Of Endogenous Peptide Antigen Via MHC Class I (GO:0019885),2/6,0.0151487641662526,0.0898038647802285,0,0,14.57843137254902,61.08124130492171,TAP2;TAP1
GO_Biological_Process_2023,Regulation Of Natural Killer Cell Chemotaxis (GO:2000501),2/6,0.0151487641662526,0.0898038647802285,0,0,14.57843137254902,61.08124130492171,CCL7;CCL3
GO_Biological_Process_2023,Cellular Response To Bacterial Lipopeptide (GO:0071221),2/6,0.0151487641662526,0.0898038647802285,0,0,14.57843137254902,61.08124130492171,CD36;TLR2
GO_Biological_Process_2023,Cellular Response To Caffeine (GO:0071313),2/6,0.0151487641662526,0.0898038647802285,0,0,14.57843137254902,61.08124130492171,RYR1;SLC8A1
GO_Biological_Process_2023,Cholesterol Catabolic Process (GO:0006707),2/6,0.0151487641662526,0.0898038647802285,0,0,14.57843137254902,61.08124130492171,APOE;SCARF1
GO_Biological_Process_2023,Response To Caffeine (GO:0031000),2/6,0.0151487641662526,0.0898038647802285,0,0,14.57843137254902,61.08124130492171,RYR1;SLC8A1
GO_Biological_Process_2023,Development Of Primary Female Sexual Characteristics (GO:0046545),2/6,0.0151487641662526,0.0898038647802285,0,0,14.57843137254902,61.08124130492171,ZFP42;LHFPL2
GO_Biological_Process_2023,Sterol Catabolic Process (GO:0016127),2/6,0.0151487641662526,0.0898038647802285,0,0,14.57843137254902,61.08124130492171,APOE;SCARF1
GO_Biological_Process_2023,Vascular Associated Smooth Muscle Contraction (GO:0014829),2/6,0.0151487641662526,0.0898038647802285,0,0,14.57843137254902,61.08124130492171,EDN2;SLC8A1
GO_Biological_Process_2023,White Fat Cell Differentiation (GO:0050872),2/6,0.0151487641662526,0.0898038647802285,0,0,14.57843137254902,61.08124130492171,FFAR4;PPARG
GO_Biological_Process_2023,Macrophage Derived Foam Cell Differentiation (GO:0010742),2/6,0.0151487641662526,0.0898038647802285,0,0,14.57843137254902,61.08124130492171,STAT1;PPARG
GO_Biological_Process_2023,Negative Regulation Of p38MAPK Cascade (GO:1903753),2/6,0.0151487641662526,0.0898038647802285,0,0,14.57843137254902,61.08124130492171,DUSP10;TREM2
GO_Biological_Process_2023,Negative Regulation Of Response To Type II Interferon (GO:0060331),2/6,0.0151487641662526,0.0898038647802285,0,0,14.57843137254902,61.08124130492171,NR1H3;PPARG
GO_Biological_Process_2023,Negative Regulation Of Type II Interferon-Mediated Signaling Pathway (GO:0060336),2/6,0.0151487641662526,0.0898038647802285,0,0,14.57843137254902,61.08124130492171,NR1H3;PPARG
GO_Biological_Process_2023,Nucleotide-Binding Oligomerization Domain Containing 2 Signaling Pathway (GO:0070431),2/6,0.0151487641662526,0.0898038647802285,0,0,14.57843137254902,61.08124130492171,RIPK2;NOD2
GO_Biological_Process_2023,Positive Regulation Of Amyloid-Beta Clearance (GO:1900223),2/6,0.0151487641662526,0.0898038647802285,0,0,14.57843137254902,61.08124130492171,TREM2;APOE
GO_Biological_Process_2023,Positive Regulation Of Cysteine-Type Endopeptidase Activity Involved In Apoptotic Signaling Pathway (GO:2001269),2/6,0.0151487641662526,0.0898038647802285,0,0,14.57843137254902,61.08124130492171,LGALS9;ST18
GO_Biological_Process_2023,Positive Regulation Of Lamellipodium Morphogenesis (GO:2000394),2/6,0.0151487641662526,0.0898038647802285,0,0,14.57843137254902,61.08124130492171,SRC;CORO1C
GO_Biological_Process_2023,Positive Regulation Of Lipoprotein Lipase Activity (GO:0051006),2/6,0.0151487641662526,0.0898038647802285,0,0,14.57843137254902,61.08124130492171,APOC2;NR1H3
GO_Biological_Process_2023,Positive Regulation Of Lymphocyte Apoptotic Process (GO:0070230),2/6,0.0151487641662526,0.0898038647802285,0,0,14.57843137254902,61.08124130492171,IL10;IDO1
GO_Biological_Process_2023,Positive Regulation Of Receptor Catabolic Process (GO:2000646),2/6,0.0151487641662526,0.0898038647802285,0,0,14.57843137254902,61.08124130492171,DTX3L;APOE
GO_Biological_Process_2023,Regulation Of T Cell Mediated Immune Response To Tumor Cell (GO:0002840),2/6,0.0151487641662526,0.0898038647802285,0,0,14.57843137254902,61.08124130492171,IL4I1;HLA-DRB1
GO_Biological_Process_2023,Regulation Of T Cell Tolerance Induction (GO:0002664),2/6,0.0151487641662526,0.0898038647802285,0,0,14.57843137254902,61.08124130492171,IL2RA;LILRB2
GO_Biological_Process_2023,Regulation Of T-helper 1 Cell Differentiation (GO:0045625),2/6,0.0151487641662526,0.0898038647802285,0,0,14.57843137254902,61.08124130492171,CD80;TNFSF4
GO_Biological_Process_2023,Regulation Of T-helper Cell Differentiation (GO:0045622),2/6,0.0151487641662526,0.0898038647802285,0,0,14.57843137254902,61.08124130492171,HLA-DRA;HLA-DRB1
GO_Biological_Process_2023,Positive Regulation Of Cellular Process (GO:0048522),30/594,0.0157406409554873,0.0931213738493689,0,0,1.5723739319819066,6.527725025884494,CD86;CSF1R;RTKN2;KIF14;TNFRSF11A;HOXC10;CLEC7A;DUOXA2;GCNT2;CHP2;HAS2;DPF3;TPPP;DUOX2;HES5;TBX1;EGR2;EDN1;EDN2;FN1;NCCRP1;CEACAM6;TNFSF4;FCGR2B;FOLR2;TLR4;EZH2;LGMN;HBEGF;TLR2
GO_Biological_Process_2023,Positive Regulation Of Endocytosis (GO:0045807),7/79,0.0159910486245966,0.0942166477126747,0,0,2.8461879432624118,11.771053973818548,CLEC7A;GPC3;TREM2;APOE;MERTK;FCGR2B;F3
GO_Biological_Process_2023,Positive Regulation Of Protein Localization To Membrane (GO:1905477),7/79,0.0159910486245966,0.0942166477126747,0,0,2.8461879432624118,11.771053973818548,ITGAM;TNFAIP6;STAC3;TREM2;AKAP5;EPHB2;EPHA2
GO_Biological_Process_2023,Potassium Ion Transmembrane Transport (GO:0071805),10/137,0.0162650432605911,0.0956358042633944,0,0,2.309070144857847,9.510452778207592,KCNG1;KCNJ5;SLC12A5;KCNS1;SLC9A7;KCNC3;KCNS3;KCNJ14;SLC1A3;KCNJ2
GO_Biological_Process_2023,Negative Regulation Of Blood Coagulation (GO:0030195),4/30,0.0167092594097495,0.0978491519593245,0,0,4.494123123472594,18.38901820105464,EDN1;SERPINB2;PLAU;APOE
GO_Biological_Process_2023,Positive Regulation Of Locomotion (GO:0040017),4/30,0.0167092594097495,0.0978491519593245,0,0,4.494123123472594,18.38901820105464,CSF1R;DUOXA2;TREM2;DUOX2
GO_Biological_Process_2023,Cell Junction Organization (GO:0034330),6/62,0.0167941266707508,0.0979487751483991,0,0,3.134456969434208,12.809666970371577,C1QA;WNT7B;HMCN2;SNCG;CLDN1;TJP2
GO_Biological_Process_2023,Fat Cell Differentiation (GO:0045444),6/62,0.0167941266707508,0.0979487751483991,0,0,3.134456969434208,12.809666970371577,CEBPA;EGR2;NR4A3;FFAR4;PPARG;ATF5
GO_Biological_Process_2023,T Cell Migration (GO:0072678),3/17,0.0175720698102359,0.1002580346682828,0,0,6.254100129477773,25.275599071464487,CXCL10;CXCL11;CCL3
GO_Biological_Process_2023,Carboxylic Acid Catabolic Process (GO:0046395),3/17,0.0175720698102359,0.1002580346682828,0,0,6.254100129477773,25.275599071464487,IL4I1;NPL;RENBP
GO_Biological_Process_2023,Regulation Of Single Stranded Viral RNA Replication Via Double Stranded DNA Intermediate (GO:0045091),3/17,0.0175720698102359,0.1002580346682828,0,0,6.254100129477773,25.275599071464487,CXCL8;APOBEC3A;APOBEC3B
GO_Biological_Process_2023,Cellular Response To dsRNA (GO:0071359),3/17,0.0175720698102359,0.1002580346682828,0,0,6.254100129477773,25.275599071464487,COLEC12;IFIH1;IFIT1
GO_Biological_Process_2023,Epoxygenase P450 Pathway (GO:0019373),3/17,0.0175720698102359,0.1002580346682828,0,0,6.254100129477773,25.275599071464487,CYP2J2;CYP2S1;CYP2E1
GO_Biological_Process_2023,Peptidyl-Threonine Dephosphorylation (GO:0035970),3/17,0.0175720698102359,0.1002580346682828,0,0,6.254100129477773,25.275599071464487,DUSP5;DUSP10;PPM1N
GO_Biological_Process_2023,Positive Regulation Of Alpha-Beta T Cell Proliferation (GO:0046641),3/17,0.0175720698102359,0.1002580346682828,0,0,6.254100129477773,25.275599071464487,SYK;TNFSF4;LGALS9
GO_Biological_Process_2023,Positive Regulation Of Fatty Acid Metabolic Process (GO:0045923),3/17,0.0175720698102359,0.1002580346682828,0,0,6.254100129477773,25.275599071464487,NR4A3;APOC2;NR1H3
GO_Biological_Process_2023,Positive Regulation Of Heart Rate (GO:0010460),3/17,0.0175720698102359,0.1002580346682828,0,0,6.254100129477773,25.275599071464487,EDN1;EDN2;ADRB1
GO_Biological_Process_2023,Positive Regulation Of Lymphocyte Chemotaxis (GO:0140131),3/17,0.0175720698102359,0.1002580346682828,0,0,6.254100129477773,25.275599071464487,CCL7;CCL3;CXCL13
GO_Biological_Process_2023,Positive Regulation Of Macrophage Activation (GO:0043032),3/17,0.0175720698102359,0.1002580346682828,0,0,6.254100129477773,25.275599071464487,CEBPA;TREM2;TLR4
GO_Biological_Process_2023,Positive Regulation Of Angiogenesis (GO:0045766),9/119,0.0178753799444932,0.1017874199206153,0,0,2.397796563192905,9.649526885074652,IL1A;ECM1;CXCL8;HMOX1;CHI3L1;ANGPTL4;FUT1;PIK3R6;HK2
GO_Biological_Process_2023,Regulation Of Macrophage Activation (GO:0043030),4/31,0.0186928963373119,0.1056093771542458,0,0,4.327449991595226,17.22157062768096,CEBPA;NR1H3;FCGR2B;TLR4
GO_Biological_Process_2023,Regulation Of Response To Biotic Stimulus (GO:0002831),4/31,0.0186928963373119,0.1056093771542458,0,0,4.327449991595226,17.22157062768096,HERC5;TREM2;CD36;FCGR2B
GO_Biological_Process_2023,Triglyceride Homeostasis (GO:0070328),4/31,0.0186928963373119,0.1056093771542458,0,0,4.327449991595226,17.22157062768096,APOC2;NR1H3;APOE;ANGPTL4
GO_Biological_Process_2023,Leukocyte Cell-Cell Adhesion (GO:0007159),4/31,0.0186928963373119,0.1056093771542458,0,0,4.327449991595226,17.22157062768096,SYK;CD209;OLR1;ICAM1
GO_Biological_Process_2023,Regulation Of Phosphorylation (GO:0042325),7/82,0.0192782941596645,0.1084920764891842,0,0,2.731914893617021,10.787718520528315,CDKN2B;CADM4;CDKN2A;NLRC5;SLAMF8;FN1;CORO1C
GO_Biological_Process_2023,Cellular Response To Organic Substance (GO:0071310),7/82,0.0192782941596645,0.1084920764891842,0,0,2.731914893617021,10.787718520528315,GHR;CSF1R;EDN1;SYK;FFAR4;CCL3;TREM2
GO_Biological_Process_2023,Positive Regulation Of Cysteine-Type Endopeptidase Activity (GO:2001056),6/64,0.0193834774707762,0.1088717888290488,0,0,3.026058291036576,11.932759309286716,AIM2;SYK;RIPK2;CLEC7A;NLRC4;LGMN
GO_Biological_Process_2023,Antigen Processing And Presentation Of Peptide Antigen Via MHC Class I (GO:0002474),3/18,0.0205755628145122,0.1104721714443697,0,0,5.836858006042296,22.66832047392284,CLEC4A;TAP2;TAP1
GO_Biological_Process_2023,Negative Regulation Of T Cell Receptor Signaling Pathway (GO:0050860),3/18,0.0205755628145122,0.1104721714443697,0,0,5.836858006042296,22.66832047392284,CEACAM1;LILRB4;GBP1
GO_Biological_Process_2023,Neutrophil Activation (GO:0042119),3/18,0.0205755628145122,0.1104721714443697,0,0,5.836858006042296,22.66832047392284,CXCL8;SYK;CAMP
GO_Biological_Process_2023,Positive Regulation Of NLRP3 Inflammasome Complex Assembly (GO:1900227),3/18,0.0205755628145122,0.1104721714443697,0,0,5.836858006042296,22.66832047392284,GBP5;CD36;TLR4
GO_Biological_Process_2023,Regulation Of Chemokine (C-C Motif) Ligand 5 Production (GO:0071649),2/7,0.0207448070420493,0.1104721714443697,0,0,11.662141779788838,45.1961561293164,IL10;OAS3
GO_Biological_Process_2023,Regulation Of Dendritic Cell Chemotaxis (GO:2000508),2/7,0.0207448070420493,0.1104721714443697,0,0,11.662141779788838,45.1961561293164,SLAMF8;LGALS9
GO_Biological_Process_2023,Amino Sugar Catabolic Process (GO:0046348),2/7,0.0207448070420493,0.1104721714443697,0,0,11.662141779788838,45.1961561293164,NPL;RENBP
GO_Biological_Process_2023,Regulation Of Natural Killer Cell Mediated Cytotoxicity Directed Against Tumor Cell Target (GO:0002858),2/7,0.0207448070420493,0.1104721714443697,0,0,11.662141779788838,45.1961561293164,CEACAM1;CRTAM
GO_Biological_Process_2023,Benzene-Containing Compound Metabolic Process (GO:0042537),2/7,0.0207448070420493,0.1104721714443697,0,0,11.662141779788838,45.1961561293164,CYP2E1;KMO
GO_Biological_Process_2023,Diacylglycerol Biosynthetic Process (GO:0006651),2/7,0.0207448070420493,0.1104721714443697,0,0,11.662141779788838,45.1961561293164,PLA2G15;MOGAT2
GO_Biological_Process_2023,Foam Cell Differentiation (GO:0090077),2/7,0.0207448070420493,0.1104721714443697,0,0,11.662141779788838,45.1961561293164,STAT1;PPARG
GO_Biological_Process_2023,Very-Low-Density Lipoprotein Particle Remodeling (GO:0034372),2/7,0.0207448070420493,0.1104721714443697,0,0,11.662141779788838,45.1961561293164,APOC2;APOE
GO_Biological_Process_2023,Kidney Mesenchyme Development (GO:0072074),2/7,0.0207448070420493,0.1104721714443697,0,0,11.662141779788838,45.1961561293164,SIX4;SIX2
GO_Biological_Process_2023,Lens Fiber Cell Development (GO:0070307),2/7,0.0207448070420493,0.1104721714443697,0,0,11.662141779788838,45.1961561293164,WNT7B;EPHA2
GO_Biological_Process_2023,Negative Regulation Of T Cell Mediated Cytotoxicity (GO:0001915),2/7,0.0207448070420493,0.1104721714443697,0,0,11.662141779788838,45.1961561293164,LILRB1;FCGR2B
GO_Biological_Process_2023,Negative Regulation Of Keratinocyte Proliferation (GO:0010839),2/7,0.0207448070420493,0.1104721714443697,0,0,11.662141779788838,45.1961561293164,CYP27B1;EPPK1
GO_Biological_Process_2023,Negative Regulation Of Leukocyte Proliferation (GO:0070664),2/7,0.0207448070420493,0.1104721714443697,0,0,11.662141779788838,45.1961561293164,TNFAIP3;LILRB1
GO_Biological_Process_2023,Peptidyl-Proline Hydroxylation To 4-hydroxy-L-proline (GO:0018401),2/7,0.0207448070420493,0.1104721714443697,0,0,11.662141779788838,45.1961561293164,EGLN3;EGLN2
GO_Biological_Process_2023,Peptidyl-Tyrosine Dephosphorylation Involved In Inactivation Of Protein Kinase Activity (GO:1990264),2/7,0.0207448070420493,0.1104721714443697,0,0,11.662141779788838,45.1961561293164,DUSP10;PTPRO
GO_Biological_Process_2023,Platelet Activating Factor Metabolic Process (GO:0046469),2/7,0.0207448070420493,0.1104721714443697,0,0,11.662141779788838,45.1961561293164,PLA2G4C;PLA2G7
GO_Biological_Process_2023,Positive Regulation Of Isomerase Activity (GO:0010912),2/7,0.0207448070420493,0.1104721714443697,0,0,11.662141779788838,45.1961561293164,ITGAM;NOD2
GO_Biological_Process_2023,Positive Regulation Of Triglyceride Lipase Activity (GO:0061365),2/7,0.0207448070420493,0.1104721714443697,0,0,11.662141779788838,45.1961561293164,APOC2;NR1H3
GO_Biological_Process_2023,Positive Regulation Of Vascular Associated Smooth Muscle Cell Migration (GO:1904754),2/7,0.0207448070420493,0.1104721714443697,0,0,11.662141779788838,45.1961561293164,DOCK4;NR4A3
GO_Biological_Process_2023,Regulation Of T-helper 2 Cell Differentiation (GO:0045628),2/7,0.0207448070420493,0.1104721714443697,0,0,11.662141779788838,45.1961561293164,CD86;TNFSF4
GO_Biological_Process_2023,Regulation Of Alpha-Beta T Cell Proliferation (GO:0046640),2/7,0.0207448070420493,0.1104721714443697,0,0,11.662141779788838,45.1961561293164,SYK;TNFSF4
GO_Biological_Process_2023,Regulation Of Cholesterol Efflux (GO:0010874),4/32,0.0208163703726141,0.1104721714443697,0,0,4.172682083423385,16.156689973482045,NR1H3;TREM2;PPARG;APOE
GO_Biological_Process_2023,Amide Transport (GO:0042886),4/32,0.0208163703726141,0.1104721714443697,0,0,4.172682083423385,16.156689973482045,SLC1A3;TAP1;FOLR2;ABCA13
GO_Biological_Process_2023,Regulation Of Transmembrane Transport (GO:0034762),4/32,0.0208163703726141,0.1104721714443697,0,0,4.172682083423385,16.156689973482045,KCNJ5;KCNJ14;FFAR4;KCNJ2
GO_Biological_Process_2023,Intracellular pH Reduction (GO:0051452),4/32,0.0208163703726141,0.1104721714443697,0,0,4.172682083423385,16.156689973482045,RAB20;DMXL2;SLAMF8;RAB39A
GO_Biological_Process_2023,Mesenchymal Cell Migration (GO:0090497),4/32,0.0208163703726141,0.1104721714443697,0,0,4.172682083423385,16.156689973482045,TBX1;SEMA4A;SEMA7A;CORO1C
GO_Biological_Process_2023,Negative Regulation Of ERK1 And ERK2 Cascade (GO:0070373),5/48,0.0211137099808763,0.1116397082688462,0,0,3.398872445384073,13.112281220028654,DUSP10;PSCA;EPHB2;GBP1;TLR4
GO_Biological_Process_2023,Positive Regulation Of Reactive Oxygen Species Metabolic Process (GO:2000379),5/48,0.0211137099808763,0.1116397082688462,0,0,3.398872445384073,13.112281220028654,ITGAM;SYK;CLEC7A;CD36;TLR4
GO_Biological_Process_2023,Regulation Of Cell Adhesion (GO:0030155),10/144,0.0222169937392544,0.1171245851126355,0,0,2.1876495385667085,8.328158213761974,ADAMDEC1;CXCL8;PLAU;SRC;KIF14;PLAUR;TGFBI;EPHB2;FUT1;EPHA2
GO_Biological_Process_2023,Regulation Of Endocytosis (GO:0030100),6/66,0.0222321692558795,0.1171245851126355,0,0,2.924886191198786,11.132745616449634,MCTP1;SYK;SRC;GPC3;LILRB1;APOE
GO_Biological_Process_2023,Positive Regulation Of Vasculature Development (GO:1904018),8/104,0.0226553348800522,0.1191365242235171,0,0,2.440258751902588,9.242138189540464,IL1A;ECM1;CXCL8;HMOX1;CHI3L1;ANGPTL4;PIK3R6;HK2
GO_Biological_Process_2023,Unsaturated Fatty Acid Metabolic Process (GO:0033559),5/49,0.0228904532757872,0.1199360047317564,0,0,3.3214531680440773,12.545246005369783,CYP2J2;DAGLA;PLA2G4C;ALOX15;CYP4F11
GO_Biological_Process_2023,Negative Regulation Of Cysteine-Type Endopeptidase Activity Involved In Apoptotic Process (GO:0043154),5/49,0.0228904532757872,0.1199360047317564,0,0,3.3214531680440773,12.545246005369783,SRC;LAMP3;PLAUR;IFI6;MMP9
GO_Biological_Process_2023,Vasculogenesis (GO:0001570),4/33,0.0230819497881776,0.1200677279972413,0,0,4.02858782409098,15.182556502746651,WNT7B;HAS2;TBX6;RASIP1
GO_Biological_Process_2023,Negative Regulation Of Epithelial Cell Migration (GO:0010633),4/33,0.0230819497881776,0.1200677279972413,0,0,4.02858782409098,15.182556502746651,DUSP10;EPPK1;APOE;CORO1C
GO_Biological_Process_2023,Positive Regulation Of DNA Binding (GO:0043388),4/33,0.0230819497881776,0.1200677279972413,0,0,4.02858782409098,15.182556502746651,TRIM6;PLAUR;PPARG;MMP9
GO_Biological_Process_2023,Regulation Of Cell Adhesion Mediated By Integrin (GO:0033628),4/33,0.0230819497881776,0.1200677279972413,0,0,4.02858782409098,15.182556502746651,SYK;PLAU;NEXMIF;EPHA2
GO_Biological_Process_2023,Regulation Of Neuroinflammatory Response (GO:0150077),3/19,0.023842550439461,0.1224794361543133,0,0,5.471771148036254,20.4440880427087,DAGLA;TREM2;MMP9
GO_Biological_Process_2023,Superoxide Anion Generation (GO:0042554),3/19,0.023842550439461,0.1224794361543133,0,0,5.471771148036254,20.4440880427087,NCF2;CYBB;DUOX2
GO_Biological_Process_2023,Ganglioside Metabolic Process (GO:0001573),3/19,0.023842550439461,0.1224794361543133,0,0,5.471771148036254,20.4440880427087,NEU4;GM2A;B4GALNT1
GO_Biological_Process_2023,Gastrulation (GO:0007369),3/19,0.023842550439461,0.1224794361543133,0,0,5.471771148036254,20.4440880427087,NR4A3;GSC;GPC3
GO_Biological_Process_2023,Mesoderm Development (GO:0007498),3/19,0.023842550439461,0.1224794361543133,0,0,5.471771148036254,20.4440880427087,TBX1;SECTM1;TBX6
GO_Biological_Process_2023,Oligodendrocyte Differentiation (GO:0048709),3/19,0.023842550439461,0.1224794361543133,0,0,5.471771148036254,20.4440880427087,PTPRZ1;TPPP;HES5
GO_Biological_Process_2023,Regulation Of Behavior (GO:0050795),3/19,0.023842550439461,0.1224794361543133,0,0,5.471771148036254,20.4440880427087,AIM2;CCL3;APOE
GO_Biological_Process_2023,Regulation Of Cold-Induced Thermogenesis (GO:0120161),10/146,0.0241751416972343,0.1237475781558785,0,0,2.1552537045352493,8.022781858496984,ACHE;SYK;FFAR4;NR1H3;ADRB1;CD36;TLR4;PPARGC1B;HOXC10;CMKLR1
GO_Biological_Process_2023,Negative Regulation Of Response To External Stimulus (GO:0032102),10/146,0.0241751416972343,0.1237475781558785,0,0,2.1552537045352493,8.022781858496984,IL10;TNFAIP6;CXCL17;FFAR4;TNFAIP3;NR1H3;PPARG;EPPK1;APOE;TRIB1
GO_Biological_Process_2023,Regulation Of Epithelial Cell Migration (GO:0010632),5/50,0.0247611286045722,0.1262992549141342,0,0,3.2474747474747474,12.01072121732726,CEACAM1;DUSP10;SRC;ARSB;CORO1C
GO_Biological_Process_2023,Pyruvate Metabolic Process (GO:0006090),5/50,0.0247611286045722,0.1262992549141342,0,0,3.2474747474747474,12.01072121732726,HK3;SDS;NR4A3;ME1;HK2
GO_Biological_Process_2023,Positive Regulation Of GTPase Activity (GO:0043547),14/234,0.025142109475515,0.1280163493047831,0,0,1.8685239491691104,6.882168281385937,CCL13;CCL22;CCL3L1;ADRB1;CXCL13;CORO1C;ARHGAP22;CCL8;CCL7;CCL3;CCL18;ECT2;EPHA2;EZH2
GO_Biological_Process_2023,Skin Development (GO:0043588),6/68,0.0253501254073868,0.1288482606533903,0,0,2.8302413236085955,10.401056490842702,RYR1;SPRR2F;SPRR3;SPRR2B;POU2F3;EPHA2
GO_Biological_Process_2023,Negative Regulation Of Interleukin-6 Production (GO:0032715),4/34,0.0254915865305894,0.1293395611842034,0,0,3.894099848714069,14.289036547448635,IL10;TNFAIP3;LILRB4;TLR4
GO_Biological_Process_2023,Regulation Of Release Of Sequestered Calcium Ion Into Cytosol (GO:0051279),5/51,0.0267272032851846,0.1319292322314945,0,0,3.176712779973649,11.506286804566775,CXCL10;CXCL9;CXCL11;CLIC2;JPH1
GO_Biological_Process_2023,Positive Regulation Of Protein Localization To Cell Periphery (GO:1904377),5/51,0.0267272032851846,0.1319292322314945,0,0,3.176712779973649,11.506286804566775,STAC3;TREM2;AKAP5;EPHB2;EPHA2
GO_Biological_Process_2023,Positive Regulation Of Protein Localization To Plasma Membrane (GO:1903078),5/51,0.0267272032851846,0.1319292322314945,0,0,3.176712779973649,11.506286804566775,STAC3;TREM2;AKAP5;EPHB2;EPHA2
GO_Biological_Process_2023,Phospholipid Metabolic Process (GO:0006644),6/69,0.027012937919405,0.1319292322314945,0,0,2.7851723390418384,10.05848096934974,PLA2G15;PLA2G2F;PLA2G2D;PLA2G4C;PLBD1;PLD1
GO_Biological_Process_2023,"Regulation Of Complement Activation, Classical Pathway (GO:0030450)",2/8,0.0270570254921627,0.1319292322314945,0,0,9.717948717948715,35.07993471030808,SUSD4;TREM2
GO_Biological_Process_2023,DNA Cytosine Deamination (GO:0070383),2/8,0.0270570254921627,0.1319292322314945,0,0,9.717948717948715,35.07993471030808,APOBEC3A;APOBEC3B
GO_Biological_Process_2023,Alcohol Catabolic Process (GO:0046164),2/8,0.0270570254921627,0.1319292322314945,0,0,9.717948717948715,35.07993471030808,APOE;SCARF1
GO_Biological_Process_2023,Regulation Of Morphogenesis Of An Epithelium (GO:1905330),2/8,0.0270570254921627,0.1319292322314945,0,0,9.717948717948715,35.07993471030808,CXCL10;SIX2
GO_Biological_Process_2023,Regulation Of Neutrophil Migration (GO:1902622),2/8,0.0270570254921627,0.1319292322314945,0,0,9.717948717948715,35.07993471030808,MPP1;SLAMF8
GO_Biological_Process_2023,Regulation Of Pattern Recognition Receptor Signaling Pathway (GO:0062207),2/8,0.0270570254921627,0.1319292322314945,0,0,9.717948717948715,35.07993471030808,TREM2;CD36
GO_Biological_Process_2023,Cellular Response To Muramyl Dipeptide (GO:0071225),2/8,0.0270570254921627,0.1319292322314945,0,0,9.717948717948715,35.07993471030808,RIPK2;NOD2
GO_Biological_Process_2023,Regulation Of Urine Volume (GO:0035809),2/8,0.0270570254921627,0.1319292322314945,0,0,9.717948717948715,35.07993471030808,HAS2;ADM
GO_Biological_Process_2023,Response To Vitamin (GO:0033273),2/8,0.0270570254921627,0.1319292322314945,0,0,9.717948717948715,35.07993471030808,CYP27B1;SPP1
GO_Biological_Process_2023,Response To Vitamin D (GO:0033280),2/8,0.0270570254921627,0.1319292322314945,0,0,9.717948717948715,35.07993471030808,CYP27B1;SPP1
GO_Biological_Process_2023,Endothelial Cell Chemotaxis (GO:0035767),2/8,0.0270570254921627,0.1319292322314945,0,0,9.717948717948715,35.07993471030808,EGR3;CXCL13
GO_Biological_Process_2023,Triglyceride-Rich Lipoprotein Particle Remodeling (GO:0034370),2/8,0.0270570254921627,0.1319292322314945,0,0,9.717948717948715,35.07993471030808,APOC2;APOE
GO_Biological_Process_2023,Kynurenine Metabolic Process (GO:0070189),2/8,0.0270570254921627,0.1319292322314945,0,0,9.717948717948715,35.07993471030808,KMO;IDO1
GO_Biological_Process_2023,Negative Regulation Of Lipase Activity (GO:0060192),2/8,0.0270570254921627,0.1319292322314945,0,0,9.717948717948715,35.07993471030808,APOC1;ANGPTL4
GO_Biological_Process_2023,Positive Regulation Of Chromatin Binding (GO:0035563),2/8,0.0270570254921627,0.1319292322314945,0,0,9.717948717948715,35.07993471030808,DTX3L;PARP9
GO_Biological_Process_2023,Positive Regulation Of Macrophage Cytokine Production (GO:0060907),2/8,0.0270570254921627,0.1319292322314945,0,0,9.717948717948715,35.07993471030808,SEMA7A;LILRB1
GO_Biological_Process_2023,Regulation Of Cell Killing (GO:0031341),2/8,0.0270570254921627,0.1319292322314945,0,0,9.717948717948715,35.07993471030808,IL10;ICAM1
GO_Biological_Process_2023,Fc-gamma Receptor Signaling Pathway Involved In Phagocytosis (GO:0038096),3/20,0.0273729165592882,0.1319292322314945,0,0,5.149635685089746,18.52942530765232,SYK;SRC;FCGR2B
GO_Biological_Process_2023,Activation Of Adenylate Cyclase Activity (GO:0007190),3/20,0.0273729165592882,0.1319292322314945,0,0,5.149635685089746,18.52942530765232,TMIGD3;ADORA3;ADRB1
GO_Biological_Process_2023,Response To Fibroblast Growth Factor (GO:0071774),3/20,0.0273729165592882,0.1319292322314945,0,0,5.149635685089746,18.52942530765232,TBX1;CXCL8;EGR3
GO_Biological_Process_2023,Microglial Cell Activation (GO:0001774),3/20,0.0273729165592882,0.1319292322314945,0,0,5.149635685089746,18.52942530765232,C1QA;ITGAM;TREM2
GO_Biological_Process_2023,Negative Regulation Of Cytokine Production Involved In Inflammatory Response (GO:1900016),3/20,0.0273729165592882,0.1319292322314945,0,0,5.149635685089746,18.52942530765232,NLRP7;TREM2;LILRB4
GO_Biological_Process_2023,Negative Regulation Of Phosphate Metabolic Process (GO:0045936),3/20,0.0273729165592882,0.1319292322314945,0,0,5.149635685089746,18.52942530765232,CDKN2B;CDKN2A;PLEK
GO_Biological_Process_2023,Peripheral Nervous System Development (GO:0007422),3/20,0.0273729165592882,0.1319292322314945,0,0,5.149635685089746,18.52942530765232,EGR2;ARTN;ADGRG6
GO_Biological_Process_2023,Positive Regulation Of Leukocyte Activation (GO:0002696),3/20,0.0273729165592882,0.1319292322314945,0,0,5.149635685089746,18.52942530765232,CEBPA;CLEC7A;TLR4
GO_Biological_Process_2023,Positive Regulation Of Vascular Associated Smooth Muscle Cell Proliferation (GO:1904707),3/20,0.0273729165592882,0.1319292322314945,0,0,5.149635685089746,18.52942530765232,IL10;NR4A3;MMP9
GO_Biological_Process_2023,Positive Regulation Of Metabolic Process (GO:0009893),8/108,0.0276424761853999,0.1330063812454158,0,0,2.3421613394216134,8.404615725190624,ACHE;SYK;CLEC7A;FFAR4;ADRB1;CD36;PPARGC1B;CMKLR1
GO_Biological_Process_2023,Negative Regulation Of Extrinsic Apoptotic Signaling Pathway (GO:2001237),6/70,0.0287463833396109,0.1380878680556688,0,0,2.7415117602427923,9.73029229224374,IL1A;SRC;IFI6;TNFAIP3;HMOX1;ICAM1
GO_Biological_Process_2023,Cellular Response To Salt (GO:1902075),8/109,0.0289991234007232,0.1390705469400132,0,0,2.3188510631885104,8.209868251751379,RYR1;P2RX7;ITPKC;CPNE7;ALOX15;CHP2;ECT2;LGMN
GO_Biological_Process_2023,Positive Regulation Of Peptidyl-Tyrosine Phosphorylation (GO:0050731),9/130,0.0296719514765418,0.1420612336861961,0,0,2.1785678290667203,7.663227964322115,GHR;CSF1R;RIPK2;SRC;CD80;TREM2;PARP9;FCGR1A;HES5
GO_Biological_Process_2023,Regulation Of Peptidyl-Threonine Phosphorylation (GO:0010799),4/36,0.030749284153106,0.1467325344628384,0,0,3.650340393343419,12.710078472386355,TRIM6;CADM4;RIPK2;CHI3L1
GO_Biological_Process_2023,Positive Regulation Of Signaling Receptor Activity (GO:2000273),4/36,0.030749284153106,0.1467325344628384,0,0,3.650340393343419,12.710078472386355,IL10;EDN1;EPHB2;HBEGF
GO_Biological_Process_2023,Regulation Of Cyclin-Dependent Protein Kinase Activity (GO:1904029),5/53,0.0309508040394795,0.1469654132598313,0,0,3.044034090909091,10.579103059914589,HERC5;CDKN2B;CCNE2;CCNE1;CDKN2A
GO_Biological_Process_2023,Blood Vessel Morphogenesis (GO:0048514),5/53,0.0309508040394795,0.1469654132598313,0,0,3.044034090909091,10.579103059914589,TBX1;SYK;HAS2;TBX6;RASIP1
GO_Biological_Process_2023,Negative Regulation Of Metabolic Process (GO:0009892),5/53,0.0309508040394795,0.1469654132598313,0,0,3.044034090909091,10.579103059914589,APOC2;APOC1;NR1H3;TLR4;HOXC10
GO_Biological_Process_2023,Macrophage Differentiation (GO:0030225),3/21,0.0311655778049394,0.1470180116386604,0,0,4.863293051359516,16.86804534848698,CSF1R;MMP9;HLA-DRB1
GO_Biological_Process_2023,Modulation By Symbiont Of Entry Into Host (GO:0052372),3/21,0.0311655778049394,0.1470180116386604,0,0,4.863293051359516,16.86804534848698,TRIM6;CXCL8;HS3ST6
GO_Biological_Process_2023,Negative Regulation Of Biomineral Tissue Development (GO:0070168),3/21,0.0311655778049394,0.1470180116386604,0,0,4.863293051359516,16.86804534848698,CCR1;ECM1;CCL3
GO_Biological_Process_2023,Regulation Of Anoikis (GO:2000209),3/21,0.0311655778049394,0.1470180116386604,0,0,4.863293051359516,16.86804534848698,SRC;CEACAM6;CEACAM5
GO_Biological_Process_2023,Positive Regulation Of Transcription By RNA Polymerase II (GO:0045944),42/938,0.0312520630527959,0.1471854910822544,0,0,1.3873645666131622,4.808147601203444,FOXA1;CEBPA;CIITA;NLRC5;NOD2;ASCL2;HOXC10;SOX2;HELZ2;IL4I1;CYP27B1;MYB;CHP2;E2F2;OTX1;HOXA7;PPARGC1B;E2F7;TBX1;FOXD3;EGR2;EDN1;RIPK2;STAT1;NR1H3;LILRB1;GRHL3;GRHL1;POU2F3;ST18;MMP12;CXCL10;ZEB2;NR4A3;TET3;TFEC;IRF8;PPARG;IRF5;ATF5;TLR4;TLR2
GO_Biological_Process_2023,Cytoskeleton Organization (GO:0007010),8/111,0.0318486737575821,0.1497510116256346,0,0,2.273588390891224,7.836512472006937,CCL13;STRIP2;KRT4;CCL7;EPB41L3;CCL3;TNFAIP3;APOE
GO_Biological_Process_2023,Positive Regulation Of MAP Kinase Activity (GO:0043406),7/91,0.0319123700956928,0.1498065243353908,0,0,2.43806990881459,8.398569519697473,GHR;EDN1;NOD2;TNFRSF11A;TLR4;PIK3R6;EZH2
GO_Biological_Process_2023,Regulation Of Lipid Metabolic Process (GO:0019216),5/54,0.0332106455647083,0.1513862492612715,0,0,2.981756338899196,10.152536850283903,ADGRF1;APOC2;APOC1;TREM2;PPARG
GO_Biological_Process_2023,Negative Regulation Of Defense Response (GO:0031348),8/112,0.033342758626501,0.1513862492612715,0,0,2.251609881746868,7.657533061819034,IL10;TNFAIP6;CXCL17;FFAR4;TNFAIP3;NR1H3;PPARG;APOE
GO_Biological_Process_2023,Positive Regulation Of Hydrolase Activity (GO:0051345),11/176,0.0335656271799865,0.1513862492612715,0,0,1.9541284403669723,6.632805805662155,CCL13;CCL8;CCL22;CCL3L1;CCL7;CHP2;CCL3;ADRB1;ECT2;CCL18;EZH2
GO_Biological_Process_2023,Regulation Of Vascular Associated Smooth Muscle Cell Proliferation (GO:1904705),4/37,0.0335997097935526,0.1513862492612715,0,0,3.539540640902214,12.01050327130316,IL10;NR4A3;PPARG;MMP9
GO_Biological_Process_2023,Positive Regulation Of Receptor Signaling Pathway Via JAK-STAT (GO:0046427),4/37,0.0335997097935526,0.1513862492612715,0,0,3.539540640902214,12.01050327130316,GHR;IL10;IL10RB;HES5
GO_Biological_Process_2023,Positive Regulation Of Receptor Signaling Pathway Via STAT (GO:1904894),4/37,0.0335997097935526,0.1513862492612715,0,0,3.539540640902214,12.01050327130316,GHR;IL10;IL10RB;HES5
GO_Biological_Process_2023,Regulation Of Dendritic Cell Apoptotic Process (GO:2000668),2/9,0.0340317546832577,0.1513862492612715,0,0,8.329239388062918,28.156670818107752,LILRB1;LGALS9
GO_Biological_Process_2023,Regulation Of Granulocyte Differentiation (GO:0030852),2/9,0.0340317546832577,0.1513862492612715,0,0,8.329239388062918,28.156670818107752,CEACAM1;C1QC
GO_Biological_Process_2023,Calcium Ion Transport Into Cytosol (GO:0060402),2/9,0.0340317546832577,0.1513862492612715,0,0,8.329239388062918,28.156670818107752,JPH1;SLC8A1
GO_Biological_Process_2023,Carbohydrate Phosphorylation (GO:0046835),2/9,0.0340317546832577,0.1513862492612715,0,0,8.329239388062918,28.156670818107752,HK3;HK2
GO_Biological_Process_2023,Cell Differentiation Involved In Metanephros Development (GO:0072202),2/9,0.0340317546832577,0.1513862492612715,0,0,8.329239388062918,28.156670818107752,STAT1;SIX2
GO_Biological_Process_2023,Cellular Response To Purine-Containing Compound (GO:0071415),2/9,0.0340317546832577,0.1513862492612715,0,0,8.329239388062918,28.156670818107752,RYR1;SLC8A1
GO_Biological_Process_2023,Fructose 6-Phosphate Metabolic Process (GO:0006002),2/9,0.0340317546832577,0.1513862492612715,0,0,8.329239388062918,28.156670818107752,HK3;HK2
GO_Biological_Process_2023,Glycosphingolipid Catabolic Process (GO:0046479),2/9,0.0340317546832577,0.1513862492612715,0,0,8.329239388062918,28.156670818107752,NEU4;GM2A
GO_Biological_Process_2023,Intestinal Cholesterol Absorption (GO:0030299),2/9,0.0340317546832577,0.1513862492612715,0,0,8.329239388062918,28.156670818107752,CD36;CEL
GO_Biological_Process_2023,Lipid Import Into Cell (GO:0140354),2/9,0.0340317546832577,0.1513862492612715,0,0,8.329239388062918,28.156670818107752,CD36;SLC27A2
GO_Biological_Process_2023,Long-Chain Fatty Acid Import Into Cell (GO:0044539),2/9,0.0340317546832577,0.1513862492612715,0,0,8.329239388062918,28.156670818107752,CD36;SLC27A2
GO_Biological_Process_2023,Myelin Assembly (GO:0032288),2/9,0.0340317546832577,0.1513862492612715,0,0,8.329239388062918,28.156670818107752,EPB41L3;TPPP
GO_Biological_Process_2023,Negative Regulation Of Bone Resorption (GO:0045779),2/9,0.0340317546832577,0.1513862492612715,0,0,8.329239388062918,28.156670818107752,P2RX7;TNFAIP3
GO_Biological_Process_2023,Negative Regulation Of Heterotypic Cell-Cell Adhesion (GO:0034115),2/9,0.0340317546832577,0.1513862492612715,0,0,8.329239388062918,28.156670818107752,IL10;IL1RN
GO_Biological_Process_2023,Negative Regulation Of Humoral Immune Response Mediated By Circulating Immunoglobulin (GO:0002924),2/9,0.0340317546832577,0.1513862492612715,0,0,8.329239388062918,28.156670818107752,SUSD4;FCGR2B
GO_Biological_Process_2023,Negative Regulation Of Lipid Localization (GO:1905953),2/9,0.0340317546832577,0.1513862492612715,0,0,8.329239388062918,28.156670818107752,NR1H3;PPARG
GO_Biological_Process_2023,Negative Regulation Of Toll-Like Receptor 4 Signaling Pathway (GO:0034144),2/9,0.0340317546832577,0.1513862492612715,0,0,8.329239388062918,28.156670818107752,TNFAIP3;TREM2
GO_Biological_Process_2023,Negative Regulation Of Transforming Growth Factor Beta Production (GO:0071635),2/9,0.0340317546832577,0.1513862492612715,0,0,8.329239388062918,28.156670818107752,FN1;LILRB1
GO_Biological_Process_2023,Neuron Remodeling (GO:0016322),2/9,0.0340317546832577,0.1513862492612715,0,0,8.329239388062918,28.156670818107752,C1QA;SCARF1
GO_Biological_Process_2023,Phosphatidylcholine Catabolic Process (GO:0034638),2/9,0.0340317546832577,0.1513862492612715,0,0,8.329239388062918,28.156670818107752,PLA2G15;PLA2G7
GO_Biological_Process_2023,Phosphatidylethanolamine Acyl-Chain Remodeling (GO:0036152),2/9,0.0340317546832577,0.1513862492612715,0,0,8.329239388062918,28.156670818107752,PLA2G2F;PLA2G4C
GO_Biological_Process_2023,Positive Regulation Of Leukocyte Apoptotic Process (GO:2000108),2/9,0.0340317546832577,0.1513862492612715,0,0,8.329239388062918,28.156670818107752,CDKN2A;LGALS9
GO_Biological_Process_2023,Positive Regulation Of Mesenchymal Cell Proliferation (GO:0002053),2/9,0.0340317546832577,0.1513862492612715,0,0,8.329239388062918,28.156670818107752,TBX1;STAT1
GO_Biological_Process_2023,Positive Regulation Of Monocyte Differentiation (GO:0045657),2/9,0.0340317546832577,0.1513862492612715,0,0,8.329239388062918,28.156670818107752,DCSTAMP;HLA-DRB1
GO_Biological_Process_2023,Positive Regulation Of Platelet Activation (GO:0010572),2/9,0.0340317546832577,0.1513862492612715,0,0,8.329239388062918,28.156670818107752,PLEK;TLR4
GO_Biological_Process_2023,"Regulation Of CD8-positive, Alpha-Beta T Cell Activation (GO:2001185)",2/9,0.0340317546832577,0.1513862492612715,0,0,8.329239388062918,28.156670818107752,CRTAM;LILRB1
GO_Biological_Process_2023,Regulation Of Animal Organ Morphogenesis (GO:2000027),2/9,0.0340317546832577,0.1513862492612715,0,0,8.329239388062918,28.156670818107752,TBX1;SIX2
GO_Biological_Process_2023,Regulation Of Cell-Cell Adhesion Involved In Gastrulation (GO:0070587),2/9,0.0340317546832577,0.1513862492612715,0,0,8.329239388062918,28.156670818107752,IL10;IL1RN
GO_Biological_Process_2023,Sterol Homeostasis (GO:0055092),6/73,0.0343800354833362,0.1524656873124297,0,0,2.618349829003692,8.824570089908466,FABP3;APOC2;NR1H3;APOE;ABCD1;ABCG1
GO_Biological_Process_2023,Protein Tetramerization (GO:0051262),6/73,0.0343800354833362,0.1524656873124297,0,0,2.618349829003692,8.824570089908466,RYR1;GBP5;KCNC3;ME1;KCNJ2;HLA-DRB1
GO_Biological_Process_2023,Regulation Of Mononuclear Cell Migration (GO:0071675),3/22,0.035218570360249,0.1554679092202432,0,0,4.607091747495628,15.416166411000834,CSF1R;CXCL17;CMKLR1
GO_Biological_Process_2023,Natural Killer Cell Mediated Immunity (GO:0002228),3/22,0.035218570360249,0.1554679092202432,0,0,4.607091747495628,15.416166411000834,FCGR3A;KLRC2;ULBP1
GO_Biological_Process_2023,Placenta Development (GO:0001890),3/22,0.035218570360249,0.1554679092202432,0,0,4.607091747495628,15.416166411000834,PPARG;ASCL2;E2F7
GO_Biological_Process_2023,Positive Regulation Of Protein Kinase B Signaling (GO:0051897),7/93,0.035328205579014,0.1557137855062803,0,0,2.3811232063334984,7.960270151328375,SRC;CCL3;GCNT2;CHI3L1;HPSE;NTS;HBEGF
GO_Biological_Process_2023,Supramolecular Fiber Organization (GO:0097435),17/316,0.0359555018035906,0.1582370940654973,0,0,1.6702382427020108,5.554332457084353,KRT80;KRT4;TNFAIP6;KIF14;KRT24;TCHH;KRT78;MYO7A;KRT86;CORO1C;MYO1E;POF1B;EPPK1;CD36;TPPP;INA;CAMP
GO_Biological_Process_2023,Regulation Of Cell Cycle G1/S Phase Transition (GO:1902806),6/74,0.0364052196259839,0.1596089518205638,0,0,2.579710791752209,8.546693085822696,SOX2;CDKN2B;CDKN2A;KIF14;DPF3;EZH2
GO_Biological_Process_2023,Fatty Acid Transport (GO:0015908),4/38,0.0365989352633229,0.1596089518205638,0,0,3.435258520957551,11.362928726225082,FABP3;PPARG;APOE;CD36
GO_Biological_Process_2023,Negative Regulation Of Epithelial Cell Apoptotic Process (GO:1904036),4/38,0.0365989352633229,0.1596089518205638,0,0,3.435258520957551,11.362928726225082,IL10;SERPINB13;TNFAIP3;ICAM1
GO_Biological_Process_2023,Negative Regulation Of Type I Interferon Production (GO:0032480),4/38,0.0365989352633229,0.1596089518205638,0,0,3.435258520957551,11.362928726225082,IL10;LILRB1;XAF1;HAVCR2
GO_Biological_Process_2023,Positive Regulation Of Bone Mineralization (GO:0030501),4/38,0.0365989352633229,0.1596089518205638,0,0,3.435258520957551,11.362928726225082,P2RX7;CYP27B1;ISG15;SLC8A1
GO_Biological_Process_2023,Positive Regulation Of Protein Tyrosine Kinase Activity (GO:0061098),4/38,0.0365989352633229,0.1596089518205638,0,0,3.435258520957551,11.362928726225082,CSF1R;SRC;FCGR1A;HBEGF
GO_Biological_Process_2023,Regulation Of Protein Kinase B Signaling (GO:0051896),9/136,0.038000349544573,0.1653557925468921,0,0,2.074995198770885,6.785566134783052,AIM2;SRC;CCL3;GCNT2;CHI3L1;HPSE;NTS;EPHA2;HBEGF
GO_Biological_Process_2023,Regulation Of Cation Channel Activity (GO:2001257),5/56,0.0380312595258525,0.1653557925468921,0,0,2.864527629233512,9.365134347914925,KCNG1;EDN1;KCNS1;JPH1;MMP9
GO_Biological_Process_2023,Defense Response To Gram-negative Bacterium (GO:0050829),6/75,0.0385053254491926,0.1671652249200287,0,0,2.5421917265949725,8.279813521756186,RNASE7;TREM2;LYZ;TLR4;CAMP;MPEG1
GO_Biological_Process_2023,Regulation Of Cholesterol Transport (GO:0032374),3/23,0.0395291313236604,0.1687511454527264,0,0,4.376510574018127,14.139268762240729,APOC2;APOC1;NR1H3
GO_Biological_Process_2023,Adaptive Immune Response Based On Somatic Recombination Of Immune Receptors Built From Immunoglobulin Superfamily Domains (GO:0002460),3/23,0.0395291313236604,0.1687511454527264,0,0,4.376510574018127,14.139268762240729,TLR4;HLA-DRB1;IL18BP
GO_Biological_Process_2023,Cellular Lipid Catabolic Process (GO:0044242),3/23,0.0395291313236604,0.1687511454527264,0,0,4.376510574018127,14.139268762240729,PLA2G15;PLBD1;PLD1
GO_Biological_Process_2023,Regulation Of Toll-Like Receptor 4 Signaling Pathway (GO:0034143),3/23,0.0395291313236604,0.1687511454527264,0,0,4.376510574018127,14.139268762240729,NR1H3;TNFAIP3;TREM2
GO_Biological_Process_2023,Cytosolic Pattern Recognition Receptor Signaling Pathway (GO:0002753),3/23,0.0395291313236604,0.1687511454527264,0,0,4.376510574018127,14.139268762240729,IFIH1;OAS3;TNFAIP3
GO_Biological_Process_2023,Diacylglycerol Metabolic Process (GO:0046339),3/23,0.0395291313236604,0.1687511454527264,0,0,4.376510574018127,14.139268762240729,PLA2G15;DAGLA;MOGAT2
GO_Biological_Process_2023,Glial Cell Development (GO:0021782),3/23,0.0395291313236604,0.1687511454527264,0,0,4.376510574018127,14.139268762240729,TPPP;HES5;TLR2
GO_Biological_Process_2023,Immune Response-Activating Cell Surface Receptor Signaling Pathway (GO:0002429),3/23,0.0395291313236604,0.1687511454527264,0,0,4.376510574018127,14.139268762240729,C3AR1;FPR3;CMKLR1
GO_Biological_Process_2023,Negative Regulation Of Extrinsic Apoptotic Signaling Pathway Via Death Domain Receptors (GO:1902042),3/23,0.0395291313236604,0.1687511454527264,0,0,4.376510574018127,14.139268762240729,TNFAIP3;HMOX1;ICAM1
GO_Biological_Process_2023,Positive Regulation Of Oxidoreductase Activity (GO:0051353),3/23,0.0395291313236604,0.1687511454527264,0,0,4.376510574018127,14.139268762240729,EDN1;EDN2;NOD2
GO_Biological_Process_2023,Potassium Ion Homeostasis (GO:0055075),3/23,0.0395291313236604,0.1687511454527264,0,0,4.376510574018127,14.139268762240729,SLC12A5;KCNMA1;KCNJ2
GO_Biological_Process_2023,Regulation Of Nitric Oxide Biosynthetic Process (GO:0045428),4/39,0.0397474121606699,0.1687511454527264,0,0,3.33693537929544,10.762319166203946,EDN1;CLEC7A;CD36;TLR4
GO_Biological_Process_2023,Negative Regulation Of Transport (GO:0051051),4/39,0.0397474121606699,0.1687511454527264,0,0,3.33693537929544,10.762319166203946,MCTP1;NR1H3;LILRB1;HAMP
GO_Biological_Process_2023,Positive Regulation Of Lipid Biosynthetic Process (GO:0046889),4/39,0.0397474121606699,0.1687511454527264,0,0,3.33693537929544,10.762319166203946,FABP3;APOC2;NR1H3;APOE
GO_Biological_Process_2023,Positive Regulation Of Pattern Recognition Receptor Signaling Pathway (GO:0062208),4/39,0.0397474121606699,0.1687511454527264,0,0,3.33693537929544,10.762319166203946,RSAD2;NR1H3;DDX60;TLR2
GO_Biological_Process_2023,Regulation Of MAPK Cascade (GO:0043408),12/204,0.0405165983858318,0.1709124428050661,0,0,1.8322166921898928,5.874166512123363,SOX2;TBX1;P2RX7;DUSP5;CSF1R;CEACAM1;SYK;FCRL3;FN1;LILRB4;HLA-DRB1;EPHA2
GO_Biological_Process_2023,Regulation Of Calcium Ion Transport (GO:0051924),5/57,0.0405935948131289,0.1709124428050661,0,0,2.809294871794872,9.001388083398695,CCR1;FCRL3;CCL3;LILRB1;LILRB2
GO_Biological_Process_2023,Positive Regulation Of Protein Serine/Threonine Kinase Activity (GO:0071902),8/117,0.0415279275191464,0.1709124428050661,0,0,2.147766466982252,6.832880882831841,GHR;CSF1R;EDN1;SRC;NOD2;TLR4;PIK3R6;EZH2
GO_Biological_Process_2023,Regulation Of Chromatin Binding (GO:0035561),2/10,0.0416180974340012,0.1709124428050661,0,0,7.287707390648567,23.169226342845047,DTX3L;PARP9
GO_Biological_Process_2023,Regulation Of Coagulation (GO:0050818),2/10,0.0416180974340012,0.1709124428050661,0,0,7.287707390648567,23.169226342845047,HS3ST6;EPHB2
GO_Biological_Process_2023,N-acetylneuraminate Metabolic Process (GO:0006054),2/10,0.0416180974340012,0.1709124428050661,0,0,7.287707390648567,23.169226342845047,NPL;RENBP
GO_Biological_Process_2023,Regulation Of Lamellipodium Morphogenesis (GO:2000392),2/10,0.0416180974340012,0.1709124428050661,0,0,7.287707390648567,23.169226342845047,SRC;CORO1C
GO_Biological_Process_2023,Alpha-Amino Acid Biosynthetic Process (GO:1901607),2/10,0.0416180974340012,0.1709124428050661,0,0,7.287707390648567,23.169226342845047,SDS;BCAT1
GO_Biological_Process_2023,Cardiac Muscle Cell Membrane Repolarization (GO:0099622),2/10,0.0416180974340012,0.1709124428050661,0,0,7.287707390648567,23.169226342845047,KCNJ5;KCNJ2
GO_Biological_Process_2023,Cellular Response To UV-A (GO:0071492),2/10,0.0416180974340012,0.1709124428050661,0,0,7.287707390648567,23.169226342845047,MMP1;MMP9
GO_Biological_Process_2023,Regulation Of Toll-Like Receptor 2 Signaling Pathway (GO:0034135),2/10,0.0416180974340012,0.1709124428050661,0,0,7.287707390648567,23.169226342845047,TNFAIP3;TREM2
GO_Biological_Process_2023,Response To Corticosteroid (GO:0031960),2/10,0.0416180974340012,0.1709124428050661,0,0,7.287707390648567,23.169226342845047,IL10;IL1RN
GO_Biological_Process_2023,Sarcoplasmic Reticulum Calcium Ion Transport (GO:0070296),2/10,0.0416180974340012,0.1709124428050661,0,0,7.287707390648567,23.169226342845047,RYR1;CCL3
GO_Biological_Process_2023,Heme Catabolic Process (GO:0042167),2/10,0.0416180974340012,0.1709124428050661,0,0,7.287707390648567,23.169226342845047,SLCO2B1;HMOX1
GO_Biological_Process_2023,Metanephric Mesenchyme Development (GO:0072075),2/10,0.0416180974340012,0.1709124428050661,0,0,7.287707390648567,23.169226342845047,SIX4;STAT1
GO_Biological_Process_2023,Monocyte Differentiation (GO:0030224),2/10,0.0416180974340012,0.1709124428050661,0,0,7.287707390648567,23.169226342845047,CSF1R;PPARG
GO_Biological_Process_2023,Negative Regulation Of Alpha-Beta T Cell Activation (GO:0046636),2/10,0.0416180974340012,0.1709124428050661,0,0,7.287707390648567,23.169226342845047,TARM1;LILRB1
GO_Biological_Process_2023,Negative Regulation Of Cholesterol Transport (GO:0032375),2/10,0.0416180974340012,0.1709124428050661,0,0,7.287707390648567,23.169226342845047,APOC2;APOC1
GO_Biological_Process_2023,Negative Regulation Of Hemostasis (GO:1900047),2/10,0.0416180974340012,0.1709124428050661,0,0,7.287707390648567,23.169226342845047,EDN1;APOE
GO_Biological_Process_2023,Negative Regulation Of Interleukin-17 Production (GO:0032700),2/10,0.0416180974340012,0.1709124428050661,0,0,7.287707390648567,23.169226342845047,TNFSF4;TLR4
GO_Biological_Process_2023,Peptidyl-Proline Hydroxylation (GO:0019511),2/10,0.0416180974340012,0.1709124428050661,0,0,7.287707390648567,23.169226342845047,EGLN3;EGLN2
GO_Biological_Process_2023,Positive Regulation Of B Cell Differentiation (GO:0045579),2/10,0.0416180974340012,0.1709124428050661,0,0,7.287707390648567,23.169226342845047,IL10;SYK
GO_Biological_Process_2023,Positive Regulation Of Interleukin-13 Production (GO:0032736),2/10,0.0416180974340012,0.1709124428050661,0,0,7.287707390648567,23.169226342845047,TNFSF4;LGALS9
GO_Biological_Process_2023,Negative Regulation Of Cell-Cell Adhesion (GO:0022408),4/40,0.0430453138821722,0.1762720867770656,0,0,3.244074634392335,10.204242948751434,IL10;IL1RN;NEXMIF;MUC21
GO_Biological_Process_2023,Positive Regulation Of Myeloid Leukocyte Differentiation (GO:0002763),4/40,0.0430453138821722,0.1762720867770656,0,0,3.244074634392335,10.204242948751434,CCR1;DCSTAMP;TNFRSF11A;HLA-DRB1
GO_Biological_Process_2023,Phosphate-Containing Compound Metabolic Process (GO:0006796),11/184,0.0440096976746535,0.1795468664474014,0,0,1.862986335755069,5.818749555481101,PLA2G15;PLA2G2F;HK3;DUSP5;PFKFB4;PLA2G2D;DUSP10;PLA2G4C;EPHB2;FBP1;HK2
GO_Biological_Process_2023,Negative Regulation Of Cell Junction Assembly (GO:1901889),3/24,0.0440937749605845,0.1795468664474014,0,0,4.1678895123003885,13.00980313456755,SRC;CORO1C;TLR2
GO_Biological_Process_2023,Positive Regulation Of Peptidyl-Threonine Phosphorylation (GO:0010800),3/24,0.0440937749605845,0.1795468664474014,0,0,4.1678895123003885,13.00980313456755,TRIM6;RIPK2;CHI3L1
GO_Biological_Process_2023,Positive Regulation Of Vascular Endothelial Growth Factor Production (GO:0010575),3/24,0.0440937749605845,0.1795468664474014,0,0,4.1678895123003885,13.00980313456755,IL1A;CXCL17;HPSE
GO_Biological_Process_2023,Positive Regulation Of Cold-Induced Thermogenesis (GO:0120162),7/98,0.0448998725146503,0.1825717351405571,0,0,2.249707739069441,6.981563748713893,ACHE;SYK;FFAR4;ADRB1;CD36;PPARGC1B;CMKLR1
GO_Biological_Process_2023,Regulation Of Innate Immune Response (GO:0045088),6/78,0.0452615031363822,0.1835252240937296,0,0,2.435887708649469,7.539799395815713,GBP5;TNFAIP3;TLR8;TREM2;PARP9;FCGR2B
GO_Biological_Process_2023,Organonitrogen Compound Catabolic Process (GO:1901565),6/78,0.0452615031363822,0.1835252240937296,0,0,2.435887708649469,7.539799395815713,PLA2G15;ACHE;IL4I1;NPL;RENBP;PLA2G7
GO_Biological_Process_2023,Regulation Of miRNA Transcription (GO:1902893),5/59,0.0460252916301232,0.186243790147574,0,0,2.70496632996633,8.32741254767882,FOXA1;IL10;MYB;PPARG;LILRB4
GO_Biological_Process_2023,Negative Regulation Of Cell Migration (GO:0030336),10/163,0.0460609858556868,0.186243790147574,0,0,1.9140847178566085,5.891148853494116,TMIGD3;MCTP1;DUSP10;NEXMIF;ADORA3;HMOX1;EPPK1;HOXA7;TRIB1;CORO1C
GO_Biological_Process_2023,Regulation Of Microtubule-Based Process (GO:0032886),4/41,0.0464925443524197,0.1874636529964186,0,0,3.156233389213722,9.68478637075139,TRIM36;TPPP;ATF5;MCM2
GO_Biological_Process_2023,Positive Regulation Of Ossification (GO:0045778),4/41,0.0464925443524197,0.1874636529964186,0,0,3.156233389213722,9.68478637075139,P2RX7;CYP27B1;ISG15;SLC8A1
GO_Biological_Process_2023,Regulation Of Cyclin-Dependent Protein Serine/Threonine Kinase Activity (GO:0000079),6/79,0.0476672961953638,0.1919323348898403,0,0,2.402394661899516,7.31171153018896,HERC5;CEBPA;CDKN2B;CCNE2;CCNE1;CDKN2A
GO_Biological_Process_2023,Regulation Of Neutrophil Chemotaxis (GO:0090022),3/25,0.0489083640619468,0.1936383268342948,0,0,3.9782340016478983,12.00554183267692,MPP1;CXCL8;TNFAIP6
GO_Biological_Process_2023,Inner Ear Morphogenesis (GO:0042472),3/25,0.0489083640619468,0.1936383268342948,0,0,3.9782340016478983,12.00554183267692,TBX1;TIFAB;EPHB2
GO_Biological_Process_2023,Negative Regulation Of Signaling Receptor Activity (GO:2000272),3/25,0.0489083640619468,0.1936383268342948,0,0,3.9782340016478983,12.00554183267692,PPARG;EPHB2;LILRB4
GO_Biological_Process_2023,Peptide Hormone Secretion (GO:0030072),3/25,0.0489083640619468,0.1936383268342948,0,0,3.9782340016478983,12.00554183267692,EDN1;FAM3B;FFAR4
GO_Biological_Process_2023,Phosphatidylethanolamine Metabolic Process (GO:0046337),3/25,0.0489083640619468,0.1936383268342948,0,0,3.9782340016478983,12.00554183267692,PLA2G15;PLA2G2D;ALOX15
GO_Biological_Process_2023,Monoatomic Cation Transmembrane Transport (GO:0098655),15/281,0.0493976308601781,0.1936383268342948,0,0,1.6543377674956623,4.976004509655892,KCNG1;SLC36A1;KCNC3;SLC1A3;ATP2C2;OTOP3;MCOLN2;SLC8A1;P2RX7;TRPM2;KCNS1;SLC9A7;KCNS3;SCN2A;KCNJ2
GO_Biological_Process_2023,Regulation Of Homotypic Cell-Cell Adhesion (GO:0034110),2/11,0.0497677999691883,0.1936383268342948,0,0,6.477626948215184,19.43538827601789,SYK;PLAUR
GO_Biological_Process_2023,Regulation Of Keratinocyte Migration (GO:0051547),2/11,0.0497677999691883,0.1936383268342948,0,0,6.477626948215184,19.43538827601789,EPPK1;MMP9
GO_Biological_Process_2023,Regulation Of Mesenchymal Cell Proliferation (GO:0010464),2/11,0.0497677999691883,0.1936383268342948,0,0,6.477626948215184,19.43538827601789,TBX1;STAT1
GO_Biological_Process_2023,Cochlea Morphogenesis (GO:0090103),2/11,0.0497677999691883,0.1936383268342948,0,0,6.477626948215184,19.43538827601789,TBX1;TIFAB
GO_Biological_Process_2023,Complement Receptor Mediated Signaling Pathway (GO:0002430),2/11,0.0497677999691883,0.1936383268342948,0,0,6.477626948215184,19.43538827601789,FPR3;CMKLR1
GO_Biological_Process_2023,Cytidine To Uridine Editing (GO:0016554),2/11,0.0497677999691883,0.1936383268342948,0,0,6.477626948215184,19.43538827601789,APOBEC3A;APOBEC3B
GO_Biological_Process_2023,Retinoic Acid Receptor Signaling Pathway (GO:0048384),2/11,0.0497677999691883,0.1936383268342948,0,0,6.477626948215184,19.43538827601789,TBX1;PPARG
GO_Biological_Process_2023,Vitamin D Metabolic Process (GO:0042359),2/11,0.0497677999691883,0.1936383268342948,0,0,6.477626948215184,19.43538827601789,CYP27B1;LGMN
GO_Biological_Process_2023,Intestinal Lipid Absorption (GO:0098856),2/11,0.0497677999691883,0.1936383268342948,0,0,6.477626948215184,19.43538827601789,CD36;CEL
GO_Biological_Process_2023,Lipoprotein Transport (GO:0042953),2/11,0.0497677999691883,0.1936383268342948,0,0,6.477626948215184,19.43538827601789,PPARG;CD36
GO_Biological_Process_2023,Macrophage Activation Involved In Immune Response (GO:0002281),2/11,0.0497677999691883,0.1936383268342948,0,0,6.477626948215184,19.43538827601789,SYK;TREM2
GO_Biological_Process_2023,Negative Regulation Of Bone Remodeling (GO:0046851),2/11,0.0497677999691883,0.1936383268342948,0,0,6.477626948215184,19.43538827601789,P2RX7;TNFAIP3
GO_Biological_Process_2023,Negative Regulation Of Leukocyte Chemotaxis (GO:0002689),2/11,0.0497677999691883,0.1936383268342948,0,0,6.477626948215184,19.43538827601789,SLAMF8;RIN3
GO_Biological_Process_2023,Neurotransmitter Biosynthetic Process (GO:0042136),2/11,0.0497677999691883,0.1936383268342948,0,0,6.477626948215184,19.43538827601789,DAGLA;GAD1
GO_Biological_Process_2023,Phagosome-Lysosome Fusion (GO:0090385),2/11,0.0497677999691883,0.1936383268342948,0,0,6.477626948215184,19.43538827601789,RAB20;RAB39A
GO_Biological_Process_2023,Podocyte Differentiation (GO:0072112),2/11,0.0497677999691883,0.1936383268342948,0,0,6.477626948215184,19.43538827601789,MYO1E;PTPRO
GO_Biological_Process_2023,Positive Regulation Of Myelination (GO:0031643),2/11,0.0497677999691883,0.1936383268342948,0,0,6.477626948215184,19.43538827601789,EGR2;TPPP
GO_Biological_Process_2023,Regulation Of T Cell Apoptotic Process (GO:0070232),2/11,0.0497677999691883,0.1936383268342948,0,0,6.477626948215184,19.43538827601789,CD274;IDO1
GO_Biological_Process_2023,Regulation Of Cell Activation (GO:0050865),2/11,0.0497677999691883,0.1936383268342948,0,0,6.477626948215184,19.43538827601789,SYK;TREM2
GO_Biological_Process_2023,Positive Regulation Of Calcium Ion Transmembrane Transport (GO:1904427),4/42,0.0500887471266415,0.1938219740498058,0,0,3.0730153674655627,9.200481722689975,P2RX7;CXCL10;CXCL9;CXCL11
GO_Biological_Process_2023,Potassium Ion Import Across Plasma Membrane (GO:1990573),4/42,0.0500887471266415,0.1938219740498058,0,0,3.0730153674655627,9.200481722689975,KCNJ5;SLC12A5;KCNJ14;KCNJ2
GO_Biological_Process_2023,Regulation Of Protein Localization To Plasma Membrane (GO:1903076),6/80,0.0501506805040543,0.1938219740498058,0,0,2.369806832629291,7.092175876374196,STAC3;TREM2;AKAP5;EPHB2;GBP1;EPHA2
GO_Biological_Process_2023,Wound Healing (GO:0042060),6/80,0.0501506805040543,0.1938219740498058,0,0,2.369806832629291,7.092175876374196,MMP12;SPRR3;HMOX1;EPPK1;HPSE;CLDN1
GO_Biological_Process_2023,Negative Regulation Of Protein Serine/Threonine Kinase Activity (GO:0071901),6/80,0.0501506805040543,0.1938219740498058,0,0,2.369806832629291,7.092175876374196,CEBPA;CDKN2A;PPARG;APOE;SLC8A1;RASIP1
GO_Biological_Process_2023,Hemopoiesis (GO:0030097),7/101,0.0513711516063976,0.1982734153578474,0,0,2.1775690357627884,6.464502415483692,IL10;CSF1R;CEBPA;FST;RTKN2;MYB;PLEK
GO_Biological_Process_2023,Positive Regulation Of Gene Expression (GO:0010628),23/480,0.0517488060163295,0.1994643564341032,0,0,1.479900747799887,4.382509879599749,IL10;CXCL8;NFAM1;CRTAM;FN1;IL36G;TREM2;LILRB1;NTS;PLD1;WARS1;P2RX7;CYP27B1;IL1A;CLEC7A;LAMP3;CCL3;PPARG;LGALS9;CD36;EPHB2;TLR4;TLR2
GO_Biological_Process_2023,Negative Regulation Of Programmed Cell Death (GO:0043069),19/381,0.0526526719726709,0.2026776853134682,0,0,1.5415177120571986,4.538287172048734,IL10;STIL;EGR3;SRC;KIF14;IFI6;PLAUR;TREM2;MMP9;IFIT3;RNF144B;SIX4;PAX7;CEACAM5;CLEC5A;FFAR4;ANGPTL4;ATF5;CARD14
GO_Biological_Process_2023,Inorganic Cation Transmembrane Transport (GO:0098662),15/284,0.0532259306118378,0.2036681388424265,0,0,1.6356305404632543,4.797647176954213,KCNG1;SLC36A1;KCNC3;SLC1A3;ATP2C2;OTOP3;MCOLN2;SLC8A1;P2RX7;TRPM2;KCNS1;SLC9A7;KCNS3;SCN2A;KCNJ2
GO_Biological_Process_2023,Regulation Of Primary Metabolic Process (GO:0080090),4/43,0.0538333149247761,0.2036681388424265,0,0,2.994064936576283,8.748246859989452,ADGRF1;TREM2;PPARG;APOE
GO_Biological_Process_2023,Ephrin Receptor Signaling Pathway (GO:0048013),4/43,0.0538333149247761,0.2036681388424265,0,0,2.994064936576283,8.748246859989452,SRC;EPHB2;MMP9;EPHA2
GO_Biological_Process_2023,Learning (GO:0007612),4/43,0.0538333149247761,0.2036681388424265,0,0,2.994064936576283,8.748246859989452,EPHB2;MAPK8IP2;LGMN;TLR2
GO_Biological_Process_2023,Positive Regulation Of T Cell Mediated Immunity (GO:0002711),4/43,0.0538333149247761,0.2036681388424265,0,0,2.994064936576283,8.748246859989452,TNFSF4;HLA-DRA;ULBP1;HLA-DRB1
GO_Biological_Process_2023,Positive Regulation Of Biomineral Tissue Development (GO:0070169),4/43,0.0538333149247761,0.2036681388424265,0,0,2.994064936576283,8.748246859989452,P2RX7;CYP27B1;ISG15;SLC8A1
GO_Biological_Process_2023,Positive Regulation Of miRNA Transcription (GO:1902895),4/43,0.0538333149247761,0.2036681388424265,0,0,2.994064936576283,8.748246859989452,FOXA1;IL10;MYB;PPARG
GO_Biological_Process_2023,Regulation Of Reactive Oxygen Species Biosynthetic Process (GO:1903426),3/26,0.0539681767282495,0.2036681388424265,0,0,3.805070274530408,11.10837271906672,CD36;ABCD1;TLR4
GO_Biological_Process_2023,Regulation Of Vascular Endothelial Growth Factor Production (GO:0010574),3/26,0.0539681767282495,0.2036681388424265,0,0,3.805070274530408,11.10837271906672,IL1A;CXCL17;HPSE
GO_Biological_Process_2023,Response To Glucocorticoid (GO:0051384),3/26,0.0539681767282495,0.2036681388424265,0,0,3.805070274530408,11.10837271906672,IL10;IL1RN;BCL2L11
GO_Biological_Process_2023,Dendritic Spine Organization (GO:0097061),3/26,0.0539681767282495,0.2036681388424265,0,0,3.805070274530408,11.10837271906672,TREM2;EPHB2;LGMN
GO_Biological_Process_2023,Negative Regulation Of Endothelial Cell Apoptotic Process (GO:2000352),3/26,0.0539681767282495,0.2036681388424265,0,0,3.805070274530408,11.10837271906672,IL10;TNFAIP3;ICAM1
GO_Biological_Process_2023,Negative Regulation Of Lipid Metabolic Process (GO:0045833),3/26,0.0539681767282495,0.2036681388424265,0,0,3.805070274530408,11.10837271906672,CEACAM1;APOC2;APOC1
GO_Biological_Process_2023,Negative Regulation Of Receptor-Mediated Endocytosis (GO:0048261),3/26,0.0539681767282495,0.2036681388424265,0,0,3.805070274530408,11.10837271906672,APOC2;APOC1;RIN3
GO_Biological_Process_2023,Positive Regulation Of Monooxygenase Activity (GO:0032770),3/26,0.0539681767282495,0.2036681388424265,0,0,3.805070274530408,11.10837271906672,CYP27B1;GCH1;APOE
GO_Biological_Process_2023,Regulation Of GTPase Activity (GO:0043087),12/214,0.0546102167788055,0.2058220572329132,0,0,1.740603156793474,5.060863369307859,CCL13;CCL22;ADAP2;CCL8;CCL3L1;CCL7;CCL3;ADRB1;CCL18;ECT2;RASIP1;EZH2
GO_Biological_Process_2023,Inorganic Cation Import Across Plasma Membrane (GO:0098659),7/103,0.0559953845294489,0.2107675034374435,0,0,2.1319813829787235,6.145406511638234,KCNJ5;SLC12A5;SLC9A7;KCNJ14;SCN2A;SLC8A1;KCNJ2
GO_Biological_Process_2023,Extracellular Matrix Disassembly (GO:0022617),4/44,0.0577253993917958,0.2135471247484589,0,0,2.919062027231468,8.325334221550763,MMP12;MMP13;MMP1;MMP9
GO_Biological_Process_2023,Neural Crest Cell Development (GO:0014032),4/44,0.0577253993917958,0.2135471247484589,0,0,2.919062027231468,8.325334221550763,TBX1;SEMA4A;SEMA7A;CORO1C
GO_Biological_Process_2023,Regulation Of Cell-Substrate Adhesion (GO:0010810),4/44,0.0577253993917958,0.2135471247484589,0,0,2.919062027231468,8.325334221550763,ALOX15;PTPRO;GCNT2;CORO1C
GO_Biological_Process_2023,DNA Deamination (GO:0045006),2/12,0.0584351328546181,0.2135471247484589,0,0,5.829562594268476,16.555013262307646,APOBEC3A;APOBEC3B
GO_Biological_Process_2023,MyD88-dependent Toll-Like Receptor Signaling Pathway (GO:0002755),2/12,0.0584351328546181,0.2135471247484589,0,0,5.829562594268476,16.555013262307646,IRAK2;TLR4
GO_Biological_Process_2023,Regulation Of Interleukin-5 Production (GO:0032674),2/12,0.0584351328546181,0.2135471247484589,0,0,5.829562594268476,16.555013262307646,LGALS9;LILRB4
GO_Biological_Process_2023,Astrocyte Activation (GO:0048143),2/12,0.0584351328546181,0.2135471247484589,0,0,5.829562594268476,16.555013262307646,C1QA;TREM2
GO_Biological_Process_2023,Regulation Of Vascular Associated Smooth Muscle Cell Migration (GO:1904752),2/12,0.0584351328546181,0.2135471247484589,0,0,5.829562594268476,16.555013262307646,DOCK4;NR4A3
GO_Biological_Process_2023,Relaxation Of Cardiac Muscle (GO:0055119),2/12,0.0584351328546181,0.2135471247484589,0,0,5.829562594268476,16.555013262307646,KCNJ2;SLC8A1
GO_Biological_Process_2023,Response To Iron Ion (GO:0010039),2/12,0.0584351328546181,0.2135471247484589,0,0,5.829562594268476,16.555013262307646,F3;HAMP
GO_Biological_Process_2023,Steroid Catabolic Process (GO:0006706),2/12,0.0584351328546181,0.2135471247484589,0,0,5.829562594268476,16.555013262307646,STS;SPP1
GO_Biological_Process_2023,Fibrinolysis (GO:0042730),2/12,0.0584351328546181,0.2135471247484589,0,0,5.829562594268476,16.555013262307646,SERPINB2;PLAU
GO_Biological_Process_2023,Granulocyte Activation (GO:0036230),2/12,0.0584351328546181,0.2135471247484589,0,0,5.829562594268476,16.555013262307646,CXCL8;CAMP
GO_Biological_Process_2023,Lipoprotein Localization (GO:0044872),2/12,0.0584351328546181,0.2135471247484589,0,0,5.829562594268476,16.555013262307646,PPARG;CD36
GO_Biological_Process_2023,Multicellular Organismal-Level Iron Ion Homeostasis (GO:0060586),2/12,0.0584351328546181,0.2135471247484589,0,0,5.829562594268476,16.555013262307646,HMOX1;HAMP
GO_Biological_Process_2023,Negative Regulation Of Alcohol Biosynthetic Process (GO:1902931),2/12,0.0584351328546181,0.2135471247484589,0,0,5.829562594268476,16.555013262307646,CYP27B1;PLEK
GO_Biological_Process_2023,Negative Regulation Of Cell Cycle Phase Transition (GO:1901988),2/12,0.0584351328546181,0.2135471247484589,0,0,5.829562594268476,16.555013262307646,SOX2;ATF5
GO_Biological_Process_2023,Negative Regulation Of Complement Activation (GO:0045916),2/12,0.0584351328546181,0.2135471247484589,0,0,5.829562594268476,16.555013262307646,SUSD4;VSIG4
GO_Biological_Process_2023,Negative Regulation Of Substrate Adhesion-Dependent Cell Spreading (GO:1900025),2/12,0.0584351328546181,0.2135471247484589,0,0,5.829562594268476,16.555013262307646,GBP1;CORO1C
GO_Biological_Process_2023,Organophosphate Catabolic Process (GO:0046434),2/12,0.0584351328546181,0.2135471247484589,0,0,5.829562594268476,16.555013262307646,PLBD1;PLD1
GO_Biological_Process_2023,Phospholipid Homeostasis (GO:0055091),2/12,0.0584351328546181,0.2135471247484589,0,0,5.829562594268476,16.555013262307646,FABP3;ABCG1
GO_Biological_Process_2023,Porphyrin-Containing Compound Catabolic Process (GO:0006787),2/12,0.0584351328546181,0.2135471247484589,0,0,5.829562594268476,16.555013262307646,SLCO2B1;HMOX1
GO_Biological_Process_2023,Positive Regulation Of Calcium-Mediated Signaling (GO:0050850),2/12,0.0584351328546181,0.2135471247484589,0,0,5.829562594268476,16.555013262307646,CLEC7A;TREM2
GO_Biological_Process_2023,Cell Surface Receptor Signaling Pathway Involved In Cell-Cell Signaling (GO:1905114),3/27,0.0592679687629361,0.2154995287387866,0,0,3.6463368580060425,10.303404012540238,P2RX7;ITGAM;WNT7B
GO_Biological_Process_2023,Respiratory Tube Development (GO:0030323),3/27,0.0592679687629361,0.2154995287387866,0,0,3.6463368580060425,10.303404012540238,CEBPA;WNT7B;CHI3L1
GO_Biological_Process_2023,In Utero Embryonic Development (GO:0001701),3/27,0.0592679687629361,0.2154995287387866,0,0,3.6463368580060425,10.303404012540238,FOXD3;STIL;WNT7B
GO_Biological_Process_2023,Positive Regulation Of Immune System Process (GO:0002684),3/27,0.0592679687629361,0.2154995287387866,0,0,3.6463368580060425,10.303404012540238,RSAD2;LGALS9;LILRB2
GO_Biological_Process_2023,Regulation Of Protein Phosphorylation (GO:0001932),14/265,0.0602201218519485,0.218686153190661,0,0,1.6350940324722616,4.594203385231237,TBX1;CSF1R;CADM4;FN1;PLAUR;TREM2;MMP9;CORO1C;MARCO;GPNMB;EPHB2;ECT2;CARD14;HLA-DRB1
GO_Biological_Process_2023,Regulation Of Cysteine-Type Endopeptidase Activity Involved In Apoptotic Process (GO:0043281),6/84,0.0608658291019793,0.2207533274088119,0,0,2.247811369207424,6.2918114004857015,SOX2;SYK;SRC;CLEC7A;LAMP3;IFI6
GO_Biological_Process_2023,Regulation Of Anatomical Structure Morphogenesis (GO:0022603),8/127,0.0616451331552625,0.2226122848634663,0,0,1.9662586495785528,5.478706408506769,TBX1;CEACAM1;GPNMB;HMOX1;TNFAIP3;CXCL13;WARS1;EPHA2
GO_Biological_Process_2023,Hexose Metabolic Process (GO:0019318),4/45,0.0617639210861228,0.2226122848634663,0,0,2.847717796391277,7.929287626020008,HK3;OAS1;FBP1;HK2
GO_Biological_Process_2023,Zymogen Activation (GO:0031638),4/45,0.0617639210861228,0.2226122848634663,0,0,2.847717796391277,7.929287626020008,PLAU;RIPK2;NLRC4;LGMN
GO_Biological_Process_2023,Natural Killer Cell Activation (GO:0030101),4/45,0.0617639210861228,0.2226122848634663,0,0,2.847717796391277,7.929287626020008,NCR1;FCGR3A;IL21R;ULBP1
GO_Biological_Process_2023,Positive Regulation Of Innate Immune Response (GO:0045089),4/45,0.0617639210861228,0.2226122848634663,0,0,2.847717796391277,7.929287626020008,GBP5;TRIM6;NLRC5;TLR8
GO_Biological_Process_2023,Regulation Of G1/S Transition Of Mitotic Cell Cycle (GO:2000045),7/106,0.0634020899077205,0.2282317126728044,0,0,2.0670535138620245,5.70146782997246,STIL;CDKN2B;GPNMB;CDKN2A;KIF14;DPF3;E2F7
GO_Biological_Process_2023,Regulation Of Lipid Biosynthetic Process (GO:0046890),3/28,0.0648020319655828,0.2309672423267131,0,0,3.5003021148036253,9.578290827659902,CEACAM1;NR1H3;APOE
GO_Biological_Process_2023,Regulation Of Monoatomic Ion Transport (GO:0043269),3/28,0.0648020319655828,0.2309672423267131,0,0,3.5003021148036253,9.578290827659902,KCNJ5;KCNJ14;KCNJ2
GO_Biological_Process_2023,Apoptotic Cell Clearance (GO:0043277),3/28,0.0648020319655828,0.2309672423267131,0,0,3.5003021148036253,9.578290827659902,ALOX15;NR1H3;TREM2
GO_Biological_Process_2023,Regulation Of Nitric-Oxide Synthase Activity (GO:0050999),3/28,0.0648020319655828,0.2309672423267131,0,0,3.5003021148036253,9.578290827659902,IL1A;GCH1;APOE
GO_Biological_Process_2023,Regulation Of Platelet Activation (GO:0010543),3/28,0.0648020319655828,0.2309672423267131,0,0,3.5003021148036253,9.578290827659902,SYK;PLEK;TLR4
GO_Biological_Process_2023,Determination Of Bilateral Symmetry (GO:0009855),3/28,0.0648020319655828,0.2309672423267131,0,0,3.5003021148036253,9.578290827659902,TBX1;DNAH11;STIL
GO_Biological_Process_2023,Negative Regulation Of Wound Healing (GO:0061045),3/28,0.0648020319655828,0.2309672423267131,0,0,3.5003021148036253,9.578290827659902,EDN1;EPPK1;APOE
GO_Biological_Process_2023,Pyroptosis (GO:0070269),3/28,0.0648020319655828,0.2309672423267131,0,0,3.5003021148036253,9.578290827659902,GSDMA;TREM2;NLRC4
GO_Biological_Process_2023,Positive Regulation Of Cellular Biosynthetic Process (GO:0031328),10/174,0.0657648547386441,0.232531769733763,0,0,1.7846769689070936,4.8573012410171215,EDN1;ZEB2;CXCL8;CLEC7A;APOC2;DUOXA2;NR1H3;CD36;PLD1;TLR4
GO_Biological_Process_2023,B Cell Receptor Signaling Pathway (GO:0050853),4/46,0.0659475797133532,0.232531769733763,0,0,2.77977090987681,7.557905504052328,SYK;NFAM1;BLNK;CTLA4
GO_Biological_Process_2023,Regulation Of Epidermal Growth Factor Receptor Signaling Pathway (GO:0042058),4/46,0.0659475797133532,0.232531769733763,0,0,2.77977090987681,7.557905504052328,CEACAM1;IFI6;PLAUR;MMP9
GO_Biological_Process_2023,Regulation Of Nervous System Development (GO:0051960),4/46,0.0659475797133532,0.232531769733763,0,0,2.77977090987681,7.557905504052328,PTPRZ1;KIF14;ASCL2;HES5
GO_Biological_Process_2023,Cellular Component Disassembly (GO:0022411),4/46,0.0659475797133532,0.232531769733763,0,0,2.77977090987681,7.557905504052328,MMP12;MMP13;MMP1;MMP9
GO_Biological_Process_2023,Response To Hydrogen Peroxide (GO:0042542),4/46,0.0659475797133532,0.232531769733763,0,0,2.77977090987681,7.557905504052328,EDN1;TNFAIP3;HMOX1;ECT2
GO_Biological_Process_2023,Epithelial Cell Migration (GO:0010631),4/46,0.0659475797133532,0.232531769733763,0,0,2.77977090987681,7.557905504052328,ANLN;ZEB2;STAT1;CEL
GO_Biological_Process_2023,Regulation Of Mitotic Cell Cycle Phase Transition (GO:1901990),6/86,0.0666945063756802,0.232531769733763,0,0,2.1913884673748103,5.933475056529089,ANLN;CDKN2B;CDKN2A;UBD;KIF14;DPF3
GO_Biological_Process_2023,Regulation Of Leukocyte Migration (GO:0002685),2/13,0.0675767768640897,0.232531769733763,0,0,5.299328122857535,14.278991363245597,HMOX1;HOXA7
GO_Biological_Process_2023,Regulation Of Macrophage Cytokine Production (GO:0010935),2/13,0.0675767768640897,0.232531769733763,0,0,5.299328122857535,14.278991363245597,SEMA7A;LILRB1
GO_Biological_Process_2023,Regulation Of Oxidoreductase Activity (GO:0051341),2/13,0.0675767768640897,0.232531769733763,0,0,5.299328122857535,14.278991363245597,SLAMF8;NOD2
GO_Biological_Process_2023,Regulation Of Response To Endoplasmic Reticulum Stress (GO:1905897),2/13,0.0675767768640897,0.232531769733763,0,0,5.299328122857535,14.278991363245597,NR1H3;FCGR2B
GO_Biological_Process_2023,Relaxation Of Muscle (GO:0090075),2/13,0.0675767768640897,0.232531769733763,0,0,5.299328122857535,14.278991363245597,SLC8A1;KCNJ2
GO_Biological_Process_2023,Response To UV-A (GO:0070141),2/13,0.0675767768640897,0.232531769733763,0,0,5.299328122857535,14.278991363245597,MMP1;MMP9
GO_Biological_Process_2023,Response To Progesterone (GO:0032570),2/13,0.0675767768640897,0.232531769733763,0,0,5.299328122857535,14.278991363245597,SRC;NR1H3
GO_Biological_Process_2023,Sodium-Independent Organic Anion Transport (GO:0043252),2/13,0.0675767768640897,0.232531769733763,0,0,5.299328122857535,14.278991363245597,SLCO4A1;SLCO2B1
GO_Biological_Process_2023,Ether Lipid Metabolic Process (GO:0046485),2/13,0.0675767768640897,0.232531769733763,0,0,5.299328122857535,14.278991363245597,NCEH1;PLA2G7
GO_Biological_Process_2023,Heparan Sulfate Proteoglycan Metabolic Process (GO:0030201),2/13,0.0675767768640897,0.232531769733763,0,0,5.299328122857535,14.278991363245597,HS3ST6;HS3ST4
GO_Biological_Process_2023,Immune Response-Regulating Cell Surface Receptor Signaling Pathway (GO:0002768),2/13,0.0675767768640897,0.232531769733763,0,0,5.299328122857535,14.278991363245597,LILRB1;LILRB2
GO_Biological_Process_2023,Interleukin-6-Mediated Signaling Pathway (GO:0070102),2/13,0.0675767768640897,0.232531769733763,0,0,5.299328122857535,14.278991363245597,SRC;ST18
GO_Biological_Process_2023,Intracellular Potassium Ion Homeostasis (GO:0030007),2/13,0.0675767768640897,0.232531769733763,0,0,5.299328122857535,14.278991363245597,KCNMA1;KCNJ2
GO_Biological_Process_2023,Lipid Oxidation (GO:0034440),2/13,0.0675767768640897,0.232531769733763,0,0,5.299328122857535,14.278991363245597,ALOX15;PLA2G7
GO_Biological_Process_2023,Membrane Depolarization During Action Potential (GO:0086010),2/13,0.0675767768640897,0.232531769733763,0,0,5.299328122857535,14.278991363245597,SLC8A1;KCNJ2
GO_Biological_Process_2023,Negative Regulation Of NLRP3 Inflammasome Complex Assembly (GO:1900226),2/13,0.0675767768640897,0.232531769733763,0,0,5.299328122857535,14.278991363245597,TREM2;TRIM31
GO_Biological_Process_2023,Negative Regulation Of Secretion (GO:0051048),2/13,0.0675767768640897,0.232531769733763,0,0,5.299328122857535,14.278991363245597,TIFAB;NR1H3
GO_Biological_Process_2023,Neuromuscular Process Controlling Balance (GO:0050885),2/13,0.0675767768640897,0.232531769733763,0,0,5.299328122857535,14.278991363245597,TIFAB;MYO7A
GO_Biological_Process_2023,Positive Regulation Of Alpha-Beta T Cell Differentiation (GO:0046638),2/13,0.0675767768640897,0.232531769733763,0,0,5.299328122857535,14.278991363245597,TNFSF4;LILRB4
GO_Biological_Process_2023,Positive Regulation Of Fatty Acid Biosynthetic Process (GO:0045723),2/13,0.0675767768640897,0.232531769733763,0,0,5.299328122857535,14.278991363245597,APOC2;NR1H3
GO_Biological_Process_2023,Regulation Of T Cell Chemotaxis (GO:0010819),2/13,0.0675767768640897,0.232531769733763,0,0,5.299328122857535,14.278991363245597,CXCL10;CXCL13
GO_Biological_Process_2023,Bicellular Tight Junction Assembly (GO:0070830),4/47,0.0702748643458919,0.241528015912607,0,0,2.7149843436653414,7.209209493293302,POF1B;CLDN23;ECT2;CLDN1
GO_Biological_Process_2023,Alpha-Amino Acid Catabolic Process (GO:1901606),3/29,0.070564248562616,0.2419465387176633,0,0,3.3655008133860096,8.92272229824642,IL4I1;KMO;IDO1
GO_Biological_Process_2023,Positive Regulation Of Dephosphorylation (GO:0035306),3/29,0.070564248562616,0.2419465387176633,0,0,3.3655008133860096,8.92272229824642,SRC;CHP2;LILRB2
GO_Biological_Process_2023,Synapse Organization (GO:0050808),8/131,0.071144699337814,0.2436473867002006,0,0,1.9019192931655344,5.026847735944847,C1QB;C1QA;ADGRF1;WNT7B;HMCN2;SLITRK6;SNCG;C1QC
GO_Biological_Process_2023,Positive Regulation Of Cysteine-Type Endopeptidase Activity Involved In Apoptotic Process (GO:0043280),7/109,0.071376859431001,0.2441528355181279,0,0,2.005944931163955,5.295256439205936,EGLN3;SYK;CLEC7A;PPARG;LGALS9;NLRC4;ST18
GO_Biological_Process_2023,Epithelium Development (GO:0060429),9/154,0.0720667117870985,0.2462208247684655,0,0,1.8157064760302772,4.775604058120486,TBX1;STIL;KRT4;DHRS9;STAT1;WNT7B;KRT24;PPARG;HES5
GO_Biological_Process_2023,Negative Regulation Of Neuron Death (GO:1901215),6/88,0.0728373099236779,0.2485594725173264,0,0,2.1377179022169583,5.599809669417552,SIX4;GPNMB;PTPRZ1;KIF14;APOE;LGMN
GO_Biological_Process_2023,Adenylate Cyclase-Activating G Protein-Coupled Receptor Signaling Pathway (GO:0007189),7/110,0.0741616290729597,0.2527799564741852,0,0,1.9863664532121463,5.167548995557968,CXCL10;CXCL11;CXCL9;ADGRF1;ADGRG6;ADRB1;ADM
GO_Biological_Process_2023,Regulation Of Intrinsic Apoptotic Signaling Pathway (GO:2001242),4/48,0.0747440638549053,0.2544647551286694,0,0,2.653142621372576,6.881417501852352,SRC;RTKN2;PLAUR;MMP9
GO_Biological_Process_2023,Regulation Of Transcription By RNA Polymerase II (GO:0006357),79/2028,0.076322761870295,0.2566094439712187,0,0,1.2025892336491804,3.094002416434481,FOXA1;CIITA;IKZF2;HOXC10;SOX2;IL4I1;SDR16C5;ZIC2;SIX4;SIX2;MYB;CHP2;DPF3;HOXA7;HOXA6;HAVCR2;ZNF683;BATF2;FOXD3;EDN1;RIPK2;FST;OVOL1;PARP9;MMP12;ETV7;DMRTA2;ZEB2;PAX7;TET3;PAX9;ZFP42;TFEC;IRF8;PPARG;IRF5;ATF5;TLR4;VGLL1;FBP1;MCM2;TLR2;CEBPA;HOXD1;NLRC5;NOD2;HOXD11;ASCL2;HELZ2;CYP27B1;GSC;E2F2;HIVEP3;OTX1;HOXC9;PPARGC1B;E2F7;HES5;HOXC6;TBX1;IRX2;EGR2;EGR3;STAT1;DMRT2;NR1H3;LILRB1;GRHL3;TBX6;ZIC5;GRHL1;FOXN1;POU2F3;ST18;CXCL10;NR4A3;LHX2;HAMP;EZH2
GO_Biological_Process_2023,Negative Regulation Of Axon Extension (GO:0030517),3/30,0.0765481418820328,0.2566094439712187,0,0,3.2406847935548844,8.328026601339305,SEMA4A;SEMA7A;TRIM46
GO_Biological_Process_2023,Prostaglandin Metabolic Process (GO:0006693),3/30,0.0765481418820328,0.2566094439712187,0,0,3.2406847935548844,8.328026601339305,EDN1;EDN2;CYP2S1
GO_Biological_Process_2023,T Cell Proliferation (GO:0042098),2/14,0.0771517136705985,0.2566094439712187,0,0,4.857466063348416,12.4447381339936,CRTAM;LILRB1
GO_Biological_Process_2023,Regulation Of Mast Cell Degranulation (GO:0043304),2/14,0.0771517136705985,0.2566094439712187,0,0,4.857466063348416,12.4447381339936,SYK;LGALS9
GO_Biological_Process_2023,Cardiac Cell Development (GO:0055006),2/14,0.0771517136705985,0.2566094439712187,0,0,4.857466063348416,12.4447381339936,ASB2;SLC8A1
GO_Biological_Process_2023,Regulation Of Sequestering Of Triglyceride (GO:0010889),2/14,0.0771517136705985,0.2566094439712187,0,0,4.857466063348416,12.4447381339936,TREM2;PPARG
GO_Biological_Process_2023,Regulation Of Transposition (GO:0010528),2/14,0.0771517136705985,0.2566094439712187,0,0,4.857466063348416,12.4447381339936,APOBEC3A;APOBEC3B
GO_Biological_Process_2023,Hyaluronan Metabolic Process (GO:0030212),2/14,0.0771517136705985,0.2566094439712187,0,0,4.857466063348416,12.4447381339936,TNFAIP6;HAS2
GO_Biological_Process_2023,Membrane Raft Organization (GO:0031579),2/14,0.0771517136705985,0.2566094439712187,0,0,4.857466063348416,12.4447381339936,COLEC12;FA2H
GO_Biological_Process_2023,Membrane Repolarization During Cardiac Muscle Cell Action Potential (GO:0086013),2/14,0.0771517136705985,0.2566094439712187,0,0,4.857466063348416,12.4447381339936,KCNJ5;KCNJ2
GO_Biological_Process_2023,Negative Regulation Of Fatty Acid Biosynthetic Process (GO:0045717),2/14,0.0771517136705985,0.2566094439712187,0,0,4.857466063348416,12.4447381339936,CEACAM1;APOC1
GO_Biological_Process_2023,Negative Regulation Of Single Stranded Viral RNA Replication Via Double Stranded DNA Intermediate (GO:0045869),2/14,0.0771517136705985,0.2566094439712187,0,0,4.857466063348416,12.4447381339936,APOBEC3A;APOBEC3B
GO_Biological_Process_2023,Phagolysosome Assembly (GO:0001845),2/14,0.0771517136705985,0.2566094439712187,0,0,4.857466063348416,12.4447381339936,RAB20;RAB39A
GO_Biological_Process_2023,Positive Regulation Of Transporter Activity (GO:0032411),2/14,0.0771517136705985,0.2566094439712187,0,0,4.857466063348416,12.4447381339936,NR1H3;SYNGR3
GO_Biological_Process_2023,Positive Regulation Of Type I Interferon-Mediated Signaling Pathway (GO:0060340),2/14,0.0771517136705985,0.2566094439712187,0,0,4.857466063348416,12.4447381339936,TRIM6;NLRC5
GO_Biological_Process_2023,Prostanoid Biosynthetic Process (GO:0046457),2/14,0.0771517136705985,0.2566094439712187,0,0,4.857466063348416,12.4447381339936,EDN1;EDN2
GO_Biological_Process_2023,Regulation Of MHC Class II Biosynthetic Process (GO:0045346),2/14,0.0771517136705985,0.2566094439712187,0,0,4.857466063348416,12.4447381339936,IL10;CIITA
GO_Biological_Process_2023,Regulation Of Bone Remodeling (GO:0046850),2/14,0.0771517136705985,0.2566094439712187,0,0,4.857466063348416,12.4447381339936,CSF1R;SRC
GO_Biological_Process_2023,Regulation Of Branching Involved In Ureteric Bud Morphogenesis (GO:0090189),2/14,0.0771517136705985,0.2566094439712187,0,0,4.857466063348416,12.4447381339936,SIX4;SIX2
GO_Biological_Process_2023,Regulation Of Peptidyl-Tyrosine Phosphorylation (GO:0050730),6/90,0.0792930002512422,0.2627450224979241,0,0,2.0866030782571,5.288715478742909,GHR;CADM4;RIPK2;SRC;CD80;TREM2
GO_Biological_Process_2023,Antibacterial Humoral Response (GO:0019731),4/49,0.0793532772677283,0.2627450224979241,0,0,2.5940494200706,6.572920531385478,RNASE7;SPRR2A;F3;CAMP
GO_Biological_Process_2023,Positive Regulation Of miRNA Metabolic Process (GO:2000630),4/49,0.0793532772677283,0.2627450224979241,0,0,2.5940494200706,6.572920531385478,FOXA1;IL10;MYB;PPARG
GO_Biological_Process_2023,DNA-templated DNA Replication (GO:0006261),5/69,0.0793604640173847,0.2627450224979241,0,0,2.281131628787879,5.779828599451321,POLB;WDHD1;ORC1;POLE2;MCM2
GO_Biological_Process_2023,Regulation Of Extrinsic Apoptotic Signaling Pathway Via Death Domain Receptors (GO:1902041),3/31,0.0827469236229118,0.273329941074767,0,0,3.124784203711696,7.78686362426721,TNFAIP3;HMOX1;ICAM1
GO_Biological_Process_2023,Receptor Signaling Pathway Via STAT (GO:0097696),3/31,0.0827469236229118,0.273329941074767,0,0,3.124784203711696,7.78686362426721,GHR;STAT1;CSF2RA
GO_Biological_Process_2023,Blood Circulation (GO:0008015),4/50,0.084100424101514,0.2768505409134221,0,0,2.537525488390449,6.282262663295393,CXCL10;STAT1;C3AR1;OLR1
GO_Biological_Process_2023,Cell Chemotaxis (GO:0060326),4/50,0.084100424101514,0.2768505409134221,0,0,2.537525488390449,6.282262663295393,DOCK4;EGR3;EPHA2;HBEGF
GO_Biological_Process_2023,Positive Regulation Of Transport (GO:0051050),4/50,0.084100424101514,0.2768505409134221,0,0,2.537525488390449,6.282262663295393,GPC3;NR1H3;APOE;SYNGR3
GO_Biological_Process_2023,Steroid Metabolic Process (GO:0008202),6/92,0.0860593414253817,0.2800876132367258,0,0,2.0378656879697923,4.998310270407333,CYP27B1;STS;DHRS9;CEL;CYP2E1;LGMN
GO_Biological_Process_2023,Regulation Of Cholesterol Biosynthetic Process (GO:0045540),2/15,0.0871211211245513,0.2800876132367258,0,0,4.483582782225316,10.941986196154794,APOE;ABCG1
GO_Biological_Process_2023,Regulation Of Interleukin-13 Production (GO:0032656),2/15,0.0871211211245513,0.2800876132367258,0,0,4.483582782225316,10.941986196154794,TNFSF4;LGALS9
GO_Biological_Process_2023,Regulation Of Isotype Switching (GO:0045191),2/15,0.0871211211245513,0.2800876132367258,0,0,4.483582782225316,10.941986196154794,IL10;KMT5C
GO_Biological_Process_2023,Activation Of NF-kappaB-inducing Kinase Activity (GO:0007250),2/15,0.0871211211245513,0.2800876132367258,0,0,4.483582782225316,10.941986196154794,CHI3L1;CARD14
GO_Biological_Process_2023,Alpha-Beta T Cell Activation (GO:0046631),2/15,0.0871211211245513,0.2800876132367258,0,0,4.483582782225316,10.941986196154794,CLEC4A;RSAD2
GO_Biological_Process_2023,Astrocyte Development (GO:0014002),2/15,0.0871211211245513,0.2800876132367258,0,0,4.483582782225316,10.941986196154794,C1QA;TREM2
GO_Biological_Process_2023,Regulation Of Systemic Arterial Blood Pressure (GO:0003073),2/15,0.0871211211245513,0.2800876132367258,0,0,4.483582782225316,10.941986196154794,ADM;SLC2A5
GO_Biological_Process_2023,Regulation Of Systemic Arterial Blood Pressure By Hormone (GO:0001990),2/15,0.0871211211245513,0.2800876132367258,0,0,4.483582782225316,10.941986196154794,EDN1;EDN2
GO_Biological_Process_2023,Negative Regulation Of Cell-Substrate Junction Organization (GO:0150118),2/15,0.0871211211245513,0.2800876132367258,0,0,4.483582782225316,10.941986196154794,SRC;CORO1C
GO_Biological_Process_2023,Negative Regulation Of Focal Adhesion Assembly (GO:0051895),2/15,0.0871211211245513,0.2800876132367258,0,0,4.483582782225316,10.941986196154794,SRC;CORO1C
GO_Biological_Process_2023,Negative Regulation Of Macrophage Activation (GO:0043031),2/15,0.0871211211245513,0.2800876132367258,0,0,4.483582782225316,10.941986196154794,NR1H3;FCGR2B
GO_Biological_Process_2023,Negative Regulation Of Platelet Activation (GO:0010544),2/15,0.0871211211245513,0.2800876132367258,0,0,4.483582782225316,10.941986196154794,CEACAM1;APOE
GO_Biological_Process_2023,Negative Regulation Of Protein Processing (GO:0010955),2/15,0.0871211211245513,0.2800876132367258,0,0,4.483582782225316,10.941986196154794,NLRP7;PLAU
GO_Biological_Process_2023,Polyol Biosynthetic Process (GO:0046173),2/15,0.0871211211245513,0.2800876132367258,0,0,4.483582782225316,10.941986196154794,CYP27B1;ITPKC
GO_Biological_Process_2023,Positive Regulation Of Cell Activation (GO:0050867),2/15,0.0871211211245513,0.2800876132367258,0,0,4.483582782225316,10.941986196154794,PLEK;TLR4
GO_Biological_Process_2023,Positive Regulation Of Immunoglobulin Mediated Immune Response (GO:0002891),2/15,0.0871211211245513,0.2800876132367258,0,0,4.483582782225316,10.941986196154794,KMT5C;TNFSF4
GO_Biological_Process_2023,Positive Regulation Of Syncytium Formation By Plasma Membrane Fusion (GO:0060143),2/15,0.0871211211245513,0.2800876132367258,0,0,4.483582782225316,10.941986196154794,DCSTAMP;TREM2
GO_Biological_Process_2023,Positive Regulation Of Transmembrane Transport (GO:0034764),2/15,0.0871211211245513,0.2800876132367258,0,0,4.483582782225316,10.941986196154794,P2RX7;NR4A3
GO_Biological_Process_2023,Protein Localization To Microtubule Organizing Center (GO:1905508),2/15,0.0871211211245513,0.2800876132367258,0,0,4.483582782225316,10.941986196154794,STIL;SNX10
GO_Biological_Process_2023,Regulation Of Amyloid-Beta Clearance (GO:1900221),2/15,0.0871211211245513,0.2800876132367258,0,0,4.483582782225316,10.941986196154794,TREM2;APOE
GO_Biological_Process_2023,Nervous System Development (GO:0007399),20/433,0.0879305179946762,0.2823753119584319,0,0,1.4206505621562775,3.4538975015026185,EGR2;STIL;FN1;WDR62;ZIC5;MERTK;ZEB2;ADGRF1;PTPRZ1;ZIC2;ARTN;B3GNT5;ADGRG6;NEURL1;SLITRK6;EPHB2;SCN2A;ECT2;HES5;CDON
GO_Biological_Process_2023,Respiratory System Development (GO:0060541),3/32,0.0891535377851404,0.2850346219110746,0,0,3.0168767579956244,7.292983550490432,CEBPA;WNT7B;CHI3L1
GO_Biological_Process_2023,Transition Metal Ion Transport (GO:0000041),3/32,0.0891535377851404,0.2850346219110746,0,0,3.0168767579956244,7.292983550490432,TTYH1;ATP2C2;F3
GO_Biological_Process_2023,Left/Right Pattern Formation (GO:0060972),3/32,0.0891535377851404,0.2850346219110746,0,0,3.0168767579956244,7.292983550490432,TBX1;DNAH11;STIL
GO_Biological_Process_2023,Positive Regulation Of Synapse Assembly (GO:0051965),3/32,0.0891535377851404,0.2850346219110746,0,0,3.0168767579956244,7.292983550490432,SEMA4A;SLITRK6;EPHB2
GO_Biological_Process_2023,Cellular Response To Hypoxia (GO:0071456),5/72,0.0913373220045064,0.2910495017958169,0,0,2.178652193577567,5.213941258924415,EGLN3;EGLN2;HMOX1;PPARG;SCN2A
GO_Biological_Process_2023,Cholesterol Homeostasis (GO:0042632),5/72,0.0913373220045064,0.2910495017958169,0,0,2.178652193577567,5.213941258924415,FABP3;APOC2;NR1H3;APOE;ABCG1
GO_Biological_Process_2023,Plasma Membrane Organization (GO:0007009),5/72,0.0913373220045064,0.2910495017958169,0,0,2.178652193577567,5.213941258924415,COLEC12;P2RX7;FA2H;EPB41L3;ABCD1
GO_Biological_Process_2023,DNA Replication (GO:0006260),5/73,0.0955253601668178,0.3018134775482816,0,0,2.1465017825311943,5.040766471543258,POLB;FAM111B;WDHD1;POLE2;MCM2
GO_Biological_Process_2023,Cellular Response To Decreased Oxygen Levels (GO:0036294),5/73,0.0955253601668178,0.3018134775482816,0,0,2.1465017825311943,5.040766471543258,EGLN3;EGLN2;HMOX1;PPARG;SCN2A
GO_Biological_Process_2023,Regulation Of Sprouting Angiogenesis (GO:1903670),3/33,0.0957607015705666,0.3018134775482816,0,0,2.916163141993957,6.841035546646329,CEACAM1;E2F2;FUT1
GO_Biological_Process_2023,Glycolipid Metabolic Process (GO:0006664),3/33,0.0957607015705666,0.3018134775482816,0,0,2.916163141993957,6.841035546646329,GM2A;B3GNT5;B4GALNT1
GO_Biological_Process_2023,Lung Development (GO:0030324),3/33,0.0957607015705666,0.3018134775482816,0,0,2.916163141993957,6.841035546646329,CEBPA;WNT7B;CHI3L1
GO_Biological_Process_2023,Positive Regulation Of T Cell Mediated Cytotoxicity (GO:0001916),3/33,0.0957607015705666,0.3018134775482816,0,0,2.916163141993957,6.841035546646329,HLA-DRA;ULBP1;HLA-DRB1
GO_Biological_Process_2023,Positive Regulation Of Epidermal Growth Factor Receptor Signaling Pathway (GO:0045742),3/33,0.0957607015705666,0.3018134775482816,0,0,2.916163141993957,6.841035546646329,PLAUR;MMP9;HBEGF
GO_Biological_Process_2023,Positive Regulation Of Release Of Sequestered Calcium Ion Into Cytosol (GO:0051281),3/33,0.0957607015705666,0.3018134775482816,0,0,2.916163141993957,6.841035546646329,CXCL10;CXCL9;CXCL11
GO_Biological_Process_2023,Positive Regulation Of Small Molecule Metabolic Process (GO:0062013),3/33,0.0957607015705666,0.3018134775482816,0,0,2.916163141993957,6.841035546646329,P2RX7;ADM;APOE
GO_Biological_Process_2023,Regulation Of Amyloid-Beta Formation (GO:1902003),3/33,0.0957607015705666,0.3018134775482816,0,0,2.916163141993957,6.841035546646329,GSAP;APOE;ABCG1
GO_Biological_Process_2023,Regulation Of Plasminogen Activation (GO:0010755),2/16,0.0974482728811406,0.3031607368619106,0,0,4.163111398405516,9.693528361982894,PLAU;PLAUR
GO_Biological_Process_2023,Ruffle Organization (GO:0031529),2/16,0.0974482728811406,0.3031607368619106,0,0,4.163111398405516,9.693528361982894,CSF1R;PLEK
GO_Biological_Process_2023,Sulfation (GO:0051923),2/16,0.0974482728811406,0.3031607368619106,0,0,4.163111398405516,9.693528361982894,SULT1C2;HS3ST6
GO_Biological_Process_2023,Membrane Depolarization During Cardiac Muscle Cell Action Potential (GO:0086012),2/16,0.0974482728811406,0.3031607368619106,0,0,4.163111398405516,9.693528361982894,SLC8A1;KCNJ2
GO_Biological_Process_2023,Negative Regulation Of RNA Biosynthetic Process (GO:1902679),2/16,0.0974482728811406,0.3031607368619106,0,0,4.163111398405516,9.693528361982894,APOBEC3A;APOBEC3B
GO_Biological_Process_2023,Oligodendrocyte Development (GO:0014003),2/16,0.0974482728811406,0.3031607368619106,0,0,4.163111398405516,9.693528361982894,TPPP;HES5
GO_Biological_Process_2023,Pharyngeal System Development (GO:0060037),2/16,0.0974482728811406,0.3031607368619106,0,0,4.163111398405516,9.693528361982894,TBX1;SIX4
GO_Biological_Process_2023,Positive Regulation Of Muscle Hypertrophy (GO:0014742),2/16,0.0974482728811406,0.3031607368619106,0,0,4.163111398405516,9.693528361982894,EDN1;NR4A3
GO_Biological_Process_2023,Positive Regulation Of Smooth Muscle Cell Migration (GO:0014911),2/16,0.0974482728811406,0.3031607368619106,0,0,4.163111398405516,9.693528361982894,DOCK4;NR4A3
GO_Biological_Process_2023,Protein Localization To Mitochondrion (GO:0070585),2/16,0.0974482728811406,0.3031607368619106,0,0,4.163111398405516,9.693528361982894,ISG15;HK2
GO_Biological_Process_2023,Regulation Of NMDA Receptor Activity (GO:2000310),2/16,0.0974482728811406,0.3031607368619106,0,0,4.163111398405516,9.693528361982894,MAPK8IP2;EPHB2
GO_Biological_Process_2023,Regulation Of Cardiac Muscle Contraction By Regulation Of The Release Of Sequestered Calcium Ion (GO:0010881),2/16,0.0974482728811406,0.3031607368619106,0,0,4.163111398405516,9.693528361982894,CLIC2;SLC8A1
GO_Biological_Process_2023,Regulation Of Receptor Signaling Pathway Via JAK-STAT (GO:0046425),4/53,0.0991461849719547,0.3071191373541131,0,0,2.381796288863503,5.5047120777786445,GHR;IL10;IL10RB;HES5
GO_Biological_Process_2023,Tight Junction Assembly (GO:0120192),4/53,0.0991461849719547,0.3071191373541131,0,0,2.381796288863503,5.5047120777786445,POF1B;CLDN23;ECT2;CLDN1
GO_Biological_Process_2023,Glycoprotein Metabolic Process (GO:0009100),4/53,0.0991461849719547,0.3071191373541131,0,0,2.381796288863503,5.5047120777786445,NEU4;HPSE;NCCRP1;GAL3ST4
GO_Biological_Process_2023,Protein Homotetramerization (GO:0051289),4/53,0.0991461849719547,0.3071191373541131,0,0,2.381796288863503,5.5047120777786445,RYR1;GBP5;ME1;KCNJ2
GO_Biological_Process_2023,Negative Regulation Of Neuron Apoptotic Process (GO:0043524),5/74,0.0998094306483925,0.3088422575368802,0,0,2.1152832674571806,4.874654646603972,SIX4;PTPRZ1;KIF14;APOE;LGMN
GO_Biological_Process_2023,Regulation Of Interleukin-17 Production (GO:0032660),3/34,0.102560943270354,0.3139909260037243,0,0,2.82194717863756,6.426414916036482,TNFSF4;NOD2;TLR4
GO_Biological_Process_2023,Apoptotic Mitochondrial Changes (GO:0008637),3/34,0.102560943270354,0.3139909260037243,0,0,2.82194717863756,6.426414916036482,IFI6;HK2;IFIT2
GO_Biological_Process_2023,Regulation Of Neuronal Synaptic Plasticity (GO:0048168),3/34,0.102560943270354,0.3139909260037243,0,0,2.82194717863756,6.426414916036482,MCTP1;APOE;EPHB2
GO_Biological_Process_2023,Cellular Response To Hydrogen Peroxide (GO:0070301),3/34,0.102560943270354,0.3139909260037243,0,0,2.82194717863756,6.426414916036482,EDN1;TNFAIP3;ECT2
GO_Biological_Process_2023,Superoxide Metabolic Process (GO:0006801),3/34,0.102560943270354,0.3139909260037243,0,0,2.82194717863756,6.426414916036482,NCF2;CYBB;DUOX2
GO_Biological_Process_2023,Negative Regulation Of Ras Protein Signal Transduction (GO:0046580),3/34,0.102560943270354,0.3139909260037243,0,0,2.82194717863756,6.426414916036482,EPHB2;FBP1;RASIP1
GO_Biological_Process_2023,Positive Regulation Of Neuron Death (GO:1901216),3/34,0.102560943270354,0.3139909260037243,0,0,2.82194717863756,6.426414916036482,C1QA;ITGAM;CCL3
GO_Biological_Process_2023,Regulation Of T Cell Receptor Signaling Pathway (GO:0050856),3/34,0.102560943270354,0.3139909260037243,0,0,2.82194717863756,6.426414916036482,CEACAM1;GBP1;LILRB4
GO_Biological_Process_2023,Regulation Of Blood Circulation (GO:1903522),3/34,0.102560943270354,0.3139909260037243,0,0,2.82194717863756,6.426414916036482,CYP2J2;TMIGD3;ADORA3
GO_Biological_Process_2023,Regulation Of calcineurin-NFAT Signaling Cascade (GO:0070884),3/34,0.102560943270354,0.3139909260037243,0,0,2.82194717863756,6.426414916036482,CLEC7A;CHP2;AKAP5
GO_Biological_Process_2023,Negative Regulation Of Phosphorylation (GO:0042326),5/75,0.1041882975705534,0.317999490573647,0,0,2.08495670995671,4.715245238259472,CDKN2B;CADM4;CDKN2A;EPHB2;CORO1C
GO_Biological_Process_2023,Regulation Of BMP Signaling Pathway (GO:0030510),5/75,0.1041882975705534,0.317999490573647,0,0,2.08495670995671,4.715245238259472,TNFAIP6;FST;PPARG;FSTL4;HES5
GO_Biological_Process_2023,Monocarboxylic Acid Metabolic Process (GO:0032787),6/97,0.1043110021508081,0.317999490573647,0,0,1.9253947873067752,4.352120859771907,CYP2J2;FA2H;ME1;CYP4B1;CD36;CYP4F11
GO_Biological_Process_2023,Apical Junction Assembly (GO:0043297),4/54,0.1044210311963344,0.317999490573647,0,0,2.3340393343419064,5.273351494835233,POF1B;CLDN23;ECT2;CLDN1
GO_Biological_Process_2023,Peptidyl-Tyrosine Modification (GO:0018212),4/54,0.1044210311963344,0.317999490573647,0,0,2.3340393343419064,5.273351494835233,CSF1R;SYK;SRC;EPHB2
GO_Biological_Process_2023,Regulation Of Delayed Rectifier Potassium Channel Activity (GO:1902259),2/17,0.1080984423255585,0.3217321680349355,0,0,3.885369532428356,8.643831968763203,KCNG1;KCNS1
GO_Biological_Process_2023,Regulation Of Glucose Transmembrane Transport (GO:0010827),2/17,0.1080984423255585,0.3217321680349355,0,0,3.885369532428356,8.643831968763203,NR4A3;FFAR4
GO_Biological_Process_2023,Amyloid Precursor Protein Metabolic Process (GO:0042982),2/17,0.1080984423255585,0.3217321680349355,0,0,3.885369532428356,8.643831968763203,ACHE;APOE
GO_Biological_Process_2023,Base Conversion Or Substitution Editing (GO:0016553),2/17,0.1080984423255585,0.3217321680349355,0,0,3.885369532428356,8.643831968763203,APOBEC3A;APOBEC3B
GO_Biological_Process_2023,Carbohydrate Derivative Catabolic Process (GO:1901136),2/17,0.1080984423255585,0.3217321680349355,0,0,3.885369532428356,8.643831968763203,NEU4;NCCRP1
GO_Biological_Process_2023,Carbohydrate Derivative Transport (GO:1901264),2/17,0.1080984423255585,0.3217321680349355,0,0,3.885369532428356,8.643831968763203,SLC15A3;SLC29A3
GO_Biological_Process_2023,Cellular Response To Alkaloid (GO:0071312),2/17,0.1080984423255585,0.3217321680349355,0,0,3.885369532428356,8.643831968763203,RYR1;SLC8A1
GO_Biological_Process_2023,Intracellular Estrogen Receptor Signaling Pathway (GO:0030520),2/17,0.1080984423255585,0.3217321680349355,0,0,3.885369532428356,8.643831968763203,EGLN2;PPARGC1B
GO_Biological_Process_2023,Negative Regulation Of Calcium Ion Transport (GO:0051926),2/17,0.1080984423255585,0.3217321680349355,0,0,3.885369532428356,8.643831968763203,LILRB1;LILRB2
GO_Biological_Process_2023,Negative Regulation Of Vascular Associated Smooth Muscle Cell Proliferation (GO:1904706),2/17,0.1080984423255585,0.3217321680349355,0,0,3.885369532428356,8.643831968763203,IL10;PPARG
GO_Biological_Process_2023,Neural Tube Development (GO:0021915),2/17,0.1080984423255585,0.3217321680349355,0,0,3.885369532428356,8.643831968763203,STIL;HES5
GO_Biological_Process_2023,Neuron Maturation (GO:0042551),2/17,0.1080984423255585,0.3217321680349355,0,0,3.885369532428356,8.643831968763203,C1QA;SCARF1
GO_Biological_Process_2023,Nicotinamide Nucleotide Metabolic Process (GO:0046496),2/17,0.1080984423255585,0.3217321680349355,0,0,3.885369532428356,8.643831968763203,ME1;KMO
GO_Biological_Process_2023,Positive Regulation Of Amyloid-Beta Formation (GO:1902004),2/17,0.1080984423255585,0.3217321680349355,0,0,3.885369532428356,8.643831968763203,GSAP;ABCG1
GO_Biological_Process_2023,Positive Regulation Of Cardiac Muscle Hypertrophy (GO:0010613),2/17,0.1080984423255585,0.3217321680349355,0,0,3.885369532428356,8.643831968763203,EDN1;NR4A3
GO_Biological_Process_2023,Positive Regulation Of Cell Adhesion Mediated By Integrin (GO:0033630),2/17,0.1080984423255585,0.3217321680349355,0,0,3.885369532428356,8.643831968763203,SYK;CXCL13
GO_Biological_Process_2023,Positive Regulation Of Glial Cell Differentiation (GO:0045687),2/17,0.1080984423255585,0.3217321680349355,0,0,3.885369532428356,8.643831968763203,EGR2;PTPRZ1
GO_Biological_Process_2023,Positive Regulation Of Leukocyte Proliferation (GO:0070665),2/17,0.1080984423255585,0.3217321680349355,0,0,3.885369532428356,8.643831968763203,CSF1R;CSF2RA
GO_Biological_Process_2023,Positive Regulation Of Macrophage Derived Foam Cell Differentiation (GO:0010744),2/17,0.1080984423255585,0.3217321680349355,0,0,3.885369532428356,8.643831968763203,MSR1;CD36
GO_Biological_Process_2023,Positive Regulation Of Nitric-Oxide Synthase Activity (GO:0051000),2/17,0.1080984423255585,0.3217321680349355,0,0,3.885369532428356,8.643831968763203,GCH1;APOE
GO_Biological_Process_2023,Prostaglandin Biosynthetic Process (GO:0001516),2/17,0.1080984423255585,0.3217321680349355,0,0,3.885369532428356,8.643831968763203,EDN1;EDN2
GO_Biological_Process_2023,Protein Localization To Centrosome (GO:0071539),2/17,0.1080984423255585,0.3217321680349355,0,0,3.885369532428356,8.643831968763203,STIL;SNX10
GO_Biological_Process_2023,Response To Exogenous dsRNA (GO:0043330),3/35,0.1095466374302211,0.3243704023190239,0,0,2.7336197129909365,6.045140049355641,COLEC12;IFIH1;IFIT1
GO_Biological_Process_2023,Endoderm Formation (GO:0001706),3/35,0.1095466374302211,0.3243704023190239,0,0,2.7336197129909365,6.045140049355641,DUSP5;FN1;MMP9
GO_Biological_Process_2023,Negative Regulation Of Cell Cycle G1/S Phase Transition (GO:1902807),3/35,0.1095466374302211,0.3243704023190239,0,0,2.7336197129909365,6.045140049355641,SOX2;GPNMB;E2F7
GO_Biological_Process_2023,Neutral Amino Acid Transport (GO:0015804),3/35,0.1095466374302211,0.3243704023190239,0,0,2.7336197129909365,6.045140049355641,SLC36A1;SLC7A7;SLC38A6
GO_Biological_Process_2023,Regulation Of Axon Extension (GO:0030516),3/35,0.1095466374302211,0.3243704023190239,0,0,2.7336197129909365,6.045140049355641,SEMA7A;TRIM46;APOE
GO_Biological_Process_2023,Positive Regulation Of Tyrosine Phosphorylation Of STAT Protein (GO:0042531),4/55,0.1098210745549439,0.3248498383607818,0,0,2.2881552015662545,5.054312505908777,GHR;CSF1R;PARP9;HES5
GO_Biological_Process_2023,Negative Regulation Of Signal Transduction (GO:0009968),13/267,0.1103507292781602,0.3260824518178592,0,0,1.4978322303270373,3.3013593435000472,IL10;CADM4;CXCL8;PLEK;TNFAIP3;TREM2;MAPK8IP2;NEURL1;GPC3;PPARG;TRIB1;EZH2;LGMN
GO_Biological_Process_2023,Chloride Transport (GO:0006821),5/77,0.1132250720889205,0.3338925261702898,0,0,2.026830808080808,4.415202938436719,TTYH3;SLC12A5;TTYH1;SLC1A3;CLIC2
GO_Biological_Process_2023,Monoatomic Cation Homeostasis (GO:0055080),5/77,0.1132250720889205,0.3338925261702898,0,0,2.026830808080808,4.415202938436719,CYP27B1;SLC12A5;HMOX1;HAMP;SLC8A1
GO_Biological_Process_2023,Organonitrogen Compound Biosynthetic Process (GO:1901566),7/123,0.1160472145815926,0.3415171340438918,0,0,1.7625641966250918,3.796137000615356,FA2H;GCH1;SPNS2;PLA2G4C;APOE;BCAT1;GAL3ST4
GO_Biological_Process_2023,Positive Regulation Of Epithelial Cell Proliferation (GO:0050679),7/123,0.1160472145815926,0.3415171340438918,0,0,1.7625641966250918,3.796137000615356,MMP12;TBX1;ECM1;EGR3;NR4A3;NOD2;CLDN1
GO_Biological_Process_2023,Receptor Signaling Pathway Via JAK-STAT (GO:0007259),3/36,0.116710037461015,0.3426371345714509,0,0,2.650645427080472,5.693752659202398,GHR;STAT1;CSF2RA
GO_Biological_Process_2023,Regulation Of Defense Response To Virus (GO:0050688),2/18,0.1190388105213596,0.3426371345714509,0,0,3.642345399698341,7.752024476302041,HERC5;TNFAIP3
GO_Biological_Process_2023,Regulation Of Epithelial Cell Differentiation (GO:0030856),2/18,0.1190388105213596,0.3426371345714509,0,0,3.642345399698341,7.752024476302041,CEACAM1;FOXN1
GO_Biological_Process_2023,Regulation Of Oligodendrocyte Differentiation (GO:0048713),2/18,0.1190388105213596,0.3426371345714509,0,0,3.642345399698341,7.752024476302041,PTPRZ1;HES5
GO_Biological_Process_2023,Cell Junction Maintenance (GO:0034331),2/18,0.1190388105213596,0.3426371345714509,0,0,3.642345399698341,7.752024476302041,CSF1R;CLDN1
GO_Biological_Process_2023,Dendritic Cell Migration (GO:0036336),2/18,0.1190388105213596,0.3426371345714509,0,0,3.642345399698341,7.752024476302041,CCR1;ASB2
GO_Biological_Process_2023,Epithelial Cell Development (GO:0002064),2/18,0.1190388105213596,0.3426371345714509,0,0,3.642345399698341,7.752024476302041,POF1B;WNT7B
GO_Biological_Process_2023,Glucose 6-Phosphate Metabolic Process (GO:0051156),2/18,0.1190388105213596,0.3426371345714509,0,0,3.642345399698341,7.752024476302041,HK3;HK2
GO_Biological_Process_2023,Glycerolipid Catabolic Process (GO:0046503),2/18,0.1190388105213596,0.3426371345714509,0,0,3.642345399698341,7.752024476302041,PLA2G4C;GDPD3
GO_Biological_Process_2023,Vesicle Transport Along Actin Filament (GO:0030050),2/18,0.1190388105213596,0.3426371345714509,0,0,3.642345399698341,7.752024476302041,MYO1E;MYO7A
GO_Biological_Process_2023,Maintenance Of Gastrointestinal Epithelium (GO:0030277),2/18,0.1190388105213596,0.3426371345714509,0,0,3.642345399698341,7.752024476302041,NOD2;TLR4
GO_Biological_Process_2023,Negative Regulation Of Monoatomic Ion Transport (GO:0043271),2/18,0.1190388105213596,0.3426371345714509,0,0,3.642345399698341,7.752024476302041,LILRB1;LILRB2
GO_Biological_Process_2023,Negative Regulation Of Viral Entry Into Host Cell (GO:0046597),2/18,0.1190388105213596,0.3426371345714509,0,0,3.642345399698341,7.752024476302041,CIITA;TRIM31
GO_Biological_Process_2023,Neuromuscular Process (GO:0050905),2/18,0.1190388105213596,0.3426371345714509,0,0,3.642345399698341,7.752024476302041,TIFAB;GCH1
GO_Biological_Process_2023,Nitric Oxide Mediated Signal Transduction (GO:0007263),2/18,0.1190388105213596,0.3426371345714509,0,0,3.642345399698341,7.752024476302041,APOE;CD36
GO_Biological_Process_2023,Positive Regulation Of Natural Killer Cell Activation (GO:0032816),2/18,0.1190388105213596,0.3426371345714509,0,0,3.642345399698341,7.752024476302041,FCGR3A;KLRC2
GO_Biological_Process_2023,Positive Regulation Of Nervous System Process (GO:0031646),2/18,0.1190388105213596,0.3426371345714509,0,0,3.642345399698341,7.752024476302041,EGR2;TPPP
GO_Biological_Process_2023,Positive Regulation Of Response To Endoplasmic Reticulum Stress (GO:1905898),2/18,0.1190388105213596,0.3426371345714509,0,0,3.642345399698341,7.752024476302041,BCL2L11;FCGR2B
GO_Biological_Process_2023,Positive Regulation Of Triglyceride Metabolic Process (GO:0090208),2/18,0.1190388105213596,0.3426371345714509,0,0,3.642345399698341,7.752024476302041,APOC2;NR1H3
GO_Biological_Process_2023,Regulation Of T Cell Cytokine Production (GO:0002724),2/18,0.1190388105213596,0.3426371345714509,0,0,3.642345399698341,7.752024476302041,TNFSF4;LILRB4
GO_Biological_Process_2023,Regulation Of Cell Cycle G2/M Phase Transition (GO:1902749),2/18,0.1190388105213596,0.3426371345714509,0,0,3.642345399698341,7.752024476302041,KIF14;ATF5
GO_Biological_Process_2023,Regulation Of Cell-Cell Adhesion Mediated By Cadherin (GO:2000047),2/18,0.1190388105213596,0.3426371345714509,0,0,3.642345399698341,7.752024476302041,FOXA1;NEXMIF
GO_Biological_Process_2023,Striated Muscle Contraction (GO:0006941),4/57,0.1209848660957507,0.3475455805158532,0,0,2.201581366140496,4.649937579871295,RYR1;TNNT1;STAC3;SLC8A1
GO_Biological_Process_2023,Post-Transcriptional Regulation Of Gene Expression (GO:0010608),4/57,0.1209848660957507,0.3475455805158532,0,0,2.201581366140496,4.649937579871295,DDX25;GCNT2;PARP9;ZNF385A
GO_Biological_Process_2023,Regulation Of Ossification (GO:0030278),3/37,0.1240433057189528,0.3552708567565644,0,0,2.5725519815176825,5.369236357360326,CYP27B1;ECM1;KREMEN2
GO_Biological_Process_2023,Regulation Of p38MAPK Cascade (GO:1900744),3/37,0.1240433057189528,0.3552708567565644,0,0,2.5725519815176825,5.369236357360326,DUSP10;TREM2;LGALS9
GO_Biological_Process_2023,Negative Regulation Of Endothelial Cell Proliferation (GO:0001937),3/37,0.1240433057189528,0.3552708567565644,0,0,2.5725519815176825,5.369236357360326,STAT1;PPARG;APOE
GO_Biological_Process_2023,Regulation Of Protein Secretion (GO:0050708),6/102,0.1244070448034631,0.355607067670889,0,0,1.8246396054628224,3.802907424778115,ACHE;IL1A;RSAD2;TREM2;APOE;STXBP5L
GO_Biological_Process_2023,Protein Catabolic Process (GO:0030163),6/102,0.1244070448034631,0.355607067670889,0,0,1.8246396054628224,3.802907424778115,NEU4;CEACAM1;CEL;APOE;NCCRP1;LGMN
GO_Biological_Process_2023,Response To Organic Cyclic Compound (GO:0014070),4/58,0.1267424057690231,0.3612096006467618,0,0,2.1606992771894435,4.463137301172029,FOXA1;CYP27B1;CCL3;SPP1
GO_Biological_Process_2023,Memory (GO:0007613),4/58,0.1267424057690231,0.3612096006467618,0,0,2.1606992771894435,4.463137301172029,TREM2;APOE;SCN2A;LGMN
GO_Biological_Process_2023,Muscle Organ Development (GO:0007517),4/58,0.1267424057690231,0.3612096006467618,0,0,2.1606992771894435,4.463137301172029,TBX1;CXCL10;EGR3;HBEGF
GO_Biological_Process_2023,Calcium Ion Transmembrane Transport (GO:0070588),5/80,0.1274557958418909,0.3625269779266397,0,0,1.945454545454545,4.007608492620773,P2RX7;TRPM2;ATP2C2;MCOLN2;SLC8A1
GO_Biological_Process_2023,Glycoprotein Biosynthetic Process (GO:0009101),5/80,0.1274557958418909,0.3625269779266397,0,0,1.945454545454545,4.007608492620773,CHST9;B3GNT5;GCNT2;FUT1;GAL3ST4
GO_Biological_Process_2023,Regulation Of Cellular Response To Growth Factor Stimulus (GO:0090287),2/19,0.1302383780251356,0.3657570013215627,0,0,3.427912341407151,6.987418228807119,FST;FSTL4
GO_Biological_Process_2023,Regulation Of Smooth Muscle Cell Migration (GO:0014910),2/19,0.1302383780251356,0.3657570013215627,0,0,3.427912341407151,6.987418228807119,PLAU;TRIB1
GO_Biological_Process_2023,Regulation Of Transcription Involved In G1/S Transition Of Mitotic Cell Cycle (GO:0000083),2/19,0.1302383780251356,0.3657570013215627,0,0,3.427912341407151,6.987418228807119,E2F2;E2F7
GO_Biological_Process_2023,Skeletal Muscle Contraction (GO:0003009),2/19,0.1302383780251356,0.3657570013215627,0,0,3.427912341407151,6.987418228807119,TNNT1;STAC3
GO_Biological_Process_2023,Establishment Of Skin Barrier (GO:0061436),2/19,0.1302383780251356,0.3657570013215627,0,0,3.427912341407151,6.987418228807119,FA2H;CLDN1
GO_Biological_Process_2023,Inositol Phosphate-Mediated Signaling (GO:0048016),2/19,0.1302383780251356,0.3657570013215627,0,0,3.427912341407151,6.987418228807119,EDN1;EDN2
GO_Biological_Process_2023,Interleukin-1-Mediated Signaling Pathway (GO:0070498),2/19,0.1302383780251356,0.3657570013215627,0,0,3.427912341407151,6.987418228807119,IRAK2;ST18
GO_Biological_Process_2023,Linoleic Acid Metabolic Process (GO:0043651),2/19,0.1302383780251356,0.3657570013215627,0,0,3.427912341407151,6.987418228807119,CYP2J2;ALOX15
GO_Biological_Process_2023,Negative Regulation Of Axon Extension Involved In Axon Guidance (GO:0048843),2/19,0.1302383780251356,0.3657570013215627,0,0,3.427912341407151,6.987418228807119,SEMA4A;SEMA7A
GO_Biological_Process_2023,Negative Regulation Of Cyclin-Dependent Protein Serine/Threonine Kinase Activity (GO:0045736),2/19,0.1302383780251356,0.3657570013215627,0,0,3.427912341407151,6.987418228807119,CEBPA;CDKN2A
GO_Biological_Process_2023,Negative Regulation Of Fatty Acid Metabolic Process (GO:0045922),2/19,0.1302383780251356,0.3657570013215627,0,0,3.427912341407151,6.987418228807119,CEACAM1;APOC1
GO_Biological_Process_2023,Negative Regulation Of Leukocyte Cell-Cell Adhesion (GO:1903038),2/19,0.1302383780251356,0.3657570013215627,0,0,3.427912341407151,6.987418228807119,IL4I1;GPNMB
GO_Biological_Process_2023,Positive Regulation Of Hormone Secretion (GO:0046887),2/19,0.1302383780251356,0.3657570013215627,0,0,3.427912341407151,6.987418228807119,EDN1;PPARG
GO_Biological_Process_2023,Amino Acid Catabolic Process (GO:0009063),3/38,0.1315385412500542,0.3676202987307905,0,0,2.4989210185584807,5.068949786670471,IL4I1;KMO;IDO1
GO_Biological_Process_2023,Cellular Response To Type I Interferon (GO:0071357),3/38,0.1315385412500542,0.3676202987307905,0,0,2.4989210185584807,5.068949786670471,STAT1;OAS2;IFIT1
GO_Biological_Process_2023,Import Into Cell (GO:0098657),3/38,0.1315385412500542,0.3676202987307905,0,0,2.4989210185584807,5.068949786670471,SLC36A1;SLC1A3;TREM2
GO_Biological_Process_2023,mRNA Transcription By RNA Polymerase II (GO:0042789),3/38,0.1315385412500542,0.3676202987307905,0,0,2.4989210185584807,5.068949786670471,CYP27B1;NR1H3;PPARG
GO_Biological_Process_2023,Positive Regulation Of Cation Channel Activity (GO:2001259),3/38,0.1315385412500542,0.3676202987307905,0,0,2.4989210185584807,5.068949786670471,EDN1;STAC3;AKAP5
GO_Biological_Process_2023,Activation Of Protein Kinase Activity (GO:0032147),5/81,0.1323731532699885,0.3691928557222911,0,0,1.9197567783094096,3.8819985917548063,CD86;KIF14;CHI3L1;ECT2;CARD14
GO_Biological_Process_2023,Glucose Metabolic Process (GO:0006006),4/59,0.1326127438115746,0.3691928557222911,0,0,2.121303809654793,4.285716964642881,HK3;OAS1;FBP1;HK2
GO_Biological_Process_2023,Negative Regulation Of Protein-Containing Complex Assembly (GO:0031333),4/59,0.1326127438115746,0.3691928557222911,0,0,2.121303809654793,4.285716964642881,SRC;KIF14;TREM2;TRIM31
GO_Biological_Process_2023,Positive Regulation Of Protein Binding (GO:0032092),4/59,0.1326127438115746,0.3691928557222911,0,0,2.121303809654793,4.285716964642881,DTX3L;RIPK2;APOE;MMP9
GO_Biological_Process_2023,Negative Regulation Of Apoptotic Signaling Pathway (GO:2001234),5/82,0.1373745613602445,0.3711824442713317,0,0,1.8947264856355768,3.761115554259055,SRC;RTKN2;PLAUR;MAPK8IP2;MMP9
GO_Biological_Process_2023,Sterol Metabolic Process (GO:0016125),4/60,0.1385925514757537,0.3711824442713317,0,0,2.083315323103523,4.1170830221009735,CEL;APOE;ABCG1;APOL2
GO_Biological_Process_2023,Regulation Of Protein Tyrosine Kinase Activity (GO:0061097),3/39,0.1391878055573008,0.3711824442713317,0,0,2.429380664652568,4.790571380321603,CSF1R;FCGR1A;LILRB4
GO_Biological_Process_2023,Regulation Of Receptor-Mediated Endocytosis (GO:0048259),3/39,0.1391878055573008,0.3711824442713317,0,0,2.429380664652568,4.790571380321603,APOC2;APOC1;F3
GO_Biological_Process_2023,Vitamin Transport (GO:0051180),3/39,0.1391878055573008,0.3711824442713317,0,0,2.429380664652568,4.790571380321603,SLC52A1;FOLR2;ABCD1
GO_Biological_Process_2023,Negative Regulation Of Protein Secretion (GO:0050709),3/39,0.1391878055573008,0.3711824442713317,0,0,2.429380664652568,4.790571380321603,RSAD2;NR1H3;APOE
GO_Biological_Process_2023,Actin Filament-Based Transport (GO:0099515),2/20,0.1416678804846292,0.3711824442713317,0,0,3.237305178481649,6.326567842867542,MYO1E;MYO7A
GO_Biological_Process_2023,Regulation Of Toll-Like Receptor Signaling Pathway (GO:0034121),2/20,0.1416678804846292,0.3711824442713317,0,0,3.237305178481649,6.326567842867542,CD36;TLR2
GO_Biological_Process_2023,Lipopolysaccharide-Mediated Signaling Pathway (GO:0031663),2/20,0.1416678804846292,0.3711824442713317,0,0,3.237305178481649,6.326567842867542,CCL3;TLR4
GO_Biological_Process_2023,Negative Regulation Of Cyclin-Dependent Protein Kinase Activity (GO:1904030),2/20,0.1416678804846292,0.3711824442713317,0,0,3.237305178481649,6.326567842867542,CEBPA;CDKN2A
GO_Biological_Process_2023,Negative Regulation Of miRNA Transcription (GO:1902894),2/20,0.1416678804846292,0.3711824442713317,0,0,3.237305178481649,6.326567842867542,PPARG;LILRB4
GO_Biological_Process_2023,Negative Regulation Of Small GTPase Mediated Signal Transduction (GO:0051058),2/20,0.1416678804846292,0.3711824442713317,0,0,3.237305178481649,6.326567842867542,EPHB2;FBP1
GO_Biological_Process_2023,Negative Regulation Of Viral Life Cycle (GO:1903901),2/20,0.1416678804846292,0.3711824442713317,0,0,3.237305178481649,6.326567842867542,CIITA;TRIM31
GO_Biological_Process_2023,Phosphatidylglycerol Metabolic Process (GO:0046471),2/20,0.1416678804846292,0.3711824442713317,0,0,3.237305178481649,6.326567842867542,PLA2G2F;PLA2G15
GO_Biological_Process_2023,Phosphatidylserine Metabolic Process (GO:0006658),2/20,0.1416678804846292,0.3711824442713317,0,0,3.237305178481649,6.326567842867542,PLA2G2F;PLA2G15
GO_Biological_Process_2023,Positive Regulation Of Lipid Catabolic Process (GO:0050996),2/20,0.1416678804846292,0.3711824442713317,0,0,3.237305178481649,6.326567842867542,APOC2;ABCD1
GO_Biological_Process_2023,Regulation Of Calcium Ion Import (GO:0090279),2/20,0.1416678804846292,0.3711824442713317,0,0,3.237305178481649,6.326567842867542,FCRL3;CCL3
GO_Biological_Process_2023,Regulation Of Cardiac Muscle Contraction By Calcium Ion Signaling (GO:0010882),2/20,0.1416678804846292,0.3711824442713317,0,0,3.237305178481649,6.326567842867542,CLIC2;SLC8A1
GO_Biological_Process_2023,Negative Regulation Of Intrinsic Apoptotic Signaling Pathway (GO:2001243),4/61,0.1446784258470936,0.3711824442713317,0,0,2.046659765904929,3.95668811198696,SRC;RTKN2;PLAUR;MMP9
GO_Biological_Process_2023,Monoatomic Ion Transport (GO:0006811),6/107,0.1462406645842652,0.3711824442713317,0,0,1.733860184197479,3.333349024780694,SLC36A1;SLC12A5;SLC9A7;SLC1A3;SLC15A3;SLC8A1
GO_Biological_Process_2023,Regulation Of Cytokine-Mediated Signaling Pathway (GO:0001959),3/40,0.1469831460061713,0.3711824442713317,0,0,2.3635992487956234,4.532053484317229,SYK;IRAK2;TNFAIP3
GO_Biological_Process_2023,Regulation Of Cytosolic Calcium Ion Concentration (GO:0051480),3/40,0.1469831460061713,0.3711824442713317,0,0,2.3635992487956234,4.532053484317229,RYR1;TRPM2;CDH23
GO_Biological_Process_2023,Cyclic-Nucleotide-Mediated Signaling (GO:0019935),3/40,0.1469831460061713,0.3711824442713317,0,0,2.3635992487956234,4.532053484317229,ADGRG6;APOE;CD36
GO_Biological_Process_2023,Retinoid Metabolic Process (GO:0001523),3/40,0.1469831460061713,0.3711824442713317,0,0,2.3635992487956234,4.532053484317229,SDR16C5;CYP27C1;RDH13
GO_Biological_Process_2023,Endothelial Cell Migration (GO:0043542),3/40,0.1469831460061713,0.3711824442713317,0,0,2.3635992487956234,4.532053484317229,EGR3;STAT1;CEL
GO_Biological_Process_2023,Negative Regulation Of Secretion By Cell (GO:1903531),3/40,0.1469831460061713,0.3711824442713317,0,0,2.3635992487956234,4.532053484317229,RSAD2;LILRB1;APOE
GO_Biological_Process_2023,Positive Regulation Of Monoatomic Ion Transport (GO:0043270),3/40,0.1469831460061713,0.3711824442713317,0,0,2.3635992487956234,4.532053484317229,CCR1;P2RX7;CCL3
GO_Biological_Process_2023,Positive Regulation Of Phosphorylation (GO:0042327),11/231,0.1489046899661658,0.3711824442713317,0,0,1.4613914373088686,2.7831452310264675,TBX1;MARCO;CSF1R;GPNMB;PLAUR;TREM2;MERTK;CARD14;MMP9;HLA-DRB1;EPHA2
GO_Biological_Process_2023,Positive Regulation Of Cell Differentiation (GO:0045597),13/283,0.1508653938715137,0.3711824442713317,0,0,1.4078902522154055,2.6628375442605074,MSR1;WNT7B;FOXN1;CEACAM1;FFAR4;GCNT2;DPF3;PPARG;CD36;ECT2;ZNF385A;CMKLR1;EZH2
GO_Biological_Process_2023,Negative Regulation Of Kinase Activity (GO:0033673),4/62,0.1508668981015631,0.3711824442713317,0,0,2.0112681934373207,3.804026780752167,CEACAM1;EPHB2;TRIB1;WARS1
GO_Biological_Process_2023,Phosphatidylinositol-Mediated Signaling (GO:0048015),4/62,0.1508668981015631,0.3711824442713317,0,0,2.0112681934373207,3.804026780752167,CSF1R;FCGR3A;EDN1;PTAFR
GO_Biological_Process_2023,Epithelial Cell Differentiation (GO:0030855),7/132,0.1509357657244705,0.3711824442713317,0,0,1.634893617021277,3.091421853070744,TBX1;KRT4;DHRS9;KRT24;PPARG;OVOL1;E2F7
GO_Biological_Process_2023,Negative Regulation Of Cell Cycle (GO:0045786),5/85,0.1528648964418761,0.3711824442713317,0,0,1.823390151515152,3.424692800228471,IL10;CEBPA;CDKN2A;LILRB1;HOXC9
GO_Biological_Process_2023,DNA Replication Initiation (GO:0006270),2/21,0.1532997078267371,0.3711824442713317,0,0,3.066761927443042,5.751283871882412,ORC1;MCM2
GO_Biological_Process_2023,Regulation Of Lipopolysaccharide-Mediated Signaling Pathway (GO:0031664),2/21,0.1532997078267371,0.3711824442713317,0,0,3.066761927443042,5.751283871882412,CD36;TRIB1
GO_Biological_Process_2023,Regulation Of Membrane Protein Ectodomain Proteolysis (GO:0051043),2/21,0.1532997078267371,0.3711824442713317,0,0,3.066761927443042,5.751283871882412,IL10;APOE
GO_Biological_Process_2023,Regulation Of Steroid Metabolic Process (GO:0019218),2/21,0.1532997078267371,0.3711824442713317,0,0,3.066761927443042,5.751283871882412,APOE;ABCG1
GO_Biological_Process_2023,Regulation Of Transferase Activity (GO:0051338),2/21,0.1532997078267371,0.3711824442713317,0,0,3.066761927443042,5.751283871882412,NLRC5;SLAMF8
GO_Biological_Process_2023,Skin Epidermis Development (GO:0098773),2/21,0.1532997078267371,0.3711824442713317,0,0,3.066761927443042,5.751283871882412,FA2H;CLDN1
GO_Biological_Process_2023,Sodium Ion Import Across Plasma Membrane (GO:0098719),2/21,0.1532997078267371,0.3711824442713317,0,0,3.066761927443042,5.751283871882412,SLC9A7;SLC8A1
GO_Biological_Process_2023,Negative Regulation Of miRNA Metabolic Process (GO:2000629),2/21,0.1532997078267371,0.3711824442713317,0,0,3.066761927443042,5.751283871882412,PPARG;LILRB4
GO_Biological_Process_2023,Positive Regulation Of T Cell Cytokine Production (GO:0002726),2/21,0.1532997078267371,0.3711824442713317,0,0,3.066761927443042,5.751283871882412,RSAD2;TNFSF4
GO_Biological_Process_2023,Positive Regulation Of Amyloid Precursor Protein Catabolic Process (GO:1902993),2/21,0.1532997078267371,0.3711824442713317,0,0,3.066761927443042,5.751283871882412,GSAP;ABCG1
GO_Biological_Process_2023,Positive Regulation Of Blood Coagulation (GO:0030194),2/21,0.1532997078267371,0.3711824442713317,0,0,3.066761927443042,5.751283871882412,PLAU;HPSE
GO_Biological_Process_2023,Positive Regulation Of Heart Contraction (GO:0045823),2/21,0.1532997078267371,0.3711824442713317,0,0,3.066761927443042,5.751283871882412,EDN1;EDN2
GO_Biological_Process_2023,Regulation Of DNA-templated Transcription (GO:0006355),72/1922,0.1548027801909103,0.3711824442713317,0,0,1.1475502483934188,2.140873596989169,FOXA1;CD86;ZMYND15;CIITA;CD80;IKZF2;HOXC10;ELAVL2;SOX2;ZIC2;SIX4;SIX2;MYB;DPF3;HOXA7;HOXA6;HAVCR2;ZNF683;IL10;BATF2;FOXD3;DTX3L;OVOL1;PARP9;ETV7;DMRTA2;ZEB2;PAX7;PAX9;ZFP42;TFEC;IRF8;PPARG;IRF5;ATF5;VGLL1;MCM2;CEBPA;HOXD1;HOXD11;CYP27B1;GSC;SPP1;E2F2;HIVEP3;APOE;OTX1;HOXC9;PPARGC1B;E2F7;HES5;HOXC6;TBX1;IRX2;EGR2;EGR3;STAT1;CDKN2A;DMRT2;NR1H3;GRHL3;TBX6;ZIC5;GRHL1;FOXN1;POU2F3;MLLT11;NR4A3;LHX2;TNFSF4;HLA-DRB1;EZH2
GO_Biological_Process_2023,Regulation Of Heart Rate By Cardiac Conduction (GO:0086091),3/41,0.1549166176240228,0.3711824442713317,0,0,2.3012800127206234,4.291584047625172,KCNJ5;DSG2;KCNJ2
GO_Biological_Process_2023,Carbohydrate Catabolic Process (GO:0016052),3/41,0.1549166176240228,0.3711824442713317,0,0,2.3012800127206234,4.291584047625172,HK3;NEU4;HK2
GO_Biological_Process_2023,Visual System Development (GO:0150063),3/41,0.1549166176240228,0.3711824442713317,0,0,2.3012800127206234,4.291584047625172,SOX2;C1QA;ITGAM
GO_Biological_Process_2023,Negative Regulation Of Proteolysis (GO:0045861),3/41,0.1549166176240228,0.3711824442713317,0,0,2.3012800127206234,4.291584047625172,IL10;ECM1;NLRP7
GO_Biological_Process_2023,Cell-Matrix Adhesion (GO:0007160),6/109,0.1554313621684833,0.3711824442713317,0,0,1.7000162057839916,3.1646669455070304,OTOA;ITGAM;SRC;FN1;HPSE;SIGLEC1
GO_Biological_Process_2023,Extracellular Structure Organization (GO:0043062),6/109,0.1554313621684833,0.3711824442713317,0,0,1.7000162057839916,3.1646669455070304,MMP12;MMP13;ADAMTSL4;MMP1;TGFBI;MMP9
GO_Biological_Process_2023,Positive Regulation Of Wnt Signaling Pathway (GO:0030177),6/109,0.1554313621684833,0.3711824442713317,0,0,1.7000162057839916,3.1646669455070304,ZEB2;PPM1N;GPC3;TNFAIP3;PLEKHA4;TLR2
GO_Biological_Process_2023,B Cell Chemotaxis (GO:0035754),1/5,0.1555700580423662,0.3711824442713317,0,0,7.278237951807229,13.54231978462842,CXCL13
GO_Biological_Process_2023,DNA Methylation Involved In Embryo Development (GO:0043045),1/5,0.1555700580423662,0.3711824442713317,0,0,7.278237951807229,13.54231978462842,TET3
GO_Biological_Process_2023,Regulation Of Excitatory Synapse Assembly (GO:1904889),1/5,0.1555700580423662,0.3711824442713317,0,0,7.278237951807229,13.54231978462842,SEMA4A
GO_Biological_Process_2023,ISG15-protein Conjugation (GO:0032020),1/5,0.1555700580423662,0.3711824442713317,0,0,7.278237951807229,13.54231978462842,ISG15
GO_Biological_Process_2023,L-aspartate Import Across Plasma Membrane (GO:0140009),1/5,0.1555700580423662,0.3711824442713317,0,0,7.278237951807229,13.54231978462842,SLC1A3
GO_Biological_Process_2023,L-aspartate Transmembrane Transport (GO:0070778),1/5,0.1555700580423662,0.3711824442713317,0,0,7.278237951807229,13.54231978462842,SLC1A3
GO_Biological_Process_2023,Regulation Of Fat Cell Proliferation (GO:0070344),1/5,0.1555700580423662,0.3711824442713317,0,0,7.278237951807229,13.54231978462842,TREM2
GO_Biological_Process_2023,L-phenylalanine Catabolic Process (GO:0006559),1/5,0.1555700580423662,0.3711824442713317,0,0,7.278237951807229,13.54231978462842,IL4I1
GO_Biological_Process_2023,L-phenylalanine Metabolic Process (GO:0006558),1/5,0.1555700580423662,0.3711824442713317,0,0,7.278237951807229,13.54231978462842,IL4I1
GO_Biological_Process_2023,Regulation Of Glomerular Filtration (GO:0003093),1/5,0.1555700580423662,0.3711824442713317,0,0,7.278237951807229,13.54231978462842,PTPRO
GO_Biological_Process_2023,Regulation Of Glucagon Secretion (GO:0070092),1/5,0.1555700580423662,0.3711824442713317,0,0,7.278237951807229,13.54231978462842,FFAR4
GO_Biological_Process_2023,Regulation Of Immature T Cell Proliferation In Thymus (GO:0033084),1/5,0.1555700580423662,0.3711824442713317,0,0,7.278237951807229,13.54231978462842,IL1A
GO_Biological_Process_2023,T-helper 2 Cell Differentiation (GO:0045064),1/5,0.1555700580423662,0.3711824442713317,0,0,7.278237951807229,13.54231978462842,MYB
GO_Biological_Process_2023,Regulation Of Interleukin-1-Mediated Signaling Pathway (GO:2000659),1/5,0.1555700580423662,0.3711824442713317,0,0,7.278237951807229,13.54231978462842,IL1RN
GO_Biological_Process_2023,Regulation Of Keratinocyte Apoptotic Process (GO:1902172),1/5,0.1555700580423662,0.3711824442713317,0,0,7.278237951807229,13.54231978462842,SERPINB13
GO_Biological_Process_2023,Regulation Of Macrophage Apoptotic Process (GO:2000109),1/5,0.1555700580423662,0.3711824442713317,0,0,7.278237951807229,13.54231978462842,NOD2
GO_Biological_Process_2023,Regulation Of Mast Cell Chemotaxis (GO:0060753),1/5,0.1555700580423662,0.3711824442713317,0,0,7.278237951807229,13.54231978462842,RIN3
GO_Biological_Process_2023,Regulation Of Morphogenesis Of A Branching Structure (GO:0060688),1/5,0.1555700580423662,0.3711824442713317,0,0,7.278237951807229,13.54231978462842,SIX2
GO_Biological_Process_2023,Aromatic Compound Biosynthetic Process (GO:0019438),1/5,0.1555700580423662,0.3711824442713317,0,0,7.278237951807229,13.54231978462842,GCH1
GO_Biological_Process_2023,Astrocyte Differentiation (GO:0048708),1/5,0.1555700580423662,0.3711824442713317,0,0,7.278237951807229,13.54231978462842,HES5
GO_Biological_Process_2023,Basic Amino Acid Transport (GO:0015802),1/5,0.1555700580423662,0.3711824442713317,0,0,7.278237951807229,13.54231978462842,SLC7A7
GO_Biological_Process_2023,Behavioral Fear Response (GO:0001662),1/5,0.1555700580423662,0.3711824442713317,0,0,7.278237951807229,13.54231978462842,MAPK8IP2
GO_Biological_Process_2023,Bundle Of His cell-Purkinje Myocyte Adhesion Involved In Cell Communication (GO:0086073),1/5,0.1555700580423662,0.3711824442713317,0,0,7.278237951807229,13.54231978462842,DSG2
GO_Biological_Process_2023,Regulation Of pro-B Cell Differentiation (GO:2000973),1/5,0.1555700580423662,0.3711824442713317,0,0,7.278237951807229,13.54231978462842,HES5
GO_Biological_Process_2023,Regulation Of Retinal Ganglion Cell Axon Guidance (GO:0090259),1/5,0.1555700580423662,0.3711824442713317,0,0,7.278237951807229,13.54231978462842,PTPRO
GO_Biological_Process_2023,Regulation Of Sarcomere Organization (GO:0060297),1/5,0.1555700580423662,0.3711824442713317,0,0,7.278237951807229,13.54231978462842,EDN1
GO_Biological_Process_2023,Regulation Of Thymocyte Apoptotic Process (GO:0070243),1/5,0.1555700580423662,0.3711824442713317,0,0,7.278237951807229,13.54231978462842,PTCRA
GO_Biological_Process_2023,Cellular Response To Iron Ion (GO:0071281),1/5,0.1555700580423662,0.3711824442713317,0,0,7.278237951807229,13.54231978462842,F3
GO_Biological_Process_2023,Cellular Response To Lipoteichoic Acid (GO:0071223),1/5,0.1555700580423662,0.3711824442713317,0,0,7.278237951807229,13.54231978462842,TLR2
GO_Biological_Process_2023,Cellular Response To Magnesium Ion (GO:0071286),1/5,0.1555700580423662,0.3711824442713317,0,0,7.278237951807229,13.54231978462842,FBP1
GO_Biological_Process_2023,Regulation Of Type B Pancreatic Cell Proliferation (GO:0061469),1/5,0.1555700580423662,0.3711824442713317,0,0,7.278237951807229,13.54231978462842,NR4A3
GO_Biological_Process_2023,Regulation Of Very-Low-Density Lipoprotein Particle Remodeling (GO:0010901),1/5,0.1555700580423662,0.3711824442713317,0,0,7.278237951807229,13.54231978462842,APOC2
GO_Biological_Process_2023,Chemokine (C-X-C Motif) Ligand 12 Signaling Pathway (GO:0038146),1/5,0.1555700580423662,0.3711824442713317,0,0,7.278237951807229,13.54231978462842,TREM2
GO_Biological_Process_2023,Renal Filtration Cell Differentiation (GO:0061318),1/5,0.1555700580423662,0.3711824442713317,0,0,7.278237951807229,13.54231978462842,PTPRO
GO_Biological_Process_2023,Renal System Process Involved In Regulation Of Blood Volume (GO:0001977),1/5,0.1555700580423662,0.3711824442713317,0,0,7.278237951807229,13.54231978462842,PTPRO
GO_Biological_Process_2023,Resolution Of Recombination Intermediates (GO:0071139),1/5,0.1555700580423662,0.3711824442713317,0,0,7.278237951807229,13.54231978462842,RMI2
GO_Biological_Process_2023,Response To Bile Acid (GO:1903412),1/5,0.1555700580423662,0.3711824442713317,0,0,7.278237951807229,13.54231978462842,CYP27B1
GO_Biological_Process_2023,Response To cGMP (GO:0070305),1/5,0.1555700580423662,0.3711824442713317,0,0,7.278237951807229,13.54231978462842,TLR7
GO_Biological_Process_2023,Response To Catecholamine (GO:0071869),1/5,0.1555700580423662,0.3711824442713317,0,0,7.278237951807229,13.54231978462842,NR4A3
GO_Biological_Process_2023,Contact Inhibition (GO:0060242),1/5,0.1555700580423662,0.3711824442713317,0,0,7.278237951807229,13.54231978462842,CEL
GO_Biological_Process_2023,Response To Lipoteichoic Acid (GO:0070391),1/5,0.1555700580423662,0.3711824442713317,0,0,7.278237951807229,13.54231978462842,TLR2
GO_Biological_Process_2023,Response To Peptidoglycan (GO:0032494),1/5,0.1555700580423662,0.3711824442713317,0,0,7.278237951807229,13.54231978462842,IRF5
GO_Biological_Process_2023,Response To Testosterone (GO:0033574),1/5,0.1555700580423662,0.3711824442713317,0,0,7.278237951807229,13.54231978462842,SPP1
GO_Biological_Process_2023,Detection Of Molecule Of Bacterial Origin (GO:0032490),1/5,0.1555700580423662,0.3711824442713317,0,0,7.278237951807229,13.54231978462842,TLR4
GO_Biological_Process_2023,Ear Development (GO:0043583),1/5,0.1555700580423662,0.3711824442713317,0,0,7.278237951807229,13.54231978462842,TBX1
GO_Biological_Process_2023,Enamel Mineralization (GO:0070166),1/5,0.1555700580423662,0.3711824442713317,0,0,7.278237951807229,13.54231978462842,TBX1
GO_Biological_Process_2023,Endothelin Receptor Signaling Pathway (GO:0086100),1/5,0.1555700580423662,0.3711824442713317,0,0,7.278237951807229,13.54231978462842,EDN1
GO_Biological_Process_2023,Equilibrioception (GO:0050957),1/5,0.1555700580423662,0.3711824442713317,0,0,7.278237951807229,13.54231978462842,MYO7A
GO_Biological_Process_2023,Erythrose 4-Phosphate/Phosphoenolpyruvate Family Amino Acid Catabolic Process (GO:1902222),1/5,0.1555700580423662,0.3711824442713317,0,0,7.278237951807229,13.54231978462842,IL4I1
GO_Biological_Process_2023,Establishment Of Lymphocyte Polarity (GO:0001767),1/5,0.1555700580423662,0.3711824442713317,0,0,7.278237951807229,13.54231978462842,CRTAM
GO_Biological_Process_2023,Subtelomeric Heterochromatin Formation (GO:0031509),1/5,0.1555700580423662,0.3711824442713317,0,0,7.278237951807229,13.54231978462842,EZH2
GO_Biological_Process_2023,Female Gonad Development (GO:0008585),1/5,0.1555700580423662,0.3711824442713317,0,0,7.278237951807229,13.54231978462842,ZFP42
GO_Biological_Process_2023,Galactolipid Biosynthetic Process (GO:0019375),1/5,0.1555700580423662,0.3711824442713317,0,0,7.278237951807229,13.54231978462842,FA2H
GO_Biological_Process_2023,Galactosylceramide Biosynthetic Process (GO:0006682),1/5,0.1555700580423662,0.3711824442713317,0,0,7.278237951807229,13.54231978462842,FA2H
GO_Biological_Process_2023,Gamma-Aminobutyric Acid Metabolic Process (GO:0009448),1/5,0.1555700580423662,0.3711824442713317,0,0,7.278237951807229,13.54231978462842,GAD1
GO_Biological_Process_2023,Toll-Like Receptor 9 Signaling Pathway (GO:0034162),1/5,0.1555700580423662,0.3711824442713317,0,0,7.278237951807229,13.54231978462842,PIK3AP1
GO_Biological_Process_2023,Glomerular Epithelial Cell Differentiation (GO:0072311),1/5,0.1555700580423662,0.3711824442713317,0,0,7.278237951807229,13.54231978462842,PTPRO
GO_Biological_Process_2023,Glutamate Catabolic Process (GO:0006538),1/5,0.1555700580423662,0.3711824442713317,0,0,7.278237951807229,13.54231978462842,GAD1
GO_Biological_Process_2023,Trigeminal Nerve Development (GO:0021559),1/5,0.1555700580423662,0.3711824442713317,0,0,7.278237951807229,13.54231978462842,TIFAB
GO_Biological_Process_2023,Glycolipid Transport (GO:0046836),1/5,0.1555700580423662,0.3711824442713317,0,0,7.278237951807229,13.54231978462842,SLC52A1
GO_Biological_Process_2023,Uridine Transport (GO:0015862),1/5,0.1555700580423662,0.3711824442713317,0,0,7.278237951807229,13.54231978462842,SLC29A3
GO_Biological_Process_2023,Valine Metabolic Process (GO:0006573),1/5,0.1555700580423662,0.3711824442713317,0,0,7.278237951807229,13.54231978462842,BCAT1
GO_Biological_Process_2023,Heme Transport (GO:0015886),1/5,0.1555700580423662,0.3711824442713317,0,0,7.278237951807229,13.54231978462842,FLVCR2
GO_Biological_Process_2023,Heparan Sulfate Proteoglycan Catabolic Process (GO:0030200),1/5,0.1555700580423662,0.3711824442713317,0,0,7.278237951807229,13.54231978462842,HPSE
GO_Biological_Process_2023,Hepatocyte Differentiation (GO:0070365),1/5,0.1555700580423662,0.3711824442713317,0,0,7.278237951807229,13.54231978462842,E2F7
GO_Biological_Process_2023,Hexose Import Across Plasma Membrane (GO:0140271),1/5,0.1555700580423662,0.3711824442713317,0,0,7.278237951807229,13.54231978462842,SLC2A5
GO_Biological_Process_2023,Hydrogen Peroxide Biosynthetic Process (GO:0050665),1/5,0.1555700580423662,0.3711824442713317,0,0,7.278237951807229,13.54231978462842,DUOX2
GO_Biological_Process_2023,Inclusion Body Assembly (GO:0070841),1/5,0.1555700580423662,0.3711824442713317,0,0,7.278237951807229,13.54231978462842,UBD
GO_Biological_Process_2023,Inflammatory Response To Wounding (GO:0090594),1/5,0.1555700580423662,0.3711824442713317,0,0,7.278237951807229,13.54231978462842,HMOX1
GO_Biological_Process_2023,Intracellular Oxygen Homeostasis (GO:0032364),1/5,0.1555700580423662,0.3711824442713317,0,0,7.278237951807229,13.54231978462842,WNT7B
GO_Biological_Process_2023,Isoleucine Metabolic Process (GO:0006549),1/5,0.1555700580423662,0.3711824442713317,0,0,7.278237951807229,13.54231978462842,SDS
GO_Biological_Process_2023,Kidney Morphogenesis (GO:0060993),1/5,0.1555700580423662,0.3711824442713317,0,0,7.278237951807229,13.54231978462842,WNT7B
GO_Biological_Process_2023,Leukocyte Chemotaxis Involved In Inflammatory Response (GO:0002232),1/5,0.1555700580423662,0.3711824442713317,0,0,7.278237951807229,13.54231978462842,SLAMF8
GO_Biological_Process_2023,mRNA 3'-End Processing By Stem-Loop Binding And Cleavage (GO:0006398),1/5,0.1555700580423662,0.3711824442713317,0,0,7.278237951807229,13.54231978462842,ZNF473
GO_Biological_Process_2023,Maintenance Of DNA Repeat Elements (GO:0043570),1/5,0.1555700580423662,0.3711824442713317,0,0,7.278237951807229,13.54231978462842,RMI2
GO_Biological_Process_2023,Mesenchymal To Epithelial Transition Involved In Metanephros Morphogenesis (GO:0003337),1/5,0.1555700580423662,0.3711824442713317,0,0,7.278237951807229,13.54231978462842,SIX2
GO_Biological_Process_2023,Mesodermal Cell Fate Commitment (GO:0001710),1/5,0.1555700580423662,0.3711824442713317,0,0,7.278237951807229,13.54231978462842,SIX2
GO_Biological_Process_2023,Metanephric Collecting Duct Development (GO:0072205),1/5,0.1555700580423662,0.3711824442713317,0,0,7.278237951807229,13.54231978462842,WNT7B
GO_Biological_Process_2023,Monoterpenoid Metabolic Process (GO:0016098),1/5,0.1555700580423662,0.3711824442713317,0,0,7.278237951807229,13.54231978462842,CYP2E1
GO_Biological_Process_2023,Natural Killer Cell Degranulation (GO:0043320),1/5,0.1555700580423662,0.3711824442713317,0,0,7.278237951807229,13.54231978462842,FCGR3A
GO_Biological_Process_2023,Negative Regulation Of Cytokinesis (GO:0032466),1/5,0.1555700580423662,0.3711824442713317,0,0,7.278237951807229,13.54231978462842,E2F7
GO_Biological_Process_2023,Negative Regulation Of Mast Cell Activation (GO:0033004),1/5,0.1555700580423662,0.3711824442713317,0,0,7.278237951807229,13.54231978462842,CD300LF
GO_Biological_Process_2023,Negative Regulation Of Monocyte Chemotaxis (GO:0090027),1/5,0.1555700580423662,0.3711824442713317,0,0,7.278237951807229,13.54231978462842,SLAMF8
GO_Biological_Process_2023,Negative Regulation Of Myeloid Cell Apoptotic Process (GO:0033033),1/5,0.1555700580423662,0.3711824442713317,0,0,7.278237951807229,13.54231978462842,NOD2
GO_Biological_Process_2023,Negative Regulation Of Myeloid Leukocyte Mediated Immunity (GO:0002887),1/5,0.1555700580423662,0.3711824442713317,0,0,7.278237951807229,13.54231978462842,LGALS9
GO_Biological_Process_2023,Negative Regulation Of Neuron Migration (GO:2001223),1/5,0.1555700580423662,0.3711824442713317,0,0,7.278237951807229,13.54231978462842,NEXMIF
GO_Biological_Process_2023,Negative Regulation Of Protein Kinase Activity By Regulation Of Protein Phosphorylation (GO:0044387),1/5,0.1555700580423662,0.3711824442713317,0,0,7.278237951807229,13.54231978462842,CORO1C
GO_Biological_Process_2023,Negative Regulation Of Relaxation Of Muscle (GO:1901078),1/5,0.1555700580423662,0.3711824442713317,0,0,7.278237951807229,13.54231978462842,TIFAB
GO_Biological_Process_2023,Notochord Development (GO:0030903),1/5,0.1555700580423662,0.3711824442713317,0,0,7.278237951807229,13.54231978462842,STIL
GO_Biological_Process_2023,Nucleobase Transport (GO:0015851),1/5,0.1555700580423662,0.3711824442713317,0,0,7.278237951807229,13.54231978462842,SLC29A3
GO_Biological_Process_2023,Nucleoside Transport (GO:0015858),1/5,0.1555700580423662,0.3711824442713317,0,0,7.278237951807229,13.54231978462842,SLC29A3
GO_Biological_Process_2023,"Nucleotide-Binding Domain, Leucine Rich Repeat Containing Receptor Signaling Pathway (GO:0035872)",1/5,0.1555700580423662,0.3711824442713317,0,0,7.278237951807229,13.54231978462842,TNFAIP3
GO_Biological_Process_2023,"Nucleotide-Excision Repair, DNA Gap Filling (GO:0006297)",1/5,0.1555700580423662,0.3711824442713317,0,0,7.278237951807229,13.54231978462842,POLB
GO_Biological_Process_2023,Positive Regulation Of T Cell Mediated Immune Response To Tumor Cell (GO:0002842),1/5,0.1555700580423662,0.3711824442713317,0,0,7.278237951807229,13.54231978462842,HLA-DRB1
GO_Biological_Process_2023,Positive Regulation Of T-helper 2 Cell Differentiation (GO:0045630),1/5,0.1555700580423662,0.3711824442713317,0,0,7.278237951807229,13.54231978462842,TNFSF4
GO_Biological_Process_2023,"Positive Regulation Of Wnt Signaling Pathway, Planar Cell Polarity Pathway (GO:2000096)",1/5,0.1555700580423662,0.3711824442713317,0,0,7.278237951807229,13.54231978462842,PLEKHA4
GO_Biological_Process_2023,Positive Regulation Of Animal Organ Morphogenesis (GO:0110110),1/5,0.1555700580423662,0.3711824442713317,0,0,7.278237951807229,13.54231978462842,SIX4
GO_Biological_Process_2023,Positive Regulation Of Antigen Processing And Presentation (GO:0002579),1/5,0.1555700580423662,0.3711824442713317,0,0,7.278237951807229,13.54231978462842,NOD2
GO_Biological_Process_2023,Positive Regulation Of Autophagy Of Mitochondrion In Response To Mitochondrial Depolarization (GO:1904925),1/5,0.1555700580423662,0.3711824442713317,0,0,7.278237951807229,13.54231978462842,HK2
GO_Biological_Process_2023,Positive Regulation Of Cell-Cell Adhesion Mediated By Integrin (GO:0033634),1/5,0.1555700580423662,0.3711824442713317,0,0,7.278237951807229,13.54231978462842,CXCL13
GO_Biological_Process_2023,Positive Regulation Of Cholesterol Storage (GO:0010886),1/5,0.1555700580423662,0.3711824442713317,0,0,7.278237951807229,13.54231978462842,MSR1
GO_Biological_Process_2023,Positive Regulation Of Dendritic Cell Antigen Processing And Presentation (GO:0002606),1/5,0.1555700580423662,0.3711824442713317,0,0,7.278237951807229,13.54231978462842,NOD2
GO_Biological_Process_2023,Positive Regulation Of Fever Generation (GO:0031622),1/5,0.1555700580423662,0.3711824442713317,0,0,7.278237951807229,13.54231978462842,TNFRSF11A
GO_Biological_Process_2023,Positive Regulation Of Killing Of Cells Of Another Organism (GO:0051712),1/5,0.1555700580423662,0.3711824442713317,0,0,7.278237951807229,13.54231978462842,SYK
GO_Biological_Process_2023,Positive Regulation Of Lipoprotein Particle Clearance (GO:0010986),1/5,0.1555700580423662,0.3711824442713317,0,0,7.278237951807229,13.54231978462842,TREM2
GO_Biological_Process_2023,Positive Regulation Of Microglial Cell Activation (GO:1903980),1/5,0.1555700580423662,0.3711824442713317,0,0,7.278237951807229,13.54231978462842,TREM2
GO_Biological_Process_2023,Positive Regulation Of Microglial Cell Migration (GO:1904141),1/5,0.1555700580423662,0.3711824442713317,0,0,7.278237951807229,13.54231978462842,TREM2
GO_Biological_Process_2023,Positive Regulation Of Monoatomic Ion Transmembrane Transport (GO:0034767),1/5,0.1555700580423662,0.3711824442713317,0,0,7.278237951807229,13.54231978462842,P2RX7
GO_Biological_Process_2023,Positive Regulation Of Natural Killer Cell Mediated Cytotoxicity Directed Against Tumor Cell Target (GO:0002860),1/5,0.1555700580423662,0.3711824442713317,0,0,7.278237951807229,13.54231978462842,CRTAM
GO_Biological_Process_2023,Positive Regulation Of Natural Killer Cell Mediated Immune Response To Tumor Cell (GO:0002857),1/5,0.1555700580423662,0.3711824442713317,0,0,7.278237951807229,13.54231978462842,CRTAM
GO_Biological_Process_2023,Positive Regulation Of Osteoblast Proliferation (GO:0033690),1/5,0.1555700580423662,0.3711824442713317,0,0,7.278237951807229,13.54231978462842,HPSE
GO_Biological_Process_2023,Positive Regulation Of Receptor Binding (GO:1900122),1/5,0.1555700580423662,0.3711824442713317,0,0,7.278237951807229,13.54231978462842,MMP9
GO_Biological_Process_2023,Positive Regulation Of Sterol Transport (GO:0032373),1/5,0.1555700580423662,0.3711824442713317,0,0,7.278237951807229,13.54231978462842,NR1H3
GO_Biological_Process_2023,Positive Regulation Of Toll-Like Receptor 7 Signaling Pathway (GO:0034157),1/5,0.1555700580423662,0.3711824442713317,0,0,7.278237951807229,13.54231978462842,RSAD2
GO_Biological_Process_2023,Protein Modification By Small Protein Conjugation Or Removal (GO:0070647),1/5,0.1555700580423662,0.3711824442713317,0,0,7.278237951807229,13.54231978462842,UBD
GO_Biological_Process_2023,Protein Sulfation (GO:0006477),1/5,0.1555700580423662,0.3711824442713317,0,0,7.278237951807229,13.54231978462842,HS3ST6
GO_Biological_Process_2023,Pteridine-Containing Compound Metabolic Process (GO:0042558),1/5,0.1555700580423662,0.3711824442713317,0,0,7.278237951807229,13.54231978462842,GCH1
GO_Biological_Process_2023,Purine Nucleobase Transmembrane Transport (GO:1904823),1/5,0.1555700580423662,0.3711824442713317,0,0,7.278237951807229,13.54231978462842,SLC29A3
GO_Biological_Process_2023,Pyrimidine Nucleoside Transport (GO:0015864),1/5,0.1555700580423662,0.3711824442713317,0,0,7.278237951807229,13.54231978462842,SLC29A3
GO_Biological_Process_2023,"Regulation Of DNA Damage Response, Signal Transduction By P53 Class Mediator Resulting In Transcription Of P21 Class Mediator (GO:1902162)",1/5,0.1555700580423662,0.3711824442713317,0,0,7.278237951807229,13.54231978462842,ZNF385A
GO_Biological_Process_2023,G1/S Transition Of Mitotic Cell Cycle (GO:0000082),4/63,0.1571544415826396,0.374343954495941,0,0,1.9770763352906484,3.658631662256546,CCNE2;CCNE1;E2F2;BCAT1
GO_Biological_Process_2023,Inorganic Anion Transmembrane Transport (GO:0098661),4/63,0.1571544415826396,0.374343954495941,0,0,1.9770763352906484,3.658631662256546,CYP27B1;SLC37A2;SLC12A5;SLC1A3
GO_Biological_Process_2023,Negative Regulation Of Angiogenesis (GO:0016525),5/86,0.1581840577626603,0.3764858819132733,0,0,1.8007856341189674,3.3206415086983845,CXCL10;STAT1;STAB1;E2F2;PPARG
GO_Biological_Process_2023,External Encapsulating Structure Organization (GO:0045229),6/110,0.1601200017265721,0.3807796087187921,0,0,1.6835823508812886,3.0840395772725584,MMP12;MMP13;ADAMTSL4;MMP1;TGFBI;MMP9
GO_Biological_Process_2023,Amino Acid Transmembrane Transport (GO:0003333),3/42,0.1629803027909168,0.3853596512345429,0,0,2.2421566349058795,4.067554484340266,SLC36A1;SLC7A7;SLC38A6
GO_Biological_Process_2023,Branching Morphogenesis Of An Epithelial Tube (GO:0048754),3/42,0.1629803027909168,0.3853596512345429,0,0,2.2421566349058795,4.067554484340266,HOXD11;RASIP1;EPHA2
GO_Biological_Process_2023,Skeletal Muscle Tissue Development (GO:0007519),3/42,0.1629803027909168,0.3853596512345429,0,0,2.2421566349058795,4.067554484340266,RYR1;EGR2;SIX4
GO_Biological_Process_2023,Stress-Activated MAPK Cascade (GO:0051403),3/42,0.1629803027909168,0.3853596512345429,0,0,2.2421566349058795,4.067554484340266,LGALS9;MAPK8IP2;TRIB1
GO_Biological_Process_2023,Substantia Nigra Development (GO:0021762),3/42,0.1629803027909168,0.3853596512345429,0,0,2.2421566349058795,4.067554484340266,GNB4;SYNGR3;INA
GO_Biological_Process_2023,Lipid Modification (GO:0030258),3/42,0.1629803027909168,0.3853596512345429,0,0,2.2421566349058795,4.067554484340266,ALOX15;CYP2E1;PLA2G7
GO_Biological_Process_2023,Modulation By Host Of Symbiont Process (GO:0051851),3/42,0.1629803027909168,0.3853596512345429,0,0,2.2421566349058795,4.067554484340266,CCL3;SPRR2A;POU2F3
GO_Biological_Process_2023,Glucose Homeostasis (GO:0042593),5/87,0.1635778006603775,0.3864559005781586,0,0,1.778732446415373,3.220335607739985,HK3;CEBPA;OAS1;PPARG;HK2
GO_Biological_Process_2023,T Cell Activation (GO:0042110),6/111,0.1648691675386819,0.3872187622478541,0,0,1.6674615217862565,3.005771214291247,CD86;CLEC7A;CD80;TNFSF4;SLAMF9;CRTAM
GO_Biological_Process_2023,Fc-epsilon Receptor Signaling Pathway (GO:0038095),2/22,0.1651078269231411,0.3872187622478541,0,0,2.9132730015082955,5.247260667072598,NR4A3;SYK
GO_Biological_Process_2023,NAD Metabolic Process (GO:0019674),2/22,0.1651078269231411,0.3872187622478541,0,0,2.9132730015082955,5.247260667072598,ME1;KMO
GO_Biological_Process_2023,Acylglycerol Biosynthetic Process (GO:0046463),2/22,0.1651078269231411,0.3872187622478541,0,0,2.9132730015082955,5.247260667072598,PLA2G15;MOGAT2
GO_Biological_Process_2023,Regulation Of Release Of Sequestered Calcium Ion Into Cytosol By Sarcoplasmic Reticulum (GO:0010880),2/22,0.1651078269231411,0.3872187622478541,0,0,2.9132730015082955,5.247260667072598,CLIC2;SLC8A1
GO_Biological_Process_2023,Negative Regulation Of G Protein-Coupled Receptor Signaling Pathway (GO:0045744),2/22,0.1651078269231411,0.3872187622478541,0,0,2.9132730015082955,5.247260667072598,CXCL8;PLEK
GO_Biological_Process_2023,Negative Regulation Of Extrinsic Apoptotic Signaling Pathway In Absence Of Ligand (GO:2001240),2/22,0.1651078269231411,0.3872187622478541,0,0,2.9132730015082955,5.247260667072598,IL1A;IFI6
GO_Biological_Process_2023,Negative Regulation Of Signal Transduction In Absence Of Ligand (GO:1901099),2/22,0.1651078269231411,0.3872187622478541,0,0,2.9132730015082955,5.247260667072598,IL1A;IFI6
GO_Biological_Process_2023,Positive Regulation Of Phosphatase Activity (GO:0010922),2/22,0.1651078269231411,0.3872187622478541,0,0,2.9132730015082955,5.247260667072598,PLEK;CHP2
GO_Biological_Process_2023,Positive Regulation Of Nucleic Acid-Templated Transcription (GO:1903508),23/557,0.1688880944799872,0.3945015376484088,0,0,1.2613409639819384,2.2433188020928627,TBX1;IL10;CD86;CIITA;EGR2;DTX3L;STAT1;CD80;NR1H3;PARP9;MLLT11;SOX2;SIX4;ZIC2;LHX2;MYB;SPP1;PPARG;HIVEP3;APOE;ATF5;HLA-DRB1;HES5
GO_Biological_Process_2023,Regulation Of Endothelial Cell Migration (GO:0010594),5/88,0.1690440965298638,0.3945015376484088,0,0,1.7572106608251186,3.123610065267948,EDN1;CEACAM1;APOE;FUT1;EPHA2
GO_Biological_Process_2023,Regulation Of Tyrosine Phosphorylation Of STAT Protein (GO:0042509),4/65,0.170012392727665,0.3945015376484088,0,0,1.912055752585501,3.3879408922280274,GHR;CSF1R;PARP9;HES5
GO_Biological_Process_2023,Regulation Of Endothelial Cell Apoptotic Process (GO:2000351),3/43,0.1711663294406717,0.3945015376484088,0,0,2.185989425981873,3.858532581055487,IL10;TNFAIP3;ICAM1
GO_Biological_Process_2023,Intracellular Steroid Hormone Receptor Signaling Pathway (GO:0030518),3/43,0.1711663294406717,0.3945015376484088,0,0,2.185989425981873,3.858532581055487,EGLN2;SRC;PPARGC1B
GO_Biological_Process_2023,mRNA Transcription (GO:0009299),3/43,0.1711663294406717,0.3945015376484088,0,0,2.185989425981873,3.858532581055487,CYP27B1;NR1H3;PPARG
GO_Biological_Process_2023,Positive Regulation Of Cell-Matrix Adhesion (GO:0001954),3/43,0.1711663294406717,0.3945015376484088,0,0,2.185989425981873,3.858532581055487,CEACAM6;CD36;FUT1
GO_Biological_Process_2023,Regulation Of JUN Kinase Activity (GO:0043506),3/43,0.1711663294406717,0.3945015376484088,0,0,2.185989425981873,3.858532581055487,EDN1;DUSP10;TNFRSF11A
GO_Biological_Process_2023,Regulation Of Cell-Cell Adhesion (GO:0022407),3/43,0.1711663294406717,0.3945015376484088,0,0,2.185989425981873,3.858532581055487,CEACAM1;SRC;MUC21
GO_Biological_Process_2023,Axonogenesis (GO:0007409),9/188,0.1754596180501445,0.3945015376484088,0,0,1.4682177408366262,2.555207399679309,SEMA4A;SEMA7A;TUBB3;PTPRO;PLEKHG4B;ANOS1;SLITRK6;TRIM46;EPHB2
GO_Biological_Process_2023,Adenylate Cyclase-Modulating G Protein-Coupled Receptor Signaling Pathway (GO:0007188),8/163,0.1766588012663543,0.3945015376484088,0,0,1.506751117002995,2.6120059230192023,CXCL10;MARCO;CXCL11;CXCL9;ADGRF1;ADGRG6;ADM;AKAP5
GO_Biological_Process_2023,Regulation Of Cholesterol Metabolic Process (GO:0090181),2/23,0.1770677073759409,0.3945015376484088,0,0,2.7744020685197155,4.803108927529514,APOE;ABCG1
GO_Biological_Process_2023,Regulation Of Lipid Catabolic Process (GO:0050994),2/23,0.1770677073759409,0.3945015376484088,0,0,2.7744020685197155,4.803108927529514,APOC1;ABCD1
GO_Biological_Process_2023,Bile Acid And Bile Salt Transport (GO:0015721),2/23,0.1770677073759409,0.3945015376484088,0,0,2.7744020685197155,4.803108927529514,CEACAM1;SLCO2B1
GO_Biological_Process_2023,Cellular Response To Interleukin-6 (GO:0071354),2/23,0.1770677073759409,0.3945015376484088,0,0,2.7744020685197155,4.803108927529514,SRC;ST18
GO_Biological_Process_2023,Endocrine System Development (GO:0035270),2/23,0.1770677073759409,0.3945015376484088,0,0,2.7744020685197155,4.803108927529514,TBX1;SOX2
GO_Biological_Process_2023,Negative Regulation Of Neuron Differentiation (GO:0045665),2/23,0.1770677073759409,0.3945015376484088,0,0,2.7744020685197155,4.803108927529514,SOX2;HES5
GO_Biological_Process_2023,Positive Regulation Of Neuron Apoptotic Process (GO:0043525),2/23,0.1770677073759409,0.3945015376484088,0,0,2.7744020685197155,4.803108927529514,ITGAM;CCL3
GO_Biological_Process_2023,Regulation Of T Cell Migration (GO:2000404),2/23,0.1770677073759409,0.3945015376484088,0,0,2.7744020685197155,4.803108927529514,CXCL10;SPNS2
GO_Biological_Process_2023,Regulation Of Axon Extension Involved In Axon Guidance (GO:0048841),2/23,0.1770677073759409,0.3945015376484088,0,0,2.7744020685197155,4.803108927529514,SEMA4A;SEMA7A
GO_Biological_Process_2023,Regulation Of Cardiac Muscle Hypertrophy (GO:0010611),2/23,0.1770677073759409,0.3945015376484088,0,0,2.7744020685197155,4.803108927529514,EDN1;NR4A3
GO_Biological_Process_2023,Cellular Response To Ketone (GO:1901655),3/44,0.1794668876198339,0.3945015376484088,0,0,2.1325620809078183,3.66323956064871,SRC;TNFSF4;SPP1
GO_Biological_Process_2023,Embryonic Organ Morphogenesis (GO:0048562),3/44,0.1794668876198339,0.3945015376484088,0,0,2.1325620809078183,3.66323956064871,TBX1;SIX2;HOXC9
GO_Biological_Process_2023,Positive Regulation Of Chemotaxis (GO:0050921),3/44,0.1794668876198339,0.3945015376484088,0,0,2.1325620809078183,3.66323956064871,EDN2;TREM2;LGMN
GO_Biological_Process_2023,Regulation Of Phosphatidylinositol 3-Kinase Signaling (GO:0014066),5/90,0.1801860500450496,0.3945015376484088,0,0,1.7156862745098038,2.9402836896501783,CEACAM1;SRC;FN1;TREM2;PIK3AP1
GO_Biological_Process_2023,Positive Regulation Of Proteasomal Protein Catabolic Process (GO:1901800),5/90,0.1801860500450496,0.3945015376484088,0,0,1.7156862745098038,2.9402836896501783,RNF144B;CEBPA;RNF19B;TREM2;TRIB1
GO_Biological_Process_2023,Cholesterol Metabolic Process (GO:0008203),4/67,0.1832231973176674,0.3945015376484088,0,0,1.8511634608457603,3.1415173433881685,APOE;SCARF1;ABCG1;APOL2
GO_Biological_Process_2023,Negative Regulation Of Cellular Catabolic Process (GO:0031330),4/67,0.1832231973176674,0.3945015376484088,0,0,1.8511634608457603,3.1415173433881685,IL10;APOC1;TREM2;RASIP1
GO_Biological_Process_2023,Peptidyl-Tyrosine Phosphorylation (GO:0018108),4/67,0.1832231973176674,0.3945015376484088,0,0,1.8511634608457603,3.1415173433881685,CSF1R;SYK;SRC;EPHB2
GO_Biological_Process_2023,Regulation Of Cellular Response To Insulin Stimulus (GO:1900076),1/6,0.1836543355037968,0.3945015376484088,0,0,5.822289156626506,9.867032848996889,PPARG
GO_Biological_Process_2023,Regulation Of Entry Of Bacterium Into Host Cell (GO:2000535),1/6,0.1836543355037968,0.3945015376484088,0,0,5.822289156626506,9.867032848996889,CXCL8
GO_Biological_Process_2023,Regulation Of Glial Cell Apoptotic Process (GO:0034350),1/6,0.1836543355037968,0.3945015376484088,0,0,5.822289156626506,9.867032848996889,TREM2
GO_Biological_Process_2023,RIG-I Signaling Pathway (GO:0039529),1/6,0.1836543355037968,0.3945015376484088,0,0,5.822289156626506,9.867032848996889,OAS3
GO_Biological_Process_2023,Regulation Of Inositol Phosphate Biosynthetic Process (GO:0010919),1/6,0.1836543355037968,0.3945015376484088,0,0,5.822289156626506,9.867032848996889,PLEK
GO_Biological_Process_2023,Regulation Of Microglial Cell Migration (GO:1904139),1/6,0.1836543355037968,0.3945015376484088,0,0,5.822289156626506,9.867032848996889,TREM2
GO_Biological_Process_2023,Angiotensin-Activated Signaling Pathway (GO:0038166),1/6,0.1836543355037968,0.3945015376484088,0,0,5.822289156626506,9.867032848996889,SRC
GO_Biological_Process_2023,Regulation Of Muscle Organ Development (GO:0048634),1/6,0.1836543355037968,0.3945015376484088,0,0,5.822289156626506,9.867032848996889,TIFAB
GO_Biological_Process_2023,Regulation Of Natural Killer Cell Cytokine Production (GO:0002727),1/6,0.1836543355037968,0.3945015376484088,0,0,5.822289156626506,9.867032848996889,KIR2DL4
GO_Biological_Process_2023,Regulation Of Nucleotide-Binding Oligomerization Domain Containing 2 Signaling Pathway (GO:0070432),1/6,0.1836543355037968,0.3945015376484088,0,0,5.822289156626506,9.867032848996889,SLC15A3
GO_Biological_Process_2023,Regulation Of Osteoclast Development (GO:2001204),1/6,0.1836543355037968,0.3945015376484088,0,0,5.822289156626506,9.867032848996889,LILRB1
GO_Biological_Process_2023,Regulation Of Oxidative Stress-Induced Neuron Intrinsic Apoptotic Signaling Pathway (GO:1903376),1/6,0.1836543355037968,0.3945015376484088,0,0,5.822289156626506,9.867032848996889,TREM2
GO_Biological_Process_2023,Bleb Assembly (GO:0032060),1/6,0.1836543355037968,0.3945015376484088,0,0,5.822289156626506,9.867032848996889,P2RX7
GO_Biological_Process_2023,Cardiac Muscle Cell-Cardiac Muscle Cell Adhesion (GO:0086042),1/6,0.1836543355037968,0.3945015376484088,0,0,5.822289156626506,9.867032848996889,DSG2
GO_Biological_Process_2023,Regulation Of Relaxation Of Muscle (GO:1901077),1/6,0.1836543355037968,0.3945015376484088,0,0,5.822289156626506,9.867032848996889,TIFAB
GO_Biological_Process_2023,Regulation Of Saliva Secretion (GO:0046877),1/6,0.1836543355037968,0.3945015376484088,0,0,5.822289156626506,9.867032848996889,TIFAB
GO_Biological_Process_2023,Regulation Of Skeletal Muscle Contraction (GO:0014819),1/6,0.1836543355037968,0.3945015376484088,0,0,5.822289156626506,9.867032848996889,KCNJ2
GO_Biological_Process_2023,Cellular Response To Hepatocyte Growth Factor Stimulus (GO:0035729),1/6,0.1836543355037968,0.3945015376484088,0,0,5.822289156626506,9.867032848996889,LGMN
GO_Biological_Process_2023,Cellular Response To Interleukin-9 (GO:0071355),1/6,0.1836543355037968,0.3945015376484088,0,0,5.822289156626506,9.867032848996889,STAT1
GO_Biological_Process_2023,Regulation Of Toll-Like Receptor 7 Signaling Pathway (GO:0034155),1/6,0.1836543355037968,0.3945015376484088,0,0,5.822289156626506,9.867032848996889,RSAD2
GO_Biological_Process_2023,Cellular Response To Monoamine Stimulus (GO:0071868),1/6,0.1836543355037968,0.3945015376484088,0,0,5.822289156626506,9.867032848996889,NR4A3
GO_Biological_Process_2023,Cellular Response To Prostaglandin E Stimulus (GO:0071380),1/6,0.1836543355037968,0.3945015376484088,0,0,5.822289156626506,9.867032848996889,TNFSF4
GO_Biological_Process_2023,Regulation Of Vascular Associated Smooth Muscle Cell Apoptotic Process (GO:1905459),1/6,0.1836543355037968,0.3945015376484088,0,0,5.822289156626506,9.867032848996889,PPARG
GO_Biological_Process_2023,Release Of Sequestered Calcium Ion Into Cytosol By Sarcoplasmic Reticulum (GO:0014808),1/6,0.1836543355037968,0.3945015376484088,0,0,5.822289156626506,9.867032848996889,RYR1
GO_Biological_Process_2023,Response To Alkaloid (GO:0043279),1/6,0.1836543355037968,0.3945015376484088,0,0,5.822289156626506,9.867032848996889,RYR1
GO_Biological_Process_2023,Response To Hepatocyte Growth Factor (GO:0035728),1/6,0.1836543355037968,0.3945015376484088,0,0,5.822289156626506,9.867032848996889,LGMN
GO_Biological_Process_2023,Skeletal Muscle Cell Differentiation (GO:0035914),1/6,0.1836543355037968,0.3945015376484088,0,0,5.822289156626506,9.867032848996889,SIX4
GO_Biological_Process_2023,Epithelial Cell Differentiation Involved In Kidney Development (GO:0035850),1/6,0.1836543355037968,0.3945015376484088,0,0,5.822289156626506,9.867032848996889,SIX2
GO_Biological_Process_2023,Free Ubiquitin Chain Polymerization (GO:0010994),1/6,0.1836543355037968,0.3945015376484088,0,0,5.822289156626506,9.867032848996889,TRIM6
GO_Biological_Process_2023,Ganglioside Catabolic Process (GO:0006689),1/6,0.1836543355037968,0.3945015376484088,0,0,5.822289156626506,9.867032848996889,NEU4
GO_Biological_Process_2023,Toll-Like Receptor 3 Signaling Pathway (GO:0034138),1/6,0.1836543355037968,0.3945015376484088,0,0,5.822289156626506,9.867032848996889,OAS1
GO_Biological_Process_2023,Glomerular Epithelial Cell Development (GO:0072310),1/6,0.1836543355037968,0.3945015376484088,0,0,5.822289156626506,9.867032848996889,MYO1E
GO_Biological_Process_2023,Glycosylceramide Biosynthetic Process (GO:0046476),1/6,0.1836543355037968,0.3945015376484088,0,0,5.822289156626506,9.867032848996889,FA2H
GO_Biological_Process_2023,Very Long-Chain Fatty Acid Catabolic Process (GO:0042760),1/6,0.1836543355037968,0.3945015376484088,0,0,5.822289156626506,9.867032848996889,SLC27A2
GO_Biological_Process_2023,Hepatocyte Growth Factor Receptor Signaling Pathway (GO:0048012),1/6,0.1836543355037968,0.3945015376484088,0,0,5.822289156626506,9.867032848996889,MUC20
GO_Biological_Process_2023,Host-Mediated Regulation Of Intestinal Microbiota Composition (GO:0048874),1/6,0.1836543355037968,0.3945015376484088,0,0,5.822289156626506,9.867032848996889,SPRR2A
GO_Biological_Process_2023,Hyaluronan Biosynthetic Process (GO:0030213),1/6,0.1836543355037968,0.3945015376484088,0,0,5.822289156626506,9.867032848996889,HAS2
GO_Biological_Process_2023,Hypotonic Response (GO:0006971),1/6,0.1836543355037968,0.3945015376484088,0,0,5.822289156626506,9.867032848996889,SLC12A5
GO_Biological_Process_2023,Interleukin-3-Mediated Signaling Pathway (GO:0038156),1/6,0.1836543355037968,0.3945015376484088,0,0,5.822289156626506,9.867032848996889,SYK
GO_Biological_Process_2023,Interleukin-9-Mediated Signaling Pathway (GO:0038113),1/6,0.1836543355037968,0.3945015376484088,0,0,5.822289156626506,9.867032848996889,STAT1
GO_Biological_Process_2023,Keratinocyte Proliferation (GO:0043616),1/6,0.1836543355037968,0.3945015376484088,0,0,5.822289156626506,9.867032848996889,SDR16C5
GO_Biological_Process_2023,Lipid Hydroxylation (GO:0002933),1/6,0.1836543355037968,0.3945015376484088,0,0,5.822289156626506,9.867032848996889,CYP2E1
GO_Biological_Process_2023,Lymphocyte Migration Into Lymphoid Organs (GO:0097021),1/6,0.1836543355037968,0.3945015376484088,0,0,5.822289156626506,9.867032848996889,CRTAM
GO_Biological_Process_2023,Maintenance Of Lens Transparency (GO:0036438),1/6,0.1836543355037968,0.3945015376484088,0,0,5.822289156626506,9.867032848996889,GCNT2
GO_Biological_Process_2023,Metanephric Nephron Tubule Development (GO:0072234),1/6,0.1836543355037968,0.3945015376484088,0,0,5.822289156626506,9.867032848996889,WNT7B
GO_Biological_Process_2023,Monoacylglycerol Biosynthetic Process (GO:0006640),1/6,0.1836543355037968,0.3945015376484088,0,0,5.822289156626506,9.867032848996889,MOGAT2
GO_Biological_Process_2023,"Negative Regulation Of CD4-positive, Alpha-Beta T Cell Proliferation (GO:2000562)",1/6,0.1836543355037968,0.3945015376484088,0,0,5.822289156626506,9.867032848996889,LGALS9
GO_Biological_Process_2023,Negative Regulation Of Acute Inflammatory Response (GO:0002674),1/6,0.1836543355037968,0.3945015376484088,0,0,5.822289156626506,9.867032848996889,FCGR2B
GO_Biological_Process_2023,Negative Regulation Of Dendritic Cell Apoptotic Process (GO:2000669),1/6,0.1836543355037968,0.3945015376484088,0,0,5.822289156626506,9.867032848996889,LILRB1
GO_Biological_Process_2023,Negative Regulation Of Epidermal Cell Differentiation (GO:0045605),1/6,0.1836543355037968,0.3945015376484088,0,0,5.822289156626506,9.867032848996889,HOXA7
GO_Biological_Process_2023,Negative Regulation Of Hematopoietic Progenitor Cell Differentiation (GO:1901533),1/6,0.1836543355037968,0.3945015376484088,0,0,5.822289156626506,9.867032848996889,MYB
GO_Biological_Process_2023,Negative Regulation Of Lipoprotein Particle Clearance (GO:0010985),1/6,0.1836543355037968,0.3945015376484088,0,0,5.822289156626506,9.867032848996889,APOC2
GO_Biological_Process_2023,Negative Regulation Of Oligodendrocyte Differentiation (GO:0048715),1/6,0.1836543355037968,0.3945015376484088,0,0,5.822289156626506,9.867032848996889,HES5
GO_Biological_Process_2023,Negative Regulation Of Plasminogen Activation (GO:0010757),1/6,0.1836543355037968,0.3945015376484088,0,0,5.822289156626506,9.867032848996889,PLAU
GO_Biological_Process_2023,Negative Regulation Of Retinoic Acid Receptor Signaling Pathway (GO:0048387),1/6,0.1836543355037968,0.3945015376484088,0,0,5.822289156626506,9.867032848996889,EZH2
GO_Biological_Process_2023,Norepinephrine Transport (GO:0015874),1/6,0.1836543355037968,0.3945015376484088,0,0,5.822289156626506,9.867032848996889,SLC29A3
GO_Biological_Process_2023,Nose Development (GO:0043584),1/6,0.1836543355037968,0.3945015376484088,0,0,5.822289156626506,9.867032848996889,SIX4
GO_Biological_Process_2023,Pituitary Gland Development (GO:0021983),1/6,0.1836543355037968,0.3945015376484088,0,0,5.822289156626506,9.867032848996889,SOX2
GO_Biological_Process_2023,Podocyte Development (GO:0072015),1/6,0.1836543355037968,0.3945015376484088,0,0,5.822289156626506,9.867032848996889,MYO1E
GO_Biological_Process_2023,Positive Regulation Of B Cell Receptor Signaling Pathway (GO:0050861),1/6,0.1836543355037968,0.3945015376484088,0,0,5.822289156626506,9.867032848996889,NFAM1
GO_Biological_Process_2023,Positive Regulation Of IRE1-mediated Unfolded Protein Response (GO:1903896),1/6,0.1836543355037968,0.3945015376484088,0,0,5.822289156626506,9.867032848996889,BCL2L11
GO_Biological_Process_2023,Positive Regulation Of Cell Killing (GO:0031343),1/6,0.1836543355037968,0.3945015376484088,0,0,5.822289156626506,9.867032848996889,SYK
GO_Biological_Process_2023,Positive Regulation Of Chemokine (C-X-C Motif) Ligand 2 Production (GO:2000343),1/6,0.1836543355037968,0.3945015376484088,0,0,5.822289156626506,9.867032848996889,TLR4
GO_Biological_Process_2023,Positive Regulation Of Humoral Immune Response (GO:0002922),1/6,0.1836543355037968,0.3945015376484088,0,0,5.822289156626506,9.867032848996889,FCGR2B
GO_Biological_Process_2023,Positive Regulation Of Immune Response To Tumor Cell (GO:0002839),1/6,0.1836543355037968,0.3945015376484088,0,0,5.822289156626506,9.867032848996889,HLA-DRB1
GO_Biological_Process_2023,Positive Regulation Of Mast Cell Activation (GO:0033005),1/6,0.1836543355037968,0.3945015376484088,0,0,5.822289156626506,9.867032848996889,NR4A3
GO_Biological_Process_2023,Positive Regulation Of Membrane Depolarization (GO:1904181),1/6,0.1836543355037968,0.3945015376484088,0,0,5.822289156626506,9.867032848996889,MLLT11
GO_Biological_Process_2023,Positive Regulation Of Multicellular Organism Growth (GO:0040018),1/6,0.1836543355037968,0.3945015376484088,0,0,5.822289156626506,9.867032848996889,GHR
GO_Biological_Process_2023,Positive Regulation Of Natural Killer Cell Cytokine Production (GO:0002729),1/6,0.1836543355037968,0.3945015376484088,0,0,5.822289156626506,9.867032848996889,KIR2DL4
GO_Biological_Process_2023,Positive Regulation Of Phospholipid Biosynthetic Process (GO:0071073),1/6,0.1836543355037968,0.3945015376484088,0,0,5.822289156626506,9.867032848996889,FABP3
GO_Biological_Process_2023,Positive Regulation Of Protein K63-linked Ubiquitination (GO:1902523),1/6,0.1836543355037968,0.3945015376484088,0,0,5.822289156626506,9.867032848996889,NOD2
GO_Biological_Process_2023,Positive Regulation Of Spindle Assembly (GO:1905832),1/6,0.1836543355037968,0.3945015376484088,0,0,5.822289156626506,9.867032848996889,STIL
GO_Biological_Process_2023,Positive Regulation Of Steroid Metabolic Process (GO:0045940),1/6,0.1836543355037968,0.3945015376484088,0,0,5.822289156626506,9.867032848996889,APOE
GO_Biological_Process_2023,Positive Regulation Of Synaptic Plasticity (GO:0031915),1/6,0.1836543355037968,0.3945015376484088,0,0,5.822289156626506,9.867032848996889,EPHB2
GO_Biological_Process_2023,Positive Regulation Of Triglyceride Catabolic Process (GO:0010898),1/6,0.1836543355037968,0.3945015376484088,0,0,5.822289156626506,9.867032848996889,APOC2
GO_Biological_Process_2023,Proteoglycan Catabolic Process (GO:0030167),1/6,0.1836543355037968,0.3945015376484088,0,0,5.822289156626506,9.867032848996889,HPSE
GO_Biological_Process_2023,Receptor-Mediated Virion Attachment To Host Cell (GO:0046813),1/6,0.1836543355037968,0.3945015376484088,0,0,5.822289156626506,9.867032848996889,ICAM1
GO_Biological_Process_2023,Regulation Of MDA-5 Signaling Pathway (GO:0039533),1/6,0.1836543355037968,0.3945015376484088,0,0,5.822289156626506,9.867032848996889,DDX60
GO_Biological_Process_2023,Regulation Of MHC Class I Biosynthetic Process (GO:0045343),1/6,0.1836543355037968,0.3945015376484088,0,0,5.822289156626506,9.867032848996889,NLRC5
GO_Biological_Process_2023,Regulation Of NAD(P)H Oxidase Activity (GO:0033860),1/6,0.1836543355037968,0.3945015376484088,0,0,5.822289156626506,9.867032848996889,SLAMF8
GO_Biological_Process_2023,Regulation Of Adiponectin Secretion (GO:0070163),1/6,0.1836543355037968,0.3945015376484088,0,0,5.822289156626506,9.867032848996889,PPARG
GO_Biological_Process_2023,Regulation Of Blood-Brain Barrier Permeability (GO:1905603),1/6,0.1836543355037968,0.3945015376484088,0,0,5.822289156626506,9.867032848996889,TJP2
GO_Biological_Process_2023,Regulation Of Cardiac Muscle Hypertrophy In Response To Stress (GO:1903242),1/6,0.1836543355037968,0.3945015376484088,0,0,5.822289156626506,9.867032848996889,PPARG
GO_Biological_Process_2023,Regulation Of Cell Adhesion Molecule Production (GO:0060353),1/6,0.1836543355037968,0.3945015376484088,0,0,5.822289156626506,9.867032848996889,CXCL8
GO_Biological_Process_2023,Regulation Of Protein Modification Process (GO:0031399),3/45,0.1878742444529555,0.3997760584536347,0,0,2.081678895123004,3.480530584298319,CADM4;FN1;CORO1C
GO_Biological_Process_2023,Determination Of Left/Right Symmetry (GO:0007368),3/45,0.1878742444529555,0.3997760584536347,0,0,2.081678895123004,3.480530584298319,TBX1;DNAH11;STIL
GO_Biological_Process_2023,Epidermal Growth Factor Receptor Signaling Pathway (GO:0007173),3/45,0.1878742444529555,0.3997760584536347,0,0,2.081678895123004,3.480530584298319,SRC;FAM83A;HBEGF
GO_Biological_Process_2023,Triglyceride Metabolic Process (GO:0006641),3/45,0.1878742444529555,0.3997760584536347,0,0,2.081678895123004,3.480530584298319,MOGAT2;APOC1;APOE
GO_Biological_Process_2023,Organic Hydroxy Compound Transport (GO:0015850),3/45,0.1878742444529555,0.3997760584536347,0,0,2.081678895123004,3.480530584298319,CEACAM1;SLCO2B1;SLC29A3
GO_Biological_Process_2023,ERK1 And ERK2 Cascade (GO:0070371),2/24,0.1891562507265898,0.3997760584536347,0,0,2.6481557658028247,4.409661002058356,DUSP5;LGALS9
GO_Biological_Process_2023,Regulation Of Endoplasmic Reticulum Stress-Induced Intrinsic Apoptotic Signaling Pathway (GO:1902235),2/24,0.1891562507265898,0.3997760584536347,0,0,2.6481557658028247,4.409661002058356,BCL2L11;FCGR2B
GO_Biological_Process_2023,Amyloid Fibril Formation (GO:1990000),2/24,0.1891562507265898,0.3997760584536347,0,0,2.6481557658028247,4.409661002058356,CD36;CAMP
GO_Biological_Process_2023,Cell Morphogenesis Involved In Differentiation (GO:0000904),2/24,0.1891562507265898,0.3997760584536347,0,0,2.6481557658028247,4.409661002058356,POF1B;EPHA2
GO_Biological_Process_2023,Regulation Of Ryanodine-Sensitive Calcium-Release Channel Activity (GO:0060314),2/24,0.1891562507265898,0.3997760584536347,0,0,2.6481557658028247,4.409661002058356,CLIC2;JPH1
GO_Biological_Process_2023,Dicarboxylic Acid Transport (GO:0006835),2/24,0.1891562507265898,0.3997760584536347,0,0,2.6481557658028247,4.409661002058356,SLC1A3;FOLR2
GO_Biological_Process_2023,Fat-Soluble Vitamin Metabolic Process (GO:0006775),2/24,0.1891562507265898,0.3997760584536347,0,0,2.6481557658028247,4.409661002058356,CYP27B1;LGMN
GO_Biological_Process_2023,Iron Ion Transport (GO:0006826),2/24,0.1891562507265898,0.3997760584536347,0,0,2.6481557658028247,4.409661002058356,TTYH1;F3
GO_Biological_Process_2023,Lipid Translocation (GO:0034204),2/24,0.1891562507265898,0.3997760584536347,0,0,2.6481557658028247,4.409661002058356,ATP8B4;SLC52A1
GO_Biological_Process_2023,Natural Killer Cell Mediated Cytotoxicity (GO:0042267),2/24,0.1891562507265898,0.3997760584536347,0,0,2.6481557658028247,4.409661002058356,FCGR3A;ULBP1
GO_Biological_Process_2023,Negative Regulation Of Ion Transmembrane Transporter Activity (GO:0032413),2/24,0.1891562507265898,0.3997760584536347,0,0,2.6481557658028247,4.409661002058356,EPHB2;MMP9
GO_Biological_Process_2023,Positive Regulation Of ERBB Signaling Pathway (GO:1901186),2/24,0.1891562507265898,0.3997760584536347,0,0,2.6481557658028247,4.409661002058356,PLAUR;MMP9
GO_Biological_Process_2023,Positive Regulation Of Cellular Response To Transforming Growth Factor Beta Stimulus (GO:1903846),2/24,0.1891562507265898,0.3997760584536347,0,0,2.6481557658028247,4.409661002058356,CDKN2B;ZEB2
GO_Biological_Process_2023,Positive Regulation Of Lipid Metabolic Process (GO:0045834),2/24,0.1891562507265898,0.3997760584536347,0,0,2.6481557658028247,4.409661002058356,NR1H3;APOE
GO_Biological_Process_2023,Positive Regulation Of Transforming Growth Factor Beta Receptor Signaling Pathway (GO:0030511),2/24,0.1891562507265898,0.3997760584536347,0,0,2.6481557658028247,4.409661002058356,CDKN2B;ZEB2
GO_Biological_Process_2023,Protein K48-linked Deubiquitination (GO:0071108),2/24,0.1891562507265898,0.3997760584536347,0,0,2.6481557658028247,4.409661002058356,OTUB2;TNFAIP3
GO_Biological_Process_2023,Protein Kinase B Signaling (GO:0043491),2/24,0.1891562507265898,0.3997760584536347,0,0,2.6481557658028247,4.409661002058356,CCL3;EPHA2
GO_Biological_Process_2023,Cell-Cell Junction Organization (GO:0045216),4/68,0.1899517007928153,0.4011635407380087,0,0,1.82214447806354,3.026555457645638,CSF1R;DSG2;CLDN1;TJP2
GO_Biological_Process_2023,Modification-Dependent Protein Catabolic Process (GO:0019941),9/192,0.1907172940020776,0.4024859852222209,0,0,1.4358256697321072,2.379110129136353,HERC5;RNF144B;DTX3L;UBD;RNF19B;ISG15;ASB2;TRIM31;HERC6
GO_Biological_Process_2023,Positive Regulation Of Protein Phosphorylation (GO:0001934),16/377,0.191453626072397,0.4034493074977859,0,0,1.2957671935088717,2.142045266241415,TBX1;CSF1R;RIPK2;SRC;CD80;PLAUR;TREM2;MMP9;GHR;MARCO;TRIM6;GPNMB;CHI3L1;PPARG;CARD14;HLA-DRB1
GO_Biological_Process_2023,B Cell Activation (GO:0042113),5/92,0.191593003318138,0.4034493074977859,0,0,1.6760710553814002,2.7695095273880237,CD86;IL10;NFAM1;BLNK;EPHB2
GO_Biological_Process_2023,Positive Regulation Of Protein Catabolic Process (GO:0045732),5/92,0.191593003318138,0.4034493074977859,0,0,1.6760710553814002,2.7695095273880237,EGLN2;GPC3;TNFAIP3;TREM2;APOE
GO_Biological_Process_2023,Amino Acid Transport (GO:0006865),3/46,0.1963807577856216,0.4120285230574779,0,0,2.0331623691421346,3.309378108645167,SLC36A1;SLC7A7;SLC38A6
GO_Biological_Process_2023,Cardiac Conduction (GO:0061337),3/46,0.1963807577856216,0.4120285230574779,0,0,2.0331623691421346,3.309378108645167,KCNJ5;DSG2;KCNJ2
GO_Biological_Process_2023,Development Of Primary Male Sexual Characteristics (GO:0046546),3/46,0.1963807577856216,0.4120285230574779,0,0,2.0331623691421346,3.309378108645167,SIX4;ZFP42;LHFPL2
GO_Biological_Process_2023,Homotypic Cell-Cell Adhesion (GO:0034109),3/46,0.1963807577856216,0.4120285230574779,0,0,2.0331623691421346,3.309378108645167,CEACAM5;PLEK;TJP2
GO_Biological_Process_2023,Negative Regulation Of Cold-Induced Thermogenesis (GO:0120163),3/46,0.1963807577856216,0.4120285230574779,0,0,2.0331623691421346,3.309378108645167,NR1H3;TLR4;HOXC10
GO_Biological_Process_2023,Regulation Of Heart Contraction (GO:0008016),4/69,0.1967573165339414,0.412219428761603,0,0,1.7940183870592343,2.916686757910866,TMIGD3;CYP2J2;ADORA3;SLC8A1
GO_Biological_Process_2023,Positive Regulation Of Phosphatidylinositol 3-Kinase Signaling (GO:0014068),4/69,0.1967573165339414,0.412219428761603,0,0,1.7940183870592343,2.916686757910866,SRC;FN1;TREM2;PIK3AP1
GO_Biological_Process_2023,Regulation Of Endothelial Cell Proliferation (GO:0001936),5/93,0.1973904451019776,0.4123284141541539,0,0,1.6569387052341598,2.688501614628012,ECM1;EGR3;STAT1;APOE;FUT1
GO_Biological_Process_2023,Positive Regulation Of Cell Cycle Process (GO:0090068),6/118,0.1996962444397601,0.4123284141541539,0,0,1.5626761326685454,2.517405374721949,IL1A;STIL;EDN1;KIF14;ECT2;E2F7
GO_Biological_Process_2023,Regulation Of Keratinocyte Proliferation (GO:0010837),2/25,0.2013517225630883,0.4123284141541539,0,0,2.53288740245262,4.059463798522376,CYP27B1;EPPK1
GO_Biological_Process_2023,Regulation Of Platelet Aggregation (GO:0090330),2/25,0.2013517225630883,0.4123284141541539,0,0,2.53288740245262,4.059463798522376,CEACAM1;SYK
GO_Biological_Process_2023,Regulation Of Postsynapse Organization (GO:0099175),2/25,0.2013517225630883,0.4123284141541539,0,0,2.53288740245262,4.059463798522376,ARHGAP22;FCGR2B
GO_Biological_Process_2023,Sterol Transport (GO:0015918),2/25,0.2013517225630883,0.4123284141541539,0,0,2.53288740245262,4.059463798522376,MSR1;CD36
GO_Biological_Process_2023,"Wound Healing, Spreading Of Cells (GO:0044319)",2/25,0.2013517225630883,0.4123284141541539,0,0,2.53288740245262,4.059463798522376,MMP12;CEACAM1
GO_Biological_Process_2023,Lamellipodium Assembly (GO:0030032),2/25,0.2013517225630883,0.4123284141541539,0,0,2.53288740245262,4.059463798522376,ABLIM3;PTPRO
GO_Biological_Process_2023,Long-Chain Fatty Acid Biosynthetic Process (GO:0042759),2/25,0.2013517225630883,0.4123284141541539,0,0,2.53288740245262,4.059463798522376,ALOX15;CYP2E1
GO_Biological_Process_2023,Metanephros Development (GO:0001656),2/25,0.2013517225630883,0.4123284141541539,0,0,2.53288740245262,4.059463798522376,SIX4;WNT7B
GO_Biological_Process_2023,Negative Regulation Of Lipid Biosynthetic Process (GO:0051055),2/25,0.2013517225630883,0.4123284141541539,0,0,2.53288740245262,4.059463798522376,CEACAM1;APOC1
GO_Biological_Process_2023,Negative Regulation Of Protein Transport (GO:0051224),2/25,0.2013517225630883,0.4123284141541539,0,0,2.53288740245262,4.059463798522376,RSAD2;APOE
GO_Biological_Process_2023,Negative Regulation Of Transposition (GO:0010529),2/25,0.2013517225630883,0.4123284141541539,0,0,2.53288740245262,4.059463798522376,APOBEC3A;APOBEC3B
GO_Biological_Process_2023,Positive Regulation Of T Cell Migration (GO:2000406),2/25,0.2013517225630883,0.4123284141541539,0,0,2.53288740245262,4.059463798522376,CXCL10;CXCL13
GO_Biological_Process_2023,Regulation Of Biomineral Tissue Development (GO:0070167),2/25,0.2013517225630883,0.4123284141541539,0,0,2.53288740245262,4.059463798522376,CYP27B1;ECM1
GO_Biological_Process_2023,Regulation Of Cell Size (GO:0008361),2/25,0.2013517225630883,0.4123284141541539,0,0,2.53288740245262,4.059463798522376,EDN1;PLEK
GO_Biological_Process_2023,Sphingolipid Metabolic Process (GO:0006665),5/94,0.2032475982735169,0.4123284141541539,0,0,1.6382362955396663,2.6102516056276484,PLA2G15;FA2H;GM2A;SPNS2;B4GALNT1
GO_Biological_Process_2023,Sensory Organ Development (GO:0007423),4/70,0.2036363150759032,0.4123284141541539,0,0,1.7667446018429378,2.811632067773713,SOX2;SIX4;MYO7A;ASCL2
GO_Biological_Process_2023,Protein K48-linked Ubiquitination (GO:0070936),4/70,0.2036363150759032,0.4123284141541539,0,0,1.7667446018429378,2.811632067773713,TRIM6;DTX3L;TNFAIP3;TRIM31
GO_Biological_Process_2023,Regulation Of G Protein-Coupled Receptor Signaling Pathway (GO:0008277),4/70,0.2036363150759032,0.4123284141541539,0,0,1.7667446018429378,2.811632067773713,EDN1;CXCL8;GNG4;PLEK
GO_Biological_Process_2023,Secondary Alcohol Metabolic Process (GO:1902652),3/47,0.2049788884899027,0.4123284141541539,0,0,1.9868511397967592,3.148857627661974,APOE;ABCG1;APOL2
GO_Biological_Process_2023,Positive Regulation Of Cell-Substrate Adhesion (GO:0010811),4/71,0.2105849636247005,0.4123284141541539,0,0,1.7402849594689187,2.7111309072375884,ALOX15;FN1;CD36;FUT1
GO_Biological_Process_2023,Regulation Of Cilium Beat Frequency (GO:0003356),1/7,0.2108059367133811,0.4123284141541539,0,0,4.851656626506024,7.553142969486642,DNAH11
GO_Biological_Process_2023,Regulation Of Dopamine Metabolic Process (GO:0042053),1/7,0.2108059367133811,0.4123284141541539,0,0,4.851656626506024,7.553142969486642,ITGAM
GO_Biological_Process_2023,Regulation Of Extent Of Cell Growth (GO:0061387),1/7,0.2108059367133811,0.4123284141541539,0,0,4.851656626506024,7.553142969486642,APOE
GO_Biological_Process_2023,L-alanine Transport (GO:0015808),1/7,0.2108059367133811,0.4123284141541539,0,0,4.851656626506024,7.553142969486642,SLC36A1
GO_Biological_Process_2023,NADH Metabolic Process (GO:0006734),1/7,0.2108059367133811,0.4123284141541539,0,0,4.851656626506024,7.553142969486642,ME1
GO_Biological_Process_2023,TRIF-dependent Toll-Like Receptor Signaling Pathway (GO:0035666),1/7,0.2108059367133811,0.4123284141541539,0,0,4.851656626506024,7.553142969486642,TLR4
GO_Biological_Process_2023,Regulation Of Leukocyte Degranulation (GO:0043300),1/7,0.2108059367133811,0.4123284141541539,0,0,4.851656626506024,7.553142969486642,SYK
GO_Biological_Process_2023,Regulation Of Leukocyte Proliferation (GO:0070663),1/7,0.2108059367133811,0.4123284141541539,0,0,4.851656626506024,7.553142969486642,CSF2RA
GO_Biological_Process_2023,Regulation Of Lymphocyte Apoptotic Process (GO:0070228),1/7,0.2108059367133811,0.4123284141541539,0,0,4.851656626506024,7.553142969486642,CD274
GO_Biological_Process_2023,Regulation Of Microvillus Organization (GO:0032530),1/7,0.2108059367133811,0.4123284141541539,0,0,4.851656626506024,7.553142969486642,PLD1
GO_Biological_Process_2023,Axon Ensheathment In Central Nervous System (GO:0032291),1/7,0.2108059367133811,0.4123284141541539,0,0,4.851656626506024,7.553142969486642,HES5
GO_Biological_Process_2023,Catecholamine Transport (GO:0051937),1/7,0.2108059367133811,0.4123284141541539,0,0,4.851656626506024,7.553142969486642,SLC29A3
GO_Biological_Process_2023,Cellular Response To Interleukin-2 (GO:0071352),1/7,0.2108059367133811,0.4123284141541539,0,0,4.851656626506024,7.553142969486642,IL2RA
GO_Biological_Process_2023,Cellular Response To Leptin Stimulus (GO:0044320),1/7,0.2108059367133811,0.4123284141541539,0,0,4.851656626506024,7.553142969486642,NR4A3
GO_Biological_Process_2023,Regulation Of Vascular Wound Healing (GO:0061043),1/7,0.2108059367133811,0.4123284141541539,0,0,4.851656626506024,7.553142969486642,TNFAIP3
GO_Biological_Process_2023,Release Of Sequestered Calcium Ion Into Cytosol By Endoplasmic Reticulum (GO:1903514),1/7,0.2108059367133811,0.4123284141541539,0,0,4.851656626506024,7.553142969486642,RYR1
GO_Biological_Process_2023,Response To Auditory Stimulus (GO:0010996),1/7,0.2108059367133811,0.4123284141541539,0,0,4.851656626506024,7.553142969486642,TIFAB
GO_Biological_Process_2023,Collecting Duct Development (GO:0072044),1/7,0.2108059367133811,0.4123284141541539,0,0,4.851656626506024,7.553142969486642,WNT7B
GO_Biological_Process_2023,Coronary Vasculature Development (GO:0060976),1/7,0.2108059367133811,0.4123284141541539,0,0,4.851656626506024,7.553142969486642,GPC3
GO_Biological_Process_2023,Coronary Vasculature Morphogenesis (GO:0060977),1/7,0.2108059367133811,0.4123284141541539,0,0,4.851656626506024,7.553142969486642,TBX1
GO_Biological_Process_2023,Cytoplasmic Sequestering Of NF-kappaB (GO:0007253),1/7,0.2108059367133811,0.4123284141541539,0,0,4.851656626506024,7.553142969486642,IL10
GO_Biological_Process_2023,Dendritic Spine Maintenance (GO:0097062),1/7,0.2108059367133811,0.4123284141541539,0,0,4.851656626506024,7.553142969486642,TREM2
GO_Biological_Process_2023,Ethanol Oxidation (GO:0006069),1/7,0.2108059367133811,0.4123284141541539,0,0,4.851656626506024,7.553142969486642,ADH1C
GO_Biological_Process_2023,Fatty Acid Alpha-Oxidation (GO:0001561),1/7,0.2108059367133811,0.4123284141541539,0,0,4.851656626506024,7.553142969486642,SLC27A2
GO_Biological_Process_2023,Taurine Metabolic Process (GO:0019530),1/7,0.2108059367133811,0.4123284141541539,0,0,4.851656626506024,7.553142969486642,GHR
GO_Biological_Process_2023,Folic Acid Transport (GO:0015884),1/7,0.2108059367133811,0.4123284141541539,0,0,4.851656626506024,7.553142969486642,FOLR2
GO_Biological_Process_2023,Fructose Metabolic Process (GO:0006000),1/7,0.2108059367133811,0.4123284141541539,0,0,4.851656626506024,7.553142969486642,FBP1
GO_Biological_Process_2023,Fructose Transmembrane Transport (GO:0015755),1/7,0.2108059367133811,0.4123284141541539,0,0,4.851656626506024,7.553142969486642,SLC2A5
GO_Biological_Process_2023,Terpenoid Metabolic Process (GO:0006721),1/7,0.2108059367133811,0.4123284141541539,0,0,4.851656626506024,7.553142969486642,CYP2E1
GO_Biological_Process_2023,Galactosylceramide Metabolic Process (GO:0006681),1/7,0.2108059367133811,0.4123284141541539,0,0,4.851656626506024,7.553142969486642,FA2H
GO_Biological_Process_2023,Thyroid Gland Development (GO:0030878),1/7,0.2108059367133811,0.4123284141541539,0,0,4.851656626506024,7.553142969486642,TBX1
GO_Biological_Process_2023,Tooth Mineralization (GO:0034505),1/7,0.2108059367133811,0.4123284141541539,0,0,4.851656626506024,7.553142969486642,TBX1
GO_Biological_Process_2023,Ventricular Cardiac Muscle Cell Membrane Repolarization (GO:0099625),1/7,0.2108059367133811,0.4123284141541539,0,0,4.851656626506024,7.553142969486642,KCNJ5
GO_Biological_Process_2023,Hepoxilin Biosynthetic Process (GO:0051122),1/7,0.2108059367133811,0.4123284141541539,0,0,4.851656626506024,7.553142969486642,ALOX15
GO_Biological_Process_2023,Hepoxilin Metabolic Process (GO:0051121),1/7,0.2108059367133811,0.4123284141541539,0,0,4.851656626506024,7.553142969486642,ALOX15
GO_Biological_Process_2023,Interleukin-2-Mediated Signaling Pathway (GO:0038110),1/7,0.2108059367133811,0.4123284141541539,0,0,4.851656626506024,7.553142969486642,IL2RA
GO_Biological_Process_2023,Intermediate Filament Bundle Assembly (GO:0045110),1/7,0.2108059367133811,0.4123284141541539,0,0,4.851656626506024,7.553142969486642,EPPK1
GO_Biological_Process_2023,Kidney Epithelium Development (GO:0072073),1/7,0.2108059367133811,0.4123284141541539,0,0,4.851656626506024,7.553142969486642,WNT7B
GO_Biological_Process_2023,Lipoxygenase Pathway (GO:0019372),1/7,0.2108059367133811,0.4123284141541539,0,0,4.851656626506024,7.553142969486642,ALOX15
GO_Biological_Process_2023,Malate Metabolic Process (GO:0006108),1/7,0.2108059367133811,0.4123284141541539,0,0,4.851656626506024,7.553142969486642,ME1
GO_Biological_Process_2023,"Negative Regulation Of CD8-positive, Alpha-Beta T Cell Activation (GO:2001186)",1/7,0.2108059367133811,0.4123284141541539,0,0,4.851656626506024,7.553142969486642,LILRB1
GO_Biological_Process_2023,Negative Regulation Of SMAD Protein Signal Transduction (GO:0060392),1/7,0.2108059367133811,0.4123284141541539,0,0,4.851656626506024,7.553142969486642,PPARG
GO_Biological_Process_2023,Negative Regulation Of T Cell Apoptotic Process (GO:0070233),1/7,0.2108059367133811,0.4123284141541539,0,0,4.851656626506024,7.553142969486642,PTCRA
GO_Biological_Process_2023,"Negative Regulation Of Complement Activation, Classical Pathway (GO:0045959)",1/7,0.2108059367133811,0.4123284141541539,0,0,4.851656626506024,7.553142969486642,SUSD4
GO_Biological_Process_2023,Negative Regulation Of Glial Cell Apoptotic Process (GO:0034351),1/7,0.2108059367133811,0.4123284141541539,0,0,4.851656626506024,7.553142969486642,TREM2
GO_Biological_Process_2023,Negative Regulation Of Macrophage Migration (GO:1905522),1/7,0.2108059367133811,0.4123284141541539,0,0,4.851656626506024,7.553142969486642,SLAMF8
GO_Biological_Process_2023,Negative Regulation Of miRNA-mediated Gene Silencing (GO:0060965),1/7,0.2108059367133811,0.4123284141541539,0,0,4.851656626506024,7.553142969486642,PPARG
GO_Biological_Process_2023,Negative Regulation Of Monooxygenase Activity (GO:0032769),1/7,0.2108059367133811,0.4123284141541539,0,0,4.851656626506024,7.553142969486642,CYP27B1
GO_Biological_Process_2023,Negative Regulation Of Protein K63-linked Ubiquitination (GO:1900045),1/7,0.2108059367133811,0.4123284141541539,0,0,4.851656626506024,7.553142969486642,OTUB2
GO_Biological_Process_2023,Osteoblast Development (GO:0002076),1/7,0.2108059367133811,0.4123284141541539,0,0,4.851656626506024,7.553142969486642,CLEC5A
GO_Biological_Process_2023,Peroxisome Proliferator Activated Receptor Signaling Pathway (GO:0035357),1/7,0.2108059367133811,0.4123284141541539,0,0,4.851656626506024,7.553142969486642,PPARG
GO_Biological_Process_2023,Phosphatidylserine Acyl-Chain Remodeling (GO:0036150),1/7,0.2108059367133811,0.4123284141541539,0,0,4.851656626506024,7.553142969486642,PLA2G2F
GO_Biological_Process_2023,Plasma Membrane Phospholipid Scrambling (GO:0017121),1/7,0.2108059367133811,0.4123284141541539,0,0,4.851656626506024,7.553142969486642,P2RX7
GO_Biological_Process_2023,Positive Regulation Of CoA-transferase Activity (GO:1905920),1/7,0.2108059367133811,0.4123284141541539,0,0,4.851656626506024,7.553142969486642,APOE
GO_Biological_Process_2023,Positive Regulation Of T-helper 2 Cell Cytokine Production (GO:2000553),1/7,0.2108059367133811,0.4123284141541539,0,0,4.851656626506024,7.553142969486642,RSAD2
GO_Biological_Process_2023,Positive Regulation Of Adipose Tissue Development (GO:1904179),1/7,0.2108059367133811,0.4123284141541539,0,0,4.851656626506024,7.553142969486642,PPARG
GO_Biological_Process_2023,Positive Regulation Of Calcium Ion Import (GO:0090280),1/7,0.2108059367133811,0.4123284141541539,0,0,4.851656626506024,7.553142969486642,CCL3
GO_Biological_Process_2023,Positive Regulation Of Dendritic Cell Chemotaxis (GO:2000510),1/7,0.2108059367133811,0.4123284141541539,0,0,4.851656626506024,7.553142969486642,LGALS9
GO_Biological_Process_2023,Positive Regulation Of Endocytic Recycling (GO:2001137),1/7,0.2108059367133811,0.4123284141541539,0,0,4.851656626506024,7.553142969486642,AKAP5
GO_Biological_Process_2023,Positive Regulation Of Epithelial Tube Formation (GO:1905278),1/7,0.2108059367133811,0.4123284141541539,0,0,4.851656626506024,7.553142969486642,SIX4
GO_Biological_Process_2023,Positive Regulation Of Execution Phase Of Apoptosis (GO:1900119),1/7,0.2108059367133811,0.4123284141541539,0,0,4.851656626506024,7.553142969486642,CEL
GO_Biological_Process_2023,Positive Regulation Of Glial Cell Migration (GO:1903977),1/7,0.2108059367133811,0.4123284141541539,0,0,4.851656626506024,7.553142969486642,TREM2
GO_Biological_Process_2023,Positive Regulation Of Leukocyte Differentiation (GO:1902107),1/7,0.2108059367133811,0.4123284141541539,0,0,4.851656626506024,7.553142969486642,LGALS9
GO_Biological_Process_2023,Positive Regulation Of Melanin Biosynthetic Process (GO:0048023),1/7,0.2108059367133811,0.4123284141541539,0,0,4.851656626506024,7.553142969486642,ZEB2
GO_Biological_Process_2023,Positive Regulation Of Myeloid Cell Apoptotic Process (GO:0033034),1/7,0.2108059367133811,0.4123284141541539,0,0,4.851656626506024,7.553142969486642,CDKN2A
GO_Biological_Process_2023,Positive Regulation Of Oligodendrocyte Differentiation (GO:0048714),1/7,0.2108059367133811,0.4123284141541539,0,0,4.851656626506024,7.553142969486642,PTPRZ1
GO_Biological_Process_2023,Positive Regulation Of Secondary Metabolite Biosynthetic Process (GO:1900378),1/7,0.2108059367133811,0.4123284141541539,0,0,4.851656626506024,7.553142969486642,ZEB2
GO_Biological_Process_2023,Postsynapse Organization (GO:0099173),1/7,0.2108059367133811,0.4123284141541539,0,0,4.851656626506024,7.553142969486642,LGMN
GO_Biological_Process_2023,Protein Deubiquitination Involved In Ubiquitin-Dependent Protein Catabolic Process (GO:0071947),1/7,0.2108059367133811,0.4123284141541539,0,0,4.851656626506024,7.553142969486642,TNFAIP3
GO_Biological_Process_2023,Proximal/Distal Pattern Formation (GO:0009954),1/7,0.2108059367133811,0.4123284141541539,0,0,4.851656626506024,7.553142969486642,HOXC9
GO_Biological_Process_2023,"Regulation Of CD8-positive, Alpha-Beta T Cell Differentiation (GO:0043376)",1/7,0.2108059367133811,0.4123284141541539,0,0,4.851656626506024,7.553142969486642,LILRB4
GO_Biological_Process_2023,Regulation Of Cdc42 Protein Signal Transduction (GO:0032489),1/7,0.2108059367133811,0.4123284141541539,0,0,4.851656626506024,7.553142969486642,APOE
GO_Biological_Process_2023,Regulation Of CoA-transferase Activity (GO:1905918),1/7,0.2108059367133811,0.4123284141541539,0,0,4.851656626506024,7.553142969486642,APOE
GO_Biological_Process_2023,Regulation Of Alpha-Beta T Cell Differentiation (GO:0046637),1/7,0.2108059367133811,0.4123284141541539,0,0,4.851656626506024,7.553142969486642,ZNF683
GO_Biological_Process_2023,Regulation Of Apoptotic Cell Clearance (GO:2000425),1/7,0.2108059367133811,0.4123284141541539,0,0,4.851656626506024,7.553142969486642,CD300LF
GO_Biological_Process_2023,Regulation Of Carbohydrate Biosynthetic Process (GO:0043255),1/7,0.2108059367133811,0.4123284141541539,0,0,4.851656626506024,7.553142969486642,FBP1
GO_Biological_Process_2023,Fc Receptor Signaling Pathway (GO:0038093),2/26,0.213633687582967,0.4145429553700751,0,0,2.4272247360482653,3.746403105341051,FCGR3A;SYK
GO_Biological_Process_2023,L-amino Acid Transport (GO:0015807),2/26,0.213633687582967,0.4145429553700751,0,0,2.4272247360482653,3.746403105341051,SLC36A1;SLC1A3
GO_Biological_Process_2023,Regulation Of Keratinocyte Differentiation (GO:0045616),2/26,0.213633687582967,0.4145429553700751,0,0,2.4272247360482653,3.746403105341051,CYP27B1;HOXA7
GO_Biological_Process_2023,Acute Inflammatory Response (GO:0002526),2/26,0.213633687582967,0.4145429553700751,0,0,2.4272247360482653,3.746403105341051,TNFSF4;APOL2
GO_Biological_Process_2023,Regulation Of Potassium Ion Transmembrane Transporter Activity (GO:1901016),2/26,0.213633687582967,0.4145429553700751,0,0,2.4272247360482653,3.746403105341051,KCNG1;KCNS1
GO_Biological_Process_2023,Cardiac Muscle Cell Development (GO:0055013),2/26,0.213633687582967,0.4145429553700751,0,0,2.4272247360482653,3.746403105341051,ASB2;SLC8A1
GO_Biological_Process_2023,Cellular Response To Xenobiotic Stimulus (GO:0071466),2/26,0.213633687582967,0.4145429553700751,0,0,2.4272247360482653,3.746403105341051,AIM2;FBP1
GO_Biological_Process_2023,Negative Regulation Of Catalytic Activity (GO:0043086),2/26,0.213633687582967,0.4145429553700751,0,0,2.4272247360482653,3.746403105341051,IFIT1;PARP9
GO_Biological_Process_2023,Positive Regulation Of Nuclear Division (GO:0051785),2/26,0.213633687582967,0.4145429553700751,0,0,2.4272247360482653,3.746403105341051,IL1A;EDN1
GO_Biological_Process_2023,Cellular Response To Mechanical Stimulus (GO:0071260),3/48,0.2136612114965956,0.4145429553700751,0,0,1.9425981873111784,2.998135413840895,TLR8;TLR7;TLR4
GO_Biological_Process_2023,Oligosaccharide Metabolic Process (GO:0009311),3/48,0.2136612114965956,0.4145429553700751,0,0,1.9425981873111784,2.998135413840895,NEU4;FUT1;GAL3ST4
GO_Biological_Process_2023,Regulation Of DNA Binding (GO:0051101),3/48,0.2136612114965956,0.4145429553700751,0,0,1.9425981873111784,2.998135413840895,PLAUR;PPARG;MMP9
GO_Biological_Process_2023,Generation Of Neurons (GO:0048699),8/172,0.2147166764531549,0.4163109771123293,0,0,1.4233953298437094,2.1898024807813425,IRX2;SIX4;ARTN;LHX2;WNT7B;ANOS1;TRIM46;ASCL2
GO_Biological_Process_2023,Positive Regulation Of Protein Modification Process (GO:0031401),10/225,0.217477665999255,0.4213345725118794,0,0,1.3577134741700692,2.071407942567227,TBX1;MARCO;CSF1R;GPNMB;PLAUR;TREM2;LILRB2;CARD14;MMP9;HLA-DRB1
GO_Biological_Process_2023,Positive Regulation Of Protein Localization To Nucleus (GO:1900182),4/72,0.2175995315605168,0.4213345725118794,0,0,1.714603541870606,2.614940004375682,DTX3L;CHP2;PARP9;ECT2
GO_Biological_Process_2023,Positive Regulation Of Macromolecule Biosynthetic Process (GO:0010557),6/122,0.2207170482789254,0.4270845297461513,0,0,1.5084767934697294,2.27911794796762,CIITA;NLRC5;NOD2;PLD1;TLR4;TLR2
GO_Biological_Process_2023,Interferon-Mediated Signaling Pathway (GO:0140888),3/49,0.2224204257551598,0.4300922767281624,0,0,1.900269276238014,2.8564579411958766,OAS2;IL10RB;STAT1
GO_Biological_Process_2023,Cellular Response To Reactive Oxygen Species (GO:0034614),4/73,0.2246762957511379,0.4338732212933347,0,0,1.6896665131881865,2.522831943651313,EDN1;TNFAIP3;ECT2;MMP9
GO_Biological_Process_2023,Positive Regulation Of Secretion By Cell (GO:1903532),4/73,0.2246762957511379,0.4338732212933347,0,0,1.6896665131881865,2.522831943651313,ACHE;IL1A;EDN1;TREM2
GO_Biological_Process_2023,Regulation Of Extrinsic Apoptotic Signaling Pathway In Absence Of Ligand (GO:2001239),2/27,0.225982947410319,0.4339264413636847,0,0,2.33001508295626,3.465421498845892,IL1A;IFI6
GO_Biological_Process_2023,T Cell Activation Involved In Immune Response (GO:0002286),2/27,0.225982947410319,0.4339264413636847,0,0,2.33001508295626,3.465421498845892,LILRB1;ICAM1
GO_Biological_Process_2023,Amino Acid Import Across Plasma Membrane (GO:0089718),2/27,0.225982947410319,0.4339264413636847,0,0,2.33001508295626,3.465421498845892,SLC36A1;SLC1A3
GO_Biological_Process_2023,Cardiac Muscle Cell Differentiation (GO:0055007),2/27,0.225982947410319,0.4339264413636847,0,0,2.33001508295626,3.465421498845892,ASB2;SLC8A1
GO_Biological_Process_2023,Cortical Cytoskeleton Organization (GO:0030865),2/27,0.225982947410319,0.4339264413636847,0,0,2.33001508295626,3.465421498845892,PLEK;EPB41L3
GO_Biological_Process_2023,Microtubule Polymerization Or Depolymerization (GO:0031109),2/27,0.225982947410319,0.4339264413636847,0,0,2.33001508295626,3.465421498845892,KIF14;TPPP
GO_Biological_Process_2023,Peptide Cross-Linking (GO:0018149),2/27,0.225982947410319,0.4339264413636847,0,0,2.33001508295626,3.465421498845892,SPRR2E;FN1
GO_Biological_Process_2023,Positive Regulation Of Mitotic Cell Cycle (GO:0045931),2/27,0.225982947410319,0.4339264413636847,0,0,2.33001508295626,3.465421498845892,FOXA1;LGMN
GO_Biological_Process_2023,Regulation Of Cell Motility (GO:2000145),6/123,0.2260847323442038,0.4339264413636847,0,0,1.4955060114392436,2.223586275802244,CSF1R;CEACAM1;CADM4;DUOXA2;KIF14;DUOX2
GO_Biological_Process_2023,Axon Guidance (GO:0007411),7/149,0.227968973567063,0.4339264413636847,0,0,1.437893317350914,2.1259910391359798,SEMA4A;SEMA7A;TUBB3;PTPRO;PLEKHG4B;ANOS1;EPHB2
GO_Biological_Process_2023,Negative Regulation Of Protein Phosphorylation (GO:0001933),7/149,0.227968973567063,0.4339264413636847,0,0,1.437893317350914,2.1259910391359798,CEACAM1;CADM4;PPARG;EPHB2;TRIB1;WARS1;CORO1C
GO_Biological_Process_2023,Intracellular Iron Ion Homeostasis (GO:0006879),3/50,0.231249362939094,0.4339264413636847,0,0,1.859741595423282,2.7231427317209618,HMOX1;F3;HAMP
GO_Biological_Process_2023,Positive Regulation Of Fat Cell Differentiation (GO:0045600),3/50,0.231249362939094,0.4339264413636847,0,0,1.859741595423282,2.7231427317209618,PPARG;ZNF385A;CMKLR1
GO_Biological_Process_2023,Enzyme-Linked Receptor Protein Signaling Pathway (GO:0007167),6/124,0.2314943604568148,0.4339264413636847,0,0,1.4827550731719863,2.169566877035097,CSF1R;SYK;BLNK;CLNK;MERTK;EPHA2
GO_Biological_Process_2023,Neuron Projection Guidance (GO:0097485),6/124,0.2314943604568148,0.4339264413636847,0,0,1.4827550731719863,2.169566877035097,SEMA4A;SEMA7A;TUBB3;PTPRO;PLEKHG4B;EPHB2
GO_Biological_Process_2023,Protein Dephosphorylation (GO:0006470),6/124,0.2314943604568148,0.4339264413636847,0,0,1.4827550731719863,2.169566877035097,DUSP5;DUSP10;PTPRZ1;PPM1N;PTPRO;PTPRH
GO_Biological_Process_2023,Negative Regulation Of Cell Growth (GO:0030308),6/125,0.2369443886259682,0.4339264413636847,0,0,1.4702184363882125,2.117011357484817,CYP27B1;DCSTAMP;GNG4;CDKN2A;TRIM46;FBP1
GO_Biological_Process_2023,CD40 Signaling Pathway (GO:0023035),1/8,0.2370557901163459,0.4339264413636847,0,0,4.158347676419965,5.985774165822479,CD86
GO_Biological_Process_2023,Regulation Of Dendritic Spine Maintenance (GO:1902950),1/8,0.2370557901163459,0.4339264413636847,0,0,4.158347676419965,5.985774165822479,FCGR2B
GO_Biological_Process_2023,Regulation Of Endothelial Cell Differentiation (GO:0045601),1/8,0.2370557901163459,0.4339264413636847,0,0,4.158347676419965,5.985774165822479,CEACAM1
GO_Biological_Process_2023,L-arginine Transmembrane Transport (GO:1903826),1/8,0.2370557901163459,0.4339264413636847,0,0,4.158347676419965,5.985774165822479,SLC7A7
GO_Biological_Process_2023,Regulation Of Fertilization (GO:0080154),1/8,0.2370557901163459,0.4339264413636847,0,0,4.158347676419965,5.985774165822479,LHFPL2
GO_Biological_Process_2023,MyD88-independent Toll-Like Receptor Signaling Pathway (GO:0002756),1/8,0.2370557901163459,0.4339264413636847,0,0,4.158347676419965,5.985774165822479,TLR4
GO_Biological_Process_2023,Regulation Of Helicase Activity (GO:0051095),1/8,0.2370557901163459,0.4339264413636847,0,0,4.158347676419965,5.985774165822479,IFIT1
GO_Biological_Process_2023,T Cell Mediated Cytotoxicity (GO:0001913),1/8,0.2370557901163459,0.4339264413636847,0,0,4.158347676419965,5.985774165822479,CRTAM
GO_Biological_Process_2023,Regulation Of Interleukin-23 Production (GO:0032667),1/8,0.2370557901163459,0.4339264413636847,0,0,4.158347676419965,5.985774165822479,TLR4
GO_Biological_Process_2023,Astral Microtubule Organization (GO:0030953),1/8,0.2370557901163459,0.4339264413636847,0,0,4.158347676419965,5.985774165822479,TPPP
GO_Biological_Process_2023,Auditory Behavior (GO:0031223),1/8,0.2370557901163459,0.4339264413636847,0,0,4.158347676419965,5.985774165822479,TIFAB
GO_Biological_Process_2023,Basic Amino Acid Transmembrane Transport (GO:1990822),1/8,0.2370557901163459,0.4339264413636847,0,0,4.158347676419965,5.985774165822479,SLC7A7
GO_Biological_Process_2023,Bone Resorption (GO:0045453),1/8,0.2370557901163459,0.4339264413636847,0,0,4.158347676419965,5.985774165822479,SRC
GO_Biological_Process_2023,Regulation Of Pinocytosis (GO:0048548),1/8,0.2370557901163459,0.4339264413636847,0,0,4.158347676419965,5.985774165822479,NR1H3
GO_Biological_Process_2023,Brown Fat Cell Differentiation (GO:0050873),1/8,0.2370557901163459,0.4339264413636847,0,0,4.158347676419965,5.985774165822479,FFAR4
GO_Biological_Process_2023,Bundle Of His Cell To Purkinje Myocyte Communication (GO:0086069),1/8,0.2370557901163459,0.4339264413636847,0,0,4.158347676419965,5.985774165822479,DSG2
GO_Biological_Process_2023,Regulation Of Toll-Like Receptor 3 Signaling Pathway (GO:0034139),1/8,0.2370557901163459,0.4339264413636847,0,0,4.158347676419965,5.985774165822479,TNFAIP3
GO_Biological_Process_2023,Cellular Response To Platelet-Derived Growth Factor Stimulus (GO:0036120),1/8,0.2370557901163459,0.4339264413636847,0,0,4.158347676419965,5.985774165822479,HAS2
GO_Biological_Process_2023,Cobalamin Transport (GO:0015889),1/8,0.2370557901163459,0.4339264413636847,0,0,4.158347676419965,5.985774165822479,ABCD1
GO_Biological_Process_2023,Commissural Neuron Axon Guidance (GO:0071679),1/8,0.2370557901163459,0.4339264413636847,0,0,4.158347676419965,5.985774165822479,EPHB2
GO_Biological_Process_2023,Constitutive Heterochromatin Formation (GO:0140719),1/8,0.2370557901163459,0.4339264413636847,0,0,4.158347676419965,5.985774165822479,EZH2
GO_Biological_Process_2023,Response To Leptin (GO:0044321),1/8,0.2370557901163459,0.4339264413636847,0,0,4.158347676419965,5.985774165822479,NR4A3
GO_Biological_Process_2023,Response To Magnesium Ion (GO:0032026),1/8,0.2370557901163459,0.4339264413636847,0,0,4.158347676419965,5.985774165822479,FBP1
GO_Biological_Process_2023,Sensory Organ Morphogenesis (GO:0090596),1/8,0.2370557901163459,0.4339264413636847,0,0,4.158347676419965,5.985774165822479,TBX1
GO_Biological_Process_2023,Embryonic Digestive Tract Morphogenesis (GO:0048557),1/8,0.2370557901163459,0.4339264413636847,0,0,4.158347676419965,5.985774165822479,SIX2
GO_Biological_Process_2023,Embryonic Placenta Development (GO:0001892),1/8,0.2370557901163459,0.4339264413636847,0,0,4.158347676419965,5.985774165822479,WNT7B
GO_Biological_Process_2023,Sphingosine-1-Phosphate Receptor Signaling Pathway (GO:0003376),1/8,0.2370557901163459,0.4339264413636847,0,0,4.158347676419965,5.985774165822479,SPNS2
GO_Biological_Process_2023,Fat-Soluble Vitamin Catabolic Process (GO:0042363),1/8,0.2370557901163459,0.4339264413636847,0,0,4.158347676419965,5.985774165822479,CYP4F11
GO_Biological_Process_2023,"Fructose 1,6-Bisphosphate Metabolic Process (GO:0030388)",1/8,0.2370557901163459,0.4339264413636847,0,0,4.158347676419965,5.985774165822479,FBP1
GO_Biological_Process_2023,Glucosamine-Containing Compound Catabolic Process (GO:1901072),1/8,0.2370557901163459,0.4339264413636847,0,0,4.158347676419965,5.985774165822479,CHI3L1
GO_Biological_Process_2023,Glutamine Transport (GO:0006868),1/8,0.2370557901163459,0.4339264413636847,0,0,4.158347676419965,5.985774165822479,SLC38A6
GO_Biological_Process_2023,Unsaturated Fatty Acid Biosynthetic Process (GO:0006636),1/8,0.2370557901163459,0.4339264413636847,0,0,4.158347676419965,5.985774165822479,ALOX15
GO_Biological_Process_2023,Vitamin K Metabolic Process (GO:0042373),1/8,0.2370557901163459,0.4339264413636847,0,0,4.158347676419965,5.985774165822479,CYP4F11
GO_Biological_Process_2023,Integrin Activation (GO:0033622),1/8,0.2370557901163459,0.4339264413636847,0,0,4.158347676419965,5.985774165822479,FN1
GO_Biological_Process_2023,Intestinal Epithelial Cell Differentiation (GO:0060575),1/8,0.2370557901163459,0.4339264413636847,0,0,4.158347676419965,5.985774165822479,SRC
GO_Biological_Process_2023,Learned Vocalization Behavior Or Vocal Learning (GO:0098598),1/8,0.2370557901163459,0.4339264413636847,0,0,4.158347676419965,5.985774165822479,TIFAB
GO_Biological_Process_2023,Manganese Ion Transport (GO:0006828),1/8,0.2370557901163459,0.4339264413636847,0,0,4.158347676419965,5.985774165822479,ATP2C2
GO_Biological_Process_2023,Modification-Dependent Macromolecule Catabolic Process (GO:0043632),1/8,0.2370557901163459,0.4339264413636847,0,0,4.158347676419965,5.985774165822479,ISG15
GO_Biological_Process_2023,Multi-Pass Transmembrane Protein Insertion Into ER Membrane (GO:0160063),1/8,0.2370557901163459,0.4339264413636847,0,0,4.158347676419965,5.985774165822479,NOMO2
GO_Biological_Process_2023,Negative Regulation Of T Cell Cytokine Production (GO:0002725),1/8,0.2370557901163459,0.4339264413636847,0,0,4.158347676419965,5.985774165822479,LILRB4
GO_Biological_Process_2023,Negative Regulation Of Glial Cell Differentiation (GO:0045686),1/8,0.2370557901163459,0.4339264413636847,0,0,4.158347676419965,5.985774165822479,HES5
GO_Biological_Process_2023,Negative Regulation Of Long-Term Synaptic Potentiation (GO:1900272),1/8,0.2370557901163459,0.4339264413636847,0,0,4.158347676419965,5.985774165822479,APOE
GO_Biological_Process_2023,Negative Regulation Of Oxidative Stress-Induced Neuron Death (GO:1903204),1/8,0.2370557901163459,0.4339264413636847,0,0,4.158347676419965,5.985774165822479,IL10
GO_Biological_Process_2023,Negative Regulation Of Platelet Aggregation (GO:0090331),1/8,0.2370557901163459,0.4339264413636847,0,0,4.158347676419965,5.985774165822479,CEACAM1
GO_Biological_Process_2023,Neuronal Action Potential (GO:0019228),1/8,0.2370557901163459,0.4339264413636847,0,0,4.158347676419965,5.985774165822479,KCNMB3
GO_Biological_Process_2023,Phosphatidylglycerol Acyl-Chain Remodeling (GO:0036148),1/8,0.2370557901163459,0.4339264413636847,0,0,4.158347676419965,5.985774165822479,PLA2G2F
GO_Biological_Process_2023,Plasminogen Activation (GO:0031639),1/8,0.2370557901163459,0.4339264413636847,0,0,4.158347676419965,5.985774165822479,PLAU
GO_Biological_Process_2023,Positive Regulation Of ATP Biosynthetic Process (GO:2001171),1/8,0.2370557901163459,0.4339264413636847,0,0,4.158347676419965,5.985774165822479,TREM2
GO_Biological_Process_2023,"Positive Regulation Of CD8-positive, Alpha-Beta T Cell Activation (GO:2001187)",1/8,0.2370557901163459,0.4339264413636847,0,0,4.158347676419965,5.985774165822479,LILRB4
GO_Biological_Process_2023,Positive Regulation Of Blood Vessel Endothelial Cell Proliferation Involved In Sprouting Angiogenesis (GO:1903589),1/8,0.2370557901163459,0.4339264413636847,0,0,4.158347676419965,5.985774165822479,HMOX1
GO_Biological_Process_2023,Positive Regulation Of Calcium Ion Transport Into Cytosol (GO:0010524),1/8,0.2370557901163459,0.4339264413636847,0,0,4.158347676419965,5.985774165822479,P2RX7
GO_Biological_Process_2023,Positive Regulation Of Cell-Cell Adhesion Mediated By Cadherin (GO:2000049),1/8,0.2370557901163459,0.4339264413636847,0,0,4.158347676419965,5.985774165822479,FOXA1
GO_Biological_Process_2023,Positive Regulation Of Centriole Replication (GO:0046601),1/8,0.2370557901163459,0.4339264413636847,0,0,4.158347676419965,5.985774165822479,STIL
GO_Biological_Process_2023,Positive Regulation Of Dendritic Cell Cytokine Production (GO:0002732),1/8,0.2370557901163459,0.4339264413636847,0,0,4.158347676419965,5.985774165822479,CLEC7A
GO_Biological_Process_2023,Positive Regulation Of Epithelial Cell Proliferation Involved In Wound Healing (GO:0060054),1/8,0.2370557901163459,0.4339264413636847,0,0,4.158347676419965,5.985774165822479,MMP12
GO_Biological_Process_2023,Positive Regulation Of Mast Cell Degranulation (GO:0043306),1/8,0.2370557901163459,0.4339264413636847,0,0,4.158347676419965,5.985774165822479,SYK
GO_Biological_Process_2023,Positive Regulation Of Membrane Invagination (GO:1905155),1/8,0.2370557901163459,0.4339264413636847,0,0,4.158347676419965,5.985774165822479,TREM2
GO_Biological_Process_2023,Positive Regulation Of Respiratory Burst (GO:0060267),1/8,0.2370557901163459,0.4339264413636847,0,0,4.158347676419965,5.985774165822479,CLEC7A
GO_Biological_Process_2023,Positive Regulation Of Smooth Muscle Cell Apoptotic Process (GO:0034393),1/8,0.2370557901163459,0.4339264413636847,0,0,4.158347676419965,5.985774165822479,PPARG
GO_Biological_Process_2023,Positive Regulation Of Synapse Maturation (GO:0090129),1/8,0.2370557901163459,0.4339264413636847,0,0,4.158347676419965,5.985774165822479,NEURL1
GO_Biological_Process_2023,Protein poly-ADP-ribosylation (GO:0070212),1/8,0.2370557901163459,0.4339264413636847,0,0,4.158347676419965,5.985774165822479,PARP9
GO_Biological_Process_2023,Purine Nucleobase Transport (GO:0006863),1/8,0.2370557901163459,0.4339264413636847,0,0,4.158347676419965,5.985774165822479,SLC29A3
GO_Biological_Process_2023,Regulation Of RNA Biosynthetic Process (GO:2001141),1/8,0.2370557901163459,0.4339264413636847,0,0,4.158347676419965,5.985774165822479,CXCL8
GO_Biological_Process_2023,"Regulation Of Wnt Signaling Pathway, Planar Cell Polarity Pathway (GO:2000095)",1/8,0.2370557901163459,0.4339264413636847,0,0,4.158347676419965,5.985774165822479,PLEKHA4
GO_Biological_Process_2023,Transmembrane Receptor Protein Tyrosine Kinase Signaling Pathway (GO:0007169),12/284,0.2379257437107897,0.4339264413636847,0,0,1.2879245113052875,1.849197705492964,GHR;CSF1R;NR4A3;SYK;SRC;BLNK;CLNK;EPHB2;MERTK;MUC20;MMP9;EPHA2
GO_Biological_Process_2023,Regulation Of Plasma Membrane Bounded Cell Projection Organization (GO:0120035),2/28,0.2383814811232434,0.4339264413636847,0,0,2.2402830954867152,3.2123039055324973,TREM2;FCGR2B
GO_Biological_Process_2023,Regulation Of Protein Localization To Membrane (GO:1905475),2/28,0.2383814811232434,0.4339264413636847,0,0,2.2402830954867152,3.2123039055324973,GPC3;GBP1
GO_Biological_Process_2023,Cell-Substrate Junction Assembly (GO:0007044),2/28,0.2383814811232434,0.4339264413636847,0,0,2.2402830954867152,3.2123039055324973,SRC;FN1
GO_Biological_Process_2023,Establishment Of Endothelial Barrier (GO:0061028),2/28,0.2383814811232434,0.4339264413636847,0,0,2.2402830954867152,3.2123039055324973,ICAM1;TJP2
GO_Biological_Process_2023,Glycosaminoglycan Metabolic Process (GO:0030203),2/28,0.2383814811232434,0.4339264413636847,0,0,2.2402830954867152,3.2123039055324973,CHST9;GCNT2
GO_Biological_Process_2023,Hematopoietic Progenitor Cell Differentiation (GO:0002244),2/28,0.2383814811232434,0.4339264413636847,0,0,2.2402830954867152,3.2123039055324973,FST;PLEK
GO_Biological_Process_2023,Negative Regulation Of Cation Channel Activity (GO:2001258),2/28,0.2383814811232434,0.4339264413636847,0,0,2.2402830954867152,3.2123039055324973,CLIC2;MMP9
GO_Biological_Process_2023,Positive Regulation Of Protein Import Into Nucleus (GO:0042307),2/28,0.2383814811232434,0.4339264413636847,0,0,2.2402830954867152,3.2123039055324973,CHP2;ECT2
GO_Biological_Process_2023,Primary Neural Tube Formation (GO:0014020),2/28,0.2383814811232434,0.4339264413636847,0,0,2.2402830954867152,3.2123039055324973,STIL;GRHL3
GO_Biological_Process_2023,Protein Complex Oligomerization (GO:0051259),5/100,0.2395190054235329,0.4357223495007811,0,0,1.5342902711323765,2.192688764412238,KCNC3;NLRC4;ECT2;CLDN1;HLA-DRB1
GO_Biological_Process_2023,Regulation Of Stress-Activated MAPK Cascade (GO:0032872),3/51,0.2401409954163794,0.4357555334802561,0,0,1.8209025679758308,2.5975704054076307,LGALS9;NOD2;MAPK8IP2
GO_Biological_Process_2023,Regulation Of Synapse Assembly (GO:0051963),3/51,0.2401409954163794,0.4357555334802561,0,0,1.8209025679758308,2.5975704054076307,SLITRK6;EPHB2;TLR2
GO_Biological_Process_2023,Sensory Perception (GO:0007600),3/51,0.2401409954163794,0.4357555334802561,0,0,1.8209025679758308,2.5975704054076307,P2RX7;CDH23;MYO7A
GO_Biological_Process_2023,Negative Regulation Of MAP Kinase Activity (GO:0043407),3/51,0.2401409954163794,0.4357555334802561,0,0,1.8209025679758308,2.5975704054076307,DUSP10;PPARG;APOE
GO_Biological_Process_2023,Regulation Of Ras Protein Signal Transduction (GO:0046578),4/76,0.2462427520638162,0.4465470007589432,0,0,1.619011598587998,2.2689434580852947,CADM4;KIF14;EPHB2;FBP1
GO_Biological_Process_2023,Regulation Of Cellular Component Organization (GO:0051128),7/153,0.2478054532117179,0.449098771765367,0,0,1.3982075196735646,1.9506551153704208,CEACAM1;EGLN2;KIF14;APOE;CD36;ATF5;MCM2
GO_Biological_Process_2023,Regulation Of Protein Localization To Nucleus (GO:1900180),3/52,0.2490884429106555,0.4491906734933307,0,0,1.783648806954806,2.479177759848653,DTX3L;PARP9;LILRB4
GO_Biological_Process_2023,Regulation Of Proteolysis (GO:0030162),3/52,0.2490884429106555,0.4491906734933307,0,0,1.783648806954806,2.479177759848653,SERPINB13;PLAUR;GSAP
GO_Biological_Process_2023,Cell Cycle G1/S Phase Transition (GO:0044843),3/52,0.2490884429106555,0.4491906734933307,0,0,1.783648806954806,2.479177759848653,CCNE2;CCNE1;BCAT1
GO_Biological_Process_2023,Negative Regulation Of Response To Stimulus (GO:0048585),3/52,0.2490884429106555,0.4491906734933307,0,0,1.783648806954806,2.479177759848653,MCTP1;NR1H3;FCGR2B
GO_Biological_Process_2023,Regulation Of Cell Development (GO:0060284),3/52,0.2490884429106555,0.4491906734933307,0,0,1.783648806954806,2.479177759848653,SLAMF8;ASCL2;HES5
GO_Biological_Process_2023,JNK Cascade (GO:0007254),2/29,0.2508123885248525,0.4491906734933307,0,0,2.1571979219038044,2.983512748565958,MAPK8IP2;TRIB1
GO_Biological_Process_2023,Alpha-Amino Acid Metabolic Process (GO:1901605),2/29,0.2508123885248525,0.4491906734933307,0,0,2.1571979219038044,2.983512748565958,ASPG;KMO
GO_Biological_Process_2023,Carbohydrate Derivative Biosynthetic Process (GO:1901137),2/29,0.2508123885248525,0.4491906734933307,0,0,2.1571979219038044,2.983512748565958,B3GNT5;GAL3ST4
GO_Biological_Process_2023,Cardiac Muscle Cell Action Potential (GO:0086001),2/29,0.2508123885248525,0.4491906734933307,0,0,2.1571979219038044,2.983512748565958,SLC8A1;KCNJ2
GO_Biological_Process_2023,Regulation Of Voltage-Gated Calcium Channel Activity (GO:1901385),2/29,0.2508123885248525,0.4491906734933307,0,0,2.1571979219038044,2.983512748565958,STAC3;AKAP5
GO_Biological_Process_2023,Sarcomere Organization (GO:0045214),2/29,0.2508123885248525,0.4491906734933307,0,0,2.1571979219038044,2.983512748565958,SIX4;TNNT1
GO_Biological_Process_2023,Tube Closure (GO:0060606),2/29,0.2508123885248525,0.4491906734933307,0,0,2.1571979219038044,2.983512748565958,STIL;GRHL3
GO_Biological_Process_2023,Glycolytic Process (GO:0006096),2/29,0.2508123885248525,0.4491906734933307,0,0,2.1571979219038044,2.983512748565958,HK3;HK2
GO_Biological_Process_2023,Heterotypic Cell-Cell Adhesion (GO:0034113),2/29,0.2508123885248525,0.4491906734933307,0,0,2.1571979219038044,2.983512748565958,DSG2;LILRB2
GO_Biological_Process_2023,Integrated Stress Response Signaling (GO:0140467),2/29,0.2508123885248525,0.4491906734933307,0,0,2.1571979219038044,2.983512748565958,CEBPA;BATF2
GO_Biological_Process_2023,Maintenance Of Blood-Brain Barrier (GO:0035633),2/29,0.2508123885248525,0.4491906734933307,0,0,2.1571979219038044,2.983512748565958,CLDN1;TJP2
GO_Biological_Process_2023,Modified Amino Acid Transport (GO:0072337),2/29,0.2508123885248525,0.4491906734933307,0,0,2.1571979219038044,2.983512748565958,SLC7A7;FOLR2
GO_Biological_Process_2023,Positive Regulation Of B Cell Proliferation (GO:0030890),2/29,0.2508123885248525,0.4491906734933307,0,0,2.1571979219038044,2.983512748565958,FCRL3;EPHB2
GO_Biological_Process_2023,Positive Regulation Of Calcium Ion Transport (GO:0051928),2/29,0.2508123885248525,0.4491906734933307,0,0,2.1571979219038044,2.983512748565958,CCR1;CCL3
GO_Biological_Process_2023,Activation Of GTPase Activity (GO:0090630),5/102,0.2519850162487202,0.4496417692073248,0,0,1.5024992189940642,2.071023366457493,ARHGAP22;CXCL13;ECT2;EPHA2;CORO1C
GO_Biological_Process_2023,Negative Regulation Of Cell Differentiation (GO:0045596),9/207,0.2525247039751238,0.4496417692073248,0,0,1.326011640798226,1.824918478525439,SOX2;FOXA1;TBX1;TNFAIP6;MYB;NR1H3;PPARG;ABCG1;HES5
GO_Biological_Process_2023,Actomyosin Structure Organization (GO:0031032),4/77,0.2535313922075194,0.4496417692073248,0,0,1.5967504611112262,2.191168968542959,SIX4;TNNT1;SRC;EPB41L3
GO_Biological_Process_2023,Negative Regulation Of Blood Vessel Morphogenesis (GO:2000181),4/77,0.2535313922075194,0.4496417692073248,0,0,1.5967504611112262,2.191168968542959,CXCL10;STAT1;STAB1;PPARG
GO_Biological_Process_2023,Positive Regulation Of Response To Stimulus (GO:0048584),4/77,0.2535313922075194,0.4496417692073248,0,0,1.5967504611112262,2.191168968542959,IFIH1;RSAD2;CD80;FCGR2B
GO_Biological_Process_2023,Regulation Of Proteasomal Protein Catabolic Process (GO:0061136),3/53,0.2580849786629337,0.4496417692073248,0,0,1.7478851963746225,2.3674517234549413,LAMP3;TREM2;APOE
GO_Biological_Process_2023,Spermatid Development (GO:0007286),3/53,0.2580849786629337,0.4496417692073248,0,0,1.7478851963746225,2.3674517234549413,ZMYND15;IQCN;DDX25
GO_Biological_Process_2023,Negative Regulation Of Cysteine-Type Endopeptidase Activity (GO:2000117),3/53,0.2580849786629337,0.4496417692073248,0,0,1.7478851963746225,2.3674517234549413,SRC;LAMP3;IFI6
GO_Biological_Process_2023,Protein Homooligomerization (GO:0051260),6/129,0.2591173449476613,0.4496417692073248,0,0,1.4221103667789334,1.9205234318342013,RYR1;GBP5;ME1;NLRC4;ECT2;KCNJ2
GO_Biological_Process_2023,Negative Regulation Of Protein Modification Process (GO:0031400),4/78,0.2608638937583215,0.4496417692073248,0,0,1.5750909759986915,2.1165387174490293,CADM4;TPPP;EPHB2;CORO1C
GO_Biological_Process_2023,Proteolysis Involved In Protein Catabolic Process (GO:0051603),4/78,0.2608638937583215,0.4496417692073248,0,0,1.5750909759986915,2.1165387174490293,TNFAIP3;ISG15;CEL;LGMN
GO_Biological_Process_2023,Regulation Of Cellular Response To Oxidative Stress (GO:1900407),1/9,0.262433800178158,0.4496417692073248,0,0,3.6383659638554215,4.867247421192894,GCH1
GO_Biological_Process_2023,B Cell Homeostasis (GO:0001782),1/9,0.262433800178158,0.4496417692073248,0,0,3.6383659638554215,4.867247421192894,TNFAIP3
GO_Biological_Process_2023,Regulation Of Complement Activation (GO:0030449),1/9,0.262433800178158,0.4496417692073248,0,0,3.6383659638554215,4.867247421192894,SUSD4
GO_Biological_Process_2023,Regulation Of Complement-Dependent Cytotoxicity (GO:1903659),1/9,0.262433800178158,0.4496417692073248,0,0,3.6383659638554215,4.867247421192894,IL10
GO_Biological_Process_2023,NAD Biosynthesis Via Nicotinamide Riboside Salvage Pathway (GO:0034356),1/9,0.262433800178158,0.4496417692073248,0,0,3.6383659638554215,4.867247421192894,PARP9
GO_Biological_Process_2023,Regulation Of Hair Cycle (GO:0042634),1/9,0.262433800178158,0.4496417692073248,0,0,3.6383659638554215,4.867247421192894,HPSE
GO_Biological_Process_2023,Regulation Of Long-Term Synaptic Depression (GO:1900452),1/9,0.262433800178158,0.4496417692073248,0,0,3.6383659638554215,4.867247421192894,LILRB2
GO_Biological_Process_2023,Regulation Of Mast Cell Activation (GO:0033003),1/9,0.262433800178158,0.4496417692073248,0,0,3.6383659638554215,4.867247421192894,CD300LF
GO_Biological_Process_2023,Amine Metabolic Process (GO:0009308),1/9,0.262433800178158,0.4496417692073248,0,0,3.6383659638554215,4.867247421192894,SULT1C2
GO_Biological_Process_2023,Aminoglycan Metabolic Process (GO:0006022),1/9,0.262433800178158,0.4496417692073248,0,0,3.6383659638554215,4.867247421192894,CHST9
GO_Biological_Process_2023,Regulation Of Myeloid Leukocyte Mediated Immunity (GO:0002886),1/9,0.262433800178158,0.4496417692073248,0,0,3.6383659638554215,4.867247421192894,SYK
GO_Biological_Process_2023,Aspartate Transmembrane Transport (GO:0015810),1/9,0.262433800178158,0.4496417692073248,0,0,3.6383659638554215,4.867247421192894,SLC1A3
GO_Biological_Process_2023,Regulation Of Receptor Binding (GO:1900120),1/9,0.262433800178158,0.4496417692073248,0,0,3.6383659638554215,4.867247421192894,MMP9
GO_Biological_Process_2023,Cellular Response To Prostaglandin Stimulus (GO:0071379),1/9,0.262433800178158,0.4496417692073248,0,0,3.6383659638554215,4.867247421192894,TNFSF4
GO_Biological_Process_2023,Regulation Of Viral-Induced Cytoplasmic Pattern Recognition Receptor Signaling Pathway (GO:0039531),1/9,0.262433800178158,0.4496417692073248,0,0,3.6383659638554215,4.867247421192894,FCRL3
GO_Biological_Process_2023,Chloride Ion Homeostasis (GO:0055064),1/9,0.262433800178158,0.4496417692073248,0,0,3.6383659638554215,4.867247421192894,SLC12A5
GO_Biological_Process_2023,Response To Interleukin-4 (GO:0070670),1/9,0.262433800178158,0.4496417692073248,0,0,3.6383659638554215,4.867247421192894,DCSTAMP
GO_Biological_Process_2023,Response To Platelet-Derived Growth Factor (GO:0036119),1/9,0.262433800178158,0.4496417692073248,0,0,3.6383659638554215,4.867247421192894,HAS2
GO_Biological_Process_2023,Dopamine Transport (GO:0015872),1/9,0.262433800178158,0.4496417692073248,0,0,3.6383659638554215,4.867247421192894,SLC29A3
GO_Biological_Process_2023,Ectoderm Development (GO:0007398),1/9,0.262433800178158,0.4496417692073248,0,0,3.6383659638554215,4.867247421192894,ITGAM
GO_Biological_Process_2023,Serine Family Amino Acid Catabolic Process (GO:0009071),1/9,0.262433800178158,0.4496417692073248,0,0,3.6383659638554215,4.867247421192894,SDS
GO_Biological_Process_2023,Serotonin Transport (GO:0006837),1/9,0.262433800178158,0.4496417692073248,0,0,3.6383659638554215,4.867247421192894,SLC29A3
GO_Biological_Process_2023,Endodermal Cell Fate Commitment (GO:0001711),1/9,0.262433800178158,0.4496417692073248,0,0,3.6383659638554215,4.867247421192894,SOX2
GO_Biological_Process_2023,Error-Prone Translesion Synthesis (GO:0042276),1/9,0.262433800178158,0.4496417692073248,0,0,3.6383659638554215,4.867247421192894,POLE2
GO_Biological_Process_2023,Ether Lipid Biosynthetic Process (GO:0008611),1/9,0.262433800178158,0.4496417692073248,0,0,3.6383659638554215,4.867247421192894,PLA2G4C
GO_Biological_Process_2023,Synaptic Vesicle Fusion To Presynaptic Active Zone Membrane (GO:0031629),1/9,0.262433800178158,0.4496417692073248,0,0,3.6383659638554215,4.867247421192894,STX19
GO_Biological_Process_2023,Tetrapyrrole Metabolic Process (GO:0033013),1/9,0.262433800178158,0.4496417692073248,0,0,3.6383659638554215,4.867247421192894,ABCD1
GO_Biological_Process_2023,Glucan Biosynthetic Process (GO:0009250),1/9,0.262433800178158,0.4496417692073248,0,0,3.6383659638554215,4.867247421192894,NHLRC1
GO_Biological_Process_2023,Glycerolipid Metabolic Process (GO:0046486),1/9,0.262433800178158,0.4496417692073248,0,0,3.6383659638554215,4.867247421192894,PLA2G15
GO_Biological_Process_2023,Type II Interferon-Mediated Signaling Pathway (GO:0060333),1/9,0.262433800178158,0.4496417692073248,0,0,3.6383659638554215,4.867247421192894,STAT1
GO_Biological_Process_2023,Glycogen Biosynthetic Process (GO:0005978),1/9,0.262433800178158,0.4496417692073248,0,0,3.6383659638554215,4.867247421192894,NHLRC1
GO_Biological_Process_2023,Granulocyte Migration (GO:0097530),1/9,0.262433800178158,0.4496417692073248,0,0,3.6383659638554215,4.867247421192894,CCL3
GO_Biological_Process_2023,High-Density Lipoprotein Particle Assembly (GO:0034380),1/9,0.262433800178158,0.4496417692073248,0,0,3.6383659638554215,4.867247421192894,APOE
GO_Biological_Process_2023,"Wound Healing, Spreading Of Epidermal Cells (GO:0035313)",1/9,0.262433800178158,0.4496417692073248,0,0,3.6383659638554215,4.867247421192894,MMP12
GO_Biological_Process_2023,Hormone Transport (GO:0009914),1/9,0.262433800178158,0.4496417692073248,0,0,3.6383659638554215,4.867247421192894,FFAR4
GO_Biological_Process_2023,Leucine Transport (GO:0015820),1/9,0.262433800178158,0.4496417692073248,0,0,3.6383659638554215,4.867247421192894,SLC7A7
GO_Biological_Process_2023,Lung Epithelium Development (GO:0060428),1/9,0.262433800178158,0.4496417692073248,0,0,3.6383659638554215,4.867247421192894,WNT7B
GO_Biological_Process_2023,Mesenchymal To Epithelial Transition (GO:0060231),1/9,0.262433800178158,0.4496417692073248,0,0,3.6383659638554215,4.867247421192894,SIX2
GO_Biological_Process_2023,Mitotic DNA Replication Checkpoint Signaling (GO:0033314),1/9,0.262433800178158,0.4496417692073248,0,0,3.6383659638554215,4.867247421192894,ORC1
GO_Biological_Process_2023,Monoatomic Anion Homeostasis (GO:0055081),1/9,0.262433800178158,0.4496417692073248,0,0,3.6383659638554215,4.867247421192894,SLC12A5
GO_Biological_Process_2023,Muscle Cell Fate Commitment (GO:0042693),1/9,0.262433800178158,0.4496417692073248,0,0,3.6383659638554215,4.867247421192894,TBX1
GO_Biological_Process_2023,Myelin Maintenance (GO:0043217),1/9,0.262433800178158,0.4496417692073248,0,0,3.6383659638554215,4.867247421192894,EPB41L3
GO_Biological_Process_2023,Negative Regulation Of Alpha-Beta T Cell Proliferation (GO:0046642),1/9,0.262433800178158,0.4496417692073248,0,0,3.6383659638554215,4.867247421192894,LGALS9
GO_Biological_Process_2023,Negative Regulation Of Cell Adhesion Mediated By Integrin (GO:0033629),1/9,0.262433800178158,0.4496417692073248,0,0,3.6383659638554215,4.867247421192894,NEXMIF
GO_Biological_Process_2023,Negative Regulation Of Cell-Cell Adhesion Mediated By Cadherin (GO:2000048),1/9,0.262433800178158,0.4496417692073248,0,0,3.6383659638554215,4.867247421192894,NEXMIF
GO_Biological_Process_2023,Negative Regulation Of Extracellular Matrix Organization (GO:1903054),1/9,0.262433800178158,0.4496417692073248,0,0,3.6383659638554215,4.867247421192894,CEL
GO_Biological_Process_2023,Negative Regulation Of Phosphatidylinositol 3-Kinase Signaling (GO:0014067),1/9,0.262433800178158,0.4496417692073248,0,0,3.6383659638554215,4.867247421192894,TREM2
GO_Biological_Process_2023,Negative Regulation Of Protein Maturation (GO:1903318),1/9,0.262433800178158,0.4496417692073248,0,0,3.6383659638554215,4.867247421192894,NLRP7
GO_Biological_Process_2023,Negative Regulation Of Receptor Binding (GO:1900121),1/9,0.262433800178158,0.4496417692073248,0,0,3.6383659638554215,4.867247421192894,IL10
GO_Biological_Process_2023,Negative Regulation Of Telomerase Activity (GO:0051974),1/9,0.262433800178158,0.4496417692073248,0,0,3.6383659638554215,4.867247421192894,SRC
GO_Biological_Process_2023,Oligosaccharide Catabolic Process (GO:0009313),1/9,0.262433800178158,0.4496417692073248,0,0,3.6383659638554215,4.867247421192894,NEU4
GO_Biological_Process_2023,Positive Regulation Of ATP Metabolic Process (GO:1903580),1/9,0.262433800178158,0.4496417692073248,0,0,3.6383659638554215,4.867247421192894,TREM2
GO_Biological_Process_2023,Positive Regulation Of RIG-I Signaling Pathway (GO:1900246),1/9,0.262433800178158,0.4496417692073248,0,0,3.6383659638554215,4.867247421192894,DDX60
GO_Biological_Process_2023,Positive Regulation Of Hippo Signaling (GO:0035332),1/9,0.262433800178158,0.4496417692073248,0,0,3.6383659638554215,4.867247421192894,SRC
GO_Biological_Process_2023,Positive Regulation Of Keratinocyte Migration (GO:0051549),1/9,0.262433800178158,0.4496417692073248,0,0,3.6383659638554215,4.867247421192894,MMP9
GO_Biological_Process_2023,"Positive Regulation Of Phagocytosis, Engulfment (GO:0060100)",1/9,0.262433800178158,0.4496417692073248,0,0,3.6383659638554215,4.867247421192894,TREM2
GO_Biological_Process_2023,Positive Regulation Of Vasculogenesis (GO:2001214),1/9,0.262433800178158,0.4496417692073248,0,0,3.6383659638554215,4.867247421192894,CEACAM1
GO_Biological_Process_2023,Protein K11-linked Deubiquitination (GO:0035871),1/9,0.262433800178158,0.4496417692073248,0,0,3.6383659638554215,4.867247421192894,TNFAIP3
GO_Biological_Process_2023,"Regulation Of CD4-positive, Alpha-Beta T Cell Proliferation (GO:2000561)",1/9,0.262433800178158,0.4496417692073248,0,0,3.6383659638554215,4.867247421192894,LGALS9
GO_Biological_Process_2023,Regulation Of Attachment Of Spindle Microtubules To Kinetochore (GO:0051988),1/9,0.262433800178158,0.4496417692073248,0,0,3.6383659638554215,4.867247421192894,ECT2
GO_Biological_Process_2023,Regulation Of Cell-Cell Adhesion Mediated By Integrin (GO:0033632),1/9,0.262433800178158,0.4496417692073248,0,0,3.6383659638554215,4.867247421192894,CXCL13
GO_Biological_Process_2023,Regulation Of Cellular Extravasation (GO:0002691),1/9,0.262433800178158,0.4496417692073248,0,0,3.6383659638554215,4.867247421192894,ICAM1
GO_Biological_Process_2023,Embryonic Skeletal System Morphogenesis (GO:0048704),2/30,0.2632598355244676,0.4497225711000817,0,0,2.0800474035768155,2.776059900305556,TBX1;HOXC9
GO_Biological_Process_2023,Lamellipodium Organization (GO:0097581),2/30,0.2632598355244676,0.4497225711000817,0,0,2.0800474035768155,2.776059900305556,ABLIM3;PTPRO
GO_Biological_Process_2023,Negative Regulation Of Carbohydrate Metabolic Process (GO:0045912),2/30,0.2632598355244676,0.4497225711000817,0,0,2.0800474035768155,2.776059900305556,PLEK;FBP1
GO_Biological_Process_2023,Positive Regulation Of JUN Kinase Activity (GO:0043507),2/30,0.2632598355244676,0.4497225711000817,0,0,2.0800474035768155,2.776059900305556,EDN1;TNFRSF11A
GO_Biological_Process_2023,Positive Regulation Of Cell Communication (GO:0010647),2/30,0.2632598355244676,0.4497225711000817,0,0,2.0800474035768155,2.776059900305556,EDN1;CD80
GO_Biological_Process_2023,Positive Regulation Of Kinase Activity (GO:0033674),5/104,0.2646084610925674,0.4517590935388776,0,0,1.4719926538108357,1.95702019612814,CSF1R;TREM2;MERTK;HLA-DRB1;EPHA2
GO_Biological_Process_2023,ERBB Signaling Pathway (GO:0038127),3/54,0.2671240344500069,0.4552462145555902,0,0,1.7135240803269949,2.261924062390361,SRC;HBEGF;FAM83A
GO_Biological_Process_2023,Negative Regulation Of Protein Ubiquitination (GO:0031397),3/54,0.2671240344500069,0.4552462145555902,0,0,1.7135240803269949,2.261924062390361,DTX3L;TNFAIP3;ISG15
GO_Biological_Process_2023,Regulation Of Blood Vessel Endothelial Cell Migration (GO:0043535),3/54,0.2671240344500069,0.4552462145555902,0,0,1.7135240803269949,2.261924062390361,PPARG;APOE;EPHA2
GO_Biological_Process_2023,Negative Regulation Of Cellular Component Organization (GO:0051129),4/79,0.2682366759826131,0.4566033511567241,0,0,1.5540090771558246,2.0448981184968886,MCTP1;SRC;LILRB1;CEL
GO_Biological_Process_2023,Positive Regulation Of Cytoskeleton Organization (GO:0051495),4/79,0.2682366759826131,0.4566033511567241,0,0,1.5540090771558246,2.0448981184968886,P2RX7;EDN1;STIL;PLEK
GO_Biological_Process_2023,Intrinsic Apoptotic Signaling Pathway (GO:0097193),5/105,0.2709735466977985,0.4609903531623715,0,0,1.4571969696969698,1.902711739546993,MLLT11;BCL2L11;IFI6;SCN2A;EPHA2
GO_Biological_Process_2023,Regulation Of Transmembrane Receptor Protein Serine/Threonine Kinase Signaling Pathway (GO:0090092),2/31,0.2757090022255211,0.4642174093260895,0,0,2.008217610651688,2.5874062645327967,FST;FSTL4
GO_Biological_Process_2023,Endodermal Cell Differentiation (GO:0035987),2/31,0.2757090022255211,0.4642174093260895,0,0,2.008217610651688,2.5874062645327967,FN1;MMP9
GO_Biological_Process_2023,Negative Chemotaxis (GO:0050919),2/31,0.2757090022255211,0.4642174093260895,0,0,2.008217610651688,2.5874062645327967,SEMA4A;SEMA7A
GO_Biological_Process_2023,Negative Regulation Of Chemotaxis (GO:0050922),2/31,0.2757090022255211,0.4642174093260895,0,0,2.008217610651688,2.5874062645327967,SEMA4A;SEMA7A
GO_Biological_Process_2023,Negative Regulation Of Developmental Growth (GO:0048640),2/31,0.2757090022255211,0.4642174093260895,0,0,2.008217610651688,2.5874062645327967,DUSP10;TRIM46
GO_Biological_Process_2023,Phospholipid Translocation (GO:0045332),2/31,0.2757090022255211,0.4642174093260895,0,0,2.008217610651688,2.5874062645327967,P2RX7;ATP8B4
GO_Biological_Process_2023,Positive Regulation Of Lamellipodium Organization (GO:1902745),2/31,0.2757090022255211,0.4642174093260895,0,0,2.008217610651688,2.5874062645327967,SRC;CORO1C
GO_Biological_Process_2023,Positive Regulation Of Leukocyte Migration (GO:0002687),2/31,0.2757090022255211,0.4642174093260895,0,0,2.008217610651688,2.5874062645327967,EDN2;ICAM1
GO_Biological_Process_2023,Cellular Response To Fibroblast Growth Factor Stimulus (GO:0044344),3/55,0.2761992050744191,0.4642174093260895,0,0,1.6804845456658146,2.162166731435312,TBX1;CXCL8;EGR3
GO_Biological_Process_2023,Ceramide Metabolic Process (GO:0006672),3/55,0.2761992050744191,0.4642174093260895,0,0,1.6804845456658146,2.162166731435312,PLA2G15;FA2H;CEL
GO_Biological_Process_2023,Cytoskeleton-Dependent Cytokinesis (GO:0061640),4/81,0.2830889508633388,0.4642174093260895,0,0,1.5134880248344695,1.9100129830679808,ANLN;TRIM36;SEPTIN3;ECT2
GO_Biological_Process_2023,Positive Regulation Of Cellular Metabolic Process (GO:0031325),3/56,0.2853042519316279,0.4642174093260895,0,0,1.648691785897509,2.067787782907351,CXCL8;IL10RB;KIR2DL4
GO_Biological_Process_2023,L-serine Metabolic Process (GO:0006563),1/10,0.2869688812830709,0.4642174093260895,0,0,3.233935742971888,4.037185542998664,SDS
GO_Biological_Process_2023,Acidic Amino Acid Transport (GO:0015800),1/10,0.2869688812830709,0.4642174093260895,0,0,3.233935742971888,4.037185542998664,SLC1A3
GO_Biological_Process_2023,Regulation Of Lipid Transport (GO:0032368),1/10,0.2869688812830709,0.4642174093260895,0,0,3.233935742971888,4.037185542998664,NR1H3
GO_Biological_Process_2023,Regulation Of Long-Term Neuronal Synaptic Plasticity (GO:0048169),1/10,0.2869688812830709,0.4642174093260895,0,0,3.233935742971888,4.037185542998664,NEURL1
GO_Biological_Process_2023,Regulation Of Low-Density Lipoprotein Particle Clearance (GO:0010988),1/10,0.2869688812830709,0.4642174093260895,0,0,3.233935742971888,4.037185542998664,TREM2
GO_Biological_Process_2023,Regulation Of Melanin Biosynthetic Process (GO:0048021),1/10,0.2869688812830709,0.4642174093260895,0,0,3.233935742971888,4.037185542998664,ZEB2
GO_Biological_Process_2023,Angiogenesis Involved In Wound Healing (GO:0060055),1/10,0.2869688812830709,0.4642174093260895,0,0,3.233935742971888,4.037185542998664,HPSE
GO_Biological_Process_2023,"Regulation Of Phagocytosis, Engulfment (GO:0060099)",1/10,0.2869688812830709,0.4642174093260895,0,0,3.233935742971888,4.037185542998664,TREM2
GO_Biological_Process_2023,Regulation Of Phospholipase Activity (GO:0010517),1/10,0.2869688812830709,0.4642174093260895,0,0,3.233935742971888,4.037185542998664,APOC2
GO_Biological_Process_2023,Branched-Chain Amino Acid Transport (GO:0015803),1/10,0.2869688812830709,0.4642174093260895,0,0,3.233935742971888,4.037185542998664,SLC7A7
GO_Biological_Process_2023,Cell Proliferation In Forebrain (GO:0021846),1/10,0.2869688812830709,0.4642174093260895,0,0,3.233935742971888,4.037185542998664,KIF14
GO_Biological_Process_2023,Regulation Of Respiratory Burst (GO:0060263),1/10,0.2869688812830709,0.4642174093260895,0,0,3.233935742971888,4.037185542998664,CLEC7A
GO_Biological_Process_2023,Regulation Of Smooth Muscle Cell Apoptotic Process (GO:0034391),1/10,0.2869688812830709,0.4642174093260895,0,0,3.233935742971888,4.037185542998664,CDKN2A
GO_Biological_Process_2023,Regulation Of Synapse Maturation (GO:0090128),1/10,0.2869688812830709,0.4642174093260895,0,0,3.233935742971888,4.037185542998664,NEURL1
GO_Biological_Process_2023,Regulation Of Toll-Like Receptor 9 Signaling Pathway (GO:0034163),1/10,0.2869688812830709,0.4642174093260895,0,0,3.233935742971888,4.037185542998664,RSAD2
GO_Biological_Process_2023,Regulation Of Triglyceride Catabolic Process (GO:0010896),1/10,0.2869688812830709,0.4642174093260895,0,0,3.233935742971888,4.037185542998664,APOC2
GO_Biological_Process_2023,Cellular Response To Type III Interferon (GO:0071358),1/10,0.2869688812830709,0.4642174093260895,0,0,3.233935742971888,4.037185542998664,IL10RB
GO_Biological_Process_2023,Response To Prostaglandin E (GO:0034695),1/10,0.2869688812830709,0.4642174093260895,0,0,3.233935742971888,4.037185542998664,TNFSF4
GO_Biological_Process_2023,Response To Sterol (GO:0036314),1/10,0.2869688812830709,0.4642174093260895,0,0,3.233935742971888,4.037185542998664,CCL3
GO_Biological_Process_2023,Signal Release (GO:0023061),1/10,0.2869688812830709,0.4642174093260895,0,0,3.233935742971888,4.037185542998664,FFAR4
GO_Biological_Process_2023,Epithelial Cell Apoptotic Process (GO:1904019),1/10,0.2869688812830709,0.4642174093260895,0,0,3.233935742971888,4.037185542998664,IL10
GO_Biological_Process_2023,Establishment Of Endothelial Intestinal Barrier (GO:0090557),1/10,0.2869688812830709,0.4642174093260895,0,0,3.233935742971888,4.037185542998664,TJP2
GO_Biological_Process_2023,Surfactant Homeostasis (GO:0043129),1/10,0.2869688812830709,0.4642174093260895,0,0,3.233935742971888,4.037185542998664,OAS1
GO_Biological_Process_2023,Fatty Acid Homeostasis (GO:0055089),1/10,0.2869688812830709,0.4642174093260895,0,0,3.233935742971888,4.037185542998664,APOE
GO_Biological_Process_2023,Thyroid Hormone Generation (GO:0006590),1/10,0.2869688812830709,0.4642174093260895,0,0,3.233935742971888,4.037185542998664,DUOX2
GO_Biological_Process_2023,Type III Interferon-Mediated Signaling Pathway (GO:0038196),1/10,0.2869688812830709,0.4642174093260895,0,0,3.233935742971888,4.037185542998664,IL10RB
GO_Biological_Process_2023,Glycine Transport (GO:0015816),1/10,0.2869688812830709,0.4642174093260895,0,0,3.233935742971888,4.037185542998664,SLC36A1
GO_Biological_Process_2023,Urogenital System Development (GO:0001655),1/10,0.2869688812830709,0.4642174093260895,0,0,3.233935742971888,4.037185542998664,EPHB2
GO_Biological_Process_2023,Very-Low-Density Lipoprotein Particle Assembly (GO:0034379),1/10,0.2869688812830709,0.4642174093260895,0,0,3.233935742971888,4.037185542998664,APOC1
GO_Biological_Process_2023,"Heparan Sulfate Proteoglycan Biosynthetic Process, Enzymatic Modification (GO:0015015)",1/10,0.2869688812830709,0.4642174093260895,0,0,3.233935742971888,4.037185542998664,HS3ST6
GO_Biological_Process_2023,Induction Of Positive Chemotaxis (GO:0050930),1/10,0.2869688812830709,0.4642174093260895,0,0,3.233935742971888,4.037185542998664,CXCL8
GO_Biological_Process_2023,Inositol Phosphate Biosynthetic Process (GO:0032958),1/10,0.2869688812830709,0.4642174093260895,0,0,3.233935742971888,4.037185542998664,ITPKC
GO_Biological_Process_2023,Insulin-Like Growth Factor Receptor Signaling Pathway (GO:0048009),1/10,0.2869688812830709,0.4642174093260895,0,0,3.233935742971888,4.037185542998664,GHR
GO_Biological_Process_2023,Lens Fiber Cell Differentiation (GO:0070306),1/10,0.2869688812830709,0.4642174093260895,0,0,3.233935742971888,4.037185542998664,WNT7B
GO_Biological_Process_2023,Lipoprotein Catabolic Process (GO:0042159),1/10,0.2869688812830709,0.4642174093260895,0,0,3.233935742971888,4.037185542998664,APOE
GO_Biological_Process_2023,Mast Cell Activation Involved In Immune Response (GO:0002279),1/10,0.2869688812830709,0.4642174093260895,0,0,3.233935742971888,4.037185542998664,NR4A3
GO_Biological_Process_2023,Mast Cell Degranulation (GO:0043303),1/10,0.2869688812830709,0.4642174093260895,0,0,3.233935742971888,4.037185542998664,NR4A3
GO_Biological_Process_2023,Megakaryocyte Development (GO:0035855),1/10,0.2869688812830709,0.4642174093260895,0,0,3.233935742971888,4.037185542998664,ZNF385A
GO_Biological_Process_2023,Mitotic DNA Replication (GO:1902969),1/10,0.2869688812830709,0.4642174093260895,0,0,3.233935742971888,4.037185542998664,MCM2
GO_Biological_Process_2023,Monoamine Transport (GO:0015844),1/10,0.2869688812830709,0.4642174093260895,0,0,3.233935742971888,4.037185542998664,SLC29A3
GO_Biological_Process_2023,Negative Regulation Of T-helper Cell Differentiation (GO:0045623),1/10,0.2869688812830709,0.4642174093260895,0,0,3.233935742971888,4.037185542998664,TNFSF4
GO_Biological_Process_2023,Negative Regulation Of Activin Receptor Signaling Pathway (GO:0032926),1/10,0.2869688812830709,0.4642174093260895,0,0,3.233935742971888,4.037185542998664,FST
GO_Biological_Process_2023,Negative Regulation Of Adenylate Cyclase Activity (GO:0007194),1/10,0.2869688812830709,0.4642174093260895,0,0,3.233935742971888,4.037185542998664,AKAP5
GO_Biological_Process_2023,Negative Regulation Of Glycolytic Process (GO:0045820),1/10,0.2869688812830709,0.4642174093260895,0,0,3.233935742971888,4.037185542998664,FBP1
GO_Biological_Process_2023,Negative Regulation Of Homotypic Cell-Cell Adhesion (GO:0034111),1/10,0.2869688812830709,0.4642174093260895,0,0,3.233935742971888,4.037185542998664,CEACAM1
GO_Biological_Process_2023,Negative Regulation Of Hydrogen Peroxide-Induced Cell Death (GO:1903206),1/10,0.2869688812830709,0.4642174093260895,0,0,3.233935742971888,4.037185542998664,IL10
GO_Biological_Process_2023,Negative Regulation Of Interferon-Beta Production (GO:0032688),1/10,0.2869688812830709,0.4642174093260895,0,0,3.233935742971888,4.037185542998664,LILRB1
GO_Biological_Process_2023,Negative Regulation Of Lipopolysaccharide-Mediated Signaling Pathway (GO:0031665),1/10,0.2869688812830709,0.4642174093260895,0,0,3.233935742971888,4.037185542998664,TRIB1
GO_Biological_Process_2023,Negative Regulation Of Pathway-Restricted SMAD Protein Phosphorylation (GO:0060394),1/10,0.2869688812830709,0.4642174093260895,0,0,3.233935742971888,4.037185542998664,PPARG
GO_Biological_Process_2023,Negative Regulation Of Sprouting Angiogenesis (GO:1903671),1/10,0.2869688812830709,0.4642174093260895,0,0,3.233935742971888,4.037185542998664,E2F2
GO_Biological_Process_2023,Neuron Projection Fasciculation (GO:0106030),1/10,0.2869688812830709,0.4642174093260895,0,0,3.233935742971888,4.037185542998664,EPHB2
GO_Biological_Process_2023,Omega-Hydroxylase P450 Pathway (GO:0097267),1/10,0.2869688812830709,0.4642174093260895,0,0,3.233935742971888,4.037185542998664,CYP4F11
GO_Biological_Process_2023,Oxygen Transport (GO:0015671),1/10,0.2869688812830709,0.4642174093260895,0,0,3.233935742971888,4.037185542998664,MB
GO_Biological_Process_2023,Phosphate Ion Transmembrane Transport (GO:0035435),1/10,0.2869688812830709,0.4642174093260895,0,0,3.233935742971888,4.037185542998664,SLC37A2
GO_Biological_Process_2023,Positive Regulation Of DNA-templated DNA Replication (GO:2000105),1/10,0.2869688812830709,0.4642174093260895,0,0,3.233935742971888,4.037185542998664,E2F7
GO_Biological_Process_2023,Positive Regulation Of MHC Class II Biosynthetic Process (GO:0045348),1/10,0.2869688812830709,0.4642174093260895,0,0,3.233935742971888,4.037185542998664,CIITA
GO_Biological_Process_2023,Positive Regulation Of Actin Filament Depolymerization (GO:0030836),1/10,0.2869688812830709,0.4642174093260895,0,0,3.233935742971888,4.037185542998664,PLEK
GO_Biological_Process_2023,Positive Regulation Of Cellular Respiration (GO:1901857),1/10,0.2869688812830709,0.4642174093260895,0,0,3.233935742971888,4.037185542998664,IL10RB
GO_Biological_Process_2023,Positive Regulation Of Cellular Senescence (GO:2000774),1/10,0.2869688812830709,0.4642174093260895,0,0,3.233935742971888,4.037185542998664,KIR2DL4
GO_Biological_Process_2023,Positive Regulation Of Cholesterol Metabolic Process (GO:0090205),1/10,0.2869688812830709,0.4642174093260895,0,0,3.233935742971888,4.037185542998664,APOE
GO_Biological_Process_2023,Positive Regulation Of Epidermal Growth Factor-Activated Receptor Activity (GO:0045741),1/10,0.2869688812830709,0.4642174093260895,0,0,3.233935742971888,4.037185542998664,HBEGF
GO_Biological_Process_2023,Positive Regulation Of Non-Canonical Wnt Signaling Pathway (GO:2000052),1/10,0.2869688812830709,0.4642174093260895,0,0,3.233935742971888,4.037185542998664,PLEKHA4
GO_Biological_Process_2023,Positive Regulation Of Phospholipid Transport (GO:2001140),1/10,0.2869688812830709,0.4642174093260895,0,0,3.233935742971888,4.037185542998664,APOE
GO_Biological_Process_2023,Positive Regulation Of Protein Depolymerization (GO:1901881),1/10,0.2869688812830709,0.4642174093260895,0,0,3.233935742971888,4.037185542998664,PLEK
GO_Biological_Process_2023,Positive Regulation Of Toll-Like Receptor 4 Signaling Pathway (GO:0034145),1/10,0.2869688812830709,0.4642174093260895,0,0,3.233935742971888,4.037185542998664,NR1H3
GO_Biological_Process_2023,Positive Regulation Of Transforming Growth Factor Beta Production (GO:0071636),1/10,0.2869688812830709,0.4642174093260895,0,0,3.233935742971888,4.037185542998664,LGALS9
GO_Biological_Process_2023,Positive Regulation Of Voltage-Gated Potassium Channel Activity (GO:1903818),1/10,0.2869688812830709,0.4642174093260895,0,0,3.233935742971888,4.037185542998664,TREM2
GO_Biological_Process_2023,Progesterone Receptor Signaling Pathway (GO:0050847),1/10,0.2869688812830709,0.4642174093260895,0,0,3.233935742971888,4.037185542998664,SRC
GO_Biological_Process_2023,Protein auto-ADP-ribosylation (GO:0070213),1/10,0.2869688812830709,0.4642174093260895,0,0,3.233935742971888,4.037185542998664,PARP12
GO_Biological_Process_2023,Protein Kinase C Signaling (GO:0070528),1/10,0.2869688812830709,0.4642174093260895,0,0,3.233935742971888,4.037185542998664,PLEK
GO_Biological_Process_2023,Receptor-Mediated Endocytosis Of Virus By Host Cell (GO:0019065),1/10,0.2869688812830709,0.4642174093260895,0,0,3.233935742971888,4.037185542998664,SIGLEC1
GO_Biological_Process_2023,Regulation Of B Cell Apoptotic Process (GO:0002902),1/10,0.2869688812830709,0.4642174093260895,0,0,3.233935742971888,4.037185542998664,IL10
GO_Biological_Process_2023,Regulation Of T-helper 2 Cell Cytokine Production (GO:2000551),1/10,0.2869688812830709,0.4642174093260895,0,0,3.233935742971888,4.037185542998664,RSAD2
GO_Biological_Process_2023,Regulation Of Axon Regeneration (GO:0048679),1/10,0.2869688812830709,0.4642174093260895,0,0,3.233935742971888,4.037185542998664,SCARF1
GO_Biological_Process_2023,Antigen Receptor-Mediated Signaling Pathway (GO:0050851),6/134,0.2875546583162793,0.4642174093260895,0,0,1.3662035280728375,1.7027572760434533,SYK;RIPK2;NFAM1;BLNK;CTLA4;HLA-DRB1
GO_Biological_Process_2023,NIK/NF-kappaB Signaling (GO:0038061),2/32,0.2881460330835997,0.4642174093260895,0,0,1.9411764705882355,2.415382332076235,CHI3L1;CARD14
GO_Biological_Process_2023,Glycosphingolipid Metabolic Process (GO:0006687),2/32,0.2881460330835997,0.4642174093260895,0,0,1.9411764705882355,2.415382332076235,GM2A;B4GALNT1
GO_Biological_Process_2023,Muscle Cell Development (GO:0055001),2/32,0.2881460330835997,0.4642174093260895,0,0,1.9411764705882355,2.415382332076235,ASB2;SLC8A1
GO_Biological_Process_2023,Negative Regulation Of G1/S Transition Of Mitotic Cell Cycle (GO:2000134),2/32,0.2881460330835997,0.4642174093260895,0,0,1.9411764705882355,2.415382332076235,GPNMB;E2F7
GO_Biological_Process_2023,Negative Regulation Of Osteoblast Differentiation (GO:0045668),2/32,0.2881460330835997,0.4642174093260895,0,0,1.9411764705882355,2.415382332076235,TNFAIP6;PPARG
GO_Biological_Process_2023,Neural Tube Closure (GO:0001843),2/32,0.2881460330835997,0.4642174093260895,0,0,1.9411764705882355,2.415382332076235,STIL;GRHL3
GO_Biological_Process_2023,Phosphatidylinositol 3-Kinase Signaling (GO:0014065),2/32,0.2881460330835997,0.4642174093260895,0,0,1.9411764705882355,2.415382332076235,FCGR3A;EDN1
GO_Biological_Process_2023,Proteoglycan Biosynthetic Process (GO:0030166),2/32,0.2881460330835997,0.4642174093260895,0,0,1.9411764705882355,2.415382332076235,CHST9;GAL3ST4
GO_Biological_Process_2023,Regulation Of Macromolecule Metabolic Process (GO:0060255),7/162,0.2941729013358057,0.4730263647794175,0,0,1.3164035689773508,1.610735063487984,SOX2;ZNF683;IL10;TREM2;APOE;SLC8A1;ST18
GO_Biological_Process_2023,Signal Transduction In Response To DNA Damage (GO:0042770),3/57,0.2944331061685532,0.4730263647794175,0,0,1.6180765357502518,1.9784277552338587,DTX3L;PARP9;E2F7
GO_Biological_Process_2023,Membrane Lipid Biosynthetic Process (GO:0046467),3/57,0.2944331061685532,0.4730263647794175,0,0,1.6180765357502518,1.9784277552338587,FA2H;B3GNT5;SPNS2
GO_Biological_Process_2023,Monoatomic Anion Transport (GO:0006820),3/57,0.2944331061685532,0.4730263647794175,0,0,1.6180765357502518,1.9784277552338587,TTYH3;TTYH1;CLIC2
GO_Biological_Process_2023,Myeloid Cell Differentiation (GO:0030099),3/57,0.2944331061685532,0.4730263647794175,0,0,1.6180765357502518,1.9784277552338587,CEBPA;CDKN2B;MYB
GO_Biological_Process_2023,Calcium Ion Transmembrane Import Into Cytosol (GO:0097553),4/83,0.2980603815462807,0.4780557341800624,0,0,1.475018671364829,1.7854499067111709,RYR1;SCN2A;JPH1;SLC8A1
GO_Biological_Process_2023,Positive Regulation Of Proteasomal Ubiquitin-Dependent Protein Catabolic Process (GO:0032436),4/83,0.2980603815462807,0.4780557341800624,0,0,1.475018671364829,1.7854499067111709,RNF144B;CEBPA;RNF19B;TRIB1
GO_Biological_Process_2023,Positive Regulation Of Ubiquitin-Dependent Protein Catabolic Process (GO:2000060),4/83,0.2980603815462807,0.4780557341800624,0,0,1.475018671364829,1.7854499067111709,RNF144B;CEBPA;RNF19B;TRIB1
GO_Biological_Process_2023,Carboxylic Acid Metabolic Process (GO:0019752),2/33,0.3005579894756511,0.479398295920555,0,0,1.8784605653675863,2.2581248091634416,CYP2J2;CYP2S1
GO_Biological_Process_2023,Regulation Of Protein Polymerization (GO:0032271),2/33,0.3005579894756511,0.479398295920555,0,0,1.8784605653675863,2.2581248091634416,PLEKHG2;TPPP
GO_Biological_Process_2023,Epithelial Tube Morphogenesis (GO:0060562),2/33,0.3005579894756511,0.479398295920555,0,0,1.8784605653675863,2.2581248091634416,CSF1R;RASIP1
GO_Biological_Process_2023,Inositol Lipid-Mediated Signaling (GO:0048017),2/33,0.3005579894756511,0.479398295920555,0,0,1.8784605653675863,2.2581248091634416,CSF1R;PTAFR
GO_Biological_Process_2023,Negative Regulation Of Blood Vessel Endothelial Cell Migration (GO:0043537),2/33,0.3005579894756511,0.479398295920555,0,0,1.8784605653675863,2.2581248091634416,PPARG;APOE
GO_Biological_Process_2023,Negative Regulation Of Double-Strand Break Repair (GO:2000780),2/33,0.3005579894756511,0.479398295920555,0,0,1.8784605653675863,2.2581248091634416,OTUB2;RMI2
GO_Biological_Process_2023,Positive Regulation Of Notch Signaling Pathway (GO:0045747),2/33,0.3005579894756511,0.479398295920555,0,0,1.8784605653675863,2.2581248091634416,SRC;NOD2
GO_Biological_Process_2023,Positive Regulation Of Ion Transmembrane Transporter Activity (GO:0032414),2/33,0.3005579894756511,0.479398295920555,0,0,1.8784605653675863,2.2581248091634416,EDN1;EPHB2
GO_Biological_Process_2023,Protein K63-linked Deubiquitination (GO:0070536),2/33,0.3005579894756511,0.479398295920555,0,0,1.8784605653675863,2.2581248091634416,OTUB2;TNFAIP3
GO_Biological_Process_2023,Regulation Of G0 To G1 Transition (GO:0070316),2/33,0.3005579894756511,0.479398295920555,0,0,1.8784605653675863,2.2581248091634416,CDKN2B;DPF3
GO_Biological_Process_2023,Regulation Of JNK Cascade (GO:0046328),5/110,0.303242705799331,0.4804280207720747,0,0,1.3874458874458877,1.6555306582297515,DUSP10;WNT7B;NOD2;MAPK8IP2;FCGR2B
GO_Biological_Process_2023,Renal System Development (GO:0072001),3/58,0.3035798709240687,0.4804280207720747,0,0,1.5885745674265312,1.8937564805803095,STAT1;SIX2;HAS2
GO_Biological_Process_2023,Glycosaminoglycan Biosynthetic Process (GO:0006024),3/58,0.3035798709240687,0.4804280207720747,0,0,1.5885745674265312,1.8937564805803095,CHST9;GCNT2;HAS2
GO_Biological_Process_2023,Inorganic Anion Transport (GO:0015698),3/58,0.3035798709240687,0.4804280207720747,0,0,1.5885745674265312,1.8937564805803095,TTYH3;TTYH1;CLIC2
GO_Biological_Process_2023,Protein Localization To Organelle (GO:0033365),6/137,0.3049261211011147,0.4804280207720747,0,0,1.334707919702533,1.5852135868054975,GBP5;SIX4;ISG15;SNX10;GBP2;GBP1
GO_Biological_Process_2023,Regulation Of Transforming Growth Factor Beta Receptor Signaling Pathway (GO:0017015),5/111,0.3097697587497122,0.4804280207720747,0,0,1.3742853058890794,1.6105606417577547,ZEB2;CDKN2B;WFIKKN1;HTRA4;PPARG
GO_Biological_Process_2023,Negative Regulation Of Transmembrane Receptor Protein Serine/Threonine Kinase Signaling Pathway (GO:0090101),5/111,0.3097697587497122,0.4804280207720747,0,0,1.3742853058890794,1.6105606417577547,TNFAIP6;WFIKKN1;FST;HTRA4;PPARG
GO_Biological_Process_2023,Regulation Of Cilium Movement (GO:0003352),1/11,0.3106889902256541,0.4804280207720747,0,0,2.9103915662650603,3.4021397613526294,DNAH11
GO_Biological_Process_2023,Regulation Of Cytoplasmic Transport (GO:1903649),1/11,0.3106889902256541,0.4804280207720747,0,0,2.9103915662650603,3.4021397613526294,SRC
GO_Biological_Process_2023,Regulation Of Fatty Acid Metabolic Process (GO:0019217),1/11,0.3106889902256541,0.4804280207720747,0,0,2.9103915662650603,3.4021397613526294,FABP3
GO_Biological_Process_2023,Aspartate Family Amino Acid Catabolic Process (GO:0009068),1/11,0.3106889902256541,0.4804280207720747,0,0,2.9103915662650603,3.4021397613526294,SDS
GO_Biological_Process_2023,Regulation Of Protein K63-linked Ubiquitination (GO:1900044),1/11,0.3106889902256541,0.4804280207720747,0,0,2.9103915662650603,3.4021397613526294,NOD2
GO_Biological_Process_2023,Catecholamine Biosynthetic Process (GO:0042423),1/11,0.3106889902256541,0.4804280207720747,0,0,2.9103915662650603,3.4021397613526294,GCH1
GO_Biological_Process_2023,Regulation Of Response To Oxidative Stress (GO:1902882),1/11,0.3106889902256541,0.4804280207720747,0,0,2.9103915662650603,3.4021397613526294,MCTP1
GO_Biological_Process_2023,Cellular Response To Fluid Shear Stress (GO:0071498),1/11,0.3106889902256541,0.4804280207720747,0,0,2.9103915662650603,3.4021397613526294,HAS2
GO_Biological_Process_2023,Cellular Response To Growth Hormone Stimulus (GO:0071378),1/11,0.3106889902256541,0.4804280207720747,0,0,2.9103915662650603,3.4021397613526294,GHR
GO_Biological_Process_2023,Cellular Response To Nitrogen Levels (GO:0043562),1/11,0.3106889902256541,0.4804280207720747,0,0,2.9103915662650603,3.4021397613526294,MAP1LC3B2
GO_Biological_Process_2023,Cellular Response To Nitrogen Starvation (GO:0006995),1/11,0.3106889902256541,0.4804280207720747,0,0,2.9103915662650603,3.4021397613526294,MAP1LC3B2
GO_Biological_Process_2023,Central Nervous System Myelination (GO:0022010),1/11,0.3106889902256541,0.4804280207720747,0,0,2.9103915662650603,3.4021397613526294,HES5
GO_Biological_Process_2023,Regulation Of Ventricular Cardiac Muscle Cell Action Potential (GO:0098911),1/11,0.3106889902256541,0.4804280207720747,0,0,2.9103915662650603,3.4021397613526294,DSG2
GO_Biological_Process_2023,Double-Strand Break Repair Via Break-Induced Replication (GO:0000727),1/11,0.3106889902256541,0.4804280207720747,0,0,2.9103915662650603,3.4021397613526294,MCM2
GO_Biological_Process_2023,Self Proteolysis (GO:0097264),1/11,0.3106889902256541,0.4804280207720747,0,0,2.9103915662650603,3.4021397613526294,LGMN
GO_Biological_Process_2023,Skeletal Muscle Fiber Development (GO:0048741),1/11,0.3106889902256541,0.4804280207720747,0,0,2.9103915662650603,3.4021397613526294,RYR1
GO_Biological_Process_2023,Ganglion Development (GO:0061548),1/11,0.3106889902256541,0.4804280207720747,0,0,2.9103915662650603,3.4021397613526294,TUBB3
GO_Biological_Process_2023,Tyrosine Metabolic Process (GO:0006570),1/11,0.3106889902256541,0.4804280207720747,0,0,2.9103915662650603,3.4021397613526294,IL4I1
GO_Biological_Process_2023,Heterocycle Biosynthetic Process (GO:0018130),1/11,0.3106889902256541,0.4804280207720747,0,0,2.9103915662650603,3.4021397613526294,GCH1
GO_Biological_Process_2023,Mast Cell Mediated Immunity (GO:0002448),1/11,0.3106889902256541,0.4804280207720747,0,0,2.9103915662650603,3.4021397613526294,NR4A3
GO_Biological_Process_2023,Negative Regulation Of Amyloid Fibril Formation (GO:1905907),1/11,0.3106889902256541,0.4804280207720747,0,0,2.9103915662650603,3.4021397613526294,TREM2
GO_Biological_Process_2023,Negative Regulation Of Cell Division (GO:0051782),1/11,0.3106889902256541,0.4804280207720747,0,0,2.9103915662650603,3.4021397613526294,E2F7
GO_Biological_Process_2023,Negative Regulation Of Cellular Response To Vascular Endothelial Growth Factor Stimulus (GO:1902548),1/11,0.3106889902256541,0.4804280207720747,0,0,2.9103915662650603,3.4021397613526294,CADM4
GO_Biological_Process_2023,Negative Regulation Of Cyclase Activity (GO:0031280),1/11,0.3106889902256541,0.4804280207720747,0,0,2.9103915662650603,3.4021397613526294,AKAP5
GO_Biological_Process_2023,Negative Regulation Of Fibrinolysis (GO:0051918),1/11,0.3106889902256541,0.4804280207720747,0,0,2.9103915662650603,3.4021397613526294,PLAU
GO_Biological_Process_2023,Negative Regulation Of Myotube Differentiation (GO:0010832),1/11,0.3106889902256541,0.4804280207720747,0,0,2.9103915662650603,3.4021397613526294,CEACAM5
GO_Biological_Process_2023,Negative Regulation Of Reactive Oxygen Species Biosynthetic Process (GO:1903427),1/11,0.3106889902256541,0.4804280207720747,0,0,2.9103915662650603,3.4021397613526294,ABCD1
GO_Biological_Process_2023,Negative Regulation Of Release Of Sequestered Calcium Ion Into Cytosol (GO:0051280),1/11,0.3106889902256541,0.4804280207720747,0,0,2.9103915662650603,3.4021397613526294,CLIC2
GO_Biological_Process_2023,Negative Regulation Of Ryanodine-Sensitive Calcium-Release Channel Activity (GO:0060315),1/11,0.3106889902256541,0.4804280207720747,0,0,2.9103915662650603,3.4021397613526294,CLIC2
GO_Biological_Process_2023,Negative Regulation Of Vascular Permeability (GO:0043116),1/11,0.3106889902256541,0.4804280207720747,0,0,2.9103915662650603,3.4021397613526294,CEACAM1
GO_Biological_Process_2023,Neurotransmitter Uptake (GO:0001504),1/11,0.3106889902256541,0.4804280207720747,0,0,2.9103915662650603,3.4021397613526294,SLC1A3
GO_Biological_Process_2023,Neutrophil Activation Involved In Immune Response (GO:0002283),1/11,0.3106889902256541,0.4804280207720747,0,0,2.9103915662650603,3.4021397613526294,SYK
GO_Biological_Process_2023,Nucleoside Phosphate Biosynthetic Process (GO:1901293),1/11,0.3106889902256541,0.4804280207720747,0,0,2.9103915662650603,3.4021397613526294,ME1
GO_Biological_Process_2023,Organic Cyclic Compound Catabolic Process (GO:1901361),1/11,0.3106889902256541,0.4804280207720747,0,0,2.9103915662650603,3.4021397613526294,STS
GO_Biological_Process_2023,Positive Regulation Of Behavior (GO:0048520),1/11,0.3106889902256541,0.4804280207720747,0,0,2.9103915662650603,3.4021397613526294,NR4A3
GO_Biological_Process_2023,Positive Regulation Of Branching Involved In Ureteric Bud Morphogenesis (GO:0090190),1/11,0.3106889902256541,0.4804280207720747,0,0,2.9103915662650603,3.4021397613526294,SIX4
GO_Biological_Process_2023,Positive Regulation Of Coagulation (GO:0050820),1/11,0.3106889902256541,0.4804280207720747,0,0,2.9103915662650603,3.4021397613526294,HPSE
GO_Biological_Process_2023,Positive Regulation Of Endoplasmic Reticulum Unfolded Protein Response (GO:1900103),1/11,0.3106889902256541,0.4804280207720747,0,0,2.9103915662650603,3.4021397613526294,BCL2L11
GO_Biological_Process_2023,Positive Regulation Of Hemostasis (GO:1900048),1/11,0.3106889902256541,0.4804280207720747,0,0,2.9103915662650603,3.4021397613526294,HPSE
GO_Biological_Process_2023,Positive Regulation Of Lipid Transport (GO:0032370),1/11,0.3106889902256541,0.4804280207720747,0,0,2.9103915662650603,3.4021397613526294,APOE
GO_Biological_Process_2023,Positive Regulation Of Protein Maturation (GO:1903319),1/11,0.3106889902256541,0.4804280207720747,0,0,2.9103915662650603,3.4021397613526294,NLRC4
GO_Biological_Process_2023,Positive Regulation Of Protein Polyubiquitination (GO:1902916),1/11,0.3106889902256541,0.4804280207720747,0,0,2.9103915662650603,3.4021397613526294,NOD2
GO_Biological_Process_2023,Positive Regulation Of Triglyceride Biosynthetic Process (GO:0010867),1/11,0.3106889902256541,0.4804280207720747,0,0,2.9103915662650603,3.4021397613526294,NR1H3
GO_Biological_Process_2023,Positive Regulation Of Vascular Permeability (GO:0043117),1/11,0.3106889902256541,0.4804280207720747,0,0,2.9103915662650603,3.4021397613526294,TJP2
GO_Biological_Process_2023,Post-Transcriptional Gene Silencing (GO:0016441),1/11,0.3106889902256541,0.4804280207720747,0,0,2.9103915662650603,3.4021397613526294,HELZ2
GO_Biological_Process_2023,Regulation Of T Cell Mediated Immunity (GO:0002709),1/11,0.3106889902256541,0.4804280207720747,0,0,2.9103915662650603,3.4021397613526294,CD80
GO_Biological_Process_2023,Regulation Of Actin Filament Depolymerization (GO:0030834),1/11,0.3106889902256541,0.4804280207720747,0,0,2.9103915662650603,3.4021397613526294,PLEK
GO_Biological_Process_2023,Regulation Of Adipose Tissue Development (GO:1904177),1/11,0.3106889902256541,0.4804280207720747,0,0,2.9103915662650603,3.4021397613526294,PPARG
GO_Biological_Process_2023,Regulation Of Amyloid Precursor Protein Catabolic Process (GO:1902991),1/11,0.3106889902256541,0.4804280207720747,0,0,2.9103915662650603,3.4021397613526294,APOE
GO_Biological_Process_2023,Regulation Of Astrocyte Differentiation (GO:0048710),1/11,0.3106889902256541,0.4804280207720747,0,0,2.9103915662650603,3.4021397613526294,HES5
GO_Biological_Process_2023,Regulation Of Type I Interferon Production (GO:0032479),3/59,0.3127388232298245,0.481598264427502,0,0,1.5601262408286578,1.8134702537451752,IRF8;IRF5;XAF1
GO_Biological_Process_2023,Mitotic Cytokinesis (GO:0000281),3/59,0.3127388232298245,0.481598264427502,0,0,1.5601262408286578,1.8134702537451752,ANLN;TRIM36;ECT2
GO_Biological_Process_2023,DNA Damage Checkpoint Signaling (GO:0000077),2/34,0.312932803935959,0.481598264427502,0,0,1.819664404223228,2.114025683598866,DTX3L;PARP9
GO_Biological_Process_2023,Regulation Of Metal Ion Transport (GO:0010959),2/34,0.312932803935959,0.481598264427502,0,0,1.819664404223228,2.114025683598866,P2RX7;F3
GO_Biological_Process_2023,Semaphorin-Plexin Signaling Pathway (GO:0071526),2/34,0.312932803935959,0.481598264427502,0,0,1.819664404223228,2.114025683598866,SEMA4A;SEMA7A
GO_Biological_Process_2023,Smoothened Signaling Pathway (GO:0007224),2/34,0.312932803935959,0.481598264427502,0,0,1.819664404223228,2.114025683598866,STIL;HES5
GO_Biological_Process_2023,Positive Regulation Of Organelle Organization (GO:0010638),2/34,0.312932803935959,0.481598264427502,0,0,1.819664404223228,2.114025683598866,P2RX7;TREM2
GO_Biological_Process_2023,Purine Nucleotide Metabolic Process (GO:0006163),2/34,0.312932803935959,0.481598264427502,0,0,1.819664404223228,2.114025683598866,ME1;KMO
GO_Biological_Process_2023,Regulation Of Osteoblast Differentiation (GO:0045667),4/85,0.3131238831985543,0.481598264427502,0,0,1.4384490390541829,1.670264270056533,TNFAIP6;WNT7B;FFAR4;PPARG
GO_Biological_Process_2023,Positive Regulation Of Canonical Wnt Signaling Pathway (GO:0090263),4/85,0.3131238831985543,0.481598264427502,0,0,1.4384490390541829,1.670264270056533,ZEB2;PPM1N;GPC3;PLEKHA4
GO_Biological_Process_2023,Regulation Of Signal Transduction (GO:0009966),8/193,0.3132807553151537,0.481598264427502,0,0,1.2604385207124933,1.4629349123824342,IRAK2;SRC;GNG4;CD80;ALOX15;TREM2;CD36;MAPK8IP2
GO_Biological_Process_2023,Negative Regulation Of Peptidase Activity (GO:0010466),3/60,0.3219044153909838,0.4945918292888613,0,0,1.5326761011289554,1.7372893171992745,ECM1;SERPINB2;SERPINB13
GO_Biological_Process_2023,Action Potential (GO:0001508),2/35,0.3252592370219438,0.4986847675424067,0,0,1.764431646784588,1.9816909892241008,KCNMB3;KCNJ2
GO_Biological_Process_2023,Dendrite Morphogenesis (GO:0048813),2/35,0.3252592370219438,0.4986847675424067,0,0,1.764431646784588,1.9816909892241008,EPHB2;MAPK8IP2
GO_Biological_Process_2023,Liver Development (GO:0001889),2/35,0.3252592370219438,0.4986847675424067,0,0,1.764431646784588,1.9816909892241008,CEBPA;E2F7
GO_Biological_Process_2023,Positive Regulation Of Mitotic Nuclear Division (GO:0045840),2/35,0.3252592370219438,0.4986847675424067,0,0,1.764431646784588,1.9816909892241008,IL1A;EDN1
GO_Biological_Process_2023,Positive Regulation Of Protein Metabolic Process (GO:0051247),8/196,0.3281278108801697,0.4998257829794171,0,0,1.2401308332523722,1.381942372491241,CD86;EGLN2;CD80;GPC3;NR1H3;TNFAIP3;APOE;PLD1
GO_Biological_Process_2023,Negative Regulation Of Autophagy (GO:0010507),3/61,0.3310712756472608,0.4998257829794171,0,0,1.506172517970622,1.664955623401474,IL10;TREM2;RASIP1
GO_Biological_Process_2023,Positive Regulation Of Cell Junction Assembly (GO:1901890),3/61,0.3310712756472608,0.4998257829794171,0,0,1.506172517970622,1.664955623401474,SLITRK6;EPHB2;EPHA2
GO_Biological_Process_2023,Regulation Of Lymphocyte Migration (GO:2000401),1/12,0.3336211582269958,0.4998257829794171,0,0,2.6456736035049286,2.90428604616912,SPNS2
GO_Biological_Process_2023,Alanine Transport (GO:0032328),1/12,0.3336211582269958,0.4998257829794171,0,0,2.6456736035049286,2.90428604616912,SLC36A1
GO_Biological_Process_2023,Regulation Of Monooxygenase Activity (GO:0032768),1/12,0.3336211582269958,0.4998257829794171,0,0,2.6456736035049286,2.90428604616912,IL1A
GO_Biological_Process_2023,Aspartate Family Amino Acid Metabolic Process (GO:0009066),1/12,0.3336211582269958,0.4998257829794171,0,0,2.6456736035049286,2.90428604616912,ASPG
GO_Biological_Process_2023,Atrial Cardiac Muscle Cell Action Potential (GO:0086014),1/12,0.3336211582269958,0.4998257829794171,0,0,2.6456736035049286,2.90428604616912,KCNJ5
GO_Biological_Process_2023,Axonal Fasciculation (GO:0007413),1/12,0.3336211582269958,0.4998257829794171,0,0,2.6456736035049286,2.90428604616912,EPHB2
GO_Biological_Process_2023,"Base-Excision Repair, Gap-Filling (GO:0006287)",1/12,0.3336211582269958,0.4998257829794171,0,0,2.6456736035049286,2.90428604616912,POLB
GO_Biological_Process_2023,cAMP Metabolic Process (GO:0046058),1/12,0.3336211582269958,0.4998257829794171,0,0,2.6456736035049286,2.90428604616912,EPHA2
GO_Biological_Process_2023,Calcium Ion Import (GO:0070509),1/12,0.3336211582269958,0.4998257829794171,0,0,2.6456736035049286,2.90428604616912,SLC8A1
GO_Biological_Process_2023,Cell-Cell Junction Maintenance (GO:0045217),1/12,0.3336211582269958,0.4998257829794171,0,0,2.6456736035049286,2.90428604616912,CSF1R
GO_Biological_Process_2023,Regulation Of Retinoic Acid Receptor Signaling Pathway (GO:0048385),1/12,0.3336211582269958,0.4998257829794171,0,0,2.6456736035049286,2.90428604616912,EZH2
GO_Biological_Process_2023,Cellular Component Maintenance (GO:0043954),1/12,0.3336211582269958,0.4998257829794171,0,0,2.6456736035049286,2.90428604616912,TREM2
GO_Biological_Process_2023,Regulation Of Sensory Perception (GO:0051931),1/12,0.3336211582269958,0.4998257829794171,0,0,2.6456736035049286,2.90428604616912,CCL3
GO_Biological_Process_2023,Regulation Of Transcription From RNA Polymerase II Promoter In Response To Stress (GO:0043618),1/12,0.3336211582269958,0.4998257829794171,0,0,2.6456736035049286,2.90428604616912,HMOX1
GO_Biological_Process_2023,Detection Of Calcium Ion (GO:0005513),1/12,0.3336211582269958,0.4998257829794171,0,0,2.6456736035049286,2.90428604616912,KCNMB3
GO_Biological_Process_2023,Epithelial Cell Morphogenesis (GO:0003382),1/12,0.3336211582269958,0.4998257829794171,0,0,2.6456736035049286,2.90428604616912,POF1B
GO_Biological_Process_2023,Eye Photoreceptor Cell Differentiation (GO:0001754),1/12,0.3336211582269958,0.4998257829794171,0,0,2.6456736035049286,2.90428604616912,MYO7A
GO_Biological_Process_2023,Fatty Acid Transmembrane Transport (GO:1902001),1/12,0.3336211582269958,0.4998257829794171,0,0,2.6456736035049286,2.90428604616912,CD36
GO_Biological_Process_2023,Granulocyte Differentiation (GO:0030851),1/12,0.3336211582269958,0.4998257829794171,0,0,2.6456736035049286,2.90428604616912,CEBPA
GO_Biological_Process_2023,Lipid Droplet Formation (GO:0140042),1/12,0.3336211582269958,0.4998257829794171,0,0,2.6456736035049286,2.90428604616912,PLA2G4C
GO_Biological_Process_2023,Low-Density Lipoprotein Particle Remodeling (GO:0034374),1/12,0.3336211582269958,0.4998257829794171,0,0,2.6456736035049286,2.90428604616912,PLA2G7
GO_Biological_Process_2023,Mitotic DNA Integrity Checkpoint Signaling (GO:0044774),1/12,0.3336211582269958,0.4998257829794171,0,0,2.6456736035049286,2.90428604616912,ORC1
GO_Biological_Process_2023,Negative Regulation By Host Of Viral Process (GO:0044793),1/12,0.3336211582269958,0.4998257829794171,0,0,2.6456736035049286,2.90428604616912,CCL8
GO_Biological_Process_2023,Negative Regulation By Host Of Viral Transcription (GO:0043922),1/12,0.3336211582269958,0.4998257829794171,0,0,2.6456736035049286,2.90428604616912,POU2F3
GO_Biological_Process_2023,Negative Regulation Of JUN Kinase Activity (GO:0043508),1/12,0.3336211582269958,0.4998257829794171,0,0,2.6456736035049286,2.90428604616912,DUSP10
GO_Biological_Process_2023,Negative Regulation Of Cardiac Muscle Hypertrophy (GO:0010614),1/12,0.3336211582269958,0.4998257829794171,0,0,2.6456736035049286,2.90428604616912,PPARG
GO_Biological_Process_2023,Negative Regulation Of Intrinsic Apoptotic Signaling Pathway In Response To DNA Damage By P53 Class Mediator (GO:1902166),1/12,0.3336211582269958,0.4998257829794171,0,0,2.6456736035049286,2.90428604616912,ZNF385A
GO_Biological_Process_2023,Negative Regulation Of Mononuclear Cell Migration (GO:0071676),1/12,0.3336211582269958,0.4998257829794171,0,0,2.6456736035049286,2.90428604616912,SLAMF8
GO_Biological_Process_2023,Negative Regulation Of Stem Cell Differentiation (GO:2000737),1/12,0.3336211582269958,0.4998257829794171,0,0,2.6456736035049286,2.90428604616912,HES5
GO_Biological_Process_2023,Nucleotide Metabolic Process (GO:0009117),1/12,0.3336211582269958,0.4998257829794171,0,0,2.6456736035049286,2.90428604616912,ME1
GO_Biological_Process_2023,Polysaccharide Biosynthetic Process (GO:0000271),1/12,0.3336211582269958,0.4998257829794171,0,0,2.6456736035049286,2.90428604616912,HAS2
GO_Biological_Process_2023,Positive Regulation Of T Cell Chemotaxis (GO:0010820),1/12,0.3336211582269958,0.4998257829794171,0,0,2.6456736035049286,2.90428604616912,CXCL13
GO_Biological_Process_2023,Positive Regulation Of Cellular Extravasation (GO:0002693),1/12,0.3336211582269958,0.4998257829794171,0,0,2.6456736035049286,2.90428604616912,ICAM1
GO_Biological_Process_2023,Positive Regulation Of Fatty Acid Oxidation (GO:0046321),1/12,0.3336211582269958,0.4998257829794171,0,0,2.6456736035049286,2.90428604616912,NR4A3
GO_Biological_Process_2023,Positive Regulation Of Myeloid Leukocyte Mediated Immunity (GO:0002888),1/12,0.3336211582269958,0.4998257829794171,0,0,2.6456736035049286,2.90428604616912,ITGAM
GO_Biological_Process_2023,Positive Regulation Of Neuroinflammatory Response (GO:0150078),1/12,0.3336211582269958,0.4998257829794171,0,0,2.6456736035049286,2.90428604616912,TREM2
GO_Biological_Process_2023,Positive Regulation Of Purine Nucleotide Biosynthetic Process (GO:1900373),1/12,0.3336211582269958,0.4998257829794171,0,0,2.6456736035049286,2.90428604616912,TREM2
GO_Biological_Process_2023,Positive Regulation Of Sodium Ion Transmembrane Transporter Activity (GO:2000651),1/12,0.3336211582269958,0.4998257829794171,0,0,2.6456736035049286,2.90428604616912,CHP2
GO_Biological_Process_2023,Positive Regulation Of Voltage-Gated Calcium Channel Activity (GO:1901387),1/12,0.3336211582269958,0.4998257829794171,0,0,2.6456736035049286,2.90428604616912,STAC3
GO_Biological_Process_2023,Regulation Of DNA-templated DNA Replication Initiation (GO:0030174),1/12,0.3336211582269958,0.4998257829794171,0,0,2.6456736035049286,2.90428604616912,MCM2
GO_Biological_Process_2023,Regulation Of Cell Communication By Electrical Coupling (GO:0010649),1/12,0.3336211582269958,0.4998257829794171,0,0,2.6456736035049286,2.90428604616912,SLC8A1
GO_Biological_Process_2023,Blood Vessel Diameter Maintenance (GO:0097746),2/36,0.3375268353664097,0.5048911780843652,0,0,1.7124478750776329,1.8599072062097632,EDN1;EDN2
GO_Biological_Process_2023,Substrate Adhesion-Dependent Cell Spreading (GO:0034446),2/36,0.3375268353664097,0.5048911780843652,0,0,1.7124478750776329,1.8599072062097632,KIF14;FN1
GO_Biological_Process_2023,Lytic Vacuole Organization (GO:0080171),2/36,0.3375268353664097,0.5048911780843652,0,0,1.7124478750776329,1.8599072062097632,MYO7A;ARSB
GO_Biological_Process_2023,Positive Regulation Of Transferase Activity (GO:0051347),6/143,0.3401682923950798,0.5085789021981333,0,0,1.27585481209087,1.3757731344395656,CSF1R;TREM2;APOE;MERTK;HLA-DRB1;EPHA2
GO_Biological_Process_2023,Cellular Response To Peptide Hormone Stimulus (GO:0071375),4/89,0.3434229978534145,0.5129137065715509,0,0,1.370472546053217,1.4647505891771837,CEACAM1;NR4A3;SRC;PPARG
GO_Biological_Process_2023,Sensory Perception Of Mechanical Stimulus (GO:0050954),4/89,0.3434229978534145,0.5129137065715509,0,0,1.370472546053217,1.4647505891771837,TBX1;SPNS2;CDH23;MYO7A
GO_Biological_Process_2023,Regulation Of Cellular Catabolic Process (GO:0031329),3/63,0.3493881953643346,0.5182493042852351,0,0,1.4558157099697886,1.5308945534163654,DRAM1;LAMP3;ABCD1
GO_Biological_Process_2023,Calcium Ion Import Across Plasma Membrane (GO:0098703),2/37,0.3497258922794931,0.5182493042852351,0,0,1.6634346046110753,1.7476137045974172,SCN2A;SLC8A1
GO_Biological_Process_2023,Type I Interferon-Mediated Signaling Pathway (GO:0060337),2/37,0.3497258922794931,0.5182493042852351,0,0,1.6634346046110753,1.7476137045974172,STAT1;OAS2
GO_Biological_Process_2023,Negative Regulation Of Endothelial Cell Migration (GO:0010596),2/37,0.3497258922794931,0.5182493042852351,0,0,1.6634346046110753,1.7476137045974172,PPARG;APOE
GO_Biological_Process_2023,Negative Regulation Of Stress-Activated MAPK Cascade (GO:0032873),2/37,0.3497258922794931,0.5182493042852351,0,0,1.6634346046110753,1.7476137045974172,DUSP10;TREM2
GO_Biological_Process_2023,Negative Regulation Of Transferase Activity (GO:0051348),2/37,0.3497258922794931,0.5182493042852351,0,0,1.6634346046110753,1.7476137045974172,DTX3L;SRC
GO_Biological_Process_2023,Positive Regulation Of Signaling (GO:0023056),2/37,0.3497258922794931,0.5182493042852351,0,0,1.6634346046110753,1.7476137045974172,EDN1;CD80
GO_Biological_Process_2023,Regulation Of Cellular Component Biogenesis (GO:0044087),2/37,0.3497258922794931,0.5182493042852351,0,0,1.6634346046110753,1.7476137045974172,APOE;CD36
GO_Biological_Process_2023,Positive Regulation Of Protein Kinase Activity (GO:0045860),6/145,0.3520188748567385,0.5182493042852351,0,0,1.257366185958669,1.312778921169168,CSF1R;SRC;KIF14;ECT2;FCGR1A;EZH2
GO_Biological_Process_2023,Neuron Differentiation (GO:0030182),7/173,0.3530802737791763,0.5182493042852351,0,0,1.2284670597282747,1.278907724856843,FOXA1;IRX2;LHX2;WNT7B;ANOS1;MYO7A;ASCL2
GO_Biological_Process_2023,ERBB2 Signaling Pathway (GO:0038128),1/13,0.3557915209883394,0.5182493042852351,0,0,2.4250753012048194,2.506097879105358,SRC
GO_Biological_Process_2023,Regulation Of Fatty Acid Beta-Oxidation (GO:0031998),1/13,0.3557915209883394,0.5182493042852351,0,0,2.4250753012048194,2.506097879105358,ABCD1
GO_Biological_Process_2023,Regulation Of Intrinsic Apoptotic Signaling Pathway In Response To DNA Damage By P53 Class Mediator (GO:1902165),1/13,0.3557915209883394,0.5182493042852351,0,0,2.4250753012048194,2.506097879105358,ZNF385A
GO_Biological_Process_2023,Regulation Of Lamellipodium Organization (GO:1902743),1/13,0.3557915209883394,0.5182493042852351,0,0,2.4250753012048194,2.506097879105358,EPHA2
GO_Biological_Process_2023,Acute-Phase Response (GO:0006953),1/13,0.3557915209883394,0.5182493042852351,0,0,2.4250753012048194,2.506097879105358,APOL2
GO_Biological_Process_2023,acyl-CoA Biosynthetic Process (GO:0071616),1/13,0.3557915209883394,0.5182493042852351,0,0,2.4250753012048194,2.506097879105358,SLC27A2
GO_Biological_Process_2023,Amyloid Precursor Protein Catabolic Process (GO:0042987),1/13,0.3557915209883394,0.5182493042852351,0,0,2.4250753012048194,2.506097879105358,ABCG1
GO_Biological_Process_2023,Antigen Processing And Presentation Of Endogenous Peptide Antigen Via MHC Class I Via ER Pathway (GO:0002484),1/13,0.3557915209883394,0.5182493042852351,0,0,2.4250753012048194,2.506097879105358,ULBP1
GO_Biological_Process_2023,"Antigen Processing And Presentation Of Endogenous Peptide Antigen Via MHC Class I Via ER Pathway, TAP-independent (GO:0002486)",1/13,0.3557915209883394,0.5182493042852351,0,0,2.4250753012048194,2.506097879105358,ULBP1
GO_Biological_Process_2023,Antigen Processing And Presentation Of Endogenous Peptide Antigen Via MHC Class Ib (GO:0002476),1/13,0.3557915209883394,0.5182493042852351,0,0,2.4250753012048194,2.506097879105358,ULBP1
GO_Biological_Process_2023,Antigen Processing And Presentation Of Peptide Antigen Via MHC Class Ib (GO:0002428),1/13,0.3557915209883394,0.5182493042852351,0,0,2.4250753012048194,2.506097879105358,ULBP1
GO_Biological_Process_2023,Regulation Of Nitrogen Compound Metabolic Process (GO:0051171),1/13,0.3557915209883394,0.5182493042852351,0,0,2.4250753012048194,2.506097879105358,APOE
GO_Biological_Process_2023,Cardiocyte Differentiation (GO:0035051),1/13,0.3557915209883394,0.5182493042852351,0,0,2.4250753012048194,2.506097879105358,ASB2
GO_Biological_Process_2023,Regulation Of Response To Stress (GO:0080134),1/13,0.3557915209883394,0.5182493042852351,0,0,2.4250753012048194,2.506097879105358,IL10
GO_Biological_Process_2023,Regulation Of Vasculogenesis (GO:2001212),1/13,0.3557915209883394,0.5182493042852351,0,0,2.4250753012048194,2.506097879105358,CEACAM1
GO_Biological_Process_2023,Chondroitin Sulfate Biosynthetic Process (GO:0030206),1/13,0.3557915209883394,0.5182493042852351,0,0,2.4250753012048194,2.506097879105358,CHST9
GO_Biological_Process_2023,Cranial Nerve Development (GO:0021545),1/13,0.3557915209883394,0.5182493042852351,0,0,2.4250753012048194,2.506097879105358,TIFAB
GO_Biological_Process_2023,Cytoplasmic Sequestering Of Transcription Factor (GO:0042994),1/13,0.3557915209883394,0.5182493042852351,0,0,2.4250753012048194,2.506097879105358,IL10
GO_Biological_Process_2023,Eye Photoreceptor Cell Development (GO:0042462),1/13,0.3557915209883394,0.5182493042852351,0,0,2.4250753012048194,2.506097879105358,MYO7A
GO_Biological_Process_2023,Thymus Development (GO:0048538),1/13,0.3557915209883394,0.5182493042852351,0,0,2.4250753012048194,2.506097879105358,TBX1
GO_Biological_Process_2023,Glomerular Filtration (GO:0003094),1/13,0.3557915209883394,0.5182493042852351,0,0,2.4250753012048194,2.506097879105358,MYO1E
GO_Biological_Process_2023,Killing By Host Of Symbiont Cells (GO:0051873),1/13,0.3557915209883394,0.5182493042852351,0,0,2.4250753012048194,2.506097879105358,CAMP
GO_Biological_Process_2023,Mature B Cell Differentiation Involved In Immune Response (GO:0002313),1/13,0.3557915209883394,0.5182493042852351,0,0,2.4250753012048194,2.506097879105358,FCGR2B
GO_Biological_Process_2023,Membrane Depolarization (GO:0051899),1/13,0.3557915209883394,0.5182493042852351,0,0,2.4250753012048194,2.506097879105358,P2RX7
GO_Biological_Process_2023,Monoacylglycerol Metabolic Process (GO:0046462),1/13,0.3557915209883394,0.5182493042852351,0,0,2.4250753012048194,2.506097879105358,MOGAT2
GO_Biological_Process_2023,Negative Regulation Of Cell Activation (GO:0050866),1/13,0.3557915209883394,0.5182493042852351,0,0,2.4250753012048194,2.506097879105358,TREM2
GO_Biological_Process_2023,Negative Regulation Of Lyase Activity (GO:0051350),1/13,0.3557915209883394,0.5182493042852351,0,0,2.4250753012048194,2.506097879105358,AKAP5
GO_Biological_Process_2023,Negative Regulation Of Neuroinflammatory Response (GO:0150079),1/13,0.3557915209883394,0.5182493042852351,0,0,2.4250753012048194,2.506097879105358,TREM2
GO_Biological_Process_2023,Negative Regulation Of Receptor Internalization (GO:0002091),1/13,0.3557915209883394,0.5182493042852351,0,0,2.4250753012048194,2.506097879105358,RIN3
GO_Biological_Process_2023,Negative Regulation Of Toll-Like Receptor Signaling Pathway (GO:0034122),1/13,0.3557915209883394,0.5182493042852351,0,0,2.4250753012048194,2.506097879105358,CD300LF
GO_Biological_Process_2023,Negative Regulation Of Viral Transcription (GO:0032897),1/13,0.3557915209883394,0.5182493042852351,0,0,2.4250753012048194,2.506097879105358,TRIM31
GO_Biological_Process_2023,Positive Regulation Of T-helper 17 Type Immune Response (GO:2000318),1/13,0.3557915209883394,0.5182493042852351,0,0,2.4250753012048194,2.506097879105358,CLEC7A
GO_Biological_Process_2023,Positive Regulation Of Double-Strand Break Repair Via Nonhomologous End Joining (GO:2001034),1/13,0.3557915209883394,0.5182493042852351,0,0,2.4250753012048194,2.506097879105358,KMT5C
GO_Biological_Process_2023,Positive Regulation Of Granulocyte Macrophage Colony-Stimulating Factor Production (GO:0032725),1/13,0.3557915209883394,0.5182493042852351,0,0,2.4250753012048194,2.506097879105358,CD80
GO_Biological_Process_2023,Positive Regulation Of Insulin Secretion Involved In Cellular Response To Glucose Stimulus (GO:0035774),1/13,0.3557915209883394,0.5182493042852351,0,0,2.4250753012048194,2.506097879105358,HLA-DRB1
GO_Biological_Process_2023,Protein Hydroxylation (GO:0018126),1/13,0.3557915209883394,0.5182493042852351,0,0,2.4250753012048194,2.506097879105358,EGLN3
GO_Biological_Process_2023,Regulation Of IRE1-mediated Unfolded Protein Response (GO:1903894),1/13,0.3557915209883394,0.5182493042852351,0,0,2.4250753012048194,2.506097879105358,BCL2L11
GO_Biological_Process_2023,Regulation Of T-helper 17 Type Immune Response (GO:2000316),1/13,0.3557915209883394,0.5182493042852351,0,0,2.4250753012048194,2.506097879105358,CLEC7A
GO_Biological_Process_2023,Regulation Of Cell Projection Organization (GO:0031344),1/13,0.3557915209883394,0.5182493042852351,0,0,2.4250753012048194,2.506097879105358,TREM2
GO_Biological_Process_2023,Regulation Of Gene Expression (GO:0010468),40/1127,0.3566628664925901,0.519256528272369,0,0,1.0743992640294389,1.1076672797292462,CEBPA;CXCL8;TREM2;NTS;SLC8A1;ELAVL2;SOX2;CYP27B1;TRIM6;CLEC7A;LAMP3;MYB;GCNT2;CCL3;LGALS9;APOE;CD36;EPHB2;PPARGC1B;HAVCR2;ZNF683;CCR1;IL10;MSR1;FN1;IL36G;LILRB1;PARP9;ST18;WARS1;P2RX7;IL1A;PPARG;ATF5;TLR4;VGLL1;LGMN;EZH2;MCM2;TLR2
GO_Biological_Process_2023,Positive Regulation Of Cellular Catabolic Process (GO:0031331),6/146,0.3579568042544666,0.5208776682876235,0,0,1.248319965315413,1.2824527261573957,P2RX7;TRIM6;DTX3L;APOC2;APOE;ABCD1
GO_Biological_Process_2023,Response To Metal Ion (GO:0010038),3/64,0.3585283926948321,0.5213010245597771,0,0,1.4318755881333267,1.4687426952825804,IL1A;KCNMA1;HAMP
GO_Biological_Process_2023,Regulation Of RNA Metabolic Process (GO:0051252),4/91,0.3586088793819596,0.5213010245597771,0,0,1.3388283165527677,1.3729991739378955,OAS1;OAS2;OAS3;MCM2
GO_Biological_Process_2023,Regulation Of Protein Import Into Nucleus (GO:0042306),2/38,0.3618474094746983,0.5249514930419368,0,0,1.617144293614882,1.6438800175753054,CHP2;ECT2
GO_Biological_Process_2023,Response To cAMP (GO:0051591),2/38,0.3618474094746983,0.5249514930419368,0,0,1.617144293614882,1.6438800175753054,STAT1;DUOX2
GO_Biological_Process_2023,Connective Tissue Development (GO:0061448),2/38,0.3618474094746983,0.5249514930419368,0,0,1.617144293614882,1.6438800175753054,CHI3L1;HES5
GO_Biological_Process_2023,Heart Looping (GO:0001947),2/38,0.3618474094746983,0.5249514930419368,0,0,1.617144293614882,1.6438800175753054,STIL;TBX6
GO_Biological_Process_2023,Regulation Of Protein Kinase Activity (GO:0045859),5/119,0.3625041643156448,0.5256401418278587,0,0,1.2773125996810208,1.2961137687260595,CEACAM1;EPHB2;TRIB1;ECT2;WARS1
GO_Biological_Process_2023,Dephosphorylation (GO:0016311),6/147,0.3639012158804219,0.5274010091600292,0,0,1.2394020598585864,1.2528778716250666,DUSP5;DUSP10;PTPRZ1;PTPRO;PTPRH;FBP1
GO_Biological_Process_2023,Sensory Perception Of Sound (GO:0007605),4/92,0.3662005084594015,0.5304670687016017,0,0,1.3235455920781185,1.329599831445866,TBX1;SPNS2;CDH23;MYO7A
GO_Biological_Process_2023,Extracellular Matrix Organization (GO:0030198),7/176,0.3693862160193364,0.5341096526789335,0,0,1.2064711066347729,1.201539687867419,MMP12;MMP13;ADAMTSL4;MMP1;HAS2;TGFBI;MMP9
GO_Biological_Process_2023,Carboxylic Acid Transmembrane Transport (GO:1905039),2/39,0.3738830611590648,0.5341096526789335,0,0,1.5733561615914555,1.5478869885391668,SLC7A7;SLC38A6
GO_Biological_Process_2023,Retina Homeostasis (GO:0001895),2/39,0.3738830611590648,0.5341096526789335,0,0,1.5733561615914555,1.5478869885391668,LYZ;F3
GO_Biological_Process_2023,Vesicle Cytoskeletal Trafficking (GO:0099518),2/39,0.3738830611590648,0.5341096526789335,0,0,1.5733561615914555,1.5478869885391668,MYO1E;MYO7A
GO_Biological_Process_2023,Odontogenesis (GO:0042476),2/39,0.3738830611590648,0.5341096526789335,0,0,1.5733561615914555,1.5478869885391668,TBX1;TUFT1
GO_Biological_Process_2023,Positive Regulation Of Cytokinesis (GO:0032467),2/39,0.3738830611590648,0.5341096526789335,0,0,1.5733561615914555,1.5478869885391668,KIF14;ECT2
GO_Biological_Process_2023,Response To Reactive Oxygen Species (GO:0000302),3/66,0.3767489213566766,0.5341096526789335,0,0,1.3862753560638756,1.353249154103325,HMOX1;APOE;MMP9
GO_Biological_Process_2023,Regulation Of Endothelial Cell Chemotaxis (GO:2001026),1/14,0.377225348739988,0.5341096526789335,0,0,2.238415199258573,2.182259020835098,LGMN
GO_Biological_Process_2023,Regulation Of Establishment Of Protein Localization (GO:0070201),1/14,0.377225348739988,0.5341096526789335,0,0,2.238415199258573,2.182259020835098,TREM2
GO_Biological_Process_2023,Regulation Of Extracellular Matrix Disassembly (GO:0010715),1/14,0.377225348739988,0.5341096526789335,0,0,2.238415199258573,2.182259020835098,CEL
GO_Biological_Process_2023,L-glutamate Transmembrane Transport (GO:0015813),1/14,0.377225348739988,0.5341096526789335,0,0,2.238415199258573,2.182259020835098,SLC1A3
GO_Biological_Process_2023,Regulation Of Feeding Behavior (GO:0060259),1/14,0.377225348739988,0.5341096526789335,0,0,2.238415199258573,2.182259020835098,NR4A3
GO_Biological_Process_2023,Regulation Of Macrophage Differentiation (GO:0045649),1/14,0.377225348739988,0.5341096526789335,0,0,2.238415199258573,2.182259020835098,C1QC
GO_Biological_Process_2023,Regulation Of Microglial Cell Activation (GO:1903978),1/14,0.377225348739988,0.5341096526789335,0,0,2.238415199258573,2.182259020835098,TREM2
GO_Biological_Process_2023,Aorta Development (GO:0035904),1/14,0.377225348739988,0.5341096526789335,0,0,2.238415199258573,2.182259020835098,TBX1
GO_Biological_Process_2023,Regulation Of Non-Canonical Wnt Signaling Pathway (GO:2000050),1/14,0.377225348739988,0.5341096526789335,0,0,2.238415199258573,2.182259020835098,GPC3
GO_Biological_Process_2023,Bone Morphogenesis (GO:0060349),1/14,0.377225348739988,0.5341096526789335,0,0,2.238415199258573,2.182259020835098,MMP13
GO_Biological_Process_2023,Regulation Of Sensory Perception Of Pain (GO:0051930),1/14,0.377225348739988,0.5341096526789335,0,0,2.238415199258573,2.182259020835098,CCL3
GO_Biological_Process_2023,Cellular Response To ATP (GO:0071318),1/14,0.377225348739988,0.5341096526789335,0,0,2.238415199258573,2.182259020835098,P2RX7
GO_Biological_Process_2023,Regulation Of Vesicle Size (GO:0097494),1/14,0.377225348739988,0.5341096526789335,0,0,2.238415199258573,2.182259020835098,RIN3
GO_Biological_Process_2023,Ceramide Transport (GO:0035627),1/14,0.377225348739988,0.5341096526789335,0,0,2.238415199258573,2.182259020835098,ABCA13
GO_Biological_Process_2023,Contractile Actin Filament Bundle Assembly (GO:0030038),1/14,0.377225348739988,0.5341096526789335,0,0,2.238415199258573,2.182259020835098,SRC
GO_Biological_Process_2023,Response To Muscle Stretch (GO:0035994),1/14,0.377225348739988,0.5341096526789335,0,0,2.238415199258573,2.182259020835098,SLC8A1
GO_Biological_Process_2023,Embryonic Cranial Skeleton Morphogenesis (GO:0048701),1/14,0.377225348739988,0.5341096526789335,0,0,2.238415199258573,2.182259020835098,TBX1
GO_Biological_Process_2023,Endoderm Development (GO:0007492),1/14,0.377225348739988,0.5341096526789335,0,0,2.238415199258573,2.182259020835098,DUSP5
GO_Biological_Process_2023,Smooth Muscle Contraction (GO:0006939),1/14,0.377225348739988,0.5341096526789335,0,0,2.238415199258573,2.182259020835098,SLC8A1
GO_Biological_Process_2023,Stress Fiber Assembly (GO:0043149),1/14,0.377225348739988,0.5341096526789335,0,0,2.238415199258573,2.182259020835098,SRC
GO_Biological_Process_2023,Ethanol Metabolic Process (GO:0006067),1/14,0.377225348739988,0.5341096526789335,0,0,2.238415199258573,2.182259020835098,ADH1C
GO_Biological_Process_2023,Synaptic Vesicle Membrane Organization (GO:0048499),1/14,0.377225348739988,0.5341096526789335,0,0,2.238415199258573,2.182259020835098,STX19
GO_Biological_Process_2023,Synaptonemal Complex Assembly (GO:0007130),1/14,0.377225348739988,0.5341096526789335,0,0,2.238415199258573,2.182259020835098,SYCP2
GO_Biological_Process_2023,Synaptonemal Complex Organization (GO:0070193),1/14,0.377225348739988,0.5341096526789335,0,0,2.238415199258573,2.182259020835098,SYCP2
GO_Biological_Process_2023,Genitalia Development (GO:0048806),1/14,0.377225348739988,0.5341096526789335,0,0,2.238415199258573,2.182259020835098,TIFAB
GO_Biological_Process_2023,Glucosamine-Containing Compound Metabolic Process (GO:1901071),1/14,0.377225348739988,0.5341096526789335,0,0,2.238415199258573,2.182259020835098,RENBP
GO_Biological_Process_2023,Lipoprotein Biosynthetic Process (GO:0042158),1/14,0.377225348739988,0.5341096526789335,0,0,2.238415199258573,2.182259020835098,APOE
GO_Biological_Process_2023,Myotube Cell Development (GO:0014904),1/14,0.377225348739988,0.5341096526789335,0,0,2.238415199258573,2.182259020835098,RYR1
GO_Biological_Process_2023,Negative Regulation Of Receptor Signaling Pathway Via STAT (GO:1904893),1/14,0.377225348739988,0.5341096526789335,0,0,2.238415199258573,2.182259020835098,PPARG
GO_Biological_Process_2023,Negative Regulation Of Smooth Muscle Cell Migration (GO:0014912),1/14,0.377225348739988,0.5341096526789335,0,0,2.238415199258573,2.182259020835098,TRIB1
GO_Biological_Process_2023,Odontogenesis Of Dentin-Containing Tooth (GO:0042475),1/14,0.377225348739988,0.5341096526789335,0,0,2.238415199258573,2.182259020835098,TBX1
GO_Biological_Process_2023,Photoreceptor Cell Development (GO:0042461),1/14,0.377225348739988,0.5341096526789335,0,0,2.238415199258573,2.182259020835098,MYO7A
GO_Biological_Process_2023,Positive Regulation Of Adaptive Immune Response Based On Somatic Recombination Of Immune Receptors Built From Immunoglobulin Superfamily Domains (GO:0002824),1/14,0.377225348739988,0.5341096526789335,0,0,2.238415199258573,2.182259020835098,CLEC7A
GO_Biological_Process_2023,Positive Regulation Of Endothelial Cell Chemotaxis (GO:2001028),1/14,0.377225348739988,0.5341096526789335,0,0,2.238415199258573,2.182259020835098,LGMN
GO_Biological_Process_2023,Positive Regulation Of Membrane Protein Ectodomain Proteolysis (GO:0051044),1/14,0.377225348739988,0.5341096526789335,0,0,2.238415199258573,2.182259020835098,APOE
GO_Biological_Process_2023,Positive Regulation Of Response To Cytokine Stimulus (GO:0060760),1/14,0.377225348739988,0.5341096526789335,0,0,2.238415199258573,2.182259020835098,IFIH1
GO_Biological_Process_2023,Primary Alcohol Metabolic Process (GO:0034308),1/14,0.377225348739988,0.5341096526789335,0,0,2.238415199258573,2.182259020835098,GDPD3
GO_Biological_Process_2023,Protein Localization To Vacuole (GO:0072665),1/14,0.377225348739988,0.5341096526789335,0,0,2.238415199258573,2.182259020835098,GBP1
GO_Biological_Process_2023,Regulation Of ATP Biosynthetic Process (GO:2001169),1/14,0.377225348739988,0.5341096526789335,0,0,2.238415199258573,2.182259020835098,TREM2
GO_Biological_Process_2023,Cellular Response To Hormone Stimulus (GO:0032870),4/94,0.381367024176425,0.5397091170575191,0,0,1.2939989914271306,1.247406033795948,GHR;NR4A3;SRC;FFAR4
GO_Biological_Process_2023,Activation Of Cysteine-Type Endopeptidase Activity Involved In Apoptotic Process (GO:0006919),3/67,0.3858204373869967,0.5430898265142946,0,0,1.364543995468278,1.2995687849512636,EGLN3;PPARG;NLRC4
GO_Biological_Process_2023,L-alpha-amino Acid Transmembrane Transport (GO:1902475),2/40,0.3858251590512013,0.5430898265142946,0,0,1.5318726680955783,1.458911055703643,SLC7A7;SLC1A3
GO_Biological_Process_2023,Notch Signaling Pathway (GO:0007219),2/40,0.3858251590512013,0.5430898265142946,0,0,1.5318726680955783,1.458911055703643,HES5;DLL3
GO_Biological_Process_2023,Regulation Of Glycolytic Process (GO:0006110),2/40,0.3858251590512013,0.5430898265142946,0,0,1.5318726680955783,1.458911055703643,P2RX7;FBP1
GO_Biological_Process_2023,Regulation Of Microtubule Cytoskeleton Organization (GO:0070507),2/40,0.3858251590512013,0.5430898265142946,0,0,1.5318726680955783,1.458911055703643,TRIM36;TPPP
GO_Biological_Process_2023,Regulation Of Small Molecule Metabolic Process (GO:0062012),2/40,0.3858251590512013,0.5430898265142946,0,0,1.5318726680955783,1.458911055703643,APOE;ABCG1
GO_Biological_Process_2023,Cellular Response To Heat (GO:0034605),2/40,0.3858251590512013,0.5430898265142946,0,0,1.5318726680955783,1.458911055703643,IL1A;HMOX1
GO_Biological_Process_2023,Water-Soluble Vitamin Metabolic Process (GO:0006767),2/40,0.3858251590512013,0.5430898265142946,0,0,1.5318726680955783,1.458911055703643,SLC52A1;ABCD1
GO_Biological_Process_2023,Negative Regulation Of Mitotic Cell Cycle Phase Transition (GO:1901991),2/40,0.3858251590512013,0.5430898265142946,0,0,1.5318726680955783,1.458911055703643,GPNMB;E2F7
GO_Biological_Process_2023,Positive Regulation Of Cell Cycle G1/S Phase Transition (GO:1902808),2/40,0.3858251590512013,0.5430898265142946,0,0,1.5318726680955783,1.458911055703643,STIL;EZH2
GO_Biological_Process_2023,Protein Localization To Cilium (GO:0061512),2/40,0.3858251590512013,0.5430898265142946,0,0,1.5318726680955783,1.458911055703643,DNAH11;SNX10
GO_Biological_Process_2023,Positive Regulation Of Epithelial Cell Migration (GO:0010634),4/95,0.388936463294286,0.5469359812618626,0,0,1.279712722980499,1.2084829941619633,EDN1;SRC;MMP9;FUT1
GO_Biological_Process_2023,Positive Regulation Of Transmembrane Receptor Protein Serine/Threonine Kinase Signaling Pathway (GO:0090100),4/95,0.388936463294286,0.5469359812618626,0,0,1.279712722980499,1.2084829941619633,ZEB2;CDKN2B;PPARG;HES5
GO_Biological_Process_2023,B Cell Differentiation (GO:0030183),3/68,0.3948605305075281,0.5470824784686175,0,0,1.3434812921217756,1.2483932649687055,IL10;NFAM1;BLNK
GO_Biological_Process_2023,Neuropeptide Signaling Pathway (GO:0007218),3/68,0.3948605305075281,0.5470824784686175,0,0,1.3434812921217756,1.2483932649687055,NXPH4;GPR84;NTS
GO_Biological_Process_2023,Negative Regulation Of Growth (GO:0045926),5/124,0.3956228943442346,0.5470824784686175,0,0,1.2233256939139292,1.1343823416848051,CYP27B1;DCSTAMP;GNG4;CDKN2A;FBP1
GO_Biological_Process_2023,Positive Regulation Of Supramolecular Fiber Organization (GO:1902905),4/96,0.3964931714162966,0.5470824784686175,0,0,1.2657370255870553,1.170928841925592,EDN1;PLEK;ALOX15;APOE
GO_Biological_Process_2023,Negative Regulation Of Transcription By RNA Polymerase II (GO:0000122),27/763,0.3971947683673387,0.5470824784686175,0,0,1.069436162600518,0.9874409073004152,CEBPA;CIITA;ASCL2;SOX2;CYP27B1;SDR16C5;MYB;HOXA7;E2F7;HES5;IRX2;FOXD3;EDN1;STAT1;FST;NR1H3;TBX6;PARP9;ETV7;ZEB2;NR4A3;TFEC;IRF8;PPARG;HAMP;FBP1;EZH2
GO_Biological_Process_2023,Acylglycerol Metabolic Process (GO:0006639),2/41,0.3976666195968502,0.5470824784686175,0,0,1.492516533240515,1.376311082379937,APOC1;APOE
GO_Biological_Process_2023,Cellular Response To Retinoic Acid (GO:0071300),2/41,0.3976666195968502,0.5470824784686175,0,0,1.492516533240515,1.376311082379937,TBX1;WNT7B
GO_Biological_Process_2023,Positive Regulation Of Response To Biotic Stimulus (GO:0002833),2/41,0.3976666195968502,0.5470824784686175,0,0,1.492516533240515,1.376311082379937,GBP5;TLR8
GO_Biological_Process_2023,Positive Regulation Of Viral Process (GO:0048524),2/41,0.3976666195968502,0.5470824784686175,0,0,1.492516533240515,1.376311082379937,CD209;IFIT1
GO_Biological_Process_2023,Regulation Of Dephosphorylation (GO:0035303),1/15,0.3979470747433656,0.5470824784686175,0,0,2.07842082616179,1.915132313953084,SRC
GO_Biological_Process_2023,L-glutamate Import (GO:0051938),1/15,0.3979470747433656,0.5470824784686175,0,0,2.07842082616179,1.915132313953084,SLC1A3
GO_Biological_Process_2023,N-acetylglucosamine Metabolic Process (GO:0006044),1/15,0.3979470747433656,0.5470824784686175,0,0,2.07842082616179,1.915132313953084,RENBP
GO_Biological_Process_2023,Regulation Of Granulocyte Macrophage Colony-Stimulating Factor Production (GO:0032645),1/15,0.3979470747433656,0.5470824784686175,0,0,2.07842082616179,1.915132313953084,CD80
GO_Biological_Process_2023,Regulation Of Hormone Secretion (GO:0046883),1/15,0.3979470747433656,0.5470824784686175,0,0,2.07842082616179,1.915132313953084,EDN1
GO_Biological_Process_2023,Adenylate Cyclase-Activating Adrenergic Receptor Signaling Pathway (GO:0071880),1/15,0.3979470747433656,0.5470824784686175,0,0,2.07842082616179,1.915132313953084,ADRB1
GO_Biological_Process_2023,Regulation Of miRNA-mediated Gene Silencing (GO:0060964),1/15,0.3979470747433656,0.5470824784686175,0,0,2.07842082616179,1.915132313953084,PPARG
GO_Biological_Process_2023,Anterograde Synaptic Vesicle Transport (GO:0048490),1/15,0.3979470747433656,0.5470824784686175,0,0,2.07842082616179,1.915132313953084,TRIM46
GO_Biological_Process_2023,Regulation Of Multicellular Organism Growth (GO:0040014),1/15,0.3979470747433656,0.5470824784686175,0,0,2.07842082616179,1.915132313953084,GHR
GO_Biological_Process_2023,Branched-Chain Amino Acid Metabolic Process (GO:0009081),1/15,0.3979470747433656,0.5470824784686175,0,0,2.07842082616179,1.915132313953084,BCAT1
GO_Biological_Process_2023,Cardiac Myofibril Assembly (GO:0055003),1/15,0.3979470747433656,0.5470824784686175,0,0,2.07842082616179,1.915132313953084,NEBL
GO_Biological_Process_2023,Cellular Response To Corticosteroid Stimulus (GO:0071384),1/15,0.3979470747433656,0.5470824784686175,0,0,2.07842082616179,1.915132313953084,BCL2L11
GO_Biological_Process_2023,Renal Filtration (GO:0097205),1/15,0.3979470747433656,0.5470824784686175,0,0,2.07842082616179,1.915132313953084,MYO1E
GO_Biological_Process_2023,Dendritic Cell Chemotaxis (GO:0002407),1/15,0.3979470747433656,0.5470824784686175,0,0,2.07842082616179,1.915132313953084,CCR1
GO_Biological_Process_2023,Dendritic Spine Morphogenesis (GO:0060997),1/15,0.3979470747433656,0.5470824784686175,0,0,2.07842082616179,1.915132313953084,EPHB2
GO_Biological_Process_2023,Digestive Tract Morphogenesis (GO:0048546),1/15,0.3979470747433656,0.5470824784686175,0,0,2.07842082616179,1.915132313953084,SIX2
GO_Biological_Process_2023,Epiboly Involved In Wound Healing (GO:0090505),1/15,0.3979470747433656,0.5470824784686175,0,0,2.07842082616179,1.915132313953084,CEACAM1
GO_Biological_Process_2023,Sphingolipid Catabolic Process (GO:0030149),1/15,0.3979470747433656,0.5470824784686175,0,0,2.07842082616179,1.915132313953084,CEL
GO_Biological_Process_2023,Synaptic Vesicle Transport Along Microtubule (GO:0099517),1/15,0.3979470747433656,0.5470824784686175,0,0,2.07842082616179,1.915132313953084,TRIM46
GO_Biological_Process_2023,Ganglioside Biosynthetic Process (GO:0001574),1/15,0.3979470747433656,0.5470824784686175,0,0,2.07842082616179,1.915132313953084,B4GALNT1
GO_Biological_Process_2023,Gas Transport (GO:0015669),1/15,0.3979470747433656,0.5470824784686175,0,0,2.07842082616179,1.915132313953084,MB
GO_Biological_Process_2023,Glutamine Family Amino Acid Catabolic Process (GO:0009065),1/15,0.3979470747433656,0.5470824784686175,0,0,2.07842082616179,1.915132313953084,GAD1
GO_Biological_Process_2023,Vasodilation (GO:0042311),1/15,0.3979470747433656,0.5470824784686175,0,0,2.07842082616179,1.915132313953084,ADRB1
GO_Biological_Process_2023,Intracellular Sterol Transport (GO:0032366),1/15,0.3979470747433656,0.5470824784686175,0,0,2.07842082616179,1.915132313953084,ABCG1
GO_Biological_Process_2023,Membrane Repolarization During Action Potential (GO:0086011),1/15,0.3979470747433656,0.5470824784686175,0,0,2.07842082616179,1.915132313953084,KCNJ2
GO_Biological_Process_2023,Negative Regulation Of Cation Transmembrane Transport (GO:1904063),1/15,0.3979470747433656,0.5470824784686175,0,0,2.07842082616179,1.915132313953084,MMP9
GO_Biological_Process_2023,Negative Regulation Of Epithelial Cell Differentiation (GO:0030857),1/15,0.3979470747433656,0.5470824784686175,0,0,2.07842082616179,1.915132313953084,MMP9
GO_Biological_Process_2023,Nitric Oxide Biosynthetic Process (GO:0006809),1/15,0.3979470747433656,0.5470824784686175,0,0,2.07842082616179,1.915132313953084,GCH1
GO_Biological_Process_2023,Platelet-Derived Growth Factor Receptor Signaling Pathway (GO:0048008),1/15,0.3979470747433656,0.5470824784686175,0,0,2.07842082616179,1.915132313953084,NR4A3
GO_Biological_Process_2023,"Positive Regulation Of DNA Damage Response, Signal Transduction By P53 Class Mediator (GO:0043517)",1/15,0.3979470747433656,0.5470824784686175,0,0,2.07842082616179,1.915132313953084,ZNF385A
GO_Biological_Process_2023,Positive Regulation Of Isotype Switching (GO:0045830),1/15,0.3979470747433656,0.5470824784686175,0,0,2.07842082616179,1.915132313953084,KMT5C
GO_Biological_Process_2023,Positive Regulation Of Sprouting Angiogenesis (GO:1903672),1/15,0.3979470747433656,0.5470824784686175,0,0,2.07842082616179,1.915132313953084,FUT1
GO_Biological_Process_2023,Protein Localization To Cell-Cell Junction (GO:0150105),1/15,0.3979470747433656,0.5470824784686175,0,0,2.07842082616179,1.915132313953084,TJP2
GO_Biological_Process_2023,Receptor Catabolic Process (GO:0032801),1/15,0.3979470747433656,0.5470824784686175,0,0,2.07842082616179,1.915132313953084,LGMN
GO_Biological_Process_2023,Regulation Of Rac Protein Signal Transduction (GO:0035020),1/15,0.3979470747433656,0.5470824784686175,0,0,2.07842082616179,1.915132313953084,CADM4
GO_Biological_Process_2023,Regulation Of Activin Receptor Signaling Pathway (GO:0032925),1/15,0.3979470747433656,0.5470824784686175,0,0,2.07842082616179,1.915132313953084,FST
GO_Biological_Process_2023,Regulation Of Amyloid Fibril Formation (GO:1905906),1/15,0.3979470747433656,0.5470824784686175,0,0,2.07842082616179,1.915132313953084,TREM2
GO_Biological_Process_2023,Regulation Of Bicellular Tight Junction Assembly (GO:2000810),1/15,0.3979470747433656,0.5470824784686175,0,0,2.07842082616179,1.915132313953084,EPHA2
GO_Biological_Process_2023,Regulation Of Intracellular Signal Transduction (GO:1902531),11/297,0.4009242494593962,0.5509130453066525,0,0,1.1202658198071045,1.0239036611694292,ARHGAP22;CSF1R;TRIM6;CEACAM1;CLEC7A;PLEKHG4B;TREM2;AKAP5;ECT2;GBP1;CMKLR1
GO_Biological_Process_2023,DNA Integrity Checkpoint Signaling (GO:0031570),2/42,0.4094009320188983,0.5609589419736875,0,0,1.455128205128205,1.2995172739133578,DTX3L;PARP9
GO_Biological_Process_2023,Regulation Of Neurotransmitter Receptor Activity (GO:0099601),2/42,0.4094009320188983,0.5609589419736875,0,0,1.455128205128205,1.2995172739133578,PSCA;MAPK8IP2
GO_Biological_Process_2023,Ceramide Biosynthetic Process (GO:0046513),2/42,0.4094009320188983,0.5609589419736875,0,0,1.455128205128205,1.2995172739133578,FA2H;B4GALNT1
GO_Biological_Process_2023,Determination Of Heart Left/Right Asymmetry (GO:0061371),2/42,0.4094009320188983,0.5609589419736875,0,0,1.455128205128205,1.2995172739133578,STIL;TBX6
GO_Biological_Process_2023,Embryonic Heart Tube Morphogenesis (GO:0003143),2/42,0.4094009320188983,0.5609589419736875,0,0,1.455128205128205,1.2995172739133578,STIL;TBX6
GO_Biological_Process_2023,Organic Hydroxy Compound Biosynthetic Process (GO:1901617),2/42,0.4094009320188983,0.5609589419736875,0,0,1.455128205128205,1.2995172739133578,ALOX15;SLC27A2
GO_Biological_Process_2023,Positive Regulation Of Protein Transport (GO:0051222),3/70,0.4128306900880435,0.5646743994878118,0,0,1.303242097668756,1.1530013791274178,ACHE;IL1A;TREM2
GO_Biological_Process_2023,Regulation Of Notch Signaling Pathway (GO:0008593),3/70,0.4128306900880435,0.5646743994878118,0,0,1.303242097668756,1.1530013791274178,SRC;NEURL1;NOD2
GO_Biological_Process_2023,Proteolysis (GO:0006508),12/330,0.4173171210596703,0.5646743994878118,0,0,1.0989626975642175,0.9603932426571504,MMP12;ADAMDEC1;PLAU;MMP1;UBD;HTRA4;OLR1;TMPRSS2;CEL;MMP9;PHEX;LGMN
GO_Biological_Process_2023,B Cell Activation Involved In Immune Response (GO:0002312),1/16,0.4179803227244385,0.5646743994878118,0,0,1.9397590361445785,1.6920923916188402,FCGR2B
GO_Biological_Process_2023,DNA Repair-Dependent Chromatin Remodeling (GO:0140861),1/16,0.4179803227244385,0.5646743994878118,0,0,1.9397590361445785,1.6920923916188402,DTX3L
GO_Biological_Process_2023,Autonomic Nervous System Development (GO:0048483),1/16,0.4179803227244385,0.5646743994878118,0,0,1.9397590361445785,1.6920923916188402,FN1
GO_Biological_Process_2023,Regulation Of Osteoblast Proliferation (GO:0033688),1/16,0.4179803227244385,0.5646743994878118,0,0,1.9397590361445785,1.6920923916188402,HPSE
GO_Biological_Process_2023,Regulation Of Protein Kinase A Signaling (GO:0010738),1/16,0.4179803227244385,0.5646743994878118,0,0,1.9397590361445785,1.6920923916188402,AKAP5
GO_Biological_Process_2023,Cell Communication By Electrical Coupling Involved In Cardiac Conduction (GO:0086064),1/16,0.4179803227244385,0.5646743994878118,0,0,1.9397590361445785,1.6920923916188402,SLC8A1
GO_Biological_Process_2023,Regulation Of Secretion (GO:0051046),1/16,0.4179803227244385,0.5646743994878118,0,0,1.9397590361445785,1.6920923916188402,OAS2
GO_Biological_Process_2023,Regulation Of Triglyceride Biosynthetic Process (GO:0010866),1/16,0.4179803227244385,0.5646743994878118,0,0,1.9397590361445785,1.6920923916188402,NR1H3
GO_Biological_Process_2023,Chondroitin Sulfate Metabolic Process (GO:0030204),1/16,0.4179803227244385,0.5646743994878118,0,0,1.9397590361445785,1.6920923916188402,CHST9
GO_Biological_Process_2023,Dicarboxylic Acid Catabolic Process (GO:0043649),1/16,0.4179803227244385,0.5646743994878118,0,0,1.9397590361445785,1.6920923916188402,GAD1
GO_Biological_Process_2023,"Synaptic Transmission, Cholinergic (GO:0007271)",1/16,0.4179803227244385,0.5646743994878118,0,0,1.9397590361445785,1.6920923916188402,APOE
GO_Biological_Process_2023,Intracellular Cholesterol Transport (GO:0032367),1/16,0.4179803227244385,0.5646743994878118,0,0,1.9397590361445785,1.6920923916188402,ABCG1
GO_Biological_Process_2023,Lymphocyte Mediated Immunity (GO:0002449),1/16,0.4179803227244385,0.5646743994878118,0,0,1.9397590361445785,1.6920923916188402,KLRC2
GO_Biological_Process_2023,Negative Regulation Of ATP-dependent Activity (GO:0032780),1/16,0.4179803227244385,0.5646743994878118,0,0,1.9397590361445785,1.6920923916188402,IFIT1
GO_Biological_Process_2023,Negative Regulation Of Amyloid-Beta Formation (GO:1902430),1/16,0.4179803227244385,0.5646743994878118,0,0,1.9397590361445785,1.6920923916188402,APOE
GO_Biological_Process_2023,Negative Regulation Of Intrinsic Apoptotic Signaling Pathway By P53 Class Mediator (GO:1902254),1/16,0.4179803227244385,0.5646743994878118,0,0,1.9397590361445785,1.6920923916188402,ZNF385A
GO_Biological_Process_2023,Negative Regulation Of Phosphatase Activity (GO:0010923),1/16,0.4179803227244385,0.5646743994878118,0,0,1.9397590361445785,1.6920923916188402,PPP1R1B
GO_Biological_Process_2023,Negative Regulation Of Viral-Induced Cytoplasmic Pattern Recognition Receptor Signaling Pathway (GO:0039532),1/16,0.4179803227244385,0.5646743994878118,0,0,1.9397590361445785,1.6920923916188402,TNFAIP3
GO_Biological_Process_2023,Neuron Projection Organization (GO:0106027),1/16,0.4179803227244385,0.5646743994878118,0,0,1.9397590361445785,1.6920923916188402,LGMN
GO_Biological_Process_2023,Nitric Oxide Metabolic Process (GO:0046209),1/16,0.4179803227244385,0.5646743994878118,0,0,1.9397590361445785,1.6920923916188402,GCH1
GO_Biological_Process_2023,Positive Regulation Of Cardiac Muscle Tissue Growth (GO:0055023),1/16,0.4179803227244385,0.5646743994878118,0,0,1.9397590361445785,1.6920923916188402,EDN1
GO_Biological_Process_2023,Positive Regulation Of Cell Migration Involved In Sprouting Angiogenesis (GO:0090050),1/16,0.4179803227244385,0.5646743994878118,0,0,1.9397590361445785,1.6920923916188402,HMOX1
GO_Biological_Process_2023,Positive Regulation Of Homotypic Cell-Cell Adhesion (GO:0034112),1/16,0.4179803227244385,0.5646743994878118,0,0,1.9397590361445785,1.6920923916188402,PLAUR
GO_Biological_Process_2023,Positive Regulation Of Lymphocyte Migration (GO:2000403),1/16,0.4179803227244385,0.5646743994878118,0,0,1.9397590361445785,1.6920923916188402,CXCL10
GO_Biological_Process_2023,Positive Regulation Of Positive Chemotaxis (GO:0050927),1/16,0.4179803227244385,0.5646743994878118,0,0,1.9397590361445785,1.6920923916188402,CXCL8
GO_Biological_Process_2023,Prostanoid Metabolic Process (GO:0006692),1/16,0.4179803227244385,0.5646743994878118,0,0,1.9397590361445785,1.6920923916188402,CYP2S1
GO_Biological_Process_2023,Regulation Of Blood Vessel Endothelial Cell Proliferation Involved In Sprouting Angiogenesis (GO:1903587),1/16,0.4179803227244385,0.5646743994878118,0,0,1.9397590361445785,1.6920923916188402,HMOX1
GO_Biological_Process_2023,SCF-dependent Proteasomal Ubiquitin-Dependent Protein Catabolic Process (GO:0031146),2/43,0.4210221284766967,0.5669267187090594,0,0,1.4195636978994224,1.2280218048618,KIF14;NCCRP1
GO_Biological_Process_2023,Skeletal System Morphogenesis (GO:0048705),2/43,0.4210221284766967,0.5669267187090594,0,0,1.4195636978994224,1.2280218048618,MMP13;HOXC9
GO_Biological_Process_2023,Energy Derivation By Oxidation Of Organic Compounds (GO:0015980),2/43,0.4210221284766967,0.5669267187090594,0,0,1.4195636978994224,1.2280218048618,ADGRF1;NR4A3
GO_Biological_Process_2023,Intracellular Glucose Homeostasis (GO:0001678),2/43,0.4210221284766967,0.5669267187090594,0,0,1.4195636978994224,1.2280218048618,HK3;HK2
GO_Biological_Process_2023,Lysosome Organization (GO:0007040),2/43,0.4210221284766967,0.5669267187090594,0,0,1.4195636978994224,1.2280218048618,MYO7A;ARSB
GO_Biological_Process_2023,Negative Regulation Of BMP Signaling Pathway (GO:0030514),2/43,0.4210221284766967,0.5669267187090594,0,0,1.4195636978994224,1.2280218048618,TNFAIP6;PPARG
GO_Biological_Process_2023,Positive Regulation Of Cell Division (GO:0051781),2/43,0.4210221284766967,0.5669267187090594,0,0,1.4195636978994224,1.2280218048618,KIF14;ECT2
GO_Biological_Process_2023,Negative Regulation Of Cellular Response To Growth Factor Stimulus (GO:0090288),3/71,0.4217532928057076,0.5676465064475889,0,0,1.284010129731651,1.1085305644830397,CADM4;TNFAIP6;PPARG
GO_Biological_Process_2023,Transforming Growth Factor Beta Receptor Signaling Pathway (GO:0007179),3/72,0.4306295403474771,0.5773312691152356,0,0,1.265335610140549,1.0660542273878322,WFIKKN1;SRC;GCNT2
GO_Biological_Process_2023,Positive Regulation Of Nucleocytoplasmic Transport (GO:0046824),2/44,0.4325247551215001,0.5773312691152356,0,0,1.385692738633915,1.161370863144511,CHP2;ECT2
GO_Biological_Process_2023,Positive Regulation Of Osteoblast Differentiation (GO:0045669),2/44,0.4325247551215001,0.5773312691152356,0,0,1.385692738633915,1.161370863144511,WNT7B;FFAR4
GO_Biological_Process_2023,Regulation Of Cell Cycle Process (GO:0010564),5/130,0.4351347096555734,0.5773312691152356,0,0,1.1642424242424243,0.9687656770122568,CDKN2B;DPF3;ATF5;ECT2;MCM2
GO_Biological_Process_2023,Regulation Of Cellular Respiration (GO:0043457),1/17,0.4373479340336059,0.5773312691152356,0,0,1.818429969879518,1.503889251515023,IL10RB
GO_Biological_Process_2023,DNA Replication Checkpoint Signaling (GO:0000076),1/17,0.4373479340336059,0.5773312691152356,0,0,1.818429969879518,1.503889251515023,ORC1
GO_Biological_Process_2023,NAD Biosynthetic Process (GO:0009435),1/17,0.4373479340336059,0.5773312691152356,0,0,1.818429969879518,1.503889251515023,PARP9
GO_Biological_Process_2023,NLS-bearing Protein Import Into Nucleus (GO:0006607),1/17,0.4373479340336059,0.5773312691152356,0,0,1.818429969879518,1.503889251515023,RGPD5
GO_Biological_Process_2023,Regulation Of Hematopoietic Progenitor Cell Differentiation (GO:1901532),1/17,0.4373479340336059,0.5773312691152356,0,0,1.818429969879518,1.503889251515023,MYB
GO_Biological_Process_2023,Regulation Of Leukocyte Chemotaxis (GO:0002688),1/17,0.4373479340336059,0.5773312691152356,0,0,1.818429969879518,1.503889251515023,EDN2
GO_Biological_Process_2023,Aorta Morphogenesis (GO:0035909),1/17,0.4373479340336059,0.5773312691152356,0,0,1.818429969879518,1.503889251515023,TBX1
GO_Biological_Process_2023,cGMP-mediated Signaling (GO:0019934),1/17,0.4373479340336059,0.5773312691152356,0,0,1.818429969879518,1.503889251515023,CD36
GO_Biological_Process_2023,Carboxylic Acid Biosynthetic Process (GO:0046394),1/17,0.4373479340336059,0.5773312691152356,0,0,1.818429969879518,1.503889251515023,NLRC4
GO_Biological_Process_2023,Regulation Of Receptor Signaling Pathway Via STAT (GO:1904892),1/17,0.4373479340336059,0.5773312691152356,0,0,1.818429969879518,1.503889251515023,PPARG
GO_Biological_Process_2023,Cell Migration Involved In Sprouting Angiogenesis (GO:0002042),1/17,0.4373479340336059,0.5773312691152356,0,0,1.818429969879518,1.503889251515023,EGR3
GO_Biological_Process_2023,Cellular Response To Glucocorticoid Stimulus (GO:0071385),1/17,0.4373479340336059,0.5773312691152356,0,0,1.818429969879518,1.503889251515023,BCL2L11
GO_Biological_Process_2023,Regulation Of Tubulin Deacetylation (GO:0090043),1/17,0.4373479340336059,0.5773312691152356,0,0,1.818429969879518,1.503889251515023,TPPP
GO_Biological_Process_2023,Regulation Of Vacuole Organization (GO:0044088),1/17,0.4373479340336059,0.5773312691152356,0,0,1.818429969879518,1.503889251515023,EPHB2
GO_Biological_Process_2023,Regulation Of Viral Transcription (GO:0046782),1/17,0.4373479340336059,0.5773312691152356,0,0,1.818429969879518,1.503889251515023,TRIM31
GO_Biological_Process_2023,Response To Acidic pH (GO:0010447),1/17,0.4373479340336059,0.5773312691152356,0,0,1.818429969879518,1.503889251515023,LGMN
GO_Biological_Process_2023,Response To Interferon-Alpha (GO:0035455),1/17,0.4373479340336059,0.5773312691152356,0,0,1.818429969879518,1.503889251515023,LAMP3
GO_Biological_Process_2023,Diol Biosynthetic Process (GO:0034312),1/17,0.4373479340336059,0.5773312691152356,0,0,1.818429969879518,1.503889251515023,GCH1
GO_Biological_Process_2023,Embryonic Axis Specification (GO:0000578),1/17,0.4373479340336059,0.5773312691152356,0,0,1.818429969879518,1.503889251515023,STIL
GO_Biological_Process_2023,Sensory Perception Of Taste (GO:0050909),1/17,0.4373479340336059,0.5773312691152356,0,0,1.818429969879518,1.503889251515023,CD36
GO_Biological_Process_2023,Extracellular Matrix Assembly (GO:0085029),1/17,0.4373479340336059,0.5773312691152356,0,0,1.818429969879518,1.503889251515023,HAS2
GO_Biological_Process_2023,Transepithelial Transport (GO:0070633),1/17,0.4373479340336059,0.5773312691152356,0,0,1.818429969879518,1.503889251515023,SLC1A3
GO_Biological_Process_2023,Triglyceride Biosynthetic Process (GO:0019432),1/17,0.4373479340336059,0.5773312691152356,0,0,1.818429969879518,1.503889251515023,MOGAT2
GO_Biological_Process_2023,Growth Hormone Receptor Signaling Pathway (GO:0060396),1/17,0.4373479340336059,0.5773312691152356,0,0,1.818429969879518,1.503889251515023,GHR
GO_Biological_Process_2023,Megakaryocyte Differentiation (GO:0030219),1/17,0.4373479340336059,0.5773312691152356,0,0,1.818429969879518,1.503889251515023,ZNF385A
GO_Biological_Process_2023,Microtubule Depolymerization (GO:0007019),1/17,0.4373479340336059,0.5773312691152356,0,0,1.818429969879518,1.503889251515023,KIF14
GO_Biological_Process_2023,Muscle Tissue Morphogenesis (GO:0060415),1/17,0.4373479340336059,0.5773312691152356,0,0,1.818429969879518,1.503889251515023,TBX1
GO_Biological_Process_2023,Myeloid Cell Activation Involved In Immune Response (GO:0002275),1/17,0.4373479340336059,0.5773312691152356,0,0,1.818429969879518,1.503889251515023,SYK
GO_Biological_Process_2023,Negative Regulation Of Rho Protein Signal Transduction (GO:0035024),1/17,0.4373479340336059,0.5773312691152356,0,0,1.818429969879518,1.503889251515023,RASIP1
GO_Biological_Process_2023,Negative Regulation Of Interleukin-8 Production (GO:0032717),1/17,0.4373479340336059,0.5773312691152356,0,0,1.818429969879518,1.503889251515023,IL10
GO_Biological_Process_2023,Negative Regulation Of Striated Muscle Cell Differentiation (GO:0051154),1/17,0.4373479340336059,0.5773312691152356,0,0,1.818429969879518,1.503889251515023,CEACAM5
GO_Biological_Process_2023,Negative Regulation Of Ubiquitin-Protein Transferase Activity (GO:0051444),1/17,0.4373479340336059,0.5773312691152356,0,0,1.818429969879518,1.503889251515023,DTX3L
GO_Biological_Process_2023,Positive Chemotaxis (GO:0050918),1/17,0.4373479340336059,0.5773312691152356,0,0,1.818429969879518,1.503889251515023,GPNMB
GO_Biological_Process_2023,Positive Regulation Of SMAD Protein Signal Transduction (GO:0060391),1/17,0.4373479340336059,0.5773312691152356,0,0,1.818429969879518,1.503889251515023,PPARG
GO_Biological_Process_2023,Positive Regulation Of Cell Cycle Phase Transition (GO:1901989),1/17,0.4373479340336059,0.5773312691152356,0,0,1.818429969879518,1.503889251515023,EZH2
GO_Biological_Process_2023,Positive Regulation Of Small GTPase Mediated Signal Transduction (GO:0051057),1/17,0.4373479340336059,0.5773312691152356,0,0,1.818429969879518,1.503889251515023,SRC
GO_Biological_Process_2023,Regulation Of DNA-templated DNA Replication (GO:0090329),1/17,0.4373479340336059,0.5773312691152356,0,0,1.818429969879518,1.503889251515023,MCM2
GO_Biological_Process_2023,Regulation Of Adenylate Cyclase Activity (GO:0045761),1/17,0.4373479340336059,0.5773312691152356,0,0,1.818429969879518,1.503889251515023,AKAP5
GO_Biological_Process_2023,Negative Regulation Of Response To Biotic Stimulus (GO:0002832),2/45,0.4439038445034451,0.5857177326697651,0,0,1.3533971728226175,1.099157868448004,TNFAIP3;TRIB1
GO_Biological_Process_2023,Gland Development (GO:0048732),3/74,0.4482298153625578,0.5896461462588333,0,0,1.2295646993744946,0.9866632061358932,SOX2;TBX1;CEBPA
GO_Biological_Process_2023,Negative Regulation Of Cell Motility (GO:2000146),5/133,0.4546895259925508,0.5896461462588333,0,0,1.1367779356060606,0.8959406775847849,TMIGD3;MCTP1;DUSP10;ADORA3;EPPK1
GO_Biological_Process_2023,Male Gonad Development (GO:0008584),2/46,0.4551548895416388,0.5896461462588333,0,0,1.3225695872754697,1.0410176689437045,SIX4;ZFP42
GO_Biological_Process_2023,Myofibril Assembly (GO:0030239),2/46,0.4551548895416388,0.5896461462588333,0,0,1.3225695872754697,1.0410176689437045,SIX4;TNNT1
GO_Biological_Process_2023,Protein Sumoylation (GO:0016925),2/46,0.4551548895416388,0.5896461462588333,0,0,1.3225695872754697,1.0410176689437045,IFIH1;EGR2
GO_Biological_Process_2023,Regulation Of Collagen Biosynthetic Process (GO:0032965),1/18,0.4560719932788273,0.5896461462588333,0,0,1.7113749114103474,1.3436083185793315,CIITA
GO_Biological_Process_2023,T-helper Cell Differentiation (GO:0042093),1/18,0.4560719932788273,0.5896461462588333,0,0,1.7113749114103474,1.3436083185793315,MYB
GO_Biological_Process_2023,Regulation Of Lymphocyte Proliferation (GO:0050670),1/18,0.4560719932788273,0.5896461462588333,0,0,1.7113749114103474,1.3436083185793315,CD209
GO_Biological_Process_2023,Adrenergic Receptor Signaling Pathway (GO:0071875),1/18,0.4560719932788273,0.5896461462588333,0,0,1.7113749114103474,1.3436083185793315,ADRB1
GO_Biological_Process_2023,Associative Learning (GO:0008306),1/18,0.4560719932788273,0.5896461462588333,0,0,1.7113749114103474,1.3436083185793315,LGMN
GO_Biological_Process_2023,Regulation Of Oxidative Stress-Induced Intrinsic Apoptotic Signaling Pathway (GO:1902175),1/18,0.4560719932788273,0.5896461462588333,0,0,1.7113749114103474,1.3436083185793315,TREM2
GO_Biological_Process_2023,Branching Involved In Ureteric Bud Morphogenesis (GO:0001658),1/18,0.4560719932788273,0.5896461462588333,0,0,1.7113749114103474,1.3436083185793315,HOXD11
GO_Biological_Process_2023,Cardiac Muscle Cell Contraction (GO:0086003),1/18,0.4560719932788273,0.5896461462588333,0,0,1.7113749114103474,1.3436083185793315,KCNJ2
GO_Biological_Process_2023,Regulation Of Vascular Endothelial Cell Proliferation (GO:1905562),1/18,0.4560719932788273,0.5896461462588333,0,0,1.7113749114103474,1.3436083185793315,PPARG
GO_Biological_Process_2023,Renal Absorption (GO:0070293),1/18,0.4560719932788273,0.5896461462588333,0,0,1.7113749114103474,1.3436083185793315,HAS2
GO_Biological_Process_2023,Response To Axon Injury (GO:0048678),1/18,0.4560719932788273,0.5896461462588333,0,0,1.7113749114103474,1.3436083185793315,TREM2
GO_Biological_Process_2023,Response To Cholesterol (GO:0070723),1/18,0.4560719932788273,0.5896461462588333,0,0,1.7113749114103474,1.3436083185793315,CCL3
GO_Biological_Process_2023,Endothelial Cell Proliferation (GO:0001935),1/18,0.4560719932788273,0.5896461462588333,0,0,1.7113749114103474,1.3436083185793315,HMOX1
GO_Biological_Process_2023,Excitatory Postsynaptic Potential (GO:0060079),1/18,0.4560719932788273,0.5896461462588333,0,0,1.7113749114103474,1.3436083185793315,MAPK8IP2
GO_Biological_Process_2023,fatty-acyl-CoA Metabolic Process (GO:0035337),1/18,0.4560719932788273,0.5896461462588333,0,0,1.7113749114103474,1.3436083185793315,SLC27A2
GO_Biological_Process_2023,Ureteric Bud Development (GO:0001657),1/18,0.4560719932788273,0.5896461462588333,0,0,1.7113749114103474,1.3436083185793315,GPC3
GO_Biological_Process_2023,Ureteric Bud Morphogenesis (GO:0060675),1/18,0.4560719932788273,0.5896461462588333,0,0,1.7113749114103474,1.3436083185793315,HOXD11
GO_Biological_Process_2023,Icosanoid Biosynthetic Process (GO:0046456),1/18,0.4560719932788273,0.5896461462588333,0,0,1.7113749114103474,1.3436083185793315,NLRC4
GO_Biological_Process_2023,Intracellular Lipid Transport (GO:0032365),1/18,0.4560719932788273,0.5896461462588333,0,0,1.7113749114103474,1.3436083185793315,FABP3
GO_Biological_Process_2023,Intracellular Sodium Ion Homeostasis (GO:0006883),1/18,0.4560719932788273,0.5896461462588333,0,0,1.7113749114103474,1.3436083185793315,SLC8A1
GO_Biological_Process_2023,Maintenance Of Protein Localization In Organelle (GO:0072595),1/18,0.4560719932788273,0.5896461462588333,0,0,1.7113749114103474,1.3436083185793315,HK2
GO_Biological_Process_2023,Membrane Repolarization (GO:0086009),1/18,0.4560719932788273,0.5896461462588333,0,0,1.7113749114103474,1.3436083185793315,KCNJ2
GO_Biological_Process_2023,ncRNA-mediated Post-Transcriptional Gene Silencing (GO:0035194),1/18,0.4560719932788273,0.5896461462588333,0,0,1.7113749114103474,1.3436083185793315,HELZ2
GO_Biological_Process_2023,Negative Regulation Of ERBB Signaling Pathway (GO:1901185),1/18,0.4560719932788273,0.5896461462588333,0,0,1.7113749114103474,1.3436083185793315,LGMN
GO_Biological_Process_2023,Negative Regulation Of Amyloid Precursor Protein Catabolic Process (GO:1902992),1/18,0.4560719932788273,0.5896461462588333,0,0,1.7113749114103474,1.3436083185793315,APOE
GO_Biological_Process_2023,Negative Regulation Of Lipid Catabolic Process (GO:0050995),1/18,0.4560719932788273,0.5896461462588333,0,0,1.7113749114103474,1.3436083185793315,APOC1
GO_Biological_Process_2023,Negative Regulation Of Nervous System Development (GO:0051961),1/18,0.4560719932788273,0.5896461462588333,0,0,1.7113749114103474,1.3436083185793315,TLR2
GO_Biological_Process_2023,Negative Regulation Of Peptide Hormone Secretion (GO:0090278),1/18,0.4560719932788273,0.5896461462588333,0,0,1.7113749114103474,1.3436083185793315,FFAR4
GO_Biological_Process_2023,Neuromuscular Synaptic Transmission (GO:0007274),1/18,0.4560719932788273,0.5896461462588333,0,0,1.7113749114103474,1.3436083185793315,STAC3
GO_Biological_Process_2023,Positive Regulation Of Cation Transmembrane Transport (GO:1904064),1/18,0.4560719932788273,0.5896461462588333,0,0,1.7113749114103474,1.3436083185793315,EDN1
GO_Biological_Process_2023,Positive Regulation Of Epidermal Cell Differentiation (GO:0045606),1/18,0.4560719932788273,0.5896461462588333,0,0,1.7113749114103474,1.3436083185793315,CYP27B1
GO_Biological_Process_2023,Positive Regulation Of Establishment Of Protein Localization (GO:1904951),1/18,0.4560719932788273,0.5896461462588333,0,0,1.7113749114103474,1.3436083185793315,TREM2
GO_Biological_Process_2023,Positive Regulation Of Glycolytic Process (GO:0045821),1/18,0.4560719932788273,0.5896461462588333,0,0,1.7113749114103474,1.3436083185793315,P2RX7
GO_Biological_Process_2023,Positive Regulation Of Neutrophil Chemotaxis (GO:0090023),1/18,0.4560719932788273,0.5896461462588333,0,0,1.7113749114103474,1.3436083185793315,CXCL8
GO_Biological_Process_2023,Positive Regulation Of Osteoclast Differentiation (GO:0045672),1/18,0.4560719932788273,0.5896461462588333,0,0,1.7113749114103474,1.3436083185793315,TNFRSF11A
GO_Biological_Process_2023,Positive Regulation Of Phosphoprotein Phosphatase Activity (GO:0032516),1/18,0.4560719932788273,0.5896461462588333,0,0,1.7113749114103474,1.3436083185793315,FCRL3
GO_Biological_Process_2023,Positive Regulation Of Stress-Activated Protein Kinase Signaling Cascade (GO:0070304),1/18,0.4560719932788273,0.5896461462588333,0,0,1.7113749114103474,1.3436083185793315,NOD2
GO_Biological_Process_2023,Protein Autoprocessing (GO:0016540),1/18,0.4560719932788273,0.5896461462588333,0,0,1.7113749114103474,1.3436083185793315,TMPRSS2
GO_Biological_Process_2023,Regulation Of RIG-I Signaling Pathway (GO:0039535),1/18,0.4560719932788273,0.5896461462588333,0,0,1.7113749114103474,1.3436083185793315,DDX60
GO_Biological_Process_2023,Regulation Of cAMP-mediated Signaling (GO:0043949),1/18,0.4560719932788273,0.5896461462588333,0,0,1.7113749114103474,1.3436083185793315,FFAR4
GO_Biological_Process_2023,Regulation Of Fat Cell Differentiation (GO:0045598),3/75,0.4569476547913273,0.5905138224630985,0,0,1.2124244712990937,0.9495544000942944,PPARG;ZNF385A;CMKLR1
GO_Biological_Process_2023,Nitrogen Compound Transport (GO:0071705),6/163,0.4587739778896542,0.5926087132740187,0,0,1.1121657017484512,0.8665968601739905,SLC36A1;EDN1;SLC52A1;SLC15A3;ABCD1;SLC29A3
GO_Biological_Process_2023,Negative Regulation Of DNA-templated Transcription (GO:0045892),35/1025,0.4602636622459408,0.5942670809052016,0,0,1.0294612794612794,0.7988164248418455,ZMYND15;CEBPA;CIITA;ASCL2;SOX2;CYP27B1;SDR16C5;ZIC2;SIX4;MYB;HOXA7;E2F7;HES5;IRX2;FOXD3;EDN1;STAT1;CDKN2A;FST;NR1H3;TBX6;PARP9;LILRB4;ETV7;ZEB2;NR4A3;TNFSF4;PAX9;TFEC;IRF8;PPARG;ATF5;HAMP;FBP1;EZH2
GO_Biological_Process_2023,Positive Regulation Of Epithelial To Mesenchymal Transition (GO:0010718),2/47,0.4662738183527508,0.6014890587955279,0,0,1.2931121166415285,0.9866215591408496,GCNT2;EZH2
GO_Biological_Process_2023,Regulation Of T Cell Differentiation (GO:0045580),2/47,0.4662738183527508,0.6014890587955279,0,0,1.2931121166415285,0.9866215591408496,ZNF683;CRTAM
GO_Biological_Process_2023,Central Nervous System Development (GO:0007417),10/283,0.4676690143764896,0.6015062003859797,0,0,1.0660179515141348,0.8101677454180152,C1QA;EGR2;ITGAM;AIM2;ZIC2;PTPRZ1;B3GNT5;TPPP;ZIC5;HES5
GO_Biological_Process_2023,Regulation Of Centriole Replication (GO:0046599),1/19,0.4741738534359113,0.6015062003859797,0,0,1.616214859437751,1.2059892162185668,STIL
GO_Biological_Process_2023,Arp2/3 Complex-Mediated Actin Nucleation (GO:0034314),1/19,0.4741738534359113,0.6015062003859797,0,0,1.616214859437751,1.2059892162185668,WIPF3
GO_Biological_Process_2023,Regulation Of Early Endosome To Late Endosome Transport (GO:2000641),1/19,0.4741738534359113,0.6015062003859797,0,0,1.616214859437751,1.2059892162185668,SRC
GO_Biological_Process_2023,NADP Metabolic Process (GO:0006739),1/19,0.4741738534359113,0.6015062003859797,0,0,1.616214859437751,1.2059892162185668,ME1
GO_Biological_Process_2023,Regulation Of Megakaryocyte Differentiation (GO:0045652),1/19,0.4741738534359113,0.6015062003859797,0,0,1.616214859437751,1.2059892162185668,MYB
GO_Biological_Process_2023,Calcium-Independent Cell-Cell Adhesion Via Plasma Membrane Cell-Adhesion Molecules (GO:0016338),1/19,0.4741738534359113,0.6015062003859797,0,0,1.616214859437751,1.2059892162185668,CLDN23
GO_Biological_Process_2023,Cardiac Epithelial To Mesenchymal Transition (GO:0060317),1/19,0.4741738534359113,0.6015062003859797,0,0,1.616214859437751,1.2059892162185668,HAS2
GO_Biological_Process_2023,Cellular Response To Catecholamine Stimulus (GO:0071870),1/19,0.4741738534359113,0.6015062003859797,0,0,1.616214859437751,1.2059892162185668,NR4A3
GO_Biological_Process_2023,Regulation Of Tissue Remodeling (GO:0034103),1/19,0.4741738534359113,0.6015062003859797,0,0,1.616214859437751,1.2059892162185668,GPNMB
GO_Biological_Process_2023,Regulation Of Vascular Endothelial Growth Factor Signaling Pathway (GO:1900746),1/19,0.4741738534359113,0.6015062003859797,0,0,1.616214859437751,1.2059892162185668,CADM4
GO_Biological_Process_2023,Release Of Cytochrome C From Mitochondria (GO:0001836),1/19,0.4741738534359113,0.6015062003859797,0,0,1.616214859437751,1.2059892162185668,IFI6
GO_Biological_Process_2023,Chondroitin Sulfate Proteoglycan Biosynthetic Process (GO:0050650),1/19,0.4741738534359113,0.6015062003859797,0,0,1.616214859437751,1.2059892162185668,CHST9
GO_Biological_Process_2023,Cortical Actin Cytoskeleton Organization (GO:0030866),1/19,0.4741738534359113,0.6015062003859797,0,0,1.616214859437751,1.2059892162185668,PLEK
GO_Biological_Process_2023,Dopamine Metabolic Process (GO:0042417),1/19,0.4741738534359113,0.6015062003859797,0,0,1.616214859437751,1.2059892162185668,GCH1
GO_Biological_Process_2023,Dopaminergic Neuron Differentiation (GO:0071542),1/19,0.4741738534359113,0.6015062003859797,0,0,1.616214859437751,1.2059892162185668,FOXA1
GO_Biological_Process_2023,Embryonic Digestive Tract Development (GO:0048566),1/19,0.4741738534359113,0.6015062003859797,0,0,1.616214859437751,1.2059892162185668,SIX2
GO_Biological_Process_2023,Epithelial Structure Maintenance (GO:0010669),1/19,0.4741738534359113,0.6015062003859797,0,0,1.616214859437751,1.2059892162185668,NOD2
GO_Biological_Process_2023,Glycogen Metabolic Process (GO:0005977),1/19,0.4741738534359113,0.6015062003859797,0,0,1.616214859437751,1.2059892162185668,NHLRC1
GO_Biological_Process_2023,Glycosphingolipid Biosynthetic Process (GO:0006688),1/19,0.4741738534359113,0.6015062003859797,0,0,1.616214859437751,1.2059892162185668,B4GALNT1
GO_Biological_Process_2023,Vesicle Docking (GO:0048278),1/19,0.4741738534359113,0.6015062003859797,0,0,1.616214859437751,1.2059892162185668,STX19
GO_Biological_Process_2023,Insulin Secretion (GO:0030073),1/19,0.4741738534359113,0.6015062003859797,0,0,1.616214859437751,1.2059892162185668,FAM3B
GO_Biological_Process_2023,Negative Regulation Of Protein Dephosphorylation (GO:0035308),1/19,0.4741738534359113,0.6015062003859797,0,0,1.616214859437751,1.2059892162185668,PPP1R1B
GO_Biological_Process_2023,Negative Regulation Of Telomere Maintenance Via Telomerase (GO:0032211),1/19,0.4741738534359113,0.6015062003859797,0,0,1.616214859437751,1.2059892162185668,SRC
GO_Biological_Process_2023,Neuron Apoptotic Process (GO:0051402),1/19,0.4741738534359113,0.6015062003859797,0,0,1.616214859437751,1.2059892162185668,SCN2A
GO_Biological_Process_2023,Nucleotide Biosynthetic Process (GO:0009165),1/19,0.4741738534359113,0.6015062003859797,0,0,1.616214859437751,1.2059892162185668,ME1
GO_Biological_Process_2023,Phosphate Ion Transport (GO:0006817),1/19,0.4741738534359113,0.6015062003859797,0,0,1.616214859437751,1.2059892162185668,SLC37A2
GO_Biological_Process_2023,Pore Complex Assembly (GO:0046931),1/19,0.4741738534359113,0.6015062003859797,0,0,1.616214859437751,1.2059892162185668,P2RX7
GO_Biological_Process_2023,Positive Regulation Of Axon Extension (GO:0045773),1/19,0.4741738534359113,0.6015062003859797,0,0,1.616214859437751,1.2059892162185668,SEMA7A
GO_Biological_Process_2023,Positive Regulation Of calcineurin-NFAT Signaling Cascade (GO:0070886),1/19,0.4741738534359113,0.6015062003859797,0,0,1.616214859437751,1.2059892162185668,CHP2
GO_Biological_Process_2023,Positive Regulation Of Calcineurin-Mediated Signaling (GO:0106058),1/19,0.4741738534359113,0.6015062003859797,0,0,1.616214859437751,1.2059892162185668,CHP2
GO_Biological_Process_2023,Regulation Of Acute Inflammatory Response (GO:0002673),1/19,0.4741738534359113,0.6015062003859797,0,0,1.616214859437751,1.2059892162185668,PLA2G2D
GO_Biological_Process_2023,Cell Morphogenesis Involved In Neuron Differentiation (GO:0048667),3/77,0.4742044032138863,0.6015062003859797,0,0,1.179533763370621,0.880069980409531,SLITRK6;TRIM46;MAPK8IP2
GO_Biological_Process_2023,Embryonic Organ Development (GO:0048568),3/77,0.4742044032138863,0.6015062003859797,0,0,1.179533763370621,0.880069980409531,STIL;CXCL8;WNT7B
GO_Biological_Process_2023,Negative Regulation Of Transforming Growth Factor Beta Receptor Signaling Pathway (GO:0030512),3/77,0.4742044032138863,0.6015062003859797,0,0,1.179533763370621,0.880069980409531,WFIKKN1;HTRA4;PPARG
GO_Biological_Process_2023,Positive Regulation Of JNK Cascade (GO:0046330),3/77,0.4742044032138863,0.6015062003859797,0,0,1.179533763370621,0.880069980409531,WNT7B;NOD2;FCGR2B
GO_Biological_Process_2023,Positive Regulation Of Endothelial Cell Proliferation (GO:0001938),3/77,0.4742044032138863,0.6015062003859797,0,0,1.179533763370621,0.880069980409531,ECM1;EGR3;HMOX1
GO_Biological_Process_2023,Positive Regulation Of Synaptic Transmission (GO:0050806),3/77,0.4742044032138863,0.6015062003859797,0,0,1.179533763370621,0.880069980409531,AKAP5;EPHB2;LGMN
GO_Biological_Process_2023,Protein Ubiquitination (GO:0016567),15/434,0.4763192975195378,0.6039235010711047,0,0,1.0418211859739306,0.7726842440609544,MARCHF1;DTX3L;RNF19B;ISG15;RNF223;HERC5;RNF144B;TRIM6;UBD;NEURL1;RNF39;NHLRC1;TRIM31;ASB2;HERC6
GO_Biological_Process_2023,Regulation Of Tumor Necrosis Factor-Mediated Signaling Pathway (GO:0010803),2/48,0.4772569703745624,0.6043161725751587,0,0,1.2649354056003672,0.9356729866682528,SYK;TNFAIP3
GO_Biological_Process_2023,Chloride Transmembrane Transport (GO:1902476),2/48,0.4772569703745624,0.6043161725751587,0,0,1.2649354056003672,0.9356729866682528,SLC12A5;SLC1A3
GO_Biological_Process_2023,Post-Translational Protein Modification (GO:0043687),2/48,0.4772569703745624,0.6043161725751587,0,0,1.2649354056003672,0.9356729866682528,PARP9;PARP12
GO_Biological_Process_2023,Protein Polyubiquitination (GO:0000209),8/226,0.47916002741869,0.6064598856456633,0,0,1.067794953430243,0.7855987981618012,RNF144B;TRIM6;MARCHF1;DTX3L;RNF19B;TNFAIP3;NHLRC1;TRIM31
GO_Biological_Process_2023,Regulation Of Cell Growth (GO:0001558),8/227,0.4841290561245187,0.6124805368236133,0,0,1.062863576656033,0.7710052379806857,CYP27B1;DCSTAMP;CEACAM1;EGLN2;CDKN2A;GNG4;KIF14;FBP1
GO_Biological_Process_2023,Intrinsic Apoptotic Signaling Pathway In Response To DNA Damage (GO:0008630),2/49,0.4881010737366265,0.613159092714586,0,0,1.237957703539681,0.887903840605026,BCL2L11;EPHA2
GO_Biological_Process_2023,Neurogenesis (GO:0022008),2/49,0.4881010737366265,0.613159092714586,0,0,1.237957703539681,0.887903840605026,SIX4;WDR62
GO_Biological_Process_2023,Positive Regulation Of Nervous System Development (GO:0051962),2/49,0.4881010737366265,0.613159092714586,0,0,1.237957703539681,0.887903840605026,SLITRK6;EPHB2
GO_Biological_Process_2023,Proton Transmembrane Transport (GO:1902600),2/49,0.4881010737366265,0.613159092714586,0,0,1.237957703539681,0.887903840605026,SLC36A1;OTOP3
GO_Biological_Process_2023,Regulation Of Neuron Differentiation (GO:0045664),3/79,0.4912051743143238,0.613159092714586,0,0,1.148374145333121,0.8163715641034238,SOX2;ECT2;HES5
GO_Biological_Process_2023,Positive Regulation Of Catabolic Process (GO:0009896),3/79,0.4912051743143238,0.613159092714586,0,0,1.148374145333121,0.8163715641034238,EGLN2;GPC3;TNFAIP3
GO_Biological_Process_2023,Protein Import Into Nucleus (GO:0006606),3/79,0.4912051743143238,0.613159092714586,0,0,1.148374145333121,0.8163715641034238,MMP12;SYK;RGPD5
GO_Biological_Process_2023,DNA Unwinding Involved In DNA Replication (GO:0006268),1/20,0.4916741599010276,0.613159092714586,0,0,1.5310716550412176,1.086967569300182,MCM2
GO_Biological_Process_2023,Regulation Of Fibroblast Migration (GO:0010762),1/20,0.4916741599010276,0.613159092714586,0,0,1.5310716550412176,1.086967569300182,CORO1C
GO_Biological_Process_2023,T Cell Mediated Immunity (GO:0002456),1/20,0.4916741599010276,0.613159092714586,0,0,1.5310716550412176,1.086967569300182,CRTAM
GO_Biological_Process_2023,Ameboidal-Type Cell Migration (GO:0001667),1/20,0.4916741599010276,0.613159092714586,0,0,1.5310716550412176,1.086967569300182,GPC3
GO_Biological_Process_2023,Anterior/Posterior Axis Specification (GO:0009948),1/20,0.4916741599010276,0.613159092714586,0,0,1.5310716550412176,1.086967569300182,SIX2
GO_Biological_Process_2023,Regulation Of Phosphatase Activity (GO:0010921),1/20,0.4916741599010276,0.613159092714586,0,0,1.5310716550412176,1.086967569300182,CHP2
GO_Biological_Process_2023,Regulation Of Protein Localization To Cell Periphery (GO:1904375),1/20,0.4916741599010276,0.613159092714586,0,0,1.5310716550412176,1.086967569300182,GBP1
GO_Biological_Process_2023,Cell Projection Organization (GO:0030030),1/20,0.4916741599010276,0.613159092714586,0,0,1.5310716550412176,1.086967569300182,PLEK
GO_Biological_Process_2023,Regulation Of Spindle Organization (GO:0090224),1/20,0.4916741599010276,0.613159092714586,0,0,1.5310716550412176,1.086967569300182,STIL
GO_Biological_Process_2023,Response To ATP (GO:0033198),1/20,0.4916741599010276,0.613159092714586,0,0,1.5310716550412176,1.086967569300182,P2RX7
GO_Biological_Process_2023,Response To Ketone (GO:1901654),1/20,0.4916741599010276,0.613159092714586,0,0,1.5310716550412176,1.086967569300182,NR1H3
GO_Biological_Process_2023,Sensory Perception Of Pain (GO:0019233),1/20,0.4916741599010276,0.613159092714586,0,0,1.5310716550412176,1.086967569300182,P2RX7
GO_Biological_Process_2023,Endothelial Cell Development (GO:0001885),1/20,0.4916741599010276,0.613159092714586,0,0,1.5310716550412176,1.086967569300182,ICAM1
GO_Biological_Process_2023,Striated Muscle Cell Differentiation (GO:0051146),1/20,0.4916741599010276,0.613159092714586,0,0,1.5310716550412176,1.086967569300182,ASB2
GO_Biological_Process_2023,Sulfur Compound Catabolic Process (GO:0044273),1/20,0.4916741599010276,0.613159092714586,0,0,1.5310716550412176,1.086967569300182,HPSE
GO_Biological_Process_2023,Glutamate Metabolic Process (GO:0006536),1/20,0.4916741599010276,0.613159092714586,0,0,1.5310716550412176,1.086967569300182,GAD1
GO_Biological_Process_2023,Monocarboxylic Acid Catabolic Process (GO:0072329),1/20,0.4916741599010276,0.613159092714586,0,0,1.5310716550412176,1.086967569300182,PLA2G15
GO_Biological_Process_2023,Negative Regulation Of Phosphoprotein Phosphatase Activity (GO:0032515),1/20,0.4916741599010276,0.613159092714586,0,0,1.5310716550412176,1.086967569300182,PPP1R1B
GO_Biological_Process_2023,Negative Regulation Of Protein Localization To Cell Periphery (GO:1904376),1/20,0.4916741599010276,0.613159092714586,0,0,1.5310716550412176,1.086967569300182,GBP1
GO_Biological_Process_2023,Negative Regulation Of Protein Localization To Plasma Membrane (GO:1903077),1/20,0.4916741599010276,0.613159092714586,0,0,1.5310716550412176,1.086967569300182,GBP1
GO_Biological_Process_2023,Positive Regulation Of Antigen Receptor-Mediated Signaling Pathway (GO:0050857),1/20,0.4916741599010276,0.613159092714586,0,0,1.5310716550412176,1.086967569300182,NFAM1
GO_Biological_Process_2023,Positive Regulation Of Epithelial Cell Differentiation (GO:0030858),1/20,0.4916741599010276,0.613159092714586,0,0,1.5310716550412176,1.086967569300182,FOXN1
GO_Biological_Process_2023,Positive Regulation Of Lipid Storage (GO:0010884),1/20,0.4916741599010276,0.613159092714586,0,0,1.5310716550412176,1.086967569300182,MSR1
GO_Biological_Process_2023,Positive Regulation Of Phospholipase Activity (GO:0010518),1/20,0.4916741599010276,0.613159092714586,0,0,1.5310716550412176,1.086967569300182,APOC2
GO_Biological_Process_2023,Positive Regulation Of Protein Processing (GO:0010954),1/20,0.4916741599010276,0.613159092714586,0,0,1.5310716550412176,1.086967569300182,NLRC4
GO_Biological_Process_2023,Receptor Metabolic Process (GO:0043112),1/20,0.4916741599010276,0.613159092714586,0,0,1.5310716550412176,1.086967569300182,LGMN
GO_Biological_Process_2023,Regulation Of Proteasomal Ubiquitin-Dependent Protein Catabolic Process (GO:0032434),4/109,0.492504920587558,0.6139299247565977,0,0,1.1082775016209208,0.7849384574887438,RNF144B;CEBPA;RNF19B;TRIB1
GO_Biological_Process_2023,Negative Regulation Of Cell Projection Organization (GO:0031345),2/50,0.4988032231933769,0.6209766732899005,0,0,1.21210407239819,0.8430712340926604,PTPRO;APOE
GO_Biological_Process_2023,Positive Regulation Of Cell Death (GO:0010942),2/50,0.4988032231933769,0.6209766732899005,0,0,1.21210407239819,0.8430712340926604,C1QA;ITGAM
GO_Biological_Process_2023,Positive Regulation Of Developmental Growth (GO:0048639),2/50,0.4988032231933769,0.6209766732899005,0,0,1.21210407239819,0.8430712340926604,GHR;SEMA7A
GO_Biological_Process_2023,Regulation Of Cytokinesis (GO:0032465),3/80,0.4996035721352662,0.6217049623941868,0,0,1.1334013418605564,0.786512924729087,KIF14;ECT2;E2F7
GO_Biological_Process_2023,Regulation Of Dendritic Spine Development (GO:0060998),1/21,0.5085928741440946,0.6281609578852761,0,0,1.4544427710843373,0.9833595739585842,NEURL1
GO_Biological_Process_2023,Regulation Of Lipid Storage (GO:0010883),1/21,0.5085928741440946,0.6281609578852761,0,0,1.4544427710843373,0.9833595739585842,PPARG
GO_Biological_Process_2023,Aminoglycan Biosynthetic Process (GO:0006023),1/21,0.5085928741440946,0.6281609578852761,0,0,1.4544427710843373,0.9833595739585842,GCNT2
GO_Biological_Process_2023,Regulation Of Neurotransmitter Transport (GO:0051588),1/21,0.5085928741440946,0.6281609578852761,0,0,1.4544427710843373,0.9833595739585842,MCTP1
GO_Biological_Process_2023,Response To Cadmium Ion (GO:0046686),1/21,0.5085928741440946,0.6281609578852761,0,0,1.4544427710843373,0.9833595739585842,MMP9
GO_Biological_Process_2023,Retrotransposon Silencing (GO:0010526),1/21,0.5085928741440946,0.6281609578852761,0,0,1.4544427710843373,0.9833595739585842,APOBEC3B
GO_Biological_Process_2023,Focal Adhesion Assembly (GO:0048041),1/21,0.5085928741440946,0.6281609578852761,0,0,1.4544427710843373,0.9833595739585842,SRC
GO_Biological_Process_2023,Innate Immune Response In Mucosa (GO:0002227),1/21,0.5085928741440946,0.6281609578852761,0,0,1.4544427710843373,0.9833595739585842,CAMP
GO_Biological_Process_2023,Lipid Catabolic Process (GO:0016042),1/21,0.5085928741440946,0.6281609578852761,0,0,1.4544427710843373,0.9833595739585842,STS
GO_Biological_Process_2023,Negative Regulation Of Double-Strand Break Repair Via Homologous Recombination (GO:2000042),1/21,0.5085928741440946,0.6281609578852761,0,0,1.4544427710843373,0.9833595739585842,RMI2
GO_Biological_Process_2023,Negative Regulation Of Reactive Oxygen Species Metabolic Process (GO:2000378),1/21,0.5085928741440946,0.6281609578852761,0,0,1.4544427710843373,0.9833595739585842,ABCD1
GO_Biological_Process_2023,poly(A)+ mRNA Export From Nucleus (GO:0016973),1/21,0.5085928741440946,0.6281609578852761,0,0,1.4544427710843373,0.9833595739585842,DDX25
GO_Biological_Process_2023,Positive Regulation Of Dendritic Spine Development (GO:0060999),1/21,0.5085928741440946,0.6281609578852761,0,0,1.4544427710843373,0.9833595739585842,NEURL1
GO_Biological_Process_2023,Positive Regulation Of Granulocyte Chemotaxis (GO:0071624),1/21,0.5085928741440946,0.6281609578852761,0,0,1.4544427710843373,0.9833595739585842,CXCL8
GO_Biological_Process_2023,Positive Regulation Of Transcription Regulatory Region DNA Binding (GO:2000679),1/21,0.5085928741440946,0.6281609578852761,0,0,1.4544427710843373,0.9833595739585842,TRIM6
GO_Biological_Process_2023,Regulation Of Cardiac Conduction (GO:1903779),1/21,0.5085928741440946,0.6281609578852761,0,0,1.4544427710843373,0.9833595739585842,SLC8A1
GO_Biological_Process_2023,Regulation Of Cell-Substrate Junction Assembly (GO:0090109),1/21,0.5085928741440946,0.6281609578852761,0,0,1.4544427710843373,0.9833595739585842,CORO1C
GO_Biological_Process_2023,Regulation Of Substrate Adhesion-Dependent Cell Spreading (GO:1900024),2/51,0.5093608598577871,0.6281609578852761,0,0,1.187305691507372,0.8009547040249648,GBP1;CORO1C
GO_Biological_Process_2023,Microtubule Bundle Formation (GO:0001578),2/51,0.5093608598577871,0.6281609578852761,0,0,1.187305691507372,0.8009547040249648,TRIM46;TPPP
GO_Biological_Process_2023,"Negative Regulation Of Gene Expression, Epigenetic (GO:0045814)",2/51,0.5093608598577871,0.6281609578852761,0,0,1.187305691507372,0.8009547040249648,SDR16C5;EZH2
GO_Biological_Process_2023,Regulated Exocytosis (GO:0045055),2/51,0.5093608598577871,0.6281609578852761,0,0,1.187305691507372,0.8009547040249648,PLEK;SYNGR3
GO_Biological_Process_2023,Positive Regulation Of Developmental Process (GO:0051094),8/233,0.5136628973687434,0.6331958944080112,0,0,1.0341958396752915,0.688968930828582,KMT5C;SRC;FST;NEURL1;DPF3;PPARG;APOE;CORO1C
GO_Biological_Process_2023,Sodium Ion Transmembrane Transport (GO:0035725),3/82,0.5161855900009937,0.6360340581873106,0,0,1.10459290986271,0.7304550387300713,SLC9A7;SCN2A;SLC8A1
GO_Biological_Process_2023,Adenylate Cyclase-Inhibiting G Protein-Coupled Receptor Signaling Pathway (GO:0007193),2/52,0.5197717511024195,0.6393613316713613,0,0,1.1634992458521871,0.7613537703653793,MARCO;AKAP5
GO_Biological_Process_2023,Cartilage Development (GO:0051216),2/52,0.5197717511024195,0.6393613316713613,0,0,1.1634992458521871,0.7613537703653793,CHI3L1;HES5
GO_Biological_Process_2023,Sprouting Angiogenesis (GO:0002040),2/52,0.5197717511024195,0.6393613316713613,0,0,1.1634992458521871,0.7613537703653793,EGR3;E2F7
GO_Biological_Process_2023,Fatty Acid Oxidation (GO:0019395),2/52,0.5197717511024195,0.6393613316713613,0,0,1.1634992458521871,0.7613537703653793,ALOX15;SLC27A2
GO_Biological_Process_2023,Regulation Of Epithelial To Mesenchymal Transition (GO:0010717),3/83,0.5243652810873156,0.6402740255467853,0,0,1.090728851963746,0.7041382650541519,FOXA1;GCNT2;EZH2
GO_Biological_Process_2023,Phospholipase C-activating G Protein-Coupled Receptor Signaling Pathway (GO:0007200),3/83,0.5243652810873156,0.6402740255467853,0,0,1.090728851963746,0.7041382650541519,C3AR1;FPR3;CMKLR1
GO_Biological_Process_2023,Actin Filament Organization (GO:0007015),5/144,0.5244919352659414,0.6402740255467853,0,0,1.0462175713974275,0.6751505920736328,MYO1E;POF1B;NEBL;MYO7A;CORO1C
GO_Biological_Process_2023,Regulation Of Neural Precursor Cell Proliferation (GO:2000177),1/22,0.5249492963177141,0.6402740255467853,0,0,1.3851118760757315,0.8926403342429933,PTPRZ1
GO_Biological_Process_2023,Blood Vessel Endothelial Cell Migration (GO:0043534),1/22,0.5249492963177141,0.6402740255467853,0,0,1.3851118760757315,0.8926403342429933,EGR3
GO_Biological_Process_2023,Cellular Response To Cadmium Ion (GO:0071276),1/22,0.5249492963177141,0.6402740255467853,0,0,1.3851118760757315,0.8926403342429933,MMP9
GO_Biological_Process_2023,Regulation Of Vascular Endothelial Growth Factor Receptor Signaling Pathway (GO:0030947),1/22,0.5249492963177141,0.6402740255467853,0,0,1.3851118760757315,0.8926403342429933,CADM4
GO_Biological_Process_2023,Glucose Transmembrane Transport (GO:1904659),1/22,0.5249492963177141,0.6402740255467853,0,0,1.3851118760757315,0.8926403342429933,SLC2A5
GO_Biological_Process_2023,Hexose Transmembrane Transport (GO:0008645),1/22,0.5249492963177141,0.6402740255467853,0,0,1.3851118760757315,0.8926403342429933,SLC2A5
GO_Biological_Process_2023,Inositol Phosphate Metabolic Process (GO:0043647),1/22,0.5249492963177141,0.6402740255467853,0,0,1.3851118760757315,0.8926403342429933,ITPKC
GO_Biological_Process_2023,Mammary Gland Development (GO:0030879),1/22,0.5249492963177141,0.6402740255467853,0,0,1.3851118760757315,0.8926403342429933,WNT7B
GO_Biological_Process_2023,Natural Killer Cell Activation Involved In Immune Response (GO:0002323),1/22,0.5249492963177141,0.6402740255467853,0,0,1.3851118760757315,0.8926403342429933,FCGR3A
GO_Biological_Process_2023,Negative Regulation Of Axonogenesis (GO:0050771),1/22,0.5249492963177141,0.6402740255467853,0,0,1.3851118760757315,0.8926403342429933,TRIM46
GO_Biological_Process_2023,Negative Regulation Of Myeloid Cell Differentiation (GO:0045638),1/22,0.5249492963177141,0.6402740255467853,0,0,1.3851118760757315,0.8926403342429933,MYB
GO_Biological_Process_2023,Negative Regulation Of Protein Localization To Nucleus (GO:1900181),1/22,0.5249492963177141,0.6402740255467853,0,0,1.3851118760757315,0.8926403342429933,LILRB4
GO_Biological_Process_2023,Oligosaccharide Biosynthetic Process (GO:0009312),1/22,0.5249492963177141,0.6402740255467853,0,0,1.3851118760757315,0.8926403342429933,FUT1
GO_Biological_Process_2023,Organelle Fission (GO:0048285),1/22,0.5249492963177141,0.6402740255467853,0,0,1.3851118760757315,0.8926403342429933,CORO1C
GO_Biological_Process_2023,peptidyl-L-cysteine S-palmitoylation (GO:0018230),1/22,0.5249492963177141,0.6402740255467853,0,0,1.3851118760757315,0.8926403342429933,ZDHHC11B
GO_Biological_Process_2023,peptidyl-S-diacylglycerol-L-cysteine Biosynthetic Process From Peptidyl-Cysteine (GO:0018231),1/22,0.5249492963177141,0.6402740255467853,0,0,1.3851118760757315,0.8926403342429933,ZDHHC11B
GO_Biological_Process_2023,Positive Regulation Of Protein Autophosphorylation (GO:0031954),1/22,0.5249492963177141,0.6402740255467853,0,0,1.3851118760757315,0.8926403342429933,GPNMB
GO_Biological_Process_2023,Regulation Of Cytoskeleton Organization (GO:0051493),4/114,0.5277622232118797,0.6434330820999564,0,0,1.057626186219227,0.6759388706490294,P2RX7;TRIM36;GRHL3;TPPP
GO_Biological_Process_2023,Actin Cytoskeleton Reorganization (GO:0031532),2/53,0.5300339718372281,0.6453851019376118,0,0,1.1406263863011268,0.724085800323859,PLEK;ASB2
GO_Biological_Process_2023,Endosome Organization (GO:0007032),2/53,0.5300339718372281,0.6453851019376118,0,0,1.1406263863011268,0.724085800323859,SNX10;CORO1C
GO_Biological_Process_2023,Gonad Development (GO:0008406),2/53,0.5300339718372281,0.6453851019376118,0,0,1.1406263863011268,0.724085800323859,SIX4;ZFP42
GO_Biological_Process_2023,Regulation Of Canonical Wnt Signaling Pathway (GO:0060828),7/207,0.5356187359692666,0.6504917269300947,0,0,1.0178191489361703,0.6354577615958944,SOX2;ZEB2;PPM1N;PTPRO;GPC3;APOE;PLEKHA4
GO_Biological_Process_2023,Neuron Projection Morphogenesis (GO:0048812),5/146,0.5367756131523702,0.6504917269300947,0,0,1.0312701482914248,0.6416306328039049,EPB41L3;SLITRK6;TRIM46;EPHB2;MAPK8IP2
GO_Biological_Process_2023,Regulation Of Focal Adhesion Assembly (GO:0051893),2/54,0.5401458867274845,0.6504917269300947,0,0,1.118633252117415,0.6889841352309025,SRC;CORO1C
GO_Biological_Process_2023,Monoatomic Anion Transmembrane Transport (GO:0098656),2/54,0.5401458867274845,0.6504917269300947,0,0,1.118633252117415,0.6889841352309025,SLC12A5;SLC1A3
GO_Biological_Process_2023,Negative Regulation Of Neuron Projection Development (GO:0010977),2/54,0.5401458867274845,0.6504917269300947,0,0,1.118633252117415,0.6889841352309025,PTPRO;APOE
GO_Biological_Process_2023,Negative Regulation Of Protein Catabolic Process (GO:0042177),2/54,0.5401458867274845,0.6504917269300947,0,0,1.118633252117415,0.6889841352309025,IL10;LAMP3
GO_Biological_Process_2023,Negative Regulation Of Protein Modification By Small Protein Conjugation Or Removal (GO:1903321),2/54,0.5401458867274845,0.6504917269300947,0,0,1.118633252117415,0.6889841352309025,TNFAIP3;ISG15
GO_Biological_Process_2023,Establishment Of Protein Localization To Organelle (GO:0072594),3/85,0.5404931437728218,0.6504917269300947,0,0,1.0640151794267187,0.6546601593764789,MMP12;SYK;HK2
GO_Biological_Process_2023,Transport Across Blood-Brain Barrier (GO:0150104),3/85,0.5404931437728218,0.6504917269300947,0,0,1.0640151794267187,0.6546601593764789,SLCO2B1;SLC1A3;CD36
GO_Biological_Process_2023,Positive Regulation Of Amide Metabolic Process (GO:0034250),3/85,0.5404931437728218,0.6504917269300947,0,0,1.0640151794267187,0.6546601593764789,GSAP;PLD1;ABCG1
GO_Biological_Process_2023,Positive Regulation Of Endothelial Cell Migration (GO:0010595),3/85,0.5404931437728218,0.6504917269300947,0,0,1.0640151794267187,0.6546601593764789,EDN1;FUT1;LGMN
GO_Biological_Process_2023,Positive Regulation Of Protein Localization (GO:1903829),3/85,0.5404931437728218,0.6504917269300947,0,0,1.0640151794267187,0.6546601593764789,DTX3L;TREM2;PARP9
GO_Biological_Process_2023,Regulation Of Cellular Response To Transforming Growth Factor Beta Stimulus (GO:1903844),1/23,0.5407620868140726,0.6504917269300947,0,0,1.3220837897042717,0.8127852020520473,PPARG
GO_Biological_Process_2023,Regulation Of Centrosome Cycle (GO:0046605),1/23,0.5407620868140726,0.6504917269300947,0,0,1.3220837897042717,0.8127852020520473,MCM2
GO_Biological_Process_2023,Regulation Of Extracellular Matrix Organization (GO:1903053),1/23,0.5407620868140726,0.6504917269300947,0,0,1.3220837897042717,0.8127852020520473,CEL
GO_Biological_Process_2023,Actin Nucleation (GO:0045010),1/23,0.5407620868140726,0.6504917269300947,0,0,1.3220837897042717,0.8127852020520473,WIPF3
GO_Biological_Process_2023,Regulation Of Myotube Differentiation (GO:0010830),1/23,0.5407620868140726,0.6504917269300947,0,0,1.3220837897042717,0.8127852020520473,CEACAM5
GO_Biological_Process_2023,Artery Development (GO:0060840),1/23,0.5407620868140726,0.6504917269300947,0,0,1.3220837897042717,0.8127852020520473,TBX1
GO_Biological_Process_2023,Cell-Cell Signaling By Wnt (GO:0198738),1/23,0.5407620868140726,0.6504917269300947,0,0,1.3220837897042717,0.8127852020520473,WNT7B
GO_Biological_Process_2023,Translesion Synthesis (GO:0019985),1/23,0.5407620868140726,0.6504917269300947,0,0,1.3220837897042717,0.8127852020520473,POLE2
GO_Biological_Process_2023,Heparan Sulfate Proteoglycan Biosynthetic Process (GO:0015012),1/23,0.5407620868140726,0.6504917269300947,0,0,1.3220837897042717,0.8127852020520473,HS3ST6
GO_Biological_Process_2023,Hepaticobiliary System Development (GO:0061008),1/23,0.5407620868140726,0.6504917269300947,0,0,1.3220837897042717,0.8127852020520473,CEBPA
GO_Biological_Process_2023,Histone mRNA Metabolic Process (GO:0008334),1/23,0.5407620868140726,0.6504917269300947,0,0,1.3220837897042717,0.8127852020520473,ZNF473
GO_Biological_Process_2023,Microtubule Nucleation (GO:0007020),1/23,0.5407620868140726,0.6504917269300947,0,0,1.3220837897042717,0.8127852020520473,TPPP
GO_Biological_Process_2023,Negative Regulation Of Protein Tyrosine Kinase Activity (GO:0061099),1/23,0.5407620868140726,0.6504917269300947,0,0,1.3220837897042717,0.8127852020520473,LILRB4
GO_Biological_Process_2023,Positive Regulation Of Morphogenesis Of An Epithelium (GO:1905332),1/23,0.5407620868140726,0.6504917269300947,0,0,1.3220837897042717,0.8127852020520473,SIX4
GO_Biological_Process_2023,Positive Regulation Of Neutrophil Migration (GO:1902624),1/23,0.5407620868140726,0.6504917269300947,0,0,1.3220837897042717,0.8127852020520473,CXCL8
GO_Biological_Process_2023,Positive Regulation Of Protein Targeting To Membrane (GO:0090314),1/23,0.5407620868140726,0.6504917269300947,0,0,1.3220837897042717,0.8127852020520473,ITGAM
GO_Biological_Process_2023,Protein Localization To Cell Junction (GO:1902414),1/23,0.5407620868140726,0.6504917269300947,0,0,1.3220837897042717,0.8127852020520473,TJP2
GO_Biological_Process_2023,Negative Regulation Of Protein Metabolic Process (GO:0051248),5/147,0.5428627366323404,0.6527466558340552,0,0,1.0239543320529236,0.6255324502335448,EDN1;NHLRC1;TREM2;APOE;LILRB2
GO_Biological_Process_2023,Response To Peptide Hormone (GO:0043434),2/55,0.5501061329245225,0.6611808516873839,0,0,1.0974700475255414,0.655896444415662,SRC;STAT1
GO_Biological_Process_2023,Skeletal System Development (GO:0001501),5/149,0.5549228099063577,0.6644512805030035,0,0,1.0096275252525253,0.5945961585612407,CHI3L1;PHEX;HES5;CMKLR1;DLL3
GO_Biological_Process_2023,Regulation Of Protein Binding (GO:0043393),4/118,0.5550871651441023,0.6644512805030035,0,0,1.020304164344295,0.6005817660142889,DTX3L;RIPK2;IFIT1;IFIT2
GO_Biological_Process_2023,Regulation Of Small GTPase Mediated Signal Transduction (GO:0051056),4/118,0.5550871651441023,0.6644512805030035,0,0,1.020304164344295,0.6005817660142889,ARHGAP22;SRC;PLEKHG4B;ECT2
GO_Biological_Process_2023,Regulation Of Cysteine-Type Endopeptidase Activity (GO:2000116),1/24,0.5560492877364934,0.6644512805030035,0,0,1.264536406495547,0.7421543199313053,SOX2
GO_Biological_Process_2023,Regulation Of Cytoplasmic Translation (GO:2000765),1/24,0.5560492877364934,0.6644512805030035,0,0,1.264536406495547,0.7421543199313053,ZNF385A
GO_Biological_Process_2023,Regulation Of Execution Phase Of Apoptosis (GO:1900117),1/24,0.5560492877364934,0.6644512805030035,0,0,1.264536406495547,0.7421543199313053,CEL
GO_Biological_Process_2023,Acylglycerol Catabolic Process (GO:0046464),1/24,0.5560492877364934,0.6644512805030035,0,0,1.264536406495547,0.7421543199313053,DAGLA
GO_Biological_Process_2023,Regulation Of Supramolecular Fiber Organization (GO:1902903),1/24,0.5560492877364934,0.6644512805030035,0,0,1.264536406495547,0.7421543199313053,APOE
GO_Biological_Process_2023,Response To Copper Ion (GO:0046688),1/24,0.5560492877364934,0.6644512805030035,0,0,1.264536406495547,0.7421543199313053,IL1A
GO_Biological_Process_2023,Response To Hexose (GO:0009746),1/24,0.5560492877364934,0.6644512805030035,0,0,1.264536406495547,0.7421543199313053,SLC2A5
GO_Biological_Process_2023,Outflow Tract Septum Morphogenesis (GO:0003148),1/24,0.5560492877364934,0.6644512805030035,0,0,1.264536406495547,0.7421543199313053,TBX1
GO_Biological_Process_2023,Positive Regulation Of BMP Signaling Pathway (GO:0030513),1/24,0.5560492877364934,0.6644512805030035,0,0,1.264536406495547,0.7421543199313053,HES5
GO_Biological_Process_2023,Positive Regulation Of Interleukin-17 Production (GO:0032740),1/24,0.5560492877364934,0.6644512805030035,0,0,1.264536406495547,0.7421543199313053,NOD2
GO_Biological_Process_2023,Regulation Of AMPA Receptor Activity (GO:2000311),1/24,0.5560492877364934,0.6644512805030035,0,0,1.264536406495547,0.7421543199313053,MAPK8IP2
GO_Biological_Process_2023,Regulation Of Mitotic Nuclear Division (GO:0007088),2/56,0.5599136039442065,0.668792128501003,0,0,1.0770906653259595,0.6246832737564707,IL1A;EDN1
GO_Biological_Process_2023,Positive Regulation Of Plasma Membrane Bounded Cell Projection Assembly (GO:0120034),3/88,0.5640830588530599,0.6734937100532605,0,0,1.0263017593744446,0.5876129423669123,P2RX7;ANLN;NEURL1
GO_Biological_Process_2023,Regulation Of Double-Strand Break Repair Via Nonhomologous End Joining (GO:2001032),1/25,0.5708283433404441,0.6751255334796649,0,0,1.2117846385542168,0.6794073418447489,KMT5C
GO_Biological_Process_2023,Regulation Of Hippo Signaling (GO:0035330),1/25,0.5708283433404441,0.6751255334796649,0,0,1.2117846385542168,0.6794073418447489,SRC
GO_Biological_Process_2023,Regulation Of Intracellular Estrogen Receptor Signaling Pathway (GO:0033146),1/25,0.5708283433404441,0.6751255334796649,0,0,1.2117846385542168,0.6794073418447489,FOXA1
GO_Biological_Process_2023,Bile Acid Biosynthetic Process (GO:0006699),1/25,0.5708283433404441,0.6751255334796649,0,0,1.2117846385542168,0.6794073418447489,SLC27A2
GO_Biological_Process_2023,Carbohydrate Biosynthetic Process (GO:0016051),1/25,0.5708283433404441,0.6751255334796649,0,0,1.2117846385542168,0.6794073418447489,FUT1
GO_Biological_Process_2023,Regulation Of Synapse Organization (GO:0050807),1/25,0.5708283433404441,0.6751255334796649,0,0,1.2117846385542168,0.6794073418447489,ARHGAP22
GO_Biological_Process_2023,Cellular Response To Hexose Stimulus (GO:0071331),1/25,0.5708283433404441,0.6751255334796649,0,0,1.2117846385542168,0.6794073418447489,SLC2A5
GO_Biological_Process_2023,Cellular Response To Steroid Hormone Stimulus (GO:0071383),1/25,0.5708283433404441,0.6751255334796649,0,0,1.2117846385542168,0.6794073418447489,SRC
GO_Biological_Process_2023,"Chemical Synaptic Transmission, Postsynaptic (GO:0099565)",1/25,0.5708283433404441,0.6751255334796649,0,0,1.2117846385542168,0.6794073418447489,MAPK8IP2
GO_Biological_Process_2023,Sodium Ion Homeostasis (GO:0055078),1/25,0.5708283433404441,0.6751255334796649,0,0,1.2117846385542168,0.6794073418447489,SLC8A1
GO_Biological_Process_2023,fatty-acyl-CoA Biosynthetic Process (GO:0046949),1/25,0.5708283433404441,0.6751255334796649,0,0,1.2117846385542168,0.6794073418447489,SLC27A2
GO_Biological_Process_2023,Ventricular Cardiac Muscle Tissue Development (GO:0003229),1/25,0.5708283433404441,0.6751255334796649,0,0,1.2117846385542168,0.6794073418447489,DSG2
GO_Biological_Process_2023,Myotube Differentiation (GO:0014902),1/25,0.5708283433404441,0.6751255334796649,0,0,1.2117846385542168,0.6794073418447489,SIX4
GO_Biological_Process_2023,Negative Regulation Of Intrinsic Apoptotic Signaling Pathway In Response To DNA Damage (GO:1902230),1/25,0.5708283433404441,0.6751255334796649,0,0,1.2117846385542168,0.6794073418447489,ZNF385A
GO_Biological_Process_2023,Negative Regulation Of Protein Localization To Membrane (GO:1905476),1/25,0.5708283433404441,0.6751255334796649,0,0,1.2117846385542168,0.6794073418447489,GBP1
GO_Biological_Process_2023,Negative Regulation Of Proteolysis Involved In Protein Catabolic Process (GO:1903051),1/25,0.5708283433404441,0.6751255334796649,0,0,1.2117846385542168,0.6794073418447489,LAMP3
GO_Biological_Process_2023,Negative Regulation Of Response To Endoplasmic Reticulum Stress (GO:1903573),1/25,0.5708283433404441,0.6751255334796649,0,0,1.2117846385542168,0.6794073418447489,NR1H3
GO_Biological_Process_2023,Negative Regulation Of Response To Wounding (GO:1903035),1/25,0.5708283433404441,0.6751255334796649,0,0,1.2117846385542168,0.6794073418447489,EPPK1
GO_Biological_Process_2023,Negative Regulation Of Smoothened Signaling Pathway (GO:0045879),1/25,0.5708283433404441,0.6751255334796649,0,0,1.2117846385542168,0.6794073418447489,GPC3
GO_Biological_Process_2023,Negative Regulation Of Telomere Maintenance Via Telomere Lengthening (GO:1904357),1/25,0.5708283433404441,0.6751255334796649,0,0,1.2117846385542168,0.6794073418447489,SRC
GO_Biological_Process_2023,Positive Regulation Of Striated Muscle Cell Differentiation (GO:0051155),1/25,0.5708283433404441,0.6751255334796649,0,0,1.2117846385542168,0.6794073418447489,EDN1
GO_Biological_Process_2023,Regulation Of Actin Cytoskeleton Reorganization (GO:2000249),1/25,0.5708283433404441,0.6751255334796649,0,0,1.2117846385542168,0.6794073418447489,CSF1R
GO_Biological_Process_2023,Regulation Of Cell Cycle Phase Transition (GO:1901987),1/25,0.5708283433404441,0.6751255334796649,0,0,1.2117846385542168,0.6794073418447489,UBD
GO_Biological_Process_2023,Regulation Of Vesicle-Mediated Transport (GO:0060627),3/89,0.5717804980363347,0.6756980343147353,0,0,1.0143153235438769,0.567002373320532,SRC;PLD1;STXBP5L
GO_Biological_Process_2023,Organic Anion Transport (GO:0015711),3/89,0.5717804980363347,0.6756980343147353,0,0,1.0143153235438769,0.567002373320532,SLCO4A1;SLCO2B1;SLC52A1
GO_Biological_Process_2023,Eye Development (GO:0001654),2/58,0.579066983542616,0.6840287976626565,0,0,1.038515406162465,0.5673795158409277,SOX2;HES5
GO_Biological_Process_2023,Regulation Of Protein Catabolic Process (GO:0042176),4/122,0.5815460582293509,0.6863955315241766,0,0,0.9855124490371548,0.5342119084394327,EGLN2;GPC3;TNFAIP3;APOE
GO_Biological_Process_2023,Protein Localization To Nucleus (GO:0034504),4/122,0.5815460582293509,0.6863955315241766,0,0,0.9855124490371548,0.5342119084394327,MMP12;SIX4;SYK;GBP2
GO_Biological_Process_2023,Regulation Of Epidermal Growth Factor-Activated Receptor Activity (GO:0007176),1/26,0.5851161197739073,0.6875173942968132,0,0,1.1632530120481928,0.6234395844845064,HBEGF
GO_Biological_Process_2023,Regulation Of Nucleotide-Excision Repair (GO:2000819),1/26,0.5851161197739073,0.6875173942968132,0,0,1.1632530120481928,0.6234395844845064,DPF3
GO_Biological_Process_2023,cAMP-mediated Signaling (GO:0019933),1/26,0.5851161197739073,0.6875173942968132,0,0,1.1632530120481928,0.6234395844845064,ADGRG6
GO_Biological_Process_2023,Camera-Type Eye Development (GO:0043010),1/26,0.5851161197739073,0.6875173942968132,0,0,1.1632530120481928,0.6234395844845064,HES5
GO_Biological_Process_2023,Regulation Of Vasoconstriction (GO:0019229),1/26,0.5851161197739073,0.6875173942968132,0,0,1.1632530120481928,0.6234395844845064,ADM
GO_Biological_Process_2023,Nucleic Acid Phosphodiester Bond Hydrolysis (GO:0090305),1/26,0.5851161197739073,0.6875173942968132,0,0,1.1632530120481928,0.6234395844845064,RNASE1
GO_Biological_Process_2023,Positive Regulation Of Erythrocyte Differentiation (GO:0045648),1/26,0.5851161197739073,0.6875173942968132,0,0,1.1632530120481928,0.6234395844845064,STAT1
GO_Biological_Process_2023,Positive Regulation Of Phosphatidylinositol 3-Kinase Activity (GO:0043552),1/26,0.5851161197739073,0.6875173942968132,0,0,1.1632530120481928,0.6234395844845064,NOD2
GO_Biological_Process_2023,Protein Export From Nucleus (GO:0006611),1/26,0.5851161197739073,0.6875173942968132,0,0,1.1632530120481928,0.6234395844845064,EGR2
GO_Biological_Process_2023,Regulation Of Actin Filament Bundle Assembly (GO:0032231),1/26,0.5851161197739073,0.6875173942968132,0,0,1.1632530120481928,0.6234395844845064,PLEK
GO_Biological_Process_2023,Regulation Of Cardiac Muscle Cell Contraction (GO:0086004),1/26,0.5851161197739073,0.6875173942968132,0,0,1.1632530120481928,0.6234395844845064,DSG2
GO_Biological_Process_2023,Lymphocyte Differentiation (GO:0030098),3/91,0.5869198114869305,0.6893561821654876,0,0,0.9911597088711892,0.5281563757499977,IL10;NFAM1;BLNK
GO_Biological_Process_2023,Regulation Of Multicellular Organismal Development (GO:2000026),2/59,0.5884118248185074,0.6902661268797362,0,0,1.0202429149797572,0.5410635824326946,OAS2;HPSE
GO_Biological_Process_2023,Microtubule Cytoskeleton Organization Involved In Mitosis (GO:1902850),2/59,0.5884118248185074,0.6902661268797362,0,0,1.0202429149797572,0.5410635824326946,STIL;WDR62
GO_Biological_Process_2023,Positive Regulation Of Proteolysis (GO:0045862),2/59,0.5884118248185074,0.6902661268797362,0,0,1.0202429149797572,0.5410635824326946,NLRC4;APOE
GO_Biological_Process_2023,Cellular Response To Growth Factor Stimulus (GO:0071363),5/155,0.5901284317288515,0.6919986930955297,0,0,0.968939393939394,0.5110332526933365,TBX1;EGR3;CXCL8;HAS2;LGMN
GO_Biological_Process_2023,Positive Regulation Of Neuron Projection Development (GO:0010976),3/92,0.594359782921685,0.6966775043828277,0,0,0.9799721647034862,0.5098505569857433,APOE;SCARF1;ARSB
GO_Biological_Process_2023,Regulation Of Extrinsic Apoptotic Signaling Pathway (GO:2001236),2/60,0.5976017289474559,0.6972208886581366,0,0,1.002600509699901,0.5161695743804398,SRC;TLR4
GO_Biological_Process_2023,Response To Retinoic Acid (GO:0032526),2/60,0.5976017289474559,0.6972208886581366,0,0,1.002600509699901,0.5161695743804398,TBX1;WNT7B
GO_Biological_Process_2023,protein-DNA Complex Organization (GO:0071824),2/60,0.5976017289474559,0.6972208886581366,0,0,1.002600509699901,0.5161695743804398,SOX2;EZH2
GO_Biological_Process_2023,Regulation Of Insulin Secretion Involved In Cellular Response To Glucose Stimulus (GO:0061178),1/27,0.5989289240984339,0.6972208886581366,0,0,1.1184545875810936,0.573333629481516,HLA-DRB1
GO_Biological_Process_2023,Activation Of Phospholipase C Activity (GO:0007202),1/27,0.5989289240984339,0.6972208886581366,0,0,1.1184545875810936,0.573333629481516,CD86
GO_Biological_Process_2023,Regulation Of Mitochondrial Fission (GO:0090140),1/27,0.5989289240984339,0.6972208886581366,0,0,1.1184545875810936,0.573333629481516,PPARG
GO_Biological_Process_2023,Regulation Of Peptidase Activity (GO:0052547),1/27,0.5989289240984339,0.6972208886581366,0,0,1.1184545875810936,0.573333629481516,ECM1
GO_Biological_Process_2023,Cellular Response To Acid Chemical (GO:0071229),1/27,0.5989289240984339,0.6972208886581366,0,0,1.1184545875810936,0.573333629481516,NEURL1
GO_Biological_Process_2023,Regulation Of Transcription Regulatory Region DNA Binding (GO:2000677),1/27,0.5989289240984339,0.6972208886581366,0,0,1.1184545875810936,0.573333629481516,TRIM6
GO_Biological_Process_2023,Clathrin-Dependent Endocytosis (GO:0072583),1/27,0.5989289240984339,0.6972208886581366,0,0,1.1184545875810936,0.573333629481516,SIGLEC1
GO_Biological_Process_2023,Dorsal/Ventral Pattern Formation (GO:0009953),1/27,0.5989289240984339,0.6972208886581366,0,0,1.1184545875810936,0.573333629481516,HOXD11
GO_Biological_Process_2023,Negative Regulation Of Notch Signaling Pathway (GO:0045746),1/27,0.5989289240984339,0.6972208886581366,0,0,1.1184545875810936,0.573333629481516,NEURL1
GO_Biological_Process_2023,Positive Regulation Of Calcium Ion Transmembrane Transporter Activity (GO:1901021),1/27,0.5989289240984339,0.6972208886581366,0,0,1.1184545875810936,0.573333629481516,STAC3
GO_Biological_Process_2023,Positive Regulation Of Cytosolic Calcium Ion Concentration Involved In Phospholipase C-activating G Protein-Coupled Signaling Pathway (GO:0051482),1/27,0.5989289240984339,0.6972208886581366,0,0,1.1184545875810936,0.573333629481516,C3AR1
GO_Biological_Process_2023,Positive Regulation Of Filopodium Assembly (GO:0051491),1/27,0.5989289240984339,0.6972208886581366,0,0,1.1184545875810936,0.573333629481516,NEURL1
GO_Biological_Process_2023,Regulation Of SMAD Protein Signal Transduction (GO:0060390),1/27,0.5989289240984339,0.6972208886581366,0,0,1.1184545875810936,0.573333629481516,PPARG
GO_Biological_Process_2023,Regulation Of Actin Polymerization Or Depolymerization (GO:0008064),1/27,0.5989289240984339,0.6972208886581366,0,0,1.1184545875810936,0.573333629481516,PLEKHG2
GO_Biological_Process_2023,Regulation Of Mitotic Cell Cycle (GO:0007346),4/125,0.6007848014459829,0.6990994444879293,0,0,0.9609282204523576,0.489610682474443,FOXA1;IL10;UBD;LGMN
GO_Biological_Process_2023,Fatty Acid Catabolic Process (GO:0009062),2/61,0.6066366529088767,0.7056245032022268,0,0,0.9855561520566506,0.492605861947361,PLA2G15;SLC27A2
GO_Biological_Process_2023,Positive Regulation Of Intracellular Protein Transport (GO:0090316),4/126,0.6070781397494971,0.7058536405383803,0,0,0.9530021576845812,0.475641247087536,ITGAM;CHP2;AKAP5;ECT2
GO_Biological_Process_2023,Regulation Of Chemotaxis (GO:0050920),1/28,0.6122825228287562,0.7070638573626477,0,0,1.0769745649263722,0.5283222196735825,TREM2
GO_Biological_Process_2023,Regulation Of Chromosome Segregation (GO:0051983),1/28,0.6122825228287562,0.7070638573626477,0,0,1.0769745649263722,0.5283222196735825,RMI2
GO_Biological_Process_2023,Regulation Of Glucose Metabolic Process (GO:0010906),1/28,0.6122825228287562,0.7070638573626477,0,0,1.0769745649263722,0.5283222196735825,FBP1
GO_Biological_Process_2023,RNA Phosphodiester Bond Hydrolysis (GO:0090501),1/28,0.6122825228287562,0.7070638573626477,0,0,1.0769745649263722,0.5283222196735825,RNASE1
GO_Biological_Process_2023,Regulation Of Protein Targeting To Membrane (GO:0090313),1/28,0.6122825228287562,0.7070638573626477,0,0,1.0769745649263722,0.5283222196735825,ITGAM
GO_Biological_Process_2023,Regulation Of Protein Transport (GO:0051223),1/28,0.6122825228287562,0.7070638573626477,0,0,1.0769745649263722,0.5283222196735825,STXBP5L
GO_Biological_Process_2023,Regulation Of Sodium Ion Transmembrane Transport (GO:1902305),1/28,0.6122825228287562,0.7070638573626477,0,0,1.0769745649263722,0.5283222196735825,FXYD6
GO_Biological_Process_2023,Cellular Response To Osmotic Stress (GO:0071470),1/28,0.6122825228287562,0.7070638573626477,0,0,1.0769745649263722,0.5283222196735825,SCN2A
GO_Biological_Process_2023,Fatty Acid Derivative Biosynthetic Process (GO:1901570),1/28,0.6122825228287562,0.7070638573626477,0,0,1.0769745649263722,0.5283222196735825,SLC27A2
GO_Biological_Process_2023,Vascular Endothelial Growth Factor Receptor Signaling Pathway (GO:0048010),1/28,0.6122825228287562,0.7070638573626477,0,0,1.0769745649263722,0.5283222196735825,SRC
GO_Biological_Process_2023,Limb Development (GO:0060173),1/28,0.6122825228287562,0.7070638573626477,0,0,1.0769745649263722,0.5283222196735825,KREMEN2
GO_Biological_Process_2023,Membrane Fusion (GO:0061025),1/28,0.6122825228287562,0.7070638573626477,0,0,1.0769745649263722,0.5283222196735825,DCSTAMP
GO_Biological_Process_2023,Mucosal Immune Response (GO:0002385),1/28,0.6122825228287562,0.7070638573626477,0,0,1.0769745649263722,0.5283222196735825,CAMP
GO_Biological_Process_2023,Positive Regulation Of Fibroblast Proliferation (GO:0048146),1/28,0.6122825228287562,0.7070638573626477,0,0,1.0769745649263722,0.5283222196735825,FN1
GO_Biological_Process_2023,Protein Depolymerization (GO:0051261),1/28,0.6122825228287562,0.7070638573626477,0,0,1.0769745649263722,0.5283222196735825,KIF14
GO_Biological_Process_2023,Protein Localization To Golgi Apparatus (GO:0034067),1/28,0.6122825228287562,0.7070638573626477,0,0,1.0769745649263722,0.5283222196735825,GBP5
GO_Biological_Process_2023,Regulation Of Cardiac Muscle Cell Action Potential (GO:0098901),1/28,0.6122825228287562,0.7070638573626477,0,0,1.0769745649263722,0.5283222196735825,DSG2
GO_Biological_Process_2023,Vesicle-Mediated Transport (GO:0016192),13/411,0.6125662524376235,0.707108664849028,0,0,0.9486889971329038,0.4649507462966158,CCR1;EXOC3L4;DTX3L;STX19;WIPF3;RASEF;RAB39A;TNFAIP2;CORO1C;MYO1E;CCL8;CCL3;RIN3
GO_Biological_Process_2023,T Cell Receptor Signaling Pathway (GO:0050852),3/95,0.6161515161944441,0.7106789561539593,0,0,0.9478687770918166,0.4590171878801082,RIPK2;CTLA4;HLA-DRB1
GO_Biological_Process_2023,Cell Junction Assembly (GO:0034329),3/95,0.6161515161944441,0.7106789561539593,0,0,0.9478687770918166,0.4590171878801082,ADGRF1;SLITRK6;FN1
GO_Biological_Process_2023,Cellular Response To Transforming Growth Factor Beta Stimulus (GO:0071560),3/96,0.6232372639328255,0.7162419707326179,0,0,0.9376279115095996,0.443336722372703,WFIKKN1;SRC;GCNT2
GO_Biological_Process_2023,Phosphatidylinositol Metabolic Process (GO:0046488),2/63,0.6242422463606491,0.7162419707326179,0,0,0.9531439309645674,0.4491374050920642,CSF1R;PLEK
GO_Biological_Process_2023,Protein Polymerization (GO:0051258),2/63,0.6242422463606491,0.7162419707326179,0,0,0.9531439309645674,0.4491374050920642,TRIM6;TPPP
GO_Biological_Process_2023,RNA-mediated Gene Silencing (GO:0031047),1/29,0.6251921601129883,0.7162419707326179,0,0,1.0384574010327023,0.4877595162283079,HELZ2
GO_Biological_Process_2023,Regulation Of Muscle Contraction (GO:0006937),1/29,0.6251921601129883,0.7162419707326179,0,0,1.0384574010327023,0.4877595162283079,TNNT1
GO_Biological_Process_2023,Regulation Of Neuron Migration (GO:2001222),1/29,0.6251921601129883,0.7162419707326179,0,0,1.0384574010327023,0.4877595162283079,NEXMIF
GO_Biological_Process_2023,Regulation Of Spindle Assembly (GO:0090169),1/29,0.6251921601129883,0.7162419707326179,0,0,1.0384574010327023,0.4877595162283079,STIL
GO_Biological_Process_2023,Chondrocyte Differentiation (GO:0002062),1/29,0.6251921601129883,0.7162419707326179,0,0,1.0384574010327023,0.4877595162283079,HES5
GO_Biological_Process_2023,Response To Alcohol (GO:0097305),1/29,0.6251921601129883,0.7162419707326179,0,0,1.0384574010327023,0.4877595162283079,CCL3
GO_Biological_Process_2023,Response To Steroid Hormone (GO:0048545),1/29,0.6251921601129883,0.7162419707326179,0,0,1.0384574010327023,0.4877595162283079,NR1H3
GO_Biological_Process_2023,Vacuolar Acidification (GO:0007035),1/29,0.6251921601129883,0.7162419707326179,0,0,1.0384574010327023,0.4877595162283079,DMXL2
GO_Biological_Process_2023,Lipid Droplet Organization (GO:0034389),1/29,0.6251921601129883,0.7162419707326179,0,0,1.0384574010327023,0.4877595162283079,PLA2G4C
GO_Biological_Process_2023,Organic Cyclic Compound Biosynthetic Process (GO:1901362),1/29,0.6251921601129883,0.7162419707326179,0,0,1.0384574010327023,0.4877595162283079,GCH1
GO_Biological_Process_2023,Phosphatidic Acid Biosynthetic Process (GO:0006654),1/29,0.6251921601129883,0.7162419707326179,0,0,1.0384574010327023,0.4877595162283079,PLD1
GO_Biological_Process_2023,Positive Regulation Of Endopeptidase Activity (GO:0010950),1/29,0.6251921601129883,0.7162419707326179,0,0,1.0384574010327023,0.4877595162283079,AIM2
GO_Biological_Process_2023,Positive Regulation Of Viral Genome Replication (GO:0045070),1/29,0.6251921601129883,0.7162419707326179,0,0,1.0384574010327023,0.4877595162283079,IFIT1
GO_Biological_Process_2023,Protein Insertion Into ER Membrane (GO:0045048),1/29,0.6251921601129883,0.7162419707326179,0,0,1.0384574010327023,0.4877595162283079,NOMO2
GO_Biological_Process_2023,Regulation Of Protein Localization (GO:0032880),3/97,0.6302330883541827,0.7217306331132588,0,0,0.9276049366844508,0.4282432400381928,TRIM6;GPC3;TRIM46
GO_Biological_Process_2023,Transmembrane Receptor Protein Serine/Threonine Kinase Signaling Pathway (GO:0007178),4/130,0.6316364450213571,0.7230509186267478,0,0,0.9225560118147108,0.4238603293055752,WFIKKN1;SRC;GCNT2;PPARG
GO_Biological_Process_2023,Regulation Of Secretion By Cell (GO:1903530),2/64,0.6328136539842809,0.7241113828983824,0,0,0.9377219870578504,0.4290821569938054,MCTP1;STXBP5L
GO_Biological_Process_2023,MAPK Cascade (GO:0000165),3/98,0.6371386040907759,0.725930884312964,0,0,0.9177929718556208,0.4137117557891901,DUSP5;CCL3;LGALS9
GO_Biological_Process_2023,Negative Regulation Of Macromolecule Biosynthetic Process (GO:0010558),3/98,0.6371386040907759,0.725930884312964,0,0,0.9177929718556208,0.4137117557891901,IL10;EDN1;NHLRC1
GO_Biological_Process_2023,Artery Morphogenesis (GO:0048844),1/30,0.637672574512531,0.725930884312964,0,0,1.0025965932696304,0.4510986195415593,TBX1
GO_Biological_Process_2023,Cardiac Muscle Cell Action Potential Involved In Contraction (GO:0086002),1/30,0.637672574512531,0.725930884312964,0,0,1.0025965932696304,0.4510986195415593,KCNJ2
GO_Biological_Process_2023,Response To Amino Acid (GO:0043200),1/30,0.637672574512531,0.725930884312964,0,0,1.0025965932696304,0.4510986195415593,NEURL1
GO_Biological_Process_2023,Homologous Chromosome Pairing At Meiosis (GO:0007129),1/30,0.637672574512531,0.725930884312964,0,0,1.0025965932696304,0.4510986195415593,SYCP2
GO_Biological_Process_2023,Negative Regulation Of Calcium Ion Transmembrane Transporter Activity (GO:1901020),1/30,0.637672574512531,0.725930884312964,0,0,1.0025965932696304,0.4510986195415593,CLIC2
GO_Biological_Process_2023,Negative Regulation Of Epithelial To Mesenchymal Transition (GO:0010719),1/30,0.637672574512531,0.725930884312964,0,0,1.0025965932696304,0.4510986195415593,FOXA1
GO_Biological_Process_2023,Negative Regulation Of Peptidyl-Tyrosine Phosphorylation (GO:0050732),1/30,0.637672574512531,0.725930884312964,0,0,1.0025965932696304,0.4510986195415593,LILRB4
GO_Biological_Process_2023,Positive Regulation Of Lipid Kinase Activity (GO:0090218),1/30,0.637672574512531,0.725930884312964,0,0,1.0025965932696304,0.4510986195415593,NOD2
GO_Biological_Process_2023,Positive Regulation Of Phosphate Metabolic Process (GO:0045937),1/30,0.637672574512531,0.725930884312964,0,0,1.0025965932696304,0.4510986195415593,SRC
GO_Biological_Process_2023,Protein Palmitoylation (GO:0018345),1/30,0.637672574512531,0.725930884312964,0,0,1.0025965932696304,0.4510986195415593,ZDHHC11B
GO_Biological_Process_2023,Regulation Of Cell Migration Involved In Sprouting Angiogenesis (GO:0090049),1/30,0.637672574512531,0.725930884312964,0,0,1.0025965932696304,0.4510986195415593,HMOX1
GO_Biological_Process_2023,Fatty Acid Biosynthetic Process (GO:0006633),2/65,0.6412315365122006,0.7291199078025691,0,0,0.9227896286719816,0.410055114245741,ALOX15;CYP2E1
GO_Biological_Process_2023,Monocarboxylic Acid Biosynthetic Process (GO:0072330),2/65,0.6412315365122006,0.7291199078025691,0,0,0.9227896286719816,0.410055114245741,SDS;SLC27A2
GO_Biological_Process_2023,Positive Regulation Of Cell Cycle (GO:0045787),2/65,0.6412315365122006,0.7291199078025691,0,0,0.9227896286719816,0.410055114245741,FOXA1;LGMN
GO_Biological_Process_2023,Plasma Membrane Bounded Cell Projection Organization (GO:0120036),4/132,0.6435392446906244,0.7314558265440285,0,0,0.9080465204236006,0.4002417237983535,CSF1R;ADGRF1;PLEK;APOE
GO_Biological_Process_2023,Axon Development (GO:0061564),3/99,0.6439535010357313,0.7316386294727101,0,0,0.9081854229607252,0.3997185230090407,SLITRK6;TRIM46;EPHB2
GO_Biological_Process_2023,Negative Regulation Of Endopeptidase Activity (GO:0010951),2/66,0.6494966110849845,0.7341658132736955,0,0,0.9083239064856712,0.3919941401628544,SERPINB2;SERPINB13
GO_Biological_Process_2023,Regulation Of Centrosome Duplication (GO:0010824),1/31,0.6497380162501877,0.7341658132736955,0,0,0.9691265060240964,0.4178738293681011,STIL
GO_Biological_Process_2023,B Cell Proliferation (GO:0042100),1/31,0.6497380162501877,0.7341658132736955,0,0,0.9691265060240964,0.4178738293681011,IL10
GO_Biological_Process_2023,Regulation Of Gluconeogenesis (GO:0006111),1/31,0.6497380162501877,0.7341658132736955,0,0,0.9691265060240964,0.4178738293681011,FBP1
GO_Biological_Process_2023,Bile Acid Metabolic Process (GO:0008206),1/31,0.6497380162501877,0.7341658132736955,0,0,0.9691265060240964,0.4178738293681011,SLC27A2
GO_Biological_Process_2023,Regulation Of Protein Autophosphorylation (GO:0031952),1/31,0.6497380162501877,0.7341658132736955,0,0,0.9691265060240964,0.4178738293681011,GPNMB
GO_Biological_Process_2023,Response To Estradiol (GO:0032355),1/31,0.6497380162501877,0.7341658132736955,0,0,0.9691265060240964,0.4178738293681011,FOXA1
GO_Biological_Process_2023,Negative Regulation Of DNA Biosynthetic Process (GO:2000279),1/31,0.6497380162501877,0.7341658132736955,0,0,0.9691265060240964,0.4178738293681011,SRC
GO_Biological_Process_2023,Organic Cation Transport (GO:0015695),1/31,0.6497380162501877,0.7341658132736955,0,0,0.9691265060240964,0.4178738293681011,SLC29A3
GO_Biological_Process_2023,Positive Regulation Of G1/S Transition Of Mitotic Cell Cycle (GO:1900087),1/31,0.6497380162501877,0.7341658132736955,0,0,0.9691265060240964,0.4178738293681011,STIL
GO_Biological_Process_2023,Positive Regulation Of Extrinsic Apoptotic Signaling Pathway (GO:2001238),1/31,0.6497380162501877,0.7341658132736955,0,0,0.9691265060240964,0.4178738293681011,TLR4
GO_Biological_Process_2023,Positive Regulation Of Glucose Transmembrane Transport (GO:0010828),1/31,0.6497380162501877,0.7341658132736955,0,0,0.9691265060240964,0.4178738293681011,NR4A3
GO_Biological_Process_2023,Positive Regulation Of Proteolysis Involved In Protein Catabolic Process (GO:1903052),1/31,0.6497380162501877,0.7341658132736955,0,0,0.9691265060240964,0.4178738293681011,TREM2
GO_Biological_Process_2023,Presynaptic Endocytosis (GO:0140238),1/31,0.6497380162501877,0.7341658132736955,0,0,0.9691265060240964,0.4178738293681011,SNCG
GO_Biological_Process_2023,Protein-Containing Complex Assembly (GO:0065003),10/328,0.6545009436868755,0.739258303765262,0,0,0.9130059052282876,0.3870069990050548,P2RX7;ANLN;AIM2;SRC;FN1;MAPK8IP2;ASB2;CLDN1;GBP1;HES5
GO_Biological_Process_2023,Regulation Of Neurogenesis (GO:0050767),2/67,0.6576097168319417,0.7421808148937467,0,0,0.8943032834435549,0.3748415506079582,ASCL2;HES5
GO_Biological_Process_2023,Extrinsic Apoptotic Signaling Pathway (GO:0097191),2/67,0.6576097168319417,0.7421808148937467,0,0,0.8943032834435549,0.3748415506079582,MLLT11;P2RX7
GO_Biological_Process_2023,Negative Regulation Of Nucleic Acid-Templated Transcription (GO:1903507),14/456,0.6578596138943879,0.7421808148937467,0,0,0.9192332019656498,0.3849415181109588,ZMYND15;CEBPA;CIITA;CDKN2A;CYP27B1;SIX4;ZIC2;TNFSF4;MYB;PAX9;PPARG;HOXA7;ATF5;EZH2
GO_Biological_Process_2023,Regulation Of Metaphase/Anaphase Transition Of Cell Cycle (GO:1902099),1/32,0.6614022629191301,0.7441419848197695,0,0,0.9378157792460164,0.3876865319158089,DPF3
GO_Biological_Process_2023,Cellular Nitrogen Compound Biosynthetic Process (GO:0044271),1/32,0.6614022629191301,0.7441419848197695,0,0,0.9378157792460164,0.3876865319158089,GCH1
GO_Biological_Process_2023,Regulation Of Ubiquitin-Protein Transferase Activity (GO:0051438),1/32,0.6614022629191301,0.7441419848197695,0,0,0.9378157792460164,0.3876865319158089,DTX3L
GO_Biological_Process_2023,Gluconeogenesis (GO:0006094),1/32,0.6614022629191301,0.7441419848197695,0,0,0.9378157792460164,0.3876865319158089,FBP1
GO_Biological_Process_2023,Very Long-Chain Fatty Acid Metabolic Process (GO:0000038),1/32,0.6614022629191301,0.7441419848197695,0,0,0.9378157792460164,0.3876865319158089,SLC27A2
GO_Biological_Process_2023,Heterochromatin Formation (GO:0031507),1/32,0.6614022629191301,0.7441419848197695,0,0,0.9378157792460164,0.3876865319158089,EZH2
GO_Biological_Process_2023,Regulation Of Calcium Ion Transmembrane Transporter Activity (GO:1901019),1/32,0.6614022629191301,0.7441419848197695,0,0,0.9378157792460164,0.3876865319158089,JPH1
GO_Biological_Process_2023,Sensory Perception Of Light Stimulus (GO:0050953),3/102,0.6638524504729384,0.7466077228341929,0,0,0.8805273276572371,0.3607479669590841,ZIC2;CDH23;MYO7A
GO_Biological_Process_2023,Brain Development (GO:0007420),5/169,0.6659162980785491,0.7486372089379951,0,0,0.8855783444198079,0.3600684457936652,EGR2;AIM2;ZIC2;B3GNT5;HES5
GO_Biological_Process_2023,Negative Regulation Of Cellular Biosynthetic Process (GO:0031327),4/137,0.672173600108361,0.7535984558619919,0,0,0.8736819355499187,0.3470602224085328,CEACAM1;PLEK;APOC1;NHLRC1
GO_Biological_Process_2023,Regulation Of Lamellipodium Assembly (GO:0010591),1/33,0.6726786355235029,0.7535984558619919,0,0,0.9084619728915664,0.3601938834741499,EPHA2
GO_Biological_Process_2023,Cardiac Muscle Contraction (GO:0060048),1/33,0.6726786355235029,0.7535984558619919,0,0,0.9084619728915664,0.3601938834741499,SLC8A1
GO_Biological_Process_2023,Signal Transduction By P53 Class Mediator (GO:0072331),1/33,0.6726786355235029,0.7535984558619919,0,0,0.9084619728915664,0.3601938834741499,E2F7
GO_Biological_Process_2023,Negative Regulation Of Small Molecule Metabolic Process (GO:0062014),1/33,0.6726786355235029,0.7535984558619919,0,0,0.9084619728915664,0.3601938834741499,FBP1
GO_Biological_Process_2023,Phosphatidic Acid Metabolic Process (GO:0046473),1/33,0.6726786355235029,0.7535984558619919,0,0,0.9084619728915664,0.3601938834741499,PLD1
GO_Biological_Process_2023,Positive Regulation Of Nitrogen Compound Metabolic Process (GO:0051173),1/33,0.6726786355235029,0.7535984558619919,0,0,0.9084619728915664,0.3601938834741499,NR1H3
GO_Biological_Process_2023,Positive Regulation Of Protein Dephosphorylation (GO:0035307),1/33,0.6726786355235029,0.7535984558619919,0,0,0.9084619728915664,0.3601938834741499,LILRB2
GO_Biological_Process_2023,Positive Regulation Of Reproductive Process (GO:2000243),1/33,0.6726786355235029,0.7535984558619919,0,0,0.9084619728915664,0.3601938834741499,LHFPL2
GO_Biological_Process_2023,Regulation Of Endopeptidase Activity (GO:0052548),2/69,0.6733839355505881,0.7538035757791965,0,0,0.8675176155421985,0.343050843408506,SERPINB2;SERPINB13
GO_Biological_Process_2023,Regulation Of Monoatomic Ion Transmembrane Transporter Activity (GO:0032412),2/69,0.6733839355505881,0.7538035757791965,0,0,0.8675176155421985,0.343050843408506,FXYD6;MAPK8IP2
GO_Biological_Process_2023,Ubiquitin-Dependent Protein Catabolic Process (GO:0006511),11/367,0.6795011206345464,0.7603564865395099,0,0,0.896681613579356,0.3464745440148064,HERC5;RNF144B;DTX3L;UBD;KIF14;RNF19B;TNFAIP3;NHLRC1;ASB2;TRIM31;HERC6
GO_Biological_Process_2023,Positive Regulation Of Protein Polymerization (GO:0032273),2/70,0.6810472587115234,0.7607924048623516,0,0,0.8547156419128737,0.3283164315597606,ALOX15;TPPP
GO_Biological_Process_2023,Regulation Of Actin Filament Polymerization (GO:0030833),2/70,0.6810472587115234,0.7607924048623516,0,0,0.8547156419128737,0.3283164315597606,PLEKHG2;ALOX15
GO_Biological_Process_2023,Regulation Of Cellular Biosynthetic Process (GO:0031326),2/70,0.6810472587115234,0.7607924048623516,0,0,0.8547156419128737,0.3283164315597606,CXCL8;DDX25
GO_Biological_Process_2023,Positive Regulation Of Stress-Activated MAPK Cascade (GO:0032874),3/105,0.6829313111782317,0.7607924048623516,0,0,0.854496179136307,0.325871512034369,WNT7B;NOD2;FCGR2B
GO_Biological_Process_2023,Regulation Of Phosphatidylinositol 3-Kinase Activity (GO:0043551),1/34,0.6835800132362105,0.7607924048623516,0,0,0.8808871851040526,0.3350996732737467,NOD2
GO_Biological_Process_2023,Cellular Response To Vascular Endothelial Growth Factor Stimulus (GO:0035924),1/34,0.6835800132362105,0.7607924048623516,0,0,0.8808871851040526,0.3350996732737467,EGR3
GO_Biological_Process_2023,Response To Estrogen (GO:0043627),1/34,0.6835800132362105,0.7607924048623516,0,0,0.8808871851040526,0.3350996732737467,CYP27B1
GO_Biological_Process_2023,Embryonic Skeletal System Development (GO:0048706),1/34,0.6835800132362105,0.7607924048623516,0,0,0.8808871851040526,0.3350996732737467,HOXC9
GO_Biological_Process_2023,Microtubule Polymerization (GO:0046785),1/34,0.6835800132362105,0.7607924048623516,0,0,0.8808871851040526,0.3350996732737467,TPPP
GO_Biological_Process_2023,Negative Regulation Of JNK Cascade (GO:0046329),1/34,0.6835800132362105,0.7607924048623516,0,0,0.8808871851040526,0.3350996732737467,DUSP10
GO_Biological_Process_2023,Negative Regulation Of Cell Cycle Process (GO:0010948),1/34,0.6835800132362105,0.7607924048623516,0,0,0.8808871851040526,0.3350996732737467,E2F7
GO_Biological_Process_2023,Negative Regulation Of Mitotic Cell Cycle (GO:0045930),1/34,0.6835800132362105,0.7607924048623516,0,0,0.8808871851040526,0.3350996732737467,IL10
GO_Biological_Process_2023,Organophosphate Biosynthetic Process (GO:0090407),1/34,0.6835800132362105,0.7607924048623516,0,0,0.8808871851040526,0.3350996732737467,ITPKC
GO_Biological_Process_2023,Positive Regulation Of Carbohydrate Metabolic Process (GO:0045913),1/34,0.6835800132362105,0.7607924048623516,0,0,0.8808871851040526,0.3350996732737467,P2RX7
GO_Biological_Process_2023,Regulation Of Hydrolase Activity (GO:0051336),2/71,0.6885630182726798,0.7645697822127795,0,0,0.8422847399829497,0.3142972327126005,ADAP2;RASIP1
GO_Biological_Process_2023,Synapse Assembly (GO:0007416),2/71,0.6885630182726798,0.7645697822127795,0,0,0.8422847399829497,0.3142972327126005,ADGRF1;SLITRK6
GO_Biological_Process_2023,Kidney Development (GO:0001822),2/71,0.6885630182726798,0.7645697822127795,0,0,0.8422847399829497,0.3142972327126005,SIX2;HAS2
GO_Biological_Process_2023,Negative Regulation Of Protein Binding (GO:0032091),2/71,0.6885630182726798,0.7645697822127795,0,0,0.8422847399829497,0.3142972327126005,IFIT1;IFIT2
GO_Biological_Process_2023,Negative Regulation Of Supramolecular Fiber Organization (GO:1902904),2/71,0.6885630182726798,0.7645697822127795,0,0,0.8422847399829497,0.3142972327126005,TREM2;APOE
GO_Biological_Process_2023,Protein Autoubiquitination (GO:0051865),2/71,0.6885630182726798,0.7645697822127795,0,0,0.8422847399829497,0.3142972327126005,DTX3L;RNF19B
GO_Biological_Process_2023,Regulation Of Cellular Senescence (GO:2000772),1/35,0.6941188484017234,0.7671979767747992,0,0,0.8549344436569809,0.3121468945584836,KIR2DL4
GO_Biological_Process_2023,Regulation Of Postsynaptic Membrane Potential (GO:0060078),1/35,0.6941188484017234,0.7671979767747992,0,0,0.8549344436569809,0.3121468945584836,MAPK8IP2
GO_Biological_Process_2023,Cellular Response To Amino Acid Stimulus (GO:0071230),1/35,0.6941188484017234,0.7671979767747992,0,0,0.8549344436569809,0.3121468945584836,NEURL1
GO_Biological_Process_2023,Regulation Of Sodium Ion Transport (GO:0002028),1/35,0.6941188484017234,0.7671979767747992,0,0,0.8549344436569809,0.3121468945584836,P2RX7
GO_Biological_Process_2023,Response To Nutrient Levels (GO:0031667),1/35,0.6941188484017234,0.7671979767747992,0,0,0.8549344436569809,0.3121468945584836,CD68
GO_Biological_Process_2023,Skeletal Muscle Organ Development (GO:0060538),1/35,0.6941188484017234,0.7671979767747992,0,0,0.8549344436569809,0.3121468945584836,SIX4
GO_Biological_Process_2023,tRNA Aminoacylation For Protein Translation (GO:0006418),1/35,0.6941188484017234,0.7671979767747992,0,0,0.8549344436569809,0.3121468945584836,WARS1
GO_Biological_Process_2023,Hexose Biosynthetic Process (GO:0019319),1/35,0.6941188484017234,0.7671979767747992,0,0,0.8549344436569809,0.3121468945584836,FBP1
GO_Biological_Process_2023,Platelet Aggregation (GO:0070527),1/35,0.6941188484017234,0.7671979767747992,0,0,0.8549344436569809,0.3121468945584836,PLEK
GO_Biological_Process_2023,Positive Regulation Of Cell Development (GO:0010720),1/35,0.6941188484017234,0.7671979767747992,0,0,0.8549344436569809,0.3121468945584836,CLEC7A
GO_Biological_Process_2023,Regulation Of G2/M Transition Of Mitotic Cell Cycle (GO:0010389),1/35,0.6941188484017234,0.7671979767747992,0,0,0.8549344436569809,0.3121468945584836,KIF14
GO_Biological_Process_2023,Regulation Of Cardiac Muscle Contraction (GO:0055117),1/35,0.6941188484017234,0.7671979767747992,0,0,0.8549344436569809,0.3121468945584836,SLC8A1
GO_Biological_Process_2023,Regulation Of Cellular Localization (GO:0060341),2/72,0.6959325386281433,0.7686140929684199,0,0,0.830209006679595,0.3009528824556688,TRIM6;TRIM46
GO_Biological_Process_2023,Negative Regulation Of Catabolic Process (GO:0009895),2/72,0.6959325386281433,0.7686140929684199,0,0,0.830209006679595,0.3009528824556688,APOC1;FBP1
GO_Biological_Process_2023,Glycerophospholipid Biosynthetic Process (GO:0046474),3/108,0.701192260266741,0.7741269810287117,0,0,0.8299525248165731,0.2946108735676181,ALOX15;PLA2G4C;PLD1
GO_Biological_Process_2023,Ubiquitin-Dependent ERAD Pathway (GO:0030433),2/73,0.7031572191528204,0.7743087697985253,0,0,0.818473434877743,0.2882456951884948,FOXRED2;NCCRP1
GO_Biological_Process_2023,Monocarboxylic Acid Transport (GO:0015718),2/73,0.7031572191528204,0.7743087697985253,0,0,0.818473434877743,0.2882456951884948,CEACAM1;SLCO2B1
GO_Biological_Process_2023,Regulation Of Rho Protein Signal Transduction (GO:0035023),2/73,0.7031572191528204,0.7743087697985253,0,0,0.818473434877743,0.2882456951884948,APOE;RASIP1
GO_Biological_Process_2023,"DNA Damage Response, Signal Transduction By P53 Class Mediator (GO:0030330)",1/36,0.7043071802878168,0.7743087697985253,0,0,0.8304647160068847,0.2911116682205578,E2F7
GO_Biological_Process_2023,Regulation Of Erythrocyte Differentiation (GO:0045646),1/36,0.7043071802878168,0.7743087697985253,0,0,0.8304647160068847,0.2911116682205578,STAT1
GO_Biological_Process_2023,Base-Excision Repair (GO:0006284),1/36,0.7043071802878168,0.7743087697985253,0,0,0.8304647160068847,0.2911116682205578,POLB
GO_Biological_Process_2023,Regulation Of Receptor Internalization (GO:0002090),1/36,0.7043071802878168,0.7743087697985253,0,0,0.8304647160068847,0.2911116682205578,RIN3
GO_Biological_Process_2023,Negative Regulation Of Protein Kinase B Signaling (GO:0051898),1/36,0.7043071802878168,0.7743087697985253,0,0,0.8304647160068847,0.2911116682205578,EPHA2
GO_Biological_Process_2023,Negative Regulation Of Sequestering Of Calcium Ion (GO:0051283),1/36,0.7043071802878168,0.7743087697985253,0,0,0.8304647160068847,0.2911116682205578,RYR1
GO_Biological_Process_2023,Positive Regulation Of Myeloid Cell Differentiation (GO:0045639),1/36,0.7043071802878168,0.7743087697985253,0,0,0.8304647160068847,0.2911116682205578,STAT1
GO_Biological_Process_2023,Positive Regulation Of Phospholipase C Activity (GO:0010863),1/36,0.7043071802878168,0.7743087697985253,0,0,0.8304647160068847,0.2911116682205578,CD86
GO_Biological_Process_2023,Regulation Of Wnt Signaling Pathway (GO:0030111),3/109,0.7070984995679114,0.7770816019233195,0,0,0.8220800319215642,0.2849208563996636,GPC3;TNFAIP3;TLR2
GO_Biological_Process_2023,Import Into Nucleus (GO:0051170),2/74,0.7102385281238959,0.7802353998073392,0,0,0.8070638511814983,0.2761404560455726,MMP12;SYK
GO_Biological_Process_2023,Regulation Of Phosphoprotein Phosphatase Activity (GO:0043666),1/37,0.7141566491991618,0.7827525612141154,0,0,0.8073544176706827,0.2717982416159434,PPP1R1B
GO_Biological_Process_2023,Regulation Of Sodium Ion Transmembrane Transporter Activity (GO:2000649),1/37,0.7141566491991618,0.7827525612141154,0,0,0.8073544176706827,0.2717982416159434,FXYD6
GO_Biological_Process_2023,Melanosome Organization (GO:0032438),1/37,0.7141566491991618,0.7827525612141154,0,0,0.8073544176706827,0.2717982416159434,APOE
GO_Biological_Process_2023,Mitochondrion Disassembly (GO:0061726),1/37,0.7141566491991618,0.7827525612141154,0,0,0.8073544176706827,0.2717982416159434,MAP1LC3B2
GO_Biological_Process_2023,Muscle Cell Differentiation (GO:0042692),1/37,0.7141566491991618,0.7827525612141154,0,0,0.8073544176706827,0.2717982416159434,TBX1
GO_Biological_Process_2023,Muscle Tissue Development (GO:0060537),1/37,0.7141566491991618,0.7827525612141154,0,0,0.8073544176706827,0.2717982416159434,SIX4
GO_Biological_Process_2023,Regulation Of Plasma Membrane Bounded Cell Projection Assembly (GO:0120032),2/75,0.7171779962646527,0.7857657970459403,0,0,0.7959668588193971,0.2646042321871982,PLD1;EPHA2
GO_Biological_Process_2023,Mitotic Cell Cycle Phase Transition (GO:0044772),3/111,0.7186418264697884,0.7870709229963122,0,0,0.8067724068479355,0.2665513108012417,CCNE2;CCNE1;BCAT1
GO_Biological_Process_2023,Regulation Of Neurotransmitter Secretion (GO:0046928),1/38,0.7236785090345316,0.7907872276997323,0,0,0.7854933246499511,0.2540348514601989,MCTP1
GO_Biological_Process_2023,Calcium-Dependent Cell-Cell Adhesion Via Plasma Membrane Cell Adhesion Molecules (GO:0016339),1/38,0.7236785090345316,0.7907872276997323,0,0,0.7854933246499511,0.2540348514601989,CDH23
GO_Biological_Process_2023,Lymphocyte Proliferation (GO:0046651),1/38,0.7236785090345316,0.7907872276997323,0,0,0.7854933246499511,0.2540348514601989,IL10
GO_Biological_Process_2023,Membrane Fission (GO:0090148),1/38,0.7236785090345316,0.7907872276997323,0,0,0.7854933246499511,0.2540348514601989,CORO1C
GO_Biological_Process_2023,Positive Regulation Of Axonogenesis (GO:0050772),1/38,0.7236785090345316,0.7907872276997323,0,0,0.7854933246499511,0.2540348514601989,SEMA7A
GO_Biological_Process_2023,Positive Regulation Of Myoblast Differentiation (GO:0045663),1/38,0.7236785090345316,0.7907872276997323,0,0,0.7854933246499511,0.2540348514601989,DPF3
GO_Biological_Process_2023,Protein Deubiquitination (GO:0016579),3/112,0.7242797233002146,0.7911447450502156,0,0,0.7993292497020428,0.2578457134278658,OTUB2;TNFAIP3;USP18
GO_Biological_Process_2023,Protein Glycosylation (GO:0006486),4/147,0.7245544176488433,0.7911454628412294,0,0,0.812162119272558,0.2616773430172527,B3GNT5;TET3;GCNT2;FUT1
GO_Biological_Process_2023,Regulation Of Protein Ubiquitination (GO:0031396),3/113,0.7298290497166596,0.79660357902911,0,0,0.7920214226860752,0.249443147948209,RIPK2;TNFAIP3;ISG15
GO_Biological_Process_2023,Sphingolipid Biosynthetic Process (GO:0030148),2/77,0.7306378113536459,0.7969246972345381,0,0,0.7746606334841629,0.243117488485987,FA2H;SPNS2
GO_Biological_Process_2023,Anterograde Axonal Transport (GO:0008089),1/39,0.7328836408582261,0.7969246972345381,0,0,0.764782815472416,0.2376702809848173,TRIM46
GO_Biological_Process_2023,Regulation Of Mitotic Spindle Organization (GO:0060236),1/39,0.7328836408582261,0.7969246972345381,0,0,0.764782815472416,0.2376702809848173,STIL
GO_Biological_Process_2023,Release Of Sequestered Calcium Ion Into Cytosol (GO:0051209),1/39,0.7328836408582261,0.7969246972345381,0,0,0.764782815472416,0.2376702809848173,RYR1
GO_Biological_Process_2023,Digestive Tract Development (GO:0048565),1/39,0.7328836408582261,0.7969246972345381,0,0,0.764782815472416,0.2376702809848173,CXCL8
GO_Biological_Process_2023,Heterochromatin Organization (GO:0070828),1/39,0.7328836408582261,0.7969246972345381,0,0,0.764782815472416,0.2376702809848173,EZH2
GO_Biological_Process_2023,Negative Regulation Of Mitochondrion Organization (GO:0010823),1/39,0.7328836408582261,0.7969246972345381,0,0,0.764782815472416,0.2376702809848173,PPARG
GO_Biological_Process_2023,Negative Regulation Of Proteasomal Protein Catabolic Process (GO:1901799),1/39,0.7328836408582261,0.7969246972345381,0,0,0.764782815472416,0.2376702809848173,LAMP3
GO_Biological_Process_2023,Positive Regulation Of Intrinsic Apoptotic Signaling Pathway (GO:2001244),1/39,0.7328836408582261,0.7969246972345381,0,0,0.764782815472416,0.2376702809848173,BCL2L11
GO_Biological_Process_2023,Positive Regulation Of Lymphocyte Differentiation (GO:0045621),1/39,0.7328836408582261,0.7969246972345381,0,0,0.764782815472416,0.2376702809848173,SYK
GO_Biological_Process_2023,DNA Damage Response (GO:0006974),11/384,0.7345237688570716,0.798338895066575,0,0,0.8550475112936682,0.2638103082170358,POLB;WDHD1;RMI2;BCL2L11;AIM2;DTX3L;KMT5C;POLE2;CTLA4;ZNF385A;EPHA2
GO_Biological_Process_2023,Response To Endoplasmic Reticulum Stress (GO:0034976),3/114,0.7352903089650235,0.798338895066575,0,0,0.7848452682289541,0.2413319770079766,BCL2L11;CXCL8;ALOX15
GO_Biological_Process_2023,Negative Regulation Of Canonical Wnt Signaling Pathway (GO:0090090),3/114,0.7352903089650235,0.798338895066575,0,0,0.7848452682289541,0.2413319770079766,SOX2;PTPRO;APOE
GO_Biological_Process_2023,Protein Modification By Small Protein Removal (GO:0070646),3/114,0.7352903089650235,0.798338895066575,0,0,0.7848452682289541,0.2413319770079766,OTUB2;TNFAIP3;USP18
GO_Biological_Process_2023,Cellular Response To Nutrient Levels (GO:0031669),2/78,0.7371614820067576,0.8000696235163568,0,0,0.7644280384218465,0.2331110335355078,CDKN2B;CD68
GO_Biological_Process_2023,Regulation Of Protein Dephosphorylation (GO:0035304),1/40,0.7417825646293617,0.8029719775346708,0,0,0.7451343836886005,0.2225709834543296,LILRB2
GO_Biological_Process_2023,Synaptic Vesicle Endocytosis (GO:0048488),1/40,0.7417825646293617,0.8029719775346708,0,0,0.7451343836886005,0.2225709834543296,SNCG
GO_Biological_Process_2023,mRNA 3'-End Processing (GO:0031124),1/40,0.7417825646293617,0.8029719775346708,0,0,0.7451343836886005,0.2225709834543296,ZNF473
GO_Biological_Process_2023,Negative Regulation Of Protein Localization (GO:1903828),1/40,0.7417825646293617,0.8029719775346708,0,0,0.7451343836886005,0.2225709834543296,LILRB4
GO_Biological_Process_2023,Positive Regulation Of Catalytic Activity (GO:0043085),1/40,0.7417825646293617,0.8029719775346708,0,0,0.7451343836886005,0.2225709834543296,NOD2
GO_Biological_Process_2023,Positive Regulation Of Insulin Secretion (GO:0032024),1/40,0.7417825646293617,0.8029719775346708,0,0,0.7451343836886005,0.2225709834543296,HLA-DRB1
GO_Biological_Process_2023,Regulation Of Autophagosome Assembly (GO:2000785),1/40,0.7417825646293617,0.8029719775346708,0,0,0.7451343836886005,0.2225709834543296,EPHB2
GO_Biological_Process_2023,Cellular Response To UV (GO:0034644),2/79,0.7435499494360978,0.8039807880232264,0,0,0.7544612250494603,0.2235614476229236,MMP1;MMP9
GO_Biological_Process_2023,Response To Insulin (GO:0032868),2/79,0.7435499494360978,0.8039807880232264,0,0,0.7544612250494603,0.2235614476229236,CEACAM1;PPARG
GO_Biological_Process_2023,Vesicle Fusion (GO:0006906),2/79,0.7435499494360978,0.8039807880232264,0,0,0.7544612250494603,0.2235614476229236,RAB20;RAB39A
GO_Biological_Process_2023,DNA Metabolic Process (GO:0006259),8/288,0.7454581949206295,0.8057423469621331,0,0,0.8286584040008698,0.2434235628459947,FAM111B;POLB;WDHD1;RMI2;ORC1;KMT5C;POLE2;MCM2
GO_Biological_Process_2023,Cellular Response To Organic Cyclic Compound (GO:0071407),4/152,0.7483025359764287,0.8083443279067629,0,0,0.7845197693911764,0.227469877623053,P2RX7;NR4A3;CCL3;SPP1
GO_Biological_Process_2023,Regulation Of Organelle Assembly (GO:1902115),2/80,0.7498049766587068,0.8083443279067629,0,0,0.7447499709943148,0.2144448984673512,STIL;EPHB2
GO_Biological_Process_2023,DNA Duplex Unwinding (GO:0032508),1/41,0.7503854516072479,0.8083443279067629,0,0,0.7264683734939759,0.208618665295919,MCM2
GO_Biological_Process_2023,O-glycan Processing (GO:0016266),1/41,0.7503854516072479,0.8083443279067629,0,0,0.7264683734939759,0.208618665295919,B3GNT5
GO_Biological_Process_2023,Double-Strand Break Repair Via Nonhomologous End Joining (GO:0006303),1/41,0.7503854516072479,0.8083443279067629,0,0,0.7264683734939759,0.208618665295919,POLB
GO_Biological_Process_2023,Synaptic Vesicle Exocytosis (GO:0016079),1/41,0.7503854516072479,0.8083443279067629,0,0,0.7264683734939759,0.208618665295919,STX19
GO_Biological_Process_2023,Heart Contraction (GO:0060047),1/41,0.7503854516072479,0.8083443279067629,0,0,0.7264683734939759,0.208618665295919,SLC8A1
GO_Biological_Process_2023,Negative Regulation Of DNA Recombination (GO:0045910),1/41,0.7503854516072479,0.8083443279067629,0,0,0.7264683734939759,0.208618665295919,RMI2
GO_Biological_Process_2023,Regulation Of Amide Metabolic Process (GO:0034248),1/41,0.7503854516072479,0.8083443279067629,0,0,0.7264683734939759,0.208618665295919,DDX25
GO_Biological_Process_2023,Protein Processing (GO:0016485),3/117,0.7511512405051077,0.808867449212326,0,0,0.7640721895372873,0.2186379290790256,TMPRSS2;PHEX;LGMN
GO_Biological_Process_2023,Positive Regulation Of Cell Projection Organization (GO:0031346),3/118,0.7562659490084473,0.8140715118521206,0,0,0.7573886772625772,0.2115857521854633,APOE;SCARF1;ARSB
GO_Biological_Process_2023,DNA Recombination (GO:0006310),1/42,0.7587021354742871,0.8157814022771944,0,0,0.7087129003820158,0.195708248175579,RMI2
GO_Biological_Process_2023,Lysosome Localization (GO:0032418),1/42,0.7587021354742871,0.8157814022771944,0,0,0.7087129003820158,0.195708248175579,NR4A3
GO_Biological_Process_2023,Positive Regulation Of Neuron Differentiation (GO:0045666),1/42,0.7587021354742871,0.8157814022771944,0,0,0.7087129003820158,0.195708248175579,ECT2
GO_Biological_Process_2023,Regulation Of Chromosome Organization (GO:0033044),1/43,0.7667421237889068,0.822893870400957,0,0,0.691802925989673,0.1837461419911257,RMI2
GO_Biological_Process_2023,Regulation Of Filopodium Assembly (GO:0051489),1/43,0.7667421237889068,0.822893870400957,0,0,0.691802925989673,0.1837461419911257,NEURL1
GO_Biological_Process_2023,Glycolipid Biosynthetic Process (GO:0009247),1/43,0.7667421237889068,0.822893870400957,0,0,0.691802925989673,0.1837461419911257,B3GNT5
GO_Biological_Process_2023,Positive Regulation Of Receptor-Mediated Endocytosis (GO:0048260),1/43,0.7667421237889068,0.822893870400957,0,0,0.691802925989673,0.1837461419911257,F3
GO_Biological_Process_2023,Regulation Of Cellular Component Size (GO:0032535),1/43,0.7667421237889068,0.822893870400957,0,0,0.691802925989673,0.1837461419911257,RIN3
GO_Biological_Process_2023,Epigenetic Regulation Of Gene Expression (GO:0040029),2/83,0.767787507757445,0.8234036162317027,0,0,0.7170549131333445,0.189476215613121,SDR16C5;EZH2
GO_Biological_Process_2023,Vascular Transport (GO:0010232),2/83,0.767787507757445,0.8234036162317027,0,0,0.7170549131333445,0.189476215613121,SLCO2B1;SLC1A3
GO_Biological_Process_2023,Transcription By RNA Polymerase II (GO:0006366),5/192,0.769101045444416,0.82450602235352,0,0,0.7757251660994976,0.203653392672007,ETV7;CYP27B1;E2F2;NR1H3;PPARG
GO_Biological_Process_2023,Protein Modification By Small Protein Conjugation (GO:0032446),10/364,0.7733692892863111,0.8278503058281799,0,0,0.8186052529434596,0.2103804115753836,HERC5;RNF223;IFIH1;EGR2;UBD;RNF39;ISG15;ASB2;TRIM31;HERC6
GO_Biological_Process_2023,Positive Regulation Of Double-Strand Break Repair (GO:2000781),2/84,0.773526991106844,0.8278503058281799,0,0,0.7082735533237685,0.1818809051296424,KMT5C;DPF3
GO_Biological_Process_2023,Bone Development (GO:0060348),1/44,0.7745146089511306,0.8278503058281799,0,0,0.6756794620341833,0.1726487761844533,MMP13
GO_Biological_Process_2023,Regulation Of Transport (GO:0051049),1/44,0.7745146089511306,0.8278503058281799,0,0,0.6756794620341833,0.1726487761844533,PLD1
GO_Biological_Process_2023,Establishment Of Protein Localization To Mitochondrion (GO:0072655),1/44,0.7745146089511306,0.8278503058281799,0,0,0.6756794620341833,0.1726487761844533,HK2
GO_Biological_Process_2023,Synaptic Vesicle Recycling (GO:0036465),1/44,0.7745146089511306,0.8278503058281799,0,0,0.6756794620341833,0.1726487761844533,SNCG
GO_Biological_Process_2023,Phosphatidylinositol Phosphate Biosynthetic Process (GO:0046854),1/44,0.7745146089511306,0.8278503058281799,0,0,0.6756794620341833,0.1726487761844533,ITPKC
GO_Biological_Process_2023,Regulation Of DNA Recombination (GO:0000018),1/44,0.7745146089511306,0.8278503058281799,0,0,0.6756794620341833,0.1726487761844533,IL10
GO_Biological_Process_2023,Mitotic Spindle Organization (GO:0007052),2/85,0.7791422561621446,0.8324884135973767,0,0,0.6997037925457487,0.1746192231606812,STIL;WDR62
GO_Biological_Process_2023,Regulation Of Programmed Cell Death (GO:0043067),5/195,0.7805783223912646,0.8337142496276658,0,0,0.7633572567783095,0.1890990085537262,CXCL10;BCL2L11;STAT1;STYK1;MCM2
GO_Biological_Process_2023,Regulation Of Stem Cell Differentiation (GO:2000736),1/45,0.7820284780229062,0.8343371086667148,0,0,0.660288882803943,0.1623413465629475,HES5
GO_Biological_Process_2023,Regulation Of Telomerase Activity (GO:0051972),1/45,0.7820284780229062,0.8343371086667148,0,0,0.660288882803943,0.1623413465629475,SRC
GO_Biological_Process_2023,Regulation Of Apoptotic Signaling Pathway (GO:2001233),1/45,0.7820284780229062,0.8343371086667148,0,0,0.660288882803943,0.1623413465629475,MAPK8IP2
GO_Biological_Process_2023,Negative Regulation Of Binding (GO:0051100),2/86,0.7846352033961573,0.836808951682566,0,0,0.6913380736910149,0.1676746325462109,IFIT1;IFIT2
GO_Biological_Process_2023,Positive Regulation Of Signal Transduction (GO:0009967),7/266,0.785100671947329,0.8369961742658563,0,0,0.7835373367288261,0.1895716284341768,CYP27B1;SRC;CD80;TNFAIP3;TREM2;NOD2;TLR2
GO_Biological_Process_2023,Regulation Of Fibroblast Proliferation (GO:0048145),1/46,0.789292323593758,0.8396046198287322,0,0,0.6455823293172691,0.1527567404029901,FN1
GO_Biological_Process_2023,Vacuolar Transport (GO:0007034),1/46,0.789292323593758,0.8396046198287322,0,0,0.6455823293172691,0.1527567404029901,ARSB
GO_Biological_Process_2023,Mitotic G2/M Transition Checkpoint (GO:0044818),1/46,0.789292323593758,0.8396046198287322,0,0,0.6455823293172691,0.1527567404029901,ORC1
GO_Biological_Process_2023,Negative Regulation Of Cellular Metabolic Process (GO:0031324),1/46,0.789292323593758,0.8396046198287322,0,0,0.6455823293172691,0.1527567404029901,FBP1
GO_Biological_Process_2023,Positive Regulation Of Blood Vessel Endothelial Cell Migration (GO:0043536),1/46,0.789292323593758,0.8396046198287322,0,0,0.6455823293172691,0.1527567404029901,HMOX1
GO_Biological_Process_2023,Positive Regulation Of Peptide Hormone Secretion (GO:0090277),1/46,0.789292323593758,0.8396046198287322,0,0,0.6455823293172691,0.1527567404029901,FFAR4
GO_Biological_Process_2023,Anterograde Trans-Synaptic Signaling (GO:0098916),5/199,0.7951911496941747,0.8445848001103334,0,0,0.7474617307091533,0.1712978628593058,GABRP;SLC12A5;GAD1;SLC1A3;SNCG
GO_Biological_Process_2023,Regulation Of Double-Strand Break Repair (GO:2000779),2/88,0.7952617980736487,0.8445848001103334,0,0,0.6751902907853661,0.1546752336868964,OTUB2;DPF3
GO_Biological_Process_2023,Positive Regulation Of Cell Adhesion (GO:0045785),2/88,0.7952617980736487,0.8445848001103334,0,0,0.6751902907853661,0.1546752336868964,SYK;ALOX15
GO_Biological_Process_2023,Cognition (GO:0050890),1/47,0.7963144530309413,0.8445848001103334,0,0,0.6315151911995809,0.1438346133387174,HLA-DRA
GO_Biological_Process_2023,Response To Organonitrogen Compound (GO:0010243),1/47,0.7963144530309413,0.8445848001103334,0,0,0.6315151911995809,0.1438346133387174,IRF5
GO_Biological_Process_2023,Negative Regulation Of Hydrolase Activity (GO:0051346),1/47,0.7963144530309413,0.8445848001103334,0,0,0.6315151911995809,0.1438346133387174,ECM1
GO_Biological_Process_2023,Positive Regulation Of TOR Signaling (GO:0032008),1/47,0.7963144530309413,0.8445848001103334,0,0,0.6315151911995809,0.1438346133387174,TREM2
GO_Biological_Process_2023,Protein Monoubiquitination (GO:0006513),1/47,0.7963144530309413,0.8445848001103334,0,0,0.6315151911995809,0.1438346133387174,NEURL1
GO_Biological_Process_2023,ERAD Pathway (GO:0036503),2/89,0.8003992907927998,0.8479826614747937,0,0,0.667394809382639,0.1485918252422636,FOXRED2;NCCRP1
GO_Biological_Process_2023,Sodium Ion Transport (GO:0006814),2/89,0.8003992907927998,0.8479826614747937,0,0,0.667394809382639,0.1485918252422636,SCN2A;SLC8A1
GO_Biological_Process_2023,Positive Regulation Of Peptidyl-Serine Phosphorylation (GO:0033138),2/89,0.8003992907927998,0.8479826614747937,0,0,0.667394809382639,0.1485918252422636,TRIM6;RIPK2
GO_Biological_Process_2023,Cellular Response To Radiation (GO:0071478),1/48,0.8031028979845191,0.8499113146925611,0,0,0.6180466547039221,0.1355205926316042,ECT2
GO_Biological_Process_2023,Cytoplasmic Microtubule Organization (GO:0031122),1/48,0.8031028979845191,0.8499113146925611,0,0,0.6180466547039221,0.1355205926316042,TPPP
GO_Biological_Process_2023,"Retrograde Vesicle-Mediated Transport, Golgi To Endoplasmic Reticulum (GO:0006890)",1/48,0.8031028979845191,0.8499113146925611,0,0,0.6180466547039221,0.1355205926316042,CCL13
GO_Biological_Process_2023,Chemical Synaptic Transmission (GO:0007268),7/273,0.8066327083608661,0.8533340524140053,0,0,0.7626379779235323,0.1638808700658012,GABRP;SLC12A5;GAD1;STAC3;SLC1A3;SNCG;APOE
GO_Biological_Process_2023,Regulation Of Mitotic Metaphase/Anaphase Transition (GO:0030071),1/49,0.8096654239975561,0.8543509060968365,0,0,0.6051393072289156,0.127765587447982,DPF3
GO_Biological_Process_2023,Autophagy Of Mitochondrion (GO:0000422),1/49,0.8096654239975561,0.8543509060968365,0,0,0.6051393072289156,0.127765587447982,MAP1LC3B2
GO_Biological_Process_2023,Erythrocyte Differentiation (GO:0030218),1/49,0.8096654239975561,0.8543509060968365,0,0,0.6051393072289156,0.127765587447982,MYB
GO_Biological_Process_2023,Fatty Acid Beta-Oxidation (GO:0006635),1/49,0.8096654239975561,0.8543509060968365,0,0,0.6051393072289156,0.127765587447982,SLC27A2
GO_Biological_Process_2023,Nuclear Export (GO:0051168),1/49,0.8096654239975561,0.8543509060968365,0,0,0.6051393072289156,0.127765587447982,EGR2
GO_Biological_Process_2023,Positive Regulation Of Pathway-Restricted SMAD Protein Phosphorylation (GO:0010862),1/49,0.8096654239975561,0.8543509060968365,0,0,0.6051393072289156,0.127765587447982,PPARG
GO_Biological_Process_2023,Regulation Of Cell Communication (GO:0010646),1/49,0.8096654239975561,0.8543509060968365,0,0,0.6051393072289156,0.127765587447982,SLC8A1
GO_Biological_Process_2023,Regulation Of Actin Cytoskeleton Organization (GO:0032956),2/91,0.8103323070641091,0.8547421887081048,0,0,0.6523293846492789,0.1371919537667337,CSF1R;GRHL3
GO_Biological_Process_2023,Double-Strand Break Repair (GO:0006302),4/168,0.8137753399928047,0.8580604114533336,0,0,0.7073908711855651,0.1457727061358765,POLB;RMI2;DTX3L;PARP9
GO_Biological_Process_2023,"G Protein-Coupled Receptor Signaling Pathway, Coupled To Cyclic Nucleotide Second Messenger (GO:0007187)",1/50,0.8160095384035524,0.8584762512376708,0,0,0.5927587902630932,0.1205251912844735,CCR1
GO_Biological_Process_2023,Regulation Of Mitochondrion Organization (GO:0010821),1/50,0.8160095384035524,0.8584762512376708,0,0,0.5927587902630932,0.1205251912844735,TREM2
GO_Biological_Process_2023,Dicarboxylic Acid Metabolic Process (GO:0043648),1/50,0.8160095384035524,0.8584762512376708,0,0,0.5927587902630932,0.1205251912844735,ME1
GO_Biological_Process_2023,Steroid Biosynthetic Process (GO:0006694),1/50,0.8160095384035524,0.8584762512376708,0,0,0.5927587902630932,0.1205251912844735,SLC27A2
GO_Biological_Process_2023,Mitotic Metaphase Plate Congression (GO:0007080),1/50,0.8160095384035524,0.8584762512376708,0,0,0.5927587902630932,0.1205251912844735,KIF14
GO_Biological_Process_2023,Plasma Membrane Bounded Cell Projection Morphogenesis (GO:0120039),1/50,0.8160095384035524,0.8584762512376708,0,0,0.5927587902630932,0.1205251912844735,EPB41L3
GO_Biological_Process_2023,Regulation Of Autophagy (GO:0010506),6/241,0.8162512329918277,0.8584762512376708,0,0,0.7399993542763051,0.1502443538953891,IL10;TRIM6;DRAM1;LAMP3;TREM2;RASIP1
GO_Biological_Process_2023,Circulatory System Development (GO:0072359),3/132,0.8192841334624729,0.8609773527705736,0,0,0.6746996416777911,0.1344840526724003,TBX1;ADAP2;FN1
GO_Biological_Process_2023,Regulation Of Peptidyl-Serine Phosphorylation (GO:0033135),2/93,0.8198222177922782,0.8609773527705736,0,0,0.6379261763877149,0.1267353707602373,TRIM6;RIPK2
GO_Biological_Process_2023,Negative Regulation Of Amide Metabolic Process (GO:0034249),2/93,0.8198222177922782,0.8609773527705736,0,0,0.6379261763877149,0.1267353707602373,NHLRC1;APOE
GO_Biological_Process_2023,Protein O-linked Glycosylation (GO:0006493),2/93,0.8198222177922782,0.8609773527705736,0,0,0.6379261763877149,0.1267353707602373,B3GNT5;TET3
GO_Biological_Process_2023,Protein Transport (GO:0015031),8/313,0.8209118492552041,0.8612211165489109,0,0,0.7597375053022931,0.1499262538160392,RAB20;STX19;PPARG;APOE;CD36;ABCA12;ABCD1;ABCG1
GO_Biological_Process_2023,Amide Biosynthetic Process (GO:0043604),1/51,0.8221424998991335,0.8612211165489109,0,0,0.5808734939759036,0.1137591604239389,FA2H
GO_Biological_Process_2023,Regulation Of Smoothened Signaling Pathway (GO:0008589),1/51,0.8221424998991335,0.8612211165489109,0,0,0.5808734939759036,0.1137591604239389,GPC3
GO_Biological_Process_2023,Regulation Of Telomere Maintenance Via Telomerase (GO:0032210),1/51,0.8221424998991335,0.8612211165489109,0,0,0.5808734939759036,0.1137591604239389,SRC
GO_Biological_Process_2023,Metaphase Plate Congression (GO:0051310),1/51,0.8221424998991335,0.8612211165489109,0,0,0.5808734939759036,0.1137591604239389,KIF14
GO_Biological_Process_2023,Positive Regulation Of DNA Recombination (GO:0045911),1/51,0.8221424998991335,0.8612211165489109,0,0,0.5808734939759036,0.1137591604239389,KMT5C
GO_Biological_Process_2023,Positive Regulation Of Actin Filament Bundle Assembly (GO:0032233),1/51,0.8221424998991335,0.8612211165489109,0,0,0.5808734939759036,0.1137591604239389,PLEK
GO_Biological_Process_2023,Heart Development (GO:0007507),4/171,0.8243586667194575,0.8626529868653847,0,0,0.6945745422921177,0.1341567732267955,TBX1;ADAP2;FN1;GPC3
GO_Biological_Process_2023,Muscle Contraction (GO:0006936),2/94,0.8244058159894688,0.8626529868653847,0,0,0.6309594071742409,0.1218334505707504,RYR1;SLC8A1
GO_Biological_Process_2023,Peptidyl-Lysine Modification (GO:0018205),2/94,0.8244058159894688,0.8626529868653847,0,0,0.6309594071742409,0.1218334505707504,IFIH1;EGR2
GO_Biological_Process_2023,Rho Protein Signal Transduction (GO:0007266),1/52,0.8280713260035694,0.8652341361463282,0,0,0.569454287739192,0.1074309600160886,PLEKHG7
GO_Biological_Process_2023,Cardiac Muscle Tissue Development (GO:0048738),1/52,0.8280713260035694,0.8652341361463282,0,0,0.569454287739192,0.1074309600160886,ASB2
GO_Biological_Process_2023,Cellular Response To Ionizing Radiation (GO:0071479),1/52,0.8280713260035694,0.8652341361463282,0,0,0.569454287739192,0.1074309600160886,ECT2
GO_Biological_Process_2023,Neurotransmitter Transport (GO:0006836),1/52,0.8280713260035694,0.8652341361463282,0,0,0.569454287739192,0.1074309600160886,SLC1A3
GO_Biological_Process_2023,Regulation Of Macromolecule Biosynthetic Process (GO:0010556),1/53,0.8338028014866773,0.8702779059624141,0,0,0.558474281742354,0.1015073659989997,DDX25
GO_Biological_Process_2023,Carboxylic Acid Transport (GO:0046942),1/53,0.8338028014866773,0.8702779059624141,0,0,0.558474281742354,0.1015073659989997,SLC36A1
GO_Biological_Process_2023,Cellular Response To Alcohol (GO:0097306),1/53,0.8338028014866773,0.8702779059624141,0,0,0.558474281742354,0.1015073659989997,TNFSF4
GO_Biological_Process_2023,Regulation Of Neuron Projection Development (GO:0010975),4/174,0.8344398881772702,0.8706281016146654,0,0,0.682210554418439,0.1234764071848928,PTPRO;APOE;SCARF1;ARSB
GO_Biological_Process_2023,Regulation Of Exocytosis (GO:0017157),1/54,0.839343485793191,0.8747959001750694,0,0,0.5479086155944533,0.095958116345726,STXBP5L
GO_Biological_Process_2023,Regulation Of Myoblast Differentiation (GO:0045661),1/54,0.839343485793191,0.8747959001750694,0,0,0.5479086155944533,0.095958116345726,DPF3
GO_Biological_Process_2023,Protein K63-linked Ubiquitination (GO:0070534),1/54,0.839343485793191,0.8747959001750694,0,0,0.5479086155944533,0.095958116345726,TRIM31
GO_Biological_Process_2023,"Regulation Of Synaptic Transmission, Glutamatergic (GO:0051966)",1/55,0.8446997208639686,0.8797431797021202,0,0,0.5377342704149933,0.0907556039262226,MAPK8IP2
GO_Biological_Process_2023,Neuron Migration (GO:0001764),1/55,0.8446997208639686,0.8797431797021202,0,0,0.5377342704149933,0.0907556039262226,TRIM46
GO_Biological_Process_2023,Cellular Response To Insulin Stimulus (GO:0032869),2/99,0.8457864174477744,0.8805572979342678,0,0,0.5982802319976365,0.1002050065239617,CEACAM1;PPARG
GO_Biological_Process_2023,Negative Regulation Of Wnt Signaling Pathway (GO:0030178),3/140,0.8486620011117664,0.8832325873142285,0,0,0.635036496350365,0.1042058604904486,SOX2;PTPRO;APOE
GO_Biological_Process_2023,Nucleotide-Excision Repair (GO:0006289),1/56,0.8498776380726655,0.8841790058074902,0,0,0.5279299014238773,0.0858746061590729,POLB
GO_Biological_Process_2023,Visual Perception (GO:0007601),2/101,0.8536562475473006,0.8877901969268936,0,0,0.5861328214269391,0.0927418542788672,ZIC2;MYO7A
GO_Biological_Process_2023,DNA Repair (GO:0006281),7/291,0.854376717496644,0.8882195114918299,0,0,0.7136275097392868,0.1123128820881617,POLB;WDHD1;RMI2;DTX3L;KMT5C;POLE2;PARP9
GO_Biological_Process_2023,Endosome To Lysosome Transport (GO:0008333),1/57,0.8548831652716945,0.8884260972423982,0,0,0.5184756884681584,0.0812920459388683,DTX3L
GO_Biological_Process_2023,mRNA Transport (GO:0051028),1/58,0.8597220334815584,0.8931333251749762,0,0,0.5093532022828154,0.0769867800292733,DDX25
GO_Biological_Process_2023,Ras Protein Signal Transduction (GO:0007265),3/144,0.8617302209550459,0.8948975352148264,0,0,0.6168927171048403,0.0918016719701046,PLEKHG7;CDKN2A;PLD1
GO_Biological_Process_2023,DNA-templated Transcription Initiation (GO:0006352),1/59,0.8643997834767015,0.8963800915579158,0,0,0.5005452845866224,0.0729394112376426,E2F2
GO_Biological_Process_2023,Cilium Movement (GO:0003341),1/59,0.8643997834767015,0.8963800915579158,0,0,0.5005452845866224,0.0729394112376426,DNAH11
GO_Biological_Process_2023,Heart Morphogenesis (GO:0003007),1/59,0.8643997834767015,0.8963800915579158,0,0,0.5005452845866224,0.0729394112376426,TBX1
GO_Biological_Process_2023,Regulation Of Cell Death (GO:0010941),1/59,0.8643997834767015,0.8963800915579158,0,0,0.5005452845866224,0.0729394112376426,SNCG
GO_Biological_Process_2023,Macroautophagy (GO:0016236),2/104,0.864775778780856,0.8964140746389982,0,0,0.5688048975246207,0.0826388314445637,SRC;MAP1LC3B2
GO_Biological_Process_2023,Protein Modification Process (GO:0036211),19/711,0.8650535545355903,0.8964140746389982,0,0,0.7923750425025502,0.1148657456867086,SPRR2E;DUSP5;EGLN3;SYK;GAD1;PTPRO;FN1;HS3ST6;PTPRH;CSF2RA;FUT1;PHEX;PTPRZ1;CCNE1;B3GNT5;GCNT2;MAP3K9;EPHB2;TRIB1
GO_Biological_Process_2023,Cellular Response To Organonitrogen Compound (GO:0071417),2/105,0.8683067306168024,0.899139717105706,0,0,0.563253232585043,0.0795371300445235,P2RX7;NEURL1
GO_Biological_Process_2023,Lysosomal Transport (GO:0007041),2/105,0.8683067306168024,0.899139717105706,0,0,0.563253232585043,0.0795371300445235,DTX3L;ARSB
GO_Biological_Process_2023,Response To Light Stimulus (GO:0009416),1/60,0.8689217722560759,0.8994539822528831,0,0,0.4920359403716561,0.0691321213688071,SERPINB13
GO_Biological_Process_2023,Positive Regulation Of Cell Growth (GO:0030307),2/106,0.871752833377717,0.902061086007695,0,0,0.5578083304327648,0.076558826990892,SEMA7A;EDN1
GO_Biological_Process_2023,BMP Signaling Pathway (GO:0030509),1/61,0.8732931787824912,0.902361276716196,0,0,0.4838102409638554,0.0655485227117618,PPARG
GO_Biological_Process_2023,Autophagosome Organization (GO:1905037),1/61,0.8732931787824912,0.902361276716196,0,0,0.4838102409638554,0.0655485227117618,MAP1LC3B2
GO_Biological_Process_2023,Regulation Of Pathway-Restricted SMAD Protein Phosphorylation (GO:0060393),1/61,0.8732931787824912,0.902361276716196,0,0,0.4838102409638554,0.0655485227117618,PPARG
GO_Biological_Process_2023,Positive Regulation Of Organelle Assembly (GO:1902117),1/61,0.8732931787824912,0.902361276716196,0,0,0.4838102409638554,0.0655485227117618,STIL
GO_Biological_Process_2023,mRNA Export From Nucleus (GO:0006406),1/62,0.877519010064207,0.9060791781313896,0,0,0.4758542366186056,0.0621735251967465,DDX25
GO_Biological_Process_2023,Positive Regulation Of Apoptotic Signaling Pathway (GO:2001235),1/62,0.877519010064207,0.9060791781313896,0,0,0.4758542366186056,0.0621735251967465,TLR4
GO_Biological_Process_2023,Negative Regulation Of Developmental Process (GO:0051093),2/109,0.8815992224417704,0.909321563740946,0,0,0.5420842672079615,0.0683122247941212,TBX1;PPARG
GO_Biological_Process_2023,Telomere Organization (GO:0032200),1/63,0.8816041070006607,0.909321563740946,0,0,0.4681548775748154,0.058993217645699,EZH2
GO_Biological_Process_2023,Positive Regulation Of Mitotic Cell Cycle Phase Transition (GO:1901992),1/63,0.8816041070006607,0.909321563740946,0,0,0.4681548775748154,0.058993217645699,STIL
GO_Biological_Process_2023,Neuron Projection Development (GO:0031175),4/192,0.8852381870833722,0.9124168247578855,0,0,0.6163131296874497,0.0751276659079172,ADGRF1;EPB41L3;APOE;EPHB2
GO_Biological_Process_2023,Endocytic Recycling (GO:0032456),1/64,0.8855531496264618,0.9124168247578855,0,0,0.4606999426276534,0.0559947616300502,WIPF3
GO_Biological_Process_2023,Negative Regulation Of Cell Death (GO:0060548),1/64,0.8855531496264618,0.9124168247578855,0,0,0.4606999426276534,0.0559947616300502,GPNMB
GO_Biological_Process_2023,Double-Strand Break Repair Via Homologous Recombination (GO:0000724),2/111,0.8877703499321107,0.9143749554955416,0,0,0.5320824165940194,0.0633402531404208,RMI2;MCM2
GO_Biological_Process_2023,RNA Export From Nucleus (GO:0006405),1/65,0.8893706627500167,0.9150438714751598,0,0,0.4534779743975903,0.0531662959464728,DDX25
GO_Biological_Process_2023,Autophagosome Assembly (GO:0000045),1/65,0.8893706627500167,0.9150438714751598,0,0,0.4534779743975903,0.0531662959464728,MAP1LC3B2
GO_Biological_Process_2023,Canonical Wnt Signaling Pathway (GO:0060070),1/65,0.8893706627500167,0.9150438714751598,0,0,0.4534779743975903,0.0531662959464728,WNT7B
GO_Biological_Process_2023,Small GTPase Mediated Signal Transduction (GO:0007264),2/112,0.8907428981227767,0.9161292293838464,0,0,0.5272178801590567,0.060998817418346,CDKN2A;PLD1
GO_Biological_Process_2023,Organelle Organization (GO:0006996),10/418,0.8922292660654999,0.9173311578102202,0,0,0.7082397844634036,0.0807621086596983,CCL13;ATP8B4;STRIP2;CCL7;KRT4;CCL3;TNFAIP3;SNX10;APOE;ABCD1
GO_Biological_Process_2023,Cellular Response To BMP Stimulus (GO:0071773),1/66,0.8930610206919642,0.9178594399208618,0,0,0.4464782205746061,0.0504968511395267,PPARG
GO_Biological_Process_2023,Protein Secretion (GO:0009306),1/67,0.8966284525618693,0.921197986671216,0,0,0.4396905805038335,0.0479762722158534,FAM3B
GO_Biological_Process_2023,Establishment Of Protein Localization To Membrane (GO:0090150),1/69,0.9034107573890376,0.9278359504027576,0,0,0.4267142097802976,0.0433447538812966,ZDHHC11B
GO_Biological_Process_2023,Cellular Response To Oxidative Stress (GO:0034599),2/117,0.904538615301863,0.9283338010581154,0,0,0.5041642074890157,0.0505829374289339,HMOX1;MMP9
GO_Biological_Process_2023,Protein Maturation (GO:0051604),2/117,0.904538615301863,0.9283338010581154,0,0,0.5041642074890157,0.0505829374289339,DUOXA2;PHEX
GO_Biological_Process_2023,Sulfur Compound Biosynthetic Process (GO:0044272),1/70,0.9066334046739446,0.9298226072091218,0,0,0.4205081194342587,0.0412169843137923,CHST9
GO_Biological_Process_2023,Regulation Of Actin Filament-Based Process (GO:0032970),1/70,0.9066334046739446,0.9298226072091218,0,0,0.4205081194342587,0.0412169843137923,GRHL3
GO_Biological_Process_2023,Regulation Of Translation (GO:0006417),4/202,0.9071312146016068,0.9300027757652126,0,0,0.58488057580342,0.0570072397023933,DDX25;NHLRC1;PLD1;ZNF385A
GO_Biological_Process_2023,Protein Phosphorylation (GO:0006468),12/500,0.9077174227014936,0.9302734111960282,0,0,0.7097256043983632,0.0687171641051932,CSF1R;PNCK;SYK;SRC;CCNE1;TLR7;MAP3K9;EPHB2;TRIB1;TLR4;CSF2RA;TLR2
GO_Biological_Process_2023,Protein Autophosphorylation (GO:0046777),3/162,0.908999505428722,0.931256767981803,0,0,0.5465427805962492,0.0521460450649548,CSF1R;SRC;MAP3K9
GO_Biological_Process_2023,Regulation Of Double-Strand Break Repair Via Homologous Recombination (GO:0010569),1/71,0.909748683946814,0.931363280338458,0,0,0.4144793459552495,0.0392043119303695,RMI2
GO_Biological_Process_2023,Cell-Cell Junction Assembly (GO:0007043),1/71,0.909748683946814,0.931363280338458,0,0,0.4144793459552495,0.0392043119303695,EPB41L3
GO_Biological_Process_2023,Response To Ionizing Radiation (GO:0010212),1/72,0.912760167050446,0.9337840546685464,0,0,0.4086203970812829,0.0372997359521002,ECT2
GO_Biological_Process_2023,Protein Targeting To Membrane (GO:0006612),1/72,0.912760167050446,0.9337840546685464,0,0,0.4086203970812829,0.0372997359521002,ZDHHC11B
GO_Biological_Process_2023,Modulation Of Chemical Synaptic Transmission (GO:0050804),2/123,0.9189434426984876,0.9397767336417052,0,0,0.4790147463944255,0.0404914521783285,MCTP1;MAPK8IP2
GO_Biological_Process_2023,Positive Regulation Of Neurogenesis (GO:0050769),1/75,0.9212058019494082,0.9417567812421888,0,0,0.3919936502767828,0.0321716294857957,NEURL1
GO_Biological_Process_2023,Wnt Signaling Pathway (GO:0016055),1/76,0.9238355047054922,0.9437767523300624,0,0,0.3867469879518072,0.0306385792002219,WNT7B
GO_Biological_Process_2023,Transcription Initiation At RNA Polymerase II Promoter (GO:0006367),1/76,0.9238355047054922,0.9437767523300624,0,0,0.3867469879518072,0.0306385792002219,E2F2
GO_Biological_Process_2023,Regulation Of TOR Signaling (GO:0032006),1/78,0.9288349078745872,0.9485484184768068,0,0,0.3766624941323736,0.027806831955808,TREM2
GO_Biological_Process_2023,Positive Regulation Of Protein Modification By Small Protein Conjugation Or Removal (GO:1903322),1/79,0.9312103443317208,0.9506380000302964,0,0,0.3718141797961075,0.0264992313449416,RIPK2
GO_Biological_Process_2023,Macromolecule Modification (GO:0043412),1/81,0.9357263197115496,0.9549105284578452,0,0,0.3624811746987952,0.0240804359328723,PHEX
GO_Biological_Process_2023,Vesicle-Mediated Transport To The Plasma Membrane (GO:0098876),1/83,0.9399462315569128,0.958878010779084,0,0,0.3536034381428151,0.0218995823530286,WIPF3
GO_Biological_Process_2023,Non-Membrane-Bounded Organelle Assembly (GO:0140694),2/135,0.94183647932232,0.9599058665468108,0,0,0.4355231971331043,0.0260981214722522,PLA2G4C;ASB2
GO_Biological_Process_2023,Positive Regulation Of Protein Ubiquitination (GO:0031398),1/84,0.941951271190549,0.9599058665468108,0,0,0.3493250108869212,0.0208902416743372,RIPK2
GO_Biological_Process_2023,Purine Ribonucleotide Metabolic Process (GO:0009150),1/84,0.941951271190549,0.9599058665468108,0,0,0.3493250108869212,0.0208902416743372,EPHA2
GO_Biological_Process_2023,Cellular Respiration (GO:0045333),1/85,0.943889462299096,0.961202425981478,0,0,0.3451484509466437,0.019931016556893,NR4A3
GO_Biological_Process_2023,Macromolecule Catabolic Process (GO:0009057),1/85,0.943889462299096,0.961202425981478,0,0,0.3451484509466437,0.019931016556893,LGMN
GO_Biological_Process_2023,Protein Localization To Plasma Membrane (GO:0072659),2/137,0.944997559117435,0.9619915208646104,0,0,0.4290263113792525,0.0242712773850817,EPB41L3;EPHA2
GO_Biological_Process_2023,Macromolecule Biosynthetic Process (GO:0009059),3/183,0.945334095904786,0.9619949012608802,0,0,0.482250755287009,0.0271106296228689,APOE;GAL3ST4;WARS1
GO_Biological_Process_2023,Regulation Of Insulin Secretion (GO:0050796),1/87,0.9475741271307664,0.9639346388395076,0,0,0.3370867189688988,0.0181521571140777,ABCA12
GO_Biological_Process_2023,Positive Regulation Of DNA Repair (GO:0045739),1/89,0.9510171567922348,0.967096347889814,0,0,0.3293914293537787,0.0165430836662434,DPF3
GO_Biological_Process_2023,Protein Localization To Cell Periphery (GO:1990778),2/142,0.9522003116444112,0.9679585562385264,0,0,0.4135962077138547,0.0202578822546452,EPB41L3;EPHA2
GO_Biological_Process_2023,Regulation Of Cell Differentiation (GO:0045595),3/193,0.9574136499773678,0.9729155957355372,0,0,0.4566306249006201,0.0198724482568312,TBX1;DPF3;HES5
GO_Biological_Process_2023,"Retrograde Transport, Endosome To Golgi (GO:0042147)",1/94,0.9586688905099868,0.9735058342955792,0,0,0.311601243684415,0.0131525417587495,WIPF3
GO_Biological_Process_2023,Vesicle Organization (GO:0016050),1/94,0.9586688905099868,0.9735058342955792,0,0,0.311601243684415,0.0131525417587495,SNX10
GO_Biological_Process_2023,Recombinational Repair (GO:0000725),1/95,0.960049565721608,0.9745650830655002,0,0,0.3082703153037682,0.0125682932406391,RMI2
GO_Biological_Process_2023,Neuron Development (GO:0048666),2/150,0.9618852566031816,0.9760853201453024,0,0,0.3910765969589499,0.0151972800888082,ADGRF1;APOE
GO_Biological_Process_2023,Phosphatidylinositol Biosynthetic Process (GO:0006661),1/98,0.9639213318967886,0.9778077600794198,0,0,0.2986896037759284,0.0109755267981909,ITPKC
GO_Biological_Process_2023,Regulation Of Organelle Organization (GO:0033043),1/100,0.9662920069017548,0.9795242359288506,0,0,0.2926250456370938,0.0100338804328642,ZEB2
GO_Biological_Process_2023,Response To UV (GO:0009411),1/100,0.9662920069017548,0.9795242359288506,0,0,0.2926250456370938,0.0100338804328642,SERPINB13
GO_Biological_Process_2023,Regulation Of RNA Splicing (GO:0043484),1/102,0.9685071161732016,0.9814250770066808,0,0,0.2868006680186091,0.0091774632171386,MCM2
GO_Biological_Process_2023,Regulation Of Cell Cycle (GO:0051726),5/298,0.9717581838807186,0.984373991881977,0,0,0.4923466749405316,0.0141048890878505,CDKN2A;LILRB1;CEL;HOXC9;MCM2
GO_Biological_Process_2023,Mitochondrion Organization (GO:0007005),2/162,0.9729663517883328,0.9850301886812108,0,0,0.3615196078431372,0.0099077265915722,HK2;IFIT2
GO_Biological_Process_2023,Negative Regulation Of Translation (GO:0017148),1/107,0.9734295560469326,0.9850301886812108,0,0,0.2732012957490338,0.007357261259806,NHLRC1
GO_Biological_Process_2023,Positive Regulation Of Autophagy (GO:0010508),1/107,0.9734295560469326,0.9850301886812108,0,0,0.2732012957490338,0.007357261259806,TRIM6
GO_Biological_Process_2023,Positive Regulation Of Translation (GO:0045727),1/108,0.9743176970580828,0.9855834587970164,0,0,0.2706339376196374,0.0070413134229272,PLD1
GO_Biological_Process_2023,Cellular Component Assembly (GO:0022607),4/260,0.9751996492376104,0.9860297753394872,0,0,0.4509975416036308,0.0113259285465861,SYCP2;HAS2;EPPK1;HES5
GO_Biological_Process_2023,Phosphorylation (GO:0016310),8/429,0.9756344274323314,0.9860297753394872,0,0,0.5470485941640726,0.0134942253492362,HK3;SYK;CCNE1;MAP3K9;EPHB2;TRIB1;CSF2RA;HK2
GO_Biological_Process_2023,Sensory Perception Of Chemical Stimulus (GO:0007606),1/110,0.9760060272762632,0.9860297753394872,0,0,0.2656405438266829,0.0064514836101367,CD36
GO_Biological_Process_2023,Membrane Organization (GO:0061024),2/167,0.9766011869127212,0.9860297753394872,0,0,0.3504730563554093,0.0082981197148751,DCSTAMP;CORO1C
GO_Biological_Process_2023,RNA Metabolic Process (GO:0016070),1/111,0.976808159844452,0.9860297753394872,0,0,0.2632119386637458,0.0061762688175738,RNASE1
GO_Biological_Process_2023,Mitotic Sister Chromatid Segregation (GO:0000070),1/111,0.976808159844452,0.9860297753394872,0,0,0.2632119386637458,0.0061762688175738,KIF14
GO_Biological_Process_2023,Proteasomal Protein Catabolic Process (GO:0010498),3/220,0.9787140308776529,0.9876083212666144,0,0,0.3992509780444679,0.00859019717201,KIF14;NHLRC1;ASB2
GO_Biological_Process_2023,Chromatin Organization (GO:0006325),4/268,0.97954346119795,0.9880999205026142,0,0,0.4371475725484802,0.0090352596975473,SOX2;FOXA1;DPF3;EZH2
GO_Biological_Process_2023,Proteasome-Mediated Ubiquitin-Dependent Protein Catabolic Process (GO:0043161),5/319,0.982412463891164,0.9902972223770228,0,0,0.4589123721289326,0.0081429569562402,FOXRED2;KIF14;NHLRC1;NCCRP1;ASB2
GO_Biological_Process_2023,Plasma Membrane Bounded Cell Projection Assembly (GO:0120031),4/275,0.9827459642102708,0.9902972223770228,0,0,0.4256996276468059,0.0074091408142701,P2RX7;ABLIM3;PTPRO;SNX10
GO_Biological_Process_2023,Chromatin Remodeling (GO:0006338),3/228,0.9827507939418672,0.9902972223770228,0,0,0.3848942598187311,0.0066970472709017,FOXA1;DTX3L;DPF3
GO_Biological_Process_2023,Endosomal Transport (GO:0016197),2/180,0.9839758185450596,0.991185690209207,0,0,0.3246563966986968,0.0052444854334683,WIPF3;CORO1C
GO_Biological_Process_2023,Regulation Of Nucleic Acid-Templated Transcription (GO:1903506),8/452,0.984509954704424,0.9912030111704994,0,0,0.5180797235591756,0.0080878821986054,SOX2;CEBPA;MYB;ATF5;VGLL1;PPARGC1B;ELAVL2;EZH2
GO_Biological_Process_2023,Intracellular Protein Transport (GO:0006886),5/325,0.9846796799573924,0.9912030111704994,0,0,0.4501657196969697,0.0069500584479933,MMP12;EGR2;RAB20;SYK;STX19
GO_Biological_Process_2023,Cellular Response To Starvation (GO:0009267),1/126,0.9860764974438148,0.9919173686830288,0,0,0.2314457831325301,0.0032451808904683,MAP1LC3B2
GO_Biological_Process_2023,Protein-Containing Complex Organization (GO:0043933),1/126,0.9860764974438148,0.9919173686830288,0,0,0.2314457831325301,0.0032451808904683,HES5
GO_Biological_Process_2023,Cytosolic Transport (GO:0016482),1/127,0.9865423050054768,0.992040276750544,0,0,0.2295969592656339,0.0031108253877464,WIPF3
GO_Biological_Process_2023,Protein Targeting (GO:0006605),1/129,0.98742774776551,0.992239438844075,0,0,0.2259859751506024,0.0028591636432555,ZDHHC11B
GO_Biological_Process_2023,Regulation Of DNA Repair (GO:0006282),1/129,0.98742774776551,0.992239438844075,0,0,0.2259859751506024,0.0028591636432555,DPF3
GO_Biological_Process_2023,Golgi Organization (GO:0007030),1/130,0.987848404204266,0.9923167511961434,0,0,0.2242224712804707,0.0027413506711218,ATP8B4
GO_Biological_Process_2023,Protein Localization To Membrane (GO:0072657),2/192,0.9887434461940792,0.9928703753608024,0,0,0.3039612606176073,0.0034409594975531,EPB41L3;EPHA2
GO_Biological_Process_2023,Endomembrane System Organization (GO:0010256),2/196,0.990000704094654,0.9937872158279786,0,0,0.2976318203728755,0.0029910880777605,ATP8B4;SNX10
GO_Biological_Process_2023,Protein Localization (GO:0008104),5/351,0.9916814523855476,0.9951283813128522,0,0,0.4157689612891925,0.0034730594173673,RAB20;STX19;DUOXA2;MYO7A;ABCD1
GO_Biological_Process_2023,Peptide Biosynthetic Process (GO:0043043),1/158,0.995316624915494,0.9980823536405108,0,0,0.1839651600030696,0.0008636017143791459,WARS1
GO_Biological_Process_2023,Peptidyl-Serine Phosphorylation (GO:0018105),1/158,0.995316624915494,0.9980823536405108,0,0,0.1839651600030696,0.0008636017143791459,PNCK
GO_Biological_Process_2023,Cilium Organization (GO:0044782),2/228,0.9961666780731422,0.9985091953194316,0,0,0.2550621337711395,0.0009796140599953882,ABLIM3;SNX10
GO_Biological_Process_2023,Peptidyl-Serine Modification (GO:0018209),1/166,0.9964340116783106,0.9985091953194316,0,0,0.174972617743702,0.0006250654631192816,PNCK
GO_Biological_Process_2023,Gene Expression (GO:0010467),3/296,0.9973069913533968,0.998953008920627,0,0,0.2945155336502273,0.0007942027567547181,DDX25;DUOXA2;WARS1
GO_Biological_Process_2023,Cilium Assembly (GO:0060271),2/243,0.9975689382466808,0.998953008920627,0,0,0.2389991425871338,0.0005817290711207624,ABLIM3;SNX10
GO_Biological_Process_2023,Organelle Assembly (GO:0070925),3/322,0.9987101868249596,0.9991879698454904,0,0,0.2701417761319834,0.0003486573217546513,ABLIM3;MAP1LC3B2;SNX10
GO_Biological_Process_2023,Golgi Vesicle Transport (GO:0048193),1/197,0.99876019605894,0.9991879698454904,0,0,0.1470601794934841,0.00018243890773103505,CCL13
GO_Biological_Process_2023,DNA-templated Transcription (GO:0006351),1/199,0.998841870791162,0.9991879698454904,0,0,0.1455595107703541,0.00016867441329371086,ETV7
GO_Biological_Process_2023,Translation (GO:0006412),1/234,0.9996478680429888,0.9996478680429888,0,0,0.1234681214126893,4.3484727852119415e-05,WARS1
Reactome_2022,Immune System R-HSA-168256,157/1943,9.16093116151094e-27,9.298345128933604e-24,0,0,3.036734752360882,182.06697560230592,CD86;IL1RN;CALML5;NCF2;CLEC10A;CD80;WIPF3;IFIT5;RNF19B;ICAM4;IFIT1;ABCA13;IFIT3;ICAM1;IFIT2;SOX2;HERC5;PLAU;CLEC5A;C3AR1;LGALS9;HLA-DOA;HERC6;GBP5;RSAD2;CYBB;RNASE1;OSCAR;CLEC4A;CLEC4E;SLC27A2;CD274;CSF1R;CCL3L1;ALOX15;TNFRSF11A;GPR84;CSF2RA;KIR2DL4;TRPM2;BCL2L11;CLEC7A;IRAK2;HMOX1;CD300LF;HLA-DQA1;ARSB;CCR1;ATP8B4;KLRC2;TNFRSF9;CRTAM;FN1;IL36G;ISG15;PILRA;LYZ;CXCL10;CD209;TNFSF4;TARM1;HLA-DRA;HPSE;XAF1;MUC20;ULBP1;HLA-DRB1;MUC21;LGMN;CIITA;SIGLEC9;ITGAM;CXCL8;TNFAIP6;TNFAIP3;TREM2;SLC2A5;IL18BP;IFIH1;GHR;GM2A;MRC1;BLNK;OLR1;CTLA4;CD36;HAVCR2;EDARADD;IL10;SERPINB2;DTX3L;SYK;RIPK2;MMP1;NFAM1;PLAUR;PDCD1LG2;MMP9;MMP12;NCR1;RNF144B;IL1A;CEACAM1;AIM2;OAS1;CEACAM6;OAS2;OAS3;TLR8;CHI3L1;IRF8;TLR7;IRF5;TLR4;TLR2;C1QB;LILRA6;COLEC12;C1QA;SRC;PTAFR;FGL2;NLRC5;IFI6;NOD2;NLRC4;USP18;PTPRZ1;RNASE7;CCL3;IL21R;TRIM46;FCGR1A;GBP2;XDH;GBP1;GBP4;CCL22;STAT1;IL10RB;MX1;LILRB1;LILRB2;LILRB4;LILRB5;P2RX7;MYO1E;IL2RA;TRIM36;SIGLEC1;FCGR2B;PIK3AP1;TRIM31;CD68;ASB2;SIGLEC7;C1QC
Reactome_2022,Cytokine Signaling In Immune System R-HSA-1280215,73/702,3.755539482054123e-18,1.9059362871424668e-15,0,0,3.667173333906243,147.13909483332694,CD86;CIITA;IL1RN;ITGAM;CXCL8;CD80;IFIT5;IFIT1;IFIT3;IL18BP;ICAM1;IFIT2;SOX2;HERC5;GHR;BLNK;LGALS9;CD36;HAVCR2;EDARADD;IL10;GBP5;SERPINB2;RSAD2;SYK;RIPK2;MMP1;MMP9;IL1A;OAS1;OAS2;OAS3;IRF8;IRF5;CSF1R;CCL3L1;PTAFR;ALOX15;NLRC5;IFI6;TNFRSF11A;NOD2;CSF2RA;USP18;BCL2L11;PTPRZ1;IRAK2;RNASE7;CCL3;IL21R;TRIM46;HMOX1;FCGR1A;GBP2;GBP1;HLA-DQA1;GBP4;CCR1;CCL22;STAT1;IL10RB;TNFRSF9;MX1;FN1;IL36G;ISG15;CXCL10;TNFSF4;IL2RA;HLA-DRA;XAF1;TRIM31;HLA-DRB1
Reactome_2022,Interferon Signaling R-HSA-913531,31/200,8.570765395797587e-13,2.899775625578183e-10,0,0,5.545200007466447,154.0747639007231,CIITA;PTAFR;IFIT5;IFI6;IFIT1;USP18;IFIT3;ICAM1;IFIT2;HERC5;RNASE7;TRIM46;FCGR1A;GBP2;GBP1;HLA-DQA1;GBP4;GBP5;RSAD2;STAT1;MX1;ISG15;OAS1;OAS2;OAS3;HLA-DRA;IRF8;IRF5;XAF1;TRIM31;HLA-DRB1
Reactome_2022,Interferon Gamma Signaling R-HSA-877300,19/89,8.165523723785478e-11,2.072001644910565e-08,0,0,8.094537815126051,188.02409431975948,GBP5;CIITA;STAT1;PTAFR;ICAM1;OAS1;OAS2;OAS3;TRIM46;IRF8;HLA-DRA;IRF5;FCGR1A;GBP2;TRIM31;GBP1;GBP4;HLA-DQA1;HLA-DRB1
Reactome_2022,Interleukin-10 Signaling R-HSA-6783783,14/45,1.1336246830105458e-10,2.301258106511408e-08,0,0,13.391605966007631,306.6735450127172,CD86;CCR1;IL10;IL1RN;CXCL8;CCL22;CCL3L1;IL10RB;CD80;PTAFR;ICAM1;CXCL10;IL1A;CCL3
Reactome_2022,Interferon Alpha/Beta Signaling R-HSA-909733,17/72,1.4933419920494968e-10,2.5262368698837323e-08,0,0,9.196408529741865,208.0672198206004,RSAD2;STAT1;MX1;IFIT5;IFI6;ISG15;IFIT1;USP18;IFIT3;IFIT2;OAS1;OAS2;OAS3;IRF8;IRF5;GBP2;XAF1
Reactome_2022,Immunoregulatory Interactions Between A Lymphoid And A non-Lymphoid Cell R-HSA-198933,21/123,6.823788440266735e-10,9.894493238386769e-08,0,0,6.148657289002558,129.77009365241648,COLEC12;LILRA6;SIGLEC9;CRTAM;ICAM4;TREM2;LILRB1;PILRA;LILRB2;LILRB4;KIR2DL4;LILRB5;ICAM1;OSCAR;NCR1;SIGLEC1;CD300LF;FCGR1A;FCGR2B;ULBP1;SIGLEC7
Reactome_2022,Innate Immune System R-HSA-168249,73/1035,9.767714531205955e-10,1.2392787811467556e-07,0,0,2.355082668427263,48.86035472818012,SIGLEC9;ITGAM;CALML5;TNFAIP6;NCF2;CLEC10A;WIPF3;TNFAIP3;TREM2;SLC2A5;ABCA13;IFIH1;HERC5;GM2A;PLAU;CLEC5A;C3AR1;OLR1;CD36;SYK;RIPK2;NFAM1;PLAUR;CYBB;RNASE1;MMP9;OSCAR;MMP12;CLEC4A;CEACAM1;AIM2;CEACAM6;TLR8;CHI3L1;TLR7;CLEC4E;SLC27A2;TLR4;TLR2;C1QB;LILRA6;C1QA;SRC;PTAFR;FGL2;NLRC5;GPR84;NOD2;NLRC4;USP18;TRPM2;CLEC7A;IRAK2;RNASE7;HMOX1;FCGR1A;ARSB;ATP8B4;CCL22;KLRC2;ISG15;LILRB2;LYZ;P2RX7;MYO1E;CD209;TARM1;HPSE;CD68;MUC20;MUC21;LGMN;C1QC
Reactome_2022,Signaling By Interleukins R-HSA-449147,40/453,2.170307547537857e-08,2.4476246230565832e-06,0,0,2.932222760290557,51.74145115813226,CD86;CSF1R;IL1RN;ITGAM;CXCL8;CCL3L1;CD80;PTAFR;ALOX15;NLRC5;NOD2;CSF2RA;USP18;IL18BP;ICAM1;SOX2;PTPRZ1;IRAK2;CCL3;IL21R;BLNK;HMOX1;LGALS9;CD36;HAVCR2;CCR1;IL10;SERPINB2;CCL22;SYK;RIPK2;IL10RB;STAT1;MMP1;FN1;IL36G;MMP9;CXCL10;IL1A;IL2RA
Reactome_2022,Chemokine Receptors Bind Chemokines R-HSA-380108,12/56,2.416830092104123e-07,2.2424241383033025e-05,0,0,8.056939997215649,122.75262802344372,CCR1;CCL13;CXCL10;CXCL9;CXCL11;CXCL8;CCL22;CCL3L1;CCL7;CCRL2;CCL3;CXCL13
Reactome_2022,Adaptive Immune System R-HSA-1280218,52/733,2.430213351855796e-07,2.2424241383033025e-05,0,0,2.323634037843781,35.38921732823787,CD86;SIGLEC9;NCF2;CD80;RNF19B;TREM2;ICAM4;ICAM1;HERC5;MRC1;BLNK;CTLA4;CD36;HLA-DOA;HERC6;DTX3L;SYK;RIPK2;CYBB;PDCD1LG2;RNASE1;OSCAR;NCR1;RNF144B;TLR4;TLR2;LILRA6;COLEC12;CD274;SRC;KIR2DL4;CD300LF;FCGR1A;XDH;HLA-DQA1;CRTAM;LILRB1;PILRA;LILRB2;LILRB4;LILRB5;CD209;HLA-DRA;TRIM36;SIGLEC1;FCGR2B;PIK3AP1;ASB2;SIGLEC7;ULBP1;HLA-DRB1;LGMN
Reactome_2022,Peptide Ligand-Binding Receptors R-HSA-375276,21/196,2.5193812443390225e-06,0.00021309766358367565,0,0,3.5701863354037267,46.025047233987145,CCR1;CCL13;EDN1;CXCL9;EDN2;CCL22;CXCL8;CCL3L1;RIPK2;FPR3;CXCL13;NTS;CXCL10;CXCL11;XK;GPNMB;NPW;CCL7;CCRL2;C3AR1;CCL3
Reactome_2022,Neutrophil Degranulation R-HSA-6798695,36/468,2.972639473911852e-06,0.0002320945435400408,0,0,2.504372019077901,31.870789298529225,LILRA6;SIGLEC9;ITGAM;CALML5;TNFAIP6;PTAFR;FGL2;GPR84;SLC2A5;ABCA13;TRPM2;GM2A;PLAU;CLEC5A;C3AR1;OLR1;CD36;ARSB;ATP8B4;NFAM1;PLAUR;CYBB;LILRB2;LYZ;RNASE1;MMP9;OSCAR;MMP12;CEACAM1;CEACAM6;TARM1;CHI3L1;HPSE;CD68;SLC27A2;TLR2
Reactome_2022,Class A/1 (Rhodopsin-like Receptors) R-HSA-373076,28/327,5.159986743130438e-06,0.0003740990388769568,0,0,2.7984857951413136,34.07037953041676,CCL13;CXCL9;SUCNR1;CXCL8;CCL3L1;PTAFR;FPR3;ADRB1;CXCL13;NTS;GPNMB;NPW;CCL7;ADORA3;CCRL2;C3AR1;FFAR4;CCL3;CMKLR1;CCR1;EDN1;EDN2;CCL22;RIPK2;P2RY14;CXCL10;CXCL11;XK
Reactome_2022,Interleukin-4 And Interleukin-13 Signaling R-HSA-6785807,14/107,1.2351079345240094e-05,0.000835756369027913,0,0,4.449531737773153,50.287571414753046,IL10;CXCL8;ITGAM;CCL22;MMP1;STAT1;ALOX15;FN1;MMP9;ICAM1;SOX2;IL1A;HMOX1;CD36
Reactome_2022,GPCR Ligand Binding R-HSA-500792,33/458,2.90826075720584e-05,0.0018449279178524,0,0,2.3232688011913627,24.267402796422456,CCL13;CXCL9;SUCNR1;CXCL8;CCL3L1;PTAFR;FPR3;ADM;ADRB1;CXCL13;NTS;GPNMB;CCL7;NPW;GNG4;ADORA3;UBD;CCRL2;C3AR1;CCL3;FFAR4;CMKLR1;CCR1;EDN1;CCL22;EDN2;RIPK2;P2RY14;WNT7B;CXCL10;CXCL11;XK;GNB4
Reactome_2022,Binding And Uptake Of Ligands By Scavenger Receptors R-HSA-2173782,8/41,5.179907613546168e-05,0.0030927095457349,0,0,7.122180711221807,70.28266385766132,COLEC12;MSR1;MARCO;CD163;STAB1;APOE;CD36;SCARF1
Reactome_2022,Costimulation By CD28 Family R-HSA-388841,10/68,7.875536283630122e-05,0.0044409274043803,0,0,5.074230060542248,47.94723294472588,CD86;CD274;SRC;CD80;CTLA4;HLA-DRA;PDCD1LG2;RNASE1;HLA-DQA1;HLA-DRB1
Reactome_2022,Potassium Channels R-HSA-1296071,12/102,0.0001452731557670468,0.0077606449001869,0,0,3.929555895865237,34.725071885082414,KCNG1;KCNJ5;KCNS1;GNG4;UBD;KCNC3;KCNS3;KCNMA1;KCNJ14;KCNMB3;GNB4;KCNJ2
Reactome_2022,Signaling By GPCR R-HSA-372790,41/689,0.0002475106112456533,0.0125611635207169,0,0,1.89480205365622,15.73454445273618,CCL13;CXCL9;DAGLA;SUCNR1;CXCL8;CCL3L1;SRC;PTAFR;FPR3;ADM;ADRB1;GPR84;CXCL13;NTS;PIK3R6;GPNMB;CCL7;NPW;GNG4;ADORA3;UBD;CCRL2;C3AR1;CCL3;FFAR4;ECT2;CMKLR1;CCR1;EDN1;CCL22;PLEKHG2;EDN2;RIPK2;WNT7B;P2RY14;CXCL10;CXCL11;XK;PPP1R1B;GNB4;HBEGF
Reactome_2022,Dectin-2 Family R-HSA-5621480,6/29,0.0003262597427031541,0.0156122519077467,0,0,7.644784587979151,61.37092966676243,CLEC4A;SYK;CLEC10A;CLEC4E;MUC20;MUC21
Reactome_2022,"Nucleotide-binding Domain, Leucine Rich Repeat Containing NLR Signaling Pathways R-HSA-168643",8/53,0.00033839363740928875,0.0156122519077467,0,0,5.219685438863521,41.71207607044055,P2RX7;AIM2;RIPK2;IRAK2;TNFAIP3;HMOX1;NLRC4;NOD2
Reactome_2022,Antiviral Mechanism By IFN-stimulated Genes R-HSA-1169410,10/83,0.0004217503254747301,0.0186120252329065,0,0,4.028442957230994,31.30542124070913,HERC5;OAS1;OAS2;STAT1;OAS3;RNASE7;MX1;ISG15;IFIT1;USP18
Reactome_2022,Metabolism Of Lipids R-HSA-556833,42/732,0.000444155402792744,0.0187840722431098,0,0,1.8216902784562772,14.062239439296487,ACHE;SYCP2;MOGAT2;CPNE7;ALOX15;GDPD3;PIK3R6;HELZ2;CYP27B1;NEU4;STS;GM2A;LIPH;B4GALNT1;CD36;ABCD1;PPARGC1B;ARSB;ABCA1;CYP2J2;PLA2G2F;GPX2;PLA2G2D;STARD5;GK;VDR;SPNS2;PLA2G4C;NR1H3;CYP4B1;PLEKHA4;CYP4F11;GRHL1;PLA2G15;FA2H;FABP3;PLBD1;PPARG;CYP2E1;ANGPTL4;SLC27A2;LGMN
Reactome_2022,PD-1 Signaling R-HSA-389948,5/21,0.0005230049936535244,0.021234002742333,0,0,9.147253787878787,69.11591368668599,CD274;HLA-DRA;PDCD1LG2;HLA-DQA1;HLA-DRB1
Reactome_2022,"Plasma Lipoprotein Assembly, Remodeling, And Clearance R-HSA-174824",9/71,0.0005564443272357074,0.0214850987319457,0,0,4.264776750590086,31.959995723974977,ABCA1;NCEH1;APOC2;APOC1;LPL;NR1H3;ANGPTL4;APOE;ABCG1
Reactome_2022,Interleukin-2 Family Signaling R-HSA-451927,7/44,0.0005715247938547157,0.0214850987319457,0,0,5.548591144335825,41.4324547289467,SYK;STAT1;IL2RA;IL21R;LGALS9;CSF2RA;HAVCR2
Reactome_2022,Classical Antibody-Mediated Complement Activation R-HSA-173623,3/6,0.0006788827103255003,0.0237608948613925,0,0,29.202416918429,213.03344734799185,C1QB;C1QA;C1QC
Reactome_2022,Fibronectin Matrix Formation R-HSA-1566977,3/6,0.0006788827103255003,0.0237608948613925,0,0,29.202416918429,213.03344734799185,CEACAM1;CEACAM6;FN1
Reactome_2022,Formation Of Cornified Envelope R-HSA-6809371,9/74,0.0007561328179672642,0.0255824936745591,0,0,4.0673076923076925,29.232934188530468,SPRR2E;CASP14;SPRR2F;SPRR3;TCHH;DSG2;SPRR2A;SPRR2B;SPRR2D
Reactome_2022,TP53 Regulates Transcription Of Genes Involved In G1 Cell Cycle Arrest R-HSA-6804116,4/14,0.0009289380054504876,0.0294554559397344,0,0,11.694402420574889,81.6441027563461,CCNE2;CCNE1;E2F7;ZNF385A
Reactome_2022,Inwardly Rectifying K+ Channels R-HSA-1296065,6/35,0.0009412593560053072,0.0294554559397344,0,0,6.061221286170269,42.23635882231146,KCNJ5;GNG4;UBD;KCNJ14;GNB4;KCNJ2
Reactome_2022,Post-translational Modification: Synthesis Of GPI-anchored Proteins R-HSA-163125,10/92,0.0009576650699618108,0.0294554559397344,0,0,3.5846211133867065,24.916746005395986,LY6K;OTOA;PSCA;CEACAM7;CEACAM5;PLAUR;RAET1L;LY6G6C;LYPD5;FOLR2
Reactome_2022,NR1H3 And NR1H2 Regulate Gene Expression Linked To Cholesterol Transport And Efflux R-HSA-9029569,6/36,0.0010981682276769,0.0327835515027099,0,0,5.858877086494689,39.92304310789357,ABCA1;APOC2;APOC1;NR1H3;APOE;ABCG1
Reactome_2022,Signaling By Nuclear Receptors R-HSA-9006931,19/260,0.0011719375962715,0.0339861902918741,0,0,2.3302416402245547,15.727026478235253,ABCA1;FOXA1;ADH1C;H2BC5;SRC;NR1H3;MMP9;SDR16C5;H2AC14;DHRS9;GNG4;APOC2;MYB;APOC1;GNB4;APOE;RDH13;ABCG1;HBEGF
Reactome_2022,Plasma Lipoprotein Assembly R-HSA-8963898,4/16,0.0016018593288831,0.0451635338560099,0,0,9.744326777609682,62.72023866991592,ABCA1;APOC2;APOC1;APOE
Reactome_2022,Cross-presentation Of Particulate Exogenous Antigens (Phagosomes) R-HSA-1236973,3/8,0.0018082000968688,0.0496033269816729,0,0,17.51963746223565,110.64392751409744,NCF2;CYBB;CD36
Reactome_2022,Acyl Chain Remodelling Of PI R-HSA-1482922,4/17,0.00204009587162,0.0544920344656401,0,0,8.994297684161527,55.7175018176679,PLA2G2F;PLA2G2D;PLA2G4C;PLBD1
Reactome_2022,Activation Of G Protein Gated Potassium Channels R-HSA-1296041,5/29,0.0024505584448447,0.0637773543978829,0,0,6.0956439393939394,36.64359380262856,KCNJ5;GNG4;UBD;GNB4;KCNJ2
Reactome_2022,Chylomicron Remodeling R-HSA-8963901,3/9,0.0026455275577194,0.0639335826448874,0,0,14.59894259818731,86.6430422132278,APOC2;LPL;APOE
Reactome_2022,Hydrolysis Of LPC R-HSA-1483115,3/9,0.0026455275577194,0.0639335826448874,0,0,14.59894259818731,86.6430422132278,PLA2G15;PLA2G4C;PLBD1
Reactome_2022,OAS Antiviral Response R-HSA-8983711,3/9,0.0026455275577194,0.0639335826448874,0,0,14.59894259818731,86.6430422132278,OAS1;OAS2;OAS3
Reactome_2022,Scavenging By Class A Receptors R-HSA-3000480,4/19,0.0031516650651339,0.0743939544444406,0,0,7.794251134644478,44.893517660018766,COLEC12;MSR1;MARCO;APOE
Reactome_2022,HDL Remodeling R-HSA-8964058,3/10,0.0036864427648088,0.0850395319609304,0,0,12.512731981009926,70.11000480598744,APOC2;APOE;ABCG1
Reactome_2022,Leishmania Infection R-HSA-9658195,17/247,0.0038580495710199,0.0870204514352267,0,0,2.1791800858829844,12.110997114825258,IL10;CD163;SYK;SRC;WIPF3;ADM;ADRB1;GPR84;RNASE1;P2RX7;IL1A;MYO1E;GNG4;C3AR1;GNB4;HMOX1;FCGR1A
Reactome_2022,NR1H2 And NR1H3-mediated Signaling R-HSA-9024446,6/46,0.0039899927510306,0.0880400574412189,0,0,4.391881638846738,24.260604255522544,ABCA1;APOC2;APOC1;NR1H3;APOE;ABCG1
Reactome_2022,Plasma Lipoprotein Remodeling R-HSA-8963899,5/33,0.0043909490613205,0.0937248945020096,0,0,5.223755411255412,28.3556407767642,APOC2;LPL;APOE;ANGPTL4;ABCG1
Reactome_2022,Cyclin D Associated Events In G1 R-HSA-69231,6/47,0.004447947497674,0.0937248945020096,0,0,4.284540508531034,23.202125882648534,CDKN2B;CCNE2;SRC;CDKN2A;CCNE1;E2F2
Reactome_2022,CTLA4 Inhibitory Signaling R-HSA-389513,4/21,0.0046169898769462,0.0937248945020096,0,0,6.876568479131441,36.98227005524674,CD86;SRC;CD80;CTLA4
Reactome_2022,Inflammasomes R-HSA-622312,4/21,0.0046169898769462,0.0937248945020096,0,0,6.876568479131441,36.98227005524674,P2RX7;AIM2;HMOX1;NLRC4
Reactome_2022,GPCR Downstream Signaling R-HSA-388396,33/619,0.0054549289362839,0.107290726597062,0,0,1.6706187626906297,8.705988115579181,CCL13;CXCL9;DAGLA;SUCNR1;CXCL8;SRC;PTAFR;FPR3;ADM;ADRB1;GPR84;CXCL13;NTS;PIK3R6;GPNMB;NPW;GNG4;ADORA3;UBD;C3AR1;FFAR4;ECT2;CCR1;EDN1;PLEKHG2;EDN2;RIPK2;P2RY14;CXCL10;CXCL11;PPP1R1B;GNB4;HBEGF
Reactome_2022,RA Biosynthesis Pathway R-HSA-5365859,4/22,0.0054966677665489,0.107290726597062,0,0,6.494200706001009,33.793308718379244,SDR16C5;ADH1C;DHRS9;RDH13
Reactome_2022,Negative Regulators Of DDX58/IFIH1 Signaling R-HSA-936440,5/35,0.0056877812132621,0.1089263760653026,0,0,4.875,25.20099587770706,HERC5;IFIH1;NLRC5;TNFAIP3;ISG15
Reactome_2022,CD28 Dependent Vav1 Pathway R-HSA-389359,3/12,0.006431201474013,0.1165655267164872,0,0,9.731117824773412,49.10899989120697,CD86;CD80;RNASE1
Reactome_2022,Miscellaneous Substrates R-HSA-211958,3/12,0.006431201474013,0.1165655267164872,0,0,9.731117824773412,49.10899989120697,CYP2S1;CYP4B1;CYP4F11
Reactome_2022,Vitamin D (Calciferol) Metabolism R-HSA-196791,3/12,0.006431201474013,0.1165655267164872,0,0,9.731117824773412,49.10899989120697,CYP27B1;VDR;LGMN
Reactome_2022,SARS-CoV-2 Activates/Modulates Innate And Adaptive Immune Responses R-HSA-9705671,10/121,0.0071576609016847,0.1274565932492981,0,0,2.644109758613576,13.060770637229115,IFIH1;IRAK2;RIPK2;STAT1;RNASE7;TLR8;ISG15;TLR7;NOD2;TLR2
Reactome_2022,Toll-like Receptor Cascades R-HSA-168898,12/162,0.0080360007583613,0.1340305969350486,0,0,2.350382848392037,11.33783257665997,ITGAM;IRAK2;RIPK2;NLRC5;TLR8;TLR7;CD36;NOD2;TLR4;USP18;LGMN;TLR2
Reactome_2022,Dissolution Of Fibrin Clot R-HSA-75205,3/13,0.0081561587559496,0.1340305969350486,0,0,8.757552870090635,42.11491377942649,SERPINB2;PLAU;PLAUR
Reactome_2022,FCGR Activation R-HSA-2029481,3/13,0.0081561587559496,0.1340305969350486,0,0,8.757552870090635,42.11491377942649,SYK;SRC;FCGR1A
Reactome_2022,Trafficking And Processing Of Endosomal TLR R-HSA-1679131,3/13,0.0081561587559496,0.1340305969350486,0,0,8.757552870090635,42.11491377942649,TLR8;TLR7;LGMN
Reactome_2022,Signal Transduction R-HSA-162582,103/2465,0.0081870906502197,0.1340305969350486,0,0,1.3169813566523334,6.328354437590495,FOXA1;CD86;NCF2;CD80;WIPF3;CXCL13;SOX2;H2AC14;ADORA3;MYB;CCRL2;EPSTI1;C3AR1;CMKLR1;CDON;FST;CYBB;RNASE1;CCNE1;ANOS1;TRIB1;ABCG1;EPHA2;CD274;SUCNR1;CCL3L1;FPR3;ADRB1;GPR84;NTS;CSF2RA;PIK3R6;ARHGAP22;BCL2L11;UBD;MYH14;RDH13;APOE;ECT2;ABCA1;CCR1;EGR2;EGR3;FN1;CXCL10;ANLN;CXCL11;ARTN;PPP1R1B;GNB4;MUC20;EZH2;CXCL9;DOCK4;DAGLA;CXCL8;KIF14;TNFAIP3;ADM;SDR16C5;DUSP10;FFAR4;PTCRA;DUSP5;EDN1;PLEKHG2;EDN2;SYK;RIPK2;KREMEN2;F3;MMP9;NRG4;PPARG;DSG2;HBEGF;CCL13;ADH1C;SRC;PTAFR;GPNMB;PTPRZ1;CCL7;NPW;GNG4;PLEKHG4B;CCL3;HES5;CDKN2B;CCL22;H2BC5;STAT1;WNT7B;P2RY14;NR1H3;XK;DHRS9;IL2RA;APOC2;APOC1;NEURL1;PIK3AP1;TJP2
Reactome_2022,Cell Recruitment (Pro-Inflammatory Response) R-HSA-9664424,4/25,0.0087868356890347,0.141565686101115,0,0,5.565593256969959,26.35030473674444,P2RX7;IL1A;C3AR1;HMOX1
Reactome_2022,Ovarian Tumor Domain Proteases R-HSA-5689896,5/39,0.0090497986539796,0.1435241505279582,0,0,4.300579322638146,20.23428063010668,OTUB2;IFIH1;RIPK2;TNFAIP3;NOD2
Reactome_2022,Keratinization R-HSA-6805567,14/208,0.0099683332962187,0.1534199023948,0,0,2.1218268484646936,9.778103529749057,SPRR2E;SPRR2F;SPRR3;KRT80;KRT4;KRT24;TCHH;KRT78;KRT86;CASP14;DSG2;SPRR2A;SPRR2B;SPRR2D
Reactome_2022,Creation Of C4 And C2 Activators R-HSA-166786,3/14,0.0101272250841887,0.1534199023948,0,0,7.960999725350178,36.56111357929986,C1QB;C1QA;C1QC
Reactome_2022,DCC Mediated Attractive Signaling R-HSA-418885,3/14,0.0101272250841887,0.1534199023948,0,0,7.960999725350178,36.56111357929986,ABLIM3;SRC;RNASE1
Reactome_2022,Hemostasis R-HSA-109582,30/576,0.0106480673904996,0.158938064725841,0,0,1.6257679328545471,7.384850652518774,ECM1;DOCK4;DAGLA;ITGAM;SRC;PLEK;SLC8A1;PIK3R6;PLAU;GNG4;MYB;KCNMB3;OLR1;CD36;SERPINB2;SYK;MMP1;FN1;PLAUR;LHFPL2;MERTK;RNASE1;F3;P2RX7;CEACAM1;SLC7A7;CEACAM6;CEACAM5;KCNMA1;GNB4
Reactome_2022,Acyl Chain Remodelling Of PC R-HSA-1482788,4/27,0.0115698899506999,0.1701947579704416,0,0,5.081102413997237,22.658410236132468,PLA2G2F;PLA2G2D;PLA2G4C;PLBD1
Reactome_2022,ISG15 Antiviral Mechanism R-HSA-1169408,7/75,0.0122540289681231,0.174109640979515,0,0,3.0142365456821025,13.268369359692311,HERC5;STAT1;RNASE7;MX1;ISG15;IFIT1;USP18
Reactome_2022,Activation Of GABAB Receptors R-HSA-991365,5/42,0.0123286564794842,0.174109640979515,0,0,3.951269451269451,17.36910456920598,KCNJ5;GNG4;UBD;GNB4;KCNJ2
Reactome_2022,Fatty Acids R-HSA-211935,3/15,0.0123506346310591,0.174109640979515,0,0,7.297205438066465,32.06426972091619,CYP2J2;CYP4B1;CYP4F11
Reactome_2022,DAP12 Signaling R-HSA-2424491,4/28,0.013150825483791,0.182850518712985,0,0,4.869137670196672,21.089553558400432,KLRC2;SYK;TREM2;RNASE1
Reactome_2022,Arachidonic Acid Metabolism R-HSA-2142753,6/59,0.0133726467096821,0.1834221136530727,0,0,3.312394422652962,14.291471311700631,CYP2J2;FA2H;GPX2;ALOX15;CYP4B1;CYP4F11
Reactome_2022,DAP12 Interactions R-HSA-2172127,5/43,0.0135792501361983,0.183772518509884,0,0,3.8470893141945774,16.53945399356217,KLRC2;SYK;CLEC5A;TREM2;RNASE1
Reactome_2022,Cell Surface Interactions At Vascular Wall R-HSA-202733,10/134,0.014114057044806,0.1884969460589228,0,0,2.365304112287614,10.077576914355143,CEACAM1;ITGAM;SLC7A7;MMP1;CEACAM6;SRC;CEACAM5;FN1;OLR1;MERTK
Reactome_2022,Acyl Chain Remodelling Of PE R-HSA-1482839,4/29,0.0148628720002525,0.1898271065277333,0,0,4.674130105900152,19.67289473038432,PLA2G2F;PLA2G2D;PLA2G4C;PLBD1
Reactome_2022,Constitutive Signaling By Aberrant PI3K In Cancer R-HSA-2219530,7/78,0.0149896893434301,0.1898271065277333,0,0,2.8864249325741684,12.124118190876096,CD86;NRG4;SRC;CD80;PIK3AP1;RNASE1;HBEGF
Reactome_2022,Activated NTRK2 Signals Thru FYN R-HSA-9032500,2/6,0.0151487641662526,0.1898271065277333,0,0,14.57843137254902,61.08124130492171,SRC;RNASE1
Reactome_2022,PTK6 Promotes HIF1A Stabilization R-HSA-8857538,2/6,0.0151487641662526,0.1898271065277333,0,0,14.57843137254902,61.08124130492171,GPNMB;HBEGF
Reactome_2022,Synthesis Of 15-Eicosatetraenoic Acid Derivatives R-HSA-2142770,2/6,0.0151487641662526,0.1898271065277333,0,0,14.57843137254902,61.08124130492171,GPX2;ALOX15
Reactome_2022,Glycosphingolipid Metabolism R-HSA-1660662,5/45,0.0163305918202111,0.1997054300905344,0,0,3.654356060606061,15.036634177988692,NEU4;STS;GM2A;B4GALNT1;ARSB
Reactome_2022,TAK1-dependent IKK And NF-kappa-B Activation R-HSA-445989,5/45,0.0163305918202111,0.1997054300905344,0,0,3.654356060606061,15.036634177988692,IRAK2;RIPK2;NLRC5;NOD2;USP18
Reactome_2022,G Alpha (I) Signaling Events R-HSA-418594,18/312,0.0171274387455381,0.2050074811194192,0,0,1.801816862757468,7.328121608021548,CCR1;CCL13;CXCL9;SUCNR1;CXCL8;SRC;P2RY14;FPR3;CXCL13;CXCL10;CXCL11;NPW;GNG4;ADORA3;UBD;PPP1R1B;C3AR1;GNB4
Reactome_2022,Aberrant Regulation Of Mitotic G1/S Transition In Cancer Due To RB1 Defects R-HSA-9659787,3/17,0.0175720698102359,0.2050074811194192,0,0,6.254100129477773,25.275599071464487,CCNE2;CCNE1;E2F2
Reactome_2022,MyD88 Deficiency (TLR2/4) R-HSA-5602498,3/17,0.0175720698102359,0.2050074811194192,0,0,6.254100129477773,25.275599071464487,CD36;TLR4;TLR2
Reactome_2022,Translocation Of ZAP-70 To Immunological Synapse R-HSA-202430,3/17,0.0175720698102359,0.2050074811194192,0,0,6.254100129477773,25.275599071464487,HLA-DRA;HLA-DQA1;HLA-DRB1
Reactome_2022,C-type Lectin Receptors (CLRs) R-HSA-5621481,10/141,0.0194992554422682,0.2134203629111454,0,0,2.2380980129363093,8.812240108443413,CLEC4A;CCL22;SYK;CLEC7A;CD209;SRC;CLEC10A;CLEC4E;MUC20;MUC21
Reactome_2022,Transport Of Small Molecules R-HSA-382551,34/706,0.0201565015173938,0.2134203629111454,0,0,1.496448381254245,5.842476249296577,RYR1;TTYH3;TTYH1;SLC1A3;LPL;ATP2C2;ABCA12;SLC8A1;TRPM2;MB;GNG4;SLCO2B1;HMOX1;APOE;SLC15A3;CLIC2;ABCD1;CLCA4;ABCA1;SLC36A1;ATP8B4;SLC12A5;NR1H3;MCOLN2;SLC7A7;NCEH1;SLCO4A1;SLC9A7;APOC2;APOC1;GNB4;ANGPTL4;SLC29A3;ABCG1
Reactome_2022,ABC Transporters In Lipid Homeostasis R-HSA-1369062,3/18,0.0205755628145122,0.2134203629111454,0,0,5.836858006042296,22.66832047392284,ABCA12;ABCD1;ABCG1
Reactome_2022,Ephrin Signaling R-HSA-3928664,3/18,0.0205755628145122,0.2134203629111454,0,0,5.836858006042296,22.66832047392284,SRC;EPHB2;RNASE1
Reactome_2022,IRAK4 Deficiency (TLR2/4) R-HSA-5603041,3/18,0.0205755628145122,0.2134203629111454,0,0,5.836858006042296,22.66832047392284,CD36;TLR4;TLR2
Reactome_2022,JNK (c-Jun Kinases) Phosphorylation And Activation Mediated By Activated Human TAK1 R-HSA-450321,3/18,0.0205755628145122,0.2134203629111454,0,0,5.836858006042296,22.66832047392284,RIPK2;IRAK2;NOD2
Reactome_2022,Regulation Of TLR By Endogenous Ligand R-HSA-5686938,3/18,0.0205755628145122,0.2134203629111454,0,0,5.836858006042296,22.66832047392284,CD36;TLR4;TLR2
Reactome_2022,Modulation By Mtb Of Host Immune System R-HSA-9637628,2/7,0.0207448070420493,0.2134203629111454,0,0,11.662141779788838,45.1961561293164,MRC1;TLR2
Reactome_2022,Synthesis Of 12-Eicosatetraenoic Acid Derivatives R-HSA-2142712,2/7,0.0207448070420493,0.2134203629111454,0,0,11.662141779788838,45.1961561293164,GPX2;ALOX15
Reactome_2022,Vitamin B2 (Riboflavin) Metabolism R-HSA-196843,2/7,0.0207448070420493,0.2134203629111454,0,0,11.662141779788838,45.1961561293164,ACP5;SLC52A1
Reactome_2022,Cytochrome P450 - Arranged By Substrate Type R-HSA-211897,6/65,0.0207747654409847,0.2134203629111454,0,0,2.9746148504410894,11.523706204890557,CYP2J2;CYP27B1;CYP2S1;CYP4B1;CYP2E1;CYP4F11
Reactome_2022,Nuclear Signaling By ERBB4 R-HSA-1251985,4/32,0.0208163703726141,0.2134203629111454,0,0,4.172682083423385,16.156689973482045,SRC;NRG4;APOE;HBEGF
Reactome_2022,Toll Like Receptor 7/8 (TLR7/8) Cascade R-HSA-168181,8/103,0.0215150619927547,0.2182330197369391,0,0,2.466073860450212,9.467262559658565,IRAK2;RIPK2;NLRC5;TLR8;TLR7;NOD2;TLR4;USP18
Reactome_2022,Transcriptional Regulation Of White Adipocyte Differentiation R-HSA-381340,7/84,0.0217157980230845,0.2182330197369391,0,0,2.660679745786129,10.18964583456423,HELZ2;CEBPA;EGR2;LPL;PPARG;CD36;ANGPTL4
Reactome_2022,Cellular Senescence R-HSA-2559583,11/165,0.022251610615195,0.2214253409257158,0,0,2.0949104412407165,7.971848354121533,IL1A;CDKN2B;H2AC14;CXCL8;CCNE2;H2BC5;CCNE1;ARTN;CDKN2A;E2F2;EZH2
Reactome_2022,Phase I - Functionalization Of Compounds R-HSA-211945,8/104,0.0226553348800522,0.2220200797803025,0,0,2.440258751902588,9.242138189540464,CYP2J2;CYP27B1;ADH1C;CYP2S1;CYP4B1;CYP2E1;CYP4F11;FMO4
Reactome_2022,EPH-ephrin Mediated Repulsion Of Cells R-HSA-3928665,5/49,0.0228904532757872,0.2220200797803025,0,0,3.3214531680440773,12.545246005369783,SRC;EPHB2;MMP9;RNASE1;EPHA2
Reactome_2022,NOD1/2 Signaling Pathway R-HSA-168638,4/33,0.0230819497881776,0.2220200797803025,0,0,4.02858782409098,15.182556502746651,IRAK2;RIPK2;TNFAIP3;NOD2
Reactome_2022,Assembly Of Active LPL And LIPC Lipase Complexes R-HSA-8963889,3/19,0.023842550439461,0.2220200797803025,0,0,5.471771148036254,20.4440880427087,APOC2;LPL;ANGPTL4
Reactome_2022,Other Semaphorin Interactions R-HSA-416700,3/19,0.023842550439461,0.2220200797803025,0,0,5.471771148036254,20.4440880427087,SEMA4A;SEMA7A;TREM2
Reactome_2022,RHO GTPases Activate CIT R-HSA-5625900,3/19,0.023842550439461,0.2220200797803025,0,0,5.471771148036254,20.4440880427087,KIF14;MYH14;RNASE1
Reactome_2022,Activated TAK1 Mediates P38 MAPK Activation R-HSA-450302,3/19,0.023842550439461,0.2220200797803025,0,0,5.471771148036254,20.4440880427087,RIPK2;IRAK2;NOD2
Reactome_2022,CD28 Co-Stimulation R-HSA-389356,4/34,0.0254915865305894,0.2352178211686209,0,0,3.894099848714069,14.289036547448635,CD86;SRC;CD80;RNASE1
Reactome_2022,Ca2+ Activated K+ Channels R-HSA-1296052,2/8,0.0270570254921627,0.2474133412121189,0,0,9.717948717948715,35.07993471030808,KCNMA1;KCNMB3
Reactome_2022,Phosphorylation Of CD3 And TCR Zeta Chains R-HSA-202427,3/20,0.0273729165592882,0.2480670563185499,0,0,5.149635685089746,18.52942530765232,HLA-DRA;HLA-DQA1;HLA-DRB1
Reactome_2022,Plasma Lipoprotein Clearance R-HSA-8964043,4/35,0.0280469203792949,0.2519258777432244,0,0,3.768288516909863,13.467397562670769,NCEH1;APOC1;NR1H3;APOE
Reactome_2022,Sphingolipid Metabolism R-HSA-428157,7/89,0.0287248993448243,0.2541032349111196,0,0,2.497794499221588,8.867147890551013,FA2H;NEU4;STS;GM2A;SPNS2;B4GALNT1;ARSB
Reactome_2022,Signaling By Non-Receptor Tyrosine Kinases R-HSA-9006927,5/52,0.0287900216894371,0.2541032349111196,0,0,3.10896196002579,11.029746487440368,GPNMB;CCNE1;NRG4;RNASE1;HBEGF
Reactome_2022,Diseases Of Programmed Cell Death R-HSA-9645723,6/71,0.030551444325845,0.265824045983307,0,0,2.699194583868332,9.41571738802858,H2AC14;BCL2L11;H2BC5;CAPNS2;CDKN2A;EZH2
Reactome_2022,Sensory Processing Of Sound By Outer Hair Cells Of Cochlea R-HSA-9662361,5/53,0.0309508040394795,0.265824045983307,0,0,3.044034090909091,10.579103059914589,MYO1E;KCNMA1;EPB41L3;CDH23;MYO7A
Reactome_2022,Initial Triggering Of Complement R-HSA-166663,3/21,0.0311655778049394,0.265824045983307,0,0,4.863293051359516,16.86804534848698,C1QB;C1QA;C1QC
Reactome_2022,Synthesis Of Leukotrienes (LT) And Eoxins (EX) R-HSA-2142691,3/21,0.0311655778049394,0.265824045983307,0,0,4.863293051359516,16.86804534848698,ALOX15;CYP4B1;CYP4F11
Reactome_2022,MyD88:MAL(TIRAP) Cascade Initiated On Plasma Membrane R-HSA-166058,8/112,0.033342758626501,0.2808311463699728,0,0,2.251609881746868,7.657533061819034,IRAK2;RIPK2;NLRC5;CD36;NOD2;TLR4;USP18;TLR2
Reactome_2022,CD163 Mediating An Anti-Inflammatory Response R-HSA-9662834,2/9,0.0340317546832577,0.2808311463699728,0,0,8.329239388062918,28.156670818107752,IL10;CD163
Reactome_2022,Chylomicron Assembly R-HSA-8963888,2/9,0.0340317546832577,0.2808311463699728,0,0,8.329239388062918,28.156670818107752,APOC2;APOE
Reactome_2022,"POU5F1 (OCT4), SOX2, NANOG Repress Genes Related To Differentiation R-HSA-2892245",2/9,0.0340317546832577,0.2808311463699728,0,0,8.329239388062918,28.156670818107752,SOX2;GSC
Reactome_2022,Neuronal System R-HSA-112316,20/386,0.0343181596800283,0.2809107425421674,0,0,1.6070657008514424,5.419155118048687,KCNG1;ACHE;KCNJ5;SRC;KCNC3;GAD1;KCNJ14;SLC1A3;AKAP5;RNASE1;KCNS1;GNG4;KCNS3;UBD;EPB41L3;KCNMA1;KCNMB3;SLITRK6;GNB4;KCNJ2
Reactome_2022,FCGR3A-mediated IL10 Synthesis R-HSA-9664323,4/38,0.0365989352633229,0.297183354338182,0,0,3.435258520957551,11.362928726225082,IL10;SYK;SRC;FCGR1A
Reactome_2022,Disease R-HSA-1643685,71/1736,0.0396737151403254,0.315553387544423,0,0,1.2685109351776018,4.09356901404051,CD86;MOGAT2;CD80;WIPF3;ADM;ABCA12;IFIH1;H2AC14;DUSP10;CAPNS2;ADAMTSL4;MRC1;C3AR1;BLNK;CD36;ABCD1;IL10;RMI2;SYK;RIPK2;KREMEN2;PARP9;RNASE1;IL1A;SLC7A7;CCNE2;SLC9A7;NRG4;CCNE1;TLR8;NHLRC1;TLR7;TLR4;SLC29A3;HBEGF;TLR2;SRC;TMPRSS2;SLC1A3;ADRB1;GPR84;NOD2;CSF2RA;CYP27B1;BCL2L11;IRAK2;GNG4;RNASE7;GPC3;HMOX1;E2F2;FCGR1A;ARSB;HES5;ABCA1;CD163;H2BC5;STAT1;CDKN2A;FN1;ISG15;P2RX7;MYO1E;XK;ARTN;NEURL1;GNB4;PIK3AP1;MUC20;MUC21;EZH2
Reactome_2022,NGF-stimulated Transcription R-HSA-9031628,4/39,0.0397474121606699,0.315553387544423,0,0,3.33693537929544,10.762319166203946,EGR2;EGR3;TRIB1;F3
Reactome_2022,PPARA Activates Gene Expression R-HSA-1989781,8/116,0.0397939247346661,0.315553387544423,0,0,2.167765939455437,6.988966317501732,HELZ2;ABCA1;NR1H3;PPARG;CD36;ANGPTL4;GRHL1;PPARGC1B
Reactome_2022,Interleukin-21 Signaling R-HSA-9020958,2/10,0.0416180974340012,0.3224608312634445,0,0,7.287707390648567,23.169226342845047,STAT1;IL21R
Reactome_2022,PI3K Events In ERBB4 Signaling R-HSA-1250342,2/10,0.0416180974340012,0.3224608312634445,0,0,7.287707390648567,23.169226342845047,NRG4;HBEGF
Reactome_2022,RUNX1 And FOXP3 Control Development Of Regulatory T Lymphocytes (Tregs) R-HSA-8877330,2/10,0.0416180974340012,0.3224608312634445,0,0,7.287707390648567,23.169226342845047,IL2RA;CTLA4
Reactome_2022,Collagen Degradation R-HSA-1442490,4/40,0.0430453138821722,0.326285454142645,0,0,3.244074634392335,10.204242948751434,MMP12;MMP13;MMP1;MMP9
Reactome_2022,Regulation Of Lipid Metabolism By PPARalpha R-HSA-400206,8/118,0.043311332753289,0.326285454142645,0,0,2.128130621281306,6.680927610198135,HELZ2;ABCA1;NR1H3;PPARG;CD36;ANGPTL4;GRHL1;PPARGC1B
Reactome_2022,Defective Intrinsic Pathway For Apoptosis R-HSA-9734009,3/24,0.0440937749605845,0.326285454142645,0,0,4.1678895123003885,13.00980313456755,BCL2L11;CDKN2A;CAPNS2
Reactome_2022,Other Interleukin Signaling R-HSA-449836,3/24,0.0440937749605845,0.326285454142645,0,0,4.1678895123003885,13.00980313456755,CSF1R;PTPRZ1;IL10RB
Reactome_2022,RHO GTPases Activate NADPH Oxidases R-HSA-5668599,3/24,0.0440937749605845,0.326285454142645,0,0,4.1678895123003885,13.00980313456755,NCF2;CYBB;RNASE1
Reactome_2022,Xenobiotics R-HSA-211981,3/24,0.0440937749605845,0.326285454142645,0,0,4.1678895123003885,13.00980313456755,CYP2J2;CYP2S1;CYP2E1
Reactome_2022,Toll Like Receptor 4 (TLR4) Cascade R-HSA-166016,9/140,0.0443619632233349,0.326285454142645,0,0,2.0112176503444426,6.265692885179098,ITGAM;IRAK2;RIPK2;NLRC5;CD36;NOD2;TLR4;USP18;TLR2
Reactome_2022,GABA Receptor Activation R-HSA-977443,5/59,0.0460252916301232,0.3360839640616911,0,0,2.70496632996633,8.32741254767882,KCNJ5;GNG4;UBD;GNB4;KCNJ2
Reactome_2022,Signaling By Retinoic Acid R-HSA-5362517,4/41,0.0464925443524197,0.3366892604870274,0,0,3.156233389213722,9.68478637075139,SDR16C5;ADH1C;DHRS9;RDH13
Reactome_2022,FCGR3A-mediated Phagocytosis R-HSA-9664422,5/60,0.0488954693105801,0.3366892604870274,0,0,2.6556473829201104,8.014931128175512,MYO1E;SYK;SRC;WIPF3;RNASE1
Reactome_2022,ADP Signaling Thru P2Y Purinoceptor 1 R-HSA-418592,3/25,0.0489083640619468,0.3366892604870274,0,0,3.9782340016478983,12.00554183267692,SRC;GNG4;GNB4
Reactome_2022,G Beta:Gamma Signaling Thru PI3Kgamma R-HSA-392451,3/25,0.0489083640619468,0.3366892604870274,0,0,3.9782340016478983,12.00554183267692,GNG4;GNB4;PIK3R6
Reactome_2022,NOTCH3 Intracellular Domain Regulates Transcription R-HSA-9013508,3/25,0.0489083640619468,0.3366892604870274,0,0,3.9782340016478983,12.00554183267692,PTCRA;STAT1;HES5
Reactome_2022,Stimuli-sensing Channels R-HSA-2672351,7/100,0.0491523747302839,0.3366892604870274,0,0,2.2010981468771447,6.631534788658452,RYR1;TRPM2;TTYH3;TTYH1;CLIC2;MCOLN2;CLCA4
Reactome_2022,Anti-inflammatory Response Favoring Leishmania Infection R-HSA-9662851,10/165,0.0493028704775263,0.3366892604870274,0,0,1.8891898547155872,5.686032569239083,IL10;CD163;SYK;SRC;GNG4;GNB4;ADRB1;ADM;GPR84;FCGR1A
Reactome_2022,Apoptotic Cleavage Of Cell Adhesion Proteins R-HSA-351906,2/11,0.0497677999691883,0.3366892604870274,0,0,6.477626948215184,19.43538827601789,DSG2;TJP2
Reactome_2022,CYP2E1 Reactions R-HSA-211999,2/11,0.0497677999691883,0.3366892604870274,0,0,6.477626948215184,19.43538827601789,CYP2S1;CYP2E1
Reactome_2022,Transport Of Organic Anions R-HSA-879518,2/11,0.0497677999691883,0.3366892604870274,0,0,6.477626948215184,19.43538827601789,SLCO4A1;SLCO2B1
Reactome_2022,Glucagon-like Peptide-1 (GLP1) Regulates Insulin Secretion R-HSA-381676,4/42,0.0500887471266415,0.3366892604870274,0,0,3.0730153674655627,9.200481722689975,GNG4;KCNS3;GNB4;AKAP5
Reactome_2022,Signaling By SCF-KIT R-HSA-1433557,4/42,0.0500887471266415,0.3366892604870274,0,0,3.0730153674655627,9.200481722689975,SRC;STAT1;MMP9;RNASE1
Reactome_2022,TRAF6 Mediated Induction Of NFkB And MAP Kinases Upon TLR7/8 Or 9 Activation R-HSA-975138,7/101,0.0513711516063976,0.3430376242137735,0,0,2.1775690357627884,6.464502415483692,IRAK2;RIPK2;NLRC5;TLR7;NOD2;TLR4;USP18
Reactome_2022,DNA Damage/Telomere Stress Induced Senescence R-HSA-2559586,5/61,0.0518688734197719,0.3440974282422782,0,0,2.608089826839827,7.717432758579993,H2AC14;CCNE2;H2BC5;CCNE1;ARTN
Reactome_2022,Senescence-Associated Secretory Phenotype (SASP) R-HSA-2559582,6/81,0.0527119908414953,0.346694299868185,0,0,2.3380880121396053,6.880788014104808,IL1A;CDKN2B;CXCL8;H2AC14;H2BC5;CDKN2A
Reactome_2022,MyD88 Dependent Cascade Initiated On Endosome R-HSA-975155,7/102,0.0536520599321968,0.346694299868185,0,0,2.154535274356103,6.302522887173253,IRAK2;RIPK2;NLRC5;TLR7;NOD2;TLR4;USP18
Reactome_2022,Retinoid Metabolism And Transport R-HSA-975634,4/43,0.0538333149247761,0.346694299868185,0,0,2.994064936576283,8.748246859989452,APOC2;GPC3;LPL;APOE
Reactome_2022,Voltage Gated Potassium Channels R-HSA-1296072,4/43,0.0538333149247761,0.346694299868185,0,0,2.994064936576283,8.748246859989452,KCNG1;KCNS1;KCNC3;KCNS3
Reactome_2022,Signaling By ALK R-HSA-201556,3/26,0.0539681767282495,0.346694299868185,0,0,3.805070274530408,11.10837271906672,CD274;PTPRZ1;SRC
Reactome_2022,Regulation Of Actin Dynamics For Phagocytic Cup Formation R-HSA-2029482,5/62,0.0549456084762739,0.3507534126001137,0,0,2.562200956937799,7.433999372669247,MYO1E;SYK;WIPF3;FCGR1A;RNASE1
Reactome_2022,"Interleukin-3, Interleukin-5 And GM-CSF Signaling R-HSA-512988",4/44,0.0577253993917958,0.3551596398050143,0,0,2.919062027231468,8.325334221550763,SYK;IL2RA;BLNK;CSF2RA
Reactome_2022,Platelet Homeostasis R-HSA-418346,6/83,0.0580693962567664,0.3551596398050143,0,0,2.2771219675620284,6.48095439635351,P2RX7;GNG4;KCNMA1;KCNMB3;GNB4;SLC8A1
Reactome_2022,Antigen processing-Cross Presentation R-HSA-1236975,7/104,0.05840136931774,0.3551596398050143,0,0,2.109892520289537,5.992972350961598,NCF2;MRC1;CYBB;CD36;FCGR1A;TLR4;TLR2
Reactome_2022,Transport Of Inorganic Cations/Anions And Amino Acids/Oligopeptides R-HSA-425393,7/104,0.05840136931774,0.3551596398050143,0,0,2.109892520289537,5.992972350961598,SLC36A1;SLC7A7;SLC12A5;SLC9A7;SLC1A3;SLC15A3;SLC8A1
Reactome_2022,Butyrophilin (BTN) Family Interactions R-HSA-8851680,2/12,0.0584351328546181,0.3551596398050143,0,0,5.829562594268476,16.555013262307646,CD209;XDH
Reactome_2022,Eicosanoids R-HSA-211979,2/12,0.0584351328546181,0.3551596398050143,0,0,5.829562594268476,16.555013262307646,CYP4B1;CYP4F11
Reactome_2022,Interleukin-2 Signaling R-HSA-9020558,2/12,0.0584351328546181,0.3551596398050143,0,0,5.829562594268476,16.555013262307646,SYK;IL2RA
Reactome_2022,"POU5F1 (OCT4), SOX2, NANOG Activate Genes Related To Proliferation R-HSA-2892247",2/12,0.0584351328546181,0.3551596398050143,0,0,5.829562594268476,16.555013262307646,SOX2;FOXD3
Reactome_2022,Integrin Signaling R-HSA-354192,3/27,0.0592679687629361,0.3580773112760724,0,0,3.6463368580060425,10.303404012540238,SYK;SRC;FN1
Reactome_2022,PI3K/AKT Signaling In Cancer R-HSA-2219528,7/105,0.0608702171745203,0.3644789529210154,0,0,2.0882544507164567,5.845047739345152,CD86;NRG4;SRC;CD80;PIK3AP1;RNASE1;HBEGF
Reactome_2022,Semaphorin Interactions R-HSA-373755,5/64,0.0614088992193815,0.3644789529210154,0,0,2.475089881869543,6.905997065304112,SEMA4A;SEMA7A;MYH14;TREM2;RNASE1
Reactome_2022,Glycerophospholipid Biosynthesis R-HSA-1483206,8/127,0.0616451331552625,0.3644789529210154,0,0,1.9662586495785528,5.478706408506769,PLA2G15;PLA2G2F;ACHE;PLA2G2D;CPNE7;LIPH;PLA2G4C;PLBD1
Reactome_2022,Regulation Of Complement Cascade R-HSA-977606,4/45,0.0617639210861228,0.3644789529210154,0,0,2.847717796391277,7.929287626020008,C1QB;C1QA;C3AR1;C1QC
Reactome_2022,"PI5P, PP2A And IER3 Regulate PI3K/AKT Signaling R-HSA-6811558",7/106,0.0634020899077205,0.3698455244617031,0,0,2.0670535138620245,5.70146782997246,CD86;NRG4;SRC;CD80;PIK3AP1;RNASE1;HBEGF
Reactome_2022,Toll Like Receptor 9 (TLR9) Cascade R-HSA-168138,7/106,0.0634020899077205,0.3698455244617031,0,0,2.0670535138620245,5.70146782997246,IRAK2;RIPK2;NLRC5;TLR7;NOD2;TLR4;USP18
Reactome_2022,Developmental Biology R-HSA-1266738,45/1073,0.0648879339152118,0.3763500167082285,0,0,1.2925426760386596,3.535225188885947,SPRR2E;CEBPA;SPRR2F;SPRR3;SEMA7A;KRT80;HOXD1;SRC;KRT24;TCHH;LPL;TREM2;AKAP5;KRT86;SOX2;HELZ2;CASP14;H2AC14;ABLIM3;GSC;MYB;ADGRG6;MYH14;CD36;EPHB2;SPRR2A;SPRR2B;CDON;SPRR2D;SEMA4A;FOXD3;EGR2;KRT4;H2BC5;KRT78;RNASE1;MMP9;LHX2;ARTN;PPARG;DSG2;ANGPTL4;SCN2A;EZH2;EPHA2
Reactome_2022,Interleukin-1 Family Signaling R-HSA-446652,9/152,0.0675756369821304,0.3810579362058396,0,0,1.8412928534879756,4.961377883196988,IL1A;IL1RN;IRAK2;RIPK2;NLRC5;IL36G;NOD2;USP18;IL18BP
Reactome_2022,ERBB2 Activates PTK6 Signaling R-HSA-8847993,2/13,0.0675767768640897,0.3810579362058396,0,0,5.299328122857535,14.278991363245597,NRG4;HBEGF
Reactome_2022,SHC1 Events In ERBB4 Signaling R-HSA-1250347,2/13,0.0675767768640897,0.3810579362058396,0,0,5.299328122857535,14.278991363245597,NRG4;HBEGF
Reactome_2022,Activation Of Arylsulfatases R-HSA-1663150,2/13,0.0675767768640897,0.3810579362058396,0,0,5.299328122857535,14.278991363245597,STS;ARSB
Reactome_2022,Alpha-Linolenic (Omega3) And Linoleic (Omega6) Acid Metabolism R-HSA-2046104,2/13,0.0675767768640897,0.3810579362058396,0,0,5.299328122857535,14.278991363245597,SYCP2;ABCD1
Reactome_2022,Fcgamma Receptor (FCGR) Dependent Phagocytosis R-HSA-2029480,6/87,0.0697266961570275,0.3871497961678664,0,0,2.16422188501096,5.763695167895041,MYO1E;SYK;SRC;WIPF3;FCGR1A;RNASE1
Reactome_2022,Metabolism Of Fat-Soluble Vitamins R-HSA-6806667,4/47,0.0702748643458919,0.3871497961678664,0,0,2.7149843436653414,7.209209493293302,APOC2;GPC3;LPL;APOE
Reactome_2022,Peroxisomal Lipid Metabolism R-HSA-390918,3/29,0.070564248562616,0.3871497961678664,0,0,3.3655008133860096,8.92272229824642,SYCP2;ABCD1;SLC27A2
Reactome_2022,SUMOylation Of Intracellular Receptors R-HSA-4090294,3/29,0.070564248562616,0.3871497961678664,0,0,3.3655008133860096,8.92272229824642,VDR;NR1H3;PPARG
Reactome_2022,TNFs Bind Their Physiological Receptors R-HSA-5669034,3/29,0.070564248562616,0.3871497961678664,0,0,3.3655008133860096,8.92272229824642,EDARADD;TNFRSF9;TNFSF4
Reactome_2022,Sensory Processing Of Sound By Inner Hair Cells Of Cochlea R-HSA-9662360,5/67,0.0718747309236428,0.3922196338037501,0,0,2.354960899315738,6.200212937468009,MYO1E;KCNMA1;EPB41L3;CDH23;MYO7A
Reactome_2022,RAC1 GTPase Cycle R-HSA-9013149,10/178,0.0740898534537656,0.4021454612597441,0,0,1.7418211559432937,4.533048950402622,ARHGAP22;EGR2;DOCK4;PLEKHG2;NCF2;WIPF3;CYBB;ECT2;RNASE1;EPHA2
Reactome_2022,HS-GAG Biosynthesis R-HSA-2022928,3/30,0.0765481418820328,0.4099947087730758,0,0,3.2406847935548844,8.328026601339305,GPC3;HS3ST6;HS3ST4
Reactome_2022,Transcriptional Regulation Of Pluripotent Stem Cells R-HSA-452723,3/30,0.0765481418820328,0.4099947087730758,0,0,3.2406847935548844,8.328026601339305,SOX2;FOXD3;GSC
Reactome_2022,Triglyceride Biosynthesis R-HSA-75109,2/14,0.0771517136705985,0.4099947087730758,0,0,4.857466063348416,12.4447381339936,GK;MOGAT2
Reactome_2022,Tryptophan Catabolism R-HSA-71240,2/14,0.0771517136705985,0.4099947087730758,0,0,4.857466063348416,12.4447381339936,KMO;IDO1
Reactome_2022,Signaling By NOTCH3 R-HSA-9012852,4/49,0.0793532772677283,0.4173242301903849,0,0,2.5940494200706,6.572920531385478,PTCRA;STAT1;NEURL1;HES5
Reactome_2022,TP53 Regulates Transcription Of Cell Cycle Genes R-HSA-6791312,4/49,0.0793532772677283,0.4173242301903849,0,0,2.5940494200706,6.572920531385478,CCNE2;CCNE1;ZNF385A;E2F7
Reactome_2022,EPH-Ephrin Signaling R-HSA-2682334,6/91,0.0826375173366501,0.4270980020256696,0,0,2.061947692582344,5.141036648207071,SRC;MYH14;EPHB2;MMP9;RNASE1;EPHA2
Reactome_2022,Antigen Activates B Cell Receptor Leading To Second Messenger Generation R-HSA-983695,3/31,0.0827469236229118,0.4270980020256696,0,0,3.124784203711696,7.78686362426721,SYK;BLNK;PIK3AP1
Reactome_2022,Diseases Associated With TLR Signaling Cascade R-HSA-5602358,3/31,0.0827469236229118,0.4270980020256696,0,0,3.124784203711696,7.78686362426721,CD36;TLR4;TLR2
Reactome_2022,Negative Regulation Of PI3K/AKT Network R-HSA-199418,7/113,0.0828948831517802,0.4270980020256696,0,0,1.9298474508229624,4.805671272631755,CD86;NRG4;SRC;CD80;PIK3AP1;RNASE1;HBEGF
Reactome_2022,Interleukin-1 Signaling R-HSA-9020702,7/114,0.0859318736487263,0.4308123840468137,0,0,1.9117120699940344,4.691724648322681,IL1A;IL1RN;IRAK2;RIPK2;NLRC5;NOD2;USP18
Reactome_2022,EPHA-mediated Growth Cone Collapse R-HSA-3928663,2/15,0.0871211211245513,0.4308123840468137,0,0,4.483582782225316,10.941986196154794,SRC;MYH14
Reactome_2022,ERBB2 Regulates Cell Motility R-HSA-6785631,2/15,0.0871211211245513,0.4308123840468137,0,0,4.483582782225316,10.941986196154794,NRG4;HBEGF
Reactome_2022,GRB2 Events In ERBB2 Signaling R-HSA-1963640,2/15,0.0871211211245513,0.4308123840468137,0,0,4.483582782225316,10.941986196154794,NRG4;HBEGF
Reactome_2022,GRB2:SOS Provides Linkage To MAPK Signaling For Integrins R-HSA-354194,2/15,0.0871211211245513,0.4308123840468137,0,0,4.483582782225316,10.941986196154794,SRC;FN1
Reactome_2022,IRAK2 Mediated Activation Of TAK1 Complex Upon TLR7/8 Or 9 Stimulation R-HSA-975163,2/15,0.0871211211245513,0.4308123840468137,0,0,4.483582782225316,10.941986196154794,IRAK2;TLR4
Reactome_2022,cGMP Effects R-HSA-418457,2/15,0.0871211211245513,0.4308123840468137,0,0,4.483582782225316,10.941986196154794,KCNMA1;KCNMB3
Reactome_2022,p130Cas Linkage To MAPK Signaling For Integrins R-HSA-372708,2/15,0.0871211211245513,0.4308123840468137,0,0,4.483582782225316,10.941986196154794,SRC;FN1
Reactome_2022,Phospholipid Metabolism R-HSA-1483257,11/208,0.0879965497827419,0.4308123840468137,0,0,1.6339744485322654,3.9713057347559055,PLA2G15;PLA2G2F;ACHE;PLA2G2D;CPNE7;LIPH;PLA2G4C;PLBD1;GDPD3;PLEKHA4;PIK3R6
Reactome_2022,G-protein Beta:Gamma Signaling R-HSA-397795,3/32,0.0891535377851404,0.4308123840468137,0,0,3.0168767579956244,7.292983550490432,GNG4;GNB4;PIK3R6
Reactome_2022,GPVI-mediated Activation Cascade R-HSA-114604,3/32,0.0891535377851404,0.4308123840468137,0,0,3.0168767579956244,7.292983550490432,SYK;RNASE1;PIK3R6
Reactome_2022,Generation Of Second Messenger Molecules R-HSA-202433,3/32,0.0891535377851404,0.4308123840468137,0,0,3.0168767579956244,7.292983550490432,HLA-DRA;HLA-DQA1;HLA-DRB1
Reactome_2022,Thrombin Signaling Thru Proteinase Activated Receptors (PARs) R-HSA-456926,3/32,0.0891535377851404,0.4308123840468137,0,0,3.0168767579956244,7.292983550490432,SRC;GNG4;GNB4
Reactome_2022,Oxidative Stress Induced Senescence R-HSA-2559580,6/93,0.089558042397909,0.4308123840468137,0,0,2.0143372926586784,4.860330690588352,CDKN2B;H2AC14;H2BC5;CDKN2A;E2F2;EZH2
Reactome_2022,Metabolism R-HSA-1430728,79/2049,0.0906177414390076,0.4338538092480792,0,0,1.188332669219175,2.8533118268287696,ACHE;SYCP2;MOGAT2;CPNE7;IL4I1;STS;GM2A;LIPH;SLCO2B1;ACP5;CD36;ABCD1;CHST9;GPX2;STARD5;SPNS2;PLA2G4C;PARP9;KMO;PLA2G15;ITPKC;ASPG;PLBD1;NHLRC1;PPARG;CYP2E1;ANGPTL4;BCAT1;SLC27A2;FBP1;IDO1;PFKFB4;ADH1C;ALOX15;LPL;GDPD3;AKAP5;FUT1;PIK3R6;HELZ2;CYP27B1;NEU4;GNG4;RNASE7;GPC3;HMOX1;HAS2;B4GALNT1;APOE;XDH;PPARGC1B;ARSB;DUOX2;ABCA1;CYP2J2;PLA2G2F;SLC37A2;PLA2G2D;GK;GCH1;VDR;NR1H3;CYP4B1;SLC52A1;PLEKHA4;HS3ST6;FMO4;CYP4F11;GRHL1;HS3ST4;FA2H;FABP3;APOC2;CYP2S1;KCNS3;GNB4;HPSE;FOLR2;LGMN
Reactome_2022,SARS-CoV-2 Infection R-HSA-9694516,14/283,0.0912468890763765,0.434814987852217,0,0,1.5242435144102011,3.6493230611116,MOGAT2;RIPK2;STAT1;TMPRSS2;ISG15;NOD2;PARP9;IFIH1;IRAK2;RNASE7;GPC3;TLR8;TLR7;TLR2
Reactome_2022,Extra-nuclear Estrogen Signaling R-HSA-9009391,5/73,0.0955253601668178,0.4435425873289585,0,0,2.1465017825311943,5.040766471543258,SRC;GNG4;GNB4;MMP9;HBEGF
Reactome_2022,Activation Of Matrix Metalloproteinases R-HSA-1592389,3/33,0.0957607015705666,0.4435425873289585,0,0,2.916163141993957,6.841035546646329,MMP13;MMP1;MMP9
Reactome_2022,Oncogene Induced Senescence R-HSA-2559585,3/33,0.0957607015705666,0.4435425873289585,0,0,2.916163141993957,6.841035546646329,CDKN2B;CDKN2A;E2F2
Reactome_2022,Signal Amplification R-HSA-392518,3/33,0.0957607015705666,0.4435425873289585,0,0,2.916163141993957,6.841035546646329,SRC;GNG4;GNB4
Reactome_2022,G Alpha (Q) Signaling Events R-HSA-416476,11/212,0.0972732344894406,0.4435425873289585,0,0,1.6011228262357935,3.730986700899732,EDN1;EDN2;DAGLA;GPNMB;RIPK2;GNG4;PTAFR;FFAR4;GNB4;NTS;HBEGF
Reactome_2022,Heme Degradation R-HSA-189483,2/16,0.0974482728811406,0.4435425873289585,0,0,4.163111398405516,9.693528361982894,SLCO2B1;HMOX1
Reactome_2022,Nucleotide-like (Purinergic) Receptors R-HSA-418038,2/16,0.0974482728811406,0.4435425873289585,0,0,4.163111398405516,9.693528361982894,P2RY14;ADORA3
Reactome_2022,PI3K Events In ERBB2 Signaling R-HSA-1963642,2/16,0.0974482728811406,0.4435425873289585,0,0,4.163111398405516,9.693528361982894,NRG4;HBEGF
Reactome_2022,TRAF6-mediated Induction Of TAK1 Complex Within TLR4 Complex R-HSA-937072,2/16,0.0974482728811406,0.4435425873289585,0,0,4.163111398405516,9.693528361982894,IRAK2;TLR4
Reactome_2022,NLRP3 Inflammasome R-HSA-844456,2/16,0.0974482728811406,0.4435425873289585,0,0,4.163111398405516,9.693528361982894,P2RX7;HMOX1
Reactome_2022,Heparan Sulfate/Heparin (HS-GAG) Metabolism R-HSA-1638091,4/53,0.0991461849719547,0.4472594566512626,0,0,2.381796288863503,5.5047120777786445,GPC3;HS3ST6;HPSE;HS3ST4
Reactome_2022,Nuclear Receptor Transcription Pathway R-HSA-383280,4/53,0.0991461849719547,0.4472594566512626,0,0,2.381796288863503,5.5047120777786445,NR4A3;VDR;NR1H3;PPARG
Reactome_2022,Detoxification Of Reactive Oxygen Species R-HSA-3299685,3/34,0.102560943270354,0.4606166257495988,0,0,2.82194717863756,6.426414916036482,GPX2;NCF2;CYBB
Reactome_2022,Sensory Processing Of Sound R-HSA-9659379,5/75,0.1041882975705534,0.4658639737185541,0,0,2.08495670995671,4.715245238259472,MYO1E;KCNMA1;EPB41L3;CDH23;MYO7A
Reactome_2022,Glycosaminoglycan Metabolism R-HSA-1630316,7/120,0.1054596993792188,0.4694806792539786,0,0,1.8096403690453773,4.070652812403885,CHST9;GPC3;HAS2;HPSE;HS3ST6;HS3ST4;ARSB
Reactome_2022,Biosynthesis Of DHA-derived SPMs R-HSA-9018677,2/17,0.1080984423255585,0.4733121871900768,0,0,3.885369532428356,8.643831968763203,ALOX15;CYP2E1
Reactome_2022,GAB1 Signalosome R-HSA-180292,2/17,0.1080984423255585,0.4733121871900768,0,0,3.885369532428356,8.643831968763203,SRC;HBEGF
Reactome_2022,Gastrulation R-HSA-9758941,2/17,0.1080984423255585,0.4733121871900768,0,0,3.885369532428356,8.643831968763203,SOX2;GSC
Reactome_2022,Visual Phototransduction R-HSA-2187338,6/98,0.1081856427863032,0.4733121871900768,0,0,1.9043676189219505,4.235135740947502,DHRS9;APOC2;GPC3;LPL;MYO7A;APOE
Reactome_2022,Complement Cascade R-HSA-166658,4/55,0.1098210745549439,0.4784051101856998,0,0,2.2881552015662545,5.054312505908777,C1QB;C1QA;C3AR1;C1QC
Reactome_2022,Regulation Of Insulin Secretion R-HSA-422356,5/77,0.1132250720889205,0.491125846881429,0,0,2.026830808080808,4.415202938436719,GNG4;KCNS3;GNB4;CD36;AKAP5
Reactome_2022,Aberrant Regulation Of Mitotic Cell Cycle Due To RB1 Defects R-HSA-9687139,3/36,0.116710037461015,0.4986086864060356,0,0,2.650645427080472,5.693752659202398,CCNE2;CCNE1;E2F2
Reactome_2022,Platelet Aggregation (Plug Formation) R-HSA-76009,3/36,0.116710037461015,0.4986086864060356,0,0,2.650645427080472,5.693752659202398,SYK;SRC;FN1
Reactome_2022,Acyl Chain Remodelling Of PG R-HSA-1482925,2/18,0.1190388105213596,0.4986086864060356,0,0,3.642345399698341,7.752024476302041,PLA2G2F;PLA2G2D
Reactome_2022,Defective GALNT12 Causes CRCS1 R-HSA-5083636,2/18,0.1190388105213596,0.4986086864060356,0,0,3.642345399698341,7.752024476302041,MUC20;MUC21
Reactome_2022,Defective GALNT3 Causes HFTC R-HSA-5083625,2/18,0.1190388105213596,0.4986086864060356,0,0,3.642345399698341,7.752024476302041,MUC20;MUC21
Reactome_2022,G Beta:Gamma Signaling Thru BTK R-HSA-8964315,2/18,0.1190388105213596,0.4986086864060356,0,0,3.642345399698341,7.752024476302041,GNG4;GNB4
Reactome_2022,Regulation Of NF-kappa B Signaling R-HSA-9758274,2/18,0.1190388105213596,0.4986086864060356,0,0,3.642345399698341,7.752024476302041,NLRC5;USP18
Reactome_2022,Regulation Of Signaling By CBL R-HSA-912631,2/18,0.1190388105213596,0.4986086864060356,0,0,3.642345399698341,7.752024476302041,SYK;BLNK
Reactome_2022,SARS-CoV-2-host Interactions R-HSA-9705683,10/196,0.119371340686371,0.4986086864060356,0,0,1.5717803496675695,3.3408444932455974,IFIH1;RIPK2;STAT1;IRAK2;RNASE7;TLR8;TLR7;ISG15;NOD2;TLR2
Reactome_2022,NRAGE Signals Death Thru JNK R-HSA-193648,4/57,0.1209848660957507,0.5012230166823961,0,0,2.201581366140496,4.649937579871295,PLEKHG2;BCL2L11;ECT2;RNASE1
Reactome_2022,Signaling By ERBB4 R-HSA-1236394,4/57,0.1209848660957507,0.5012230166823961,0,0,2.201581366140496,4.649937579871295,NRG4;SRC;APOE;HBEGF
Reactome_2022,Amyloid Fiber Formation R-HSA-977225,5/79,0.1226242243342247,0.505949543492838,0,0,1.9718468468468469,4.138178302122518,H2AC14;H2BC5;APOE;TGFBI;LYZ
Reactome_2022,Fatty Acid Metabolism R-HSA-8978868,9/173,0.123723669332788,0.5076772391320048,0,0,1.6037607822724569,3.351386401475584,CYP2J2;FA2H;GPX2;SYCP2;ALOX15;CYP4B1;CYP4F11;SLC27A2;ABCD1
Reactome_2022,Triglyceride Metabolism R-HSA-8979227,3/37,0.1240433057189528,0.5076772391320048,0,0,2.5725519815176825,5.369236357360326,FABP3;GK;MOGAT2
Reactome_2022,Cardiac Conduction R-HSA-5576891,7/126,0.1271668820453289,0.5163748191230962,0,0,1.7178616127301984,3.542668740109544,RYR1;MMP12;KCNJ14;SCN2A;CLIC2;SLC8A1;KCNJ2
Reactome_2022,Ion Channel Transport R-HSA-983712,9/175,0.1300891624570858,0.5163748191230962,0,0,1.5842730678812813,3.231180686090343,RYR1;TRPM2;ATP8B4;TTYH3;TTYH1;ATP2C2;CLIC2;MCOLN2;CLCA4
Reactome_2022,Biosynthesis Of Specialized Proresolving Mediators (SPMs) R-HSA-9018678,2/19,0.1302383780251356,0.5163748191230962,0,0,3.427912341407151,6.987418228807119,ALOX15;CYP2E1
Reactome_2022,Defective C1GALT1C1 Causes TNPS R-HSA-5083632,2/19,0.1302383780251356,0.5163748191230962,0,0,3.427912341407151,6.987418228807119,MUC20;MUC21
Reactome_2022,Phase 4 - Resting Membrane Potential R-HSA-5576886,2/19,0.1302383780251356,0.5163748191230962,0,0,3.427912341407151,6.987418228807119,KCNJ14;KCNJ2
Reactome_2022,Prostacyclin Signaling Thru Prostacyclin Receptor R-HSA-392851,2/19,0.1302383780251356,0.5163748191230962,0,0,3.427912341407151,6.987418228807119,GNG4;GNB4
Reactome_2022,Signaling By KIT In Disease R-HSA-9669938,2/19,0.1302383780251356,0.5163748191230962,0,0,3.427912341407151,6.987418228807119,SRC;STAT1
Reactome_2022,"Synthesis, Secretion, And Deacylation Of Ghrelin R-HSA-422085",2/19,0.1302383780251356,0.5163748191230962,0,0,3.427912341407151,6.987418228807119,ACHE;PLA2G7
Reactome_2022,Diseases Of Mitotic Cell Cycle R-HSA-9675126,3/38,0.1315385412500542,0.5195004644700586,0,0,2.4989210185584807,5.068949786670471,CCNE2;CCNE1;E2F2
Reactome_2022,DDX58/IFIH1-mediated Induction Of Interferon-Alpha/Beta R-HSA-168928,5/81,0.1323731532699885,0.5196985906129276,0,0,1.9197567783094096,3.8819985917548063,HERC5;IFIH1;NLRC5;TNFAIP3;ISG15
Reactome_2022,Transcriptional Regulation Of Granulopoiesis R-HSA-9616222,4/59,0.1326127438115746,0.5196985906129276,0,0,2.121303809654793,4.285716964642881,CEBPA;H2AC14;H2BC5;MYB
Reactome_2022,Meiotic Synapsis R-HSA-1221632,4/60,0.1385925514757537,0.5407657839486361,0,0,2.083315323103523,4.1170830221009735,H2AC14;SYCP2;H2BC5;SMC1B
Reactome_2022,Synthesis Of PA R-HSA-1483166,3/39,0.1391878055573008,0.5407657839486361,0,0,2.429380664652568,4.790571380321603,PLA2G2F;PLA2G2D;LIPH
Reactome_2022,G Beta:Gamma Signaling Thru CDC42 R-HSA-8964616,2/20,0.1416678804846292,0.5407657839486361,0,0,3.237305178481649,6.326567842867542,GNG4;GNB4
Reactome_2022,G Beta:Gamma Signaling Thru PLC Beta R-HSA-418217,2/20,0.1416678804846292,0.5407657839486361,0,0,3.237305178481649,6.326567842867542,GNG4;GNB4
Reactome_2022,"Platelet Activation, Signaling And Aggregation R-HSA-76002",12/254,0.1416925666282505,0.5407657839486361,0,0,1.4498626808246744,2.833170273862477,ECM1;DAGLA;SYK;SRC;GNG4;PLEK;FN1;GNB4;CD36;LHFPL2;RNASE1;PIK3R6
Reactome_2022,Nuclear Events (Kinase And Transcription Factor Activation) R-HSA-198725,4/61,0.1446784258470936,0.5407657839486361,0,0,2.046659765904929,3.95668811198696,EGR2;EGR3;TRIB1;F3
Reactome_2022,MyD88-independent TLR4 Cascade R-HSA-166166,6/107,0.1462406645842652,0.5407657839486361,0,0,1.733860184197479,3.333349024780694,IRAK2;RIPK2;NLRC5;NOD2;TLR4;USP18
Reactome_2022,RHO GTPases Activate PKNs R-HSA-5625740,4/62,0.1508668981015631,0.5407657839486361,0,0,2.0112681934373207,3.804026780752167,H2AC14;H2BC5;MYH14;RNASE1
Reactome_2022,Infectious Disease R-HSA-5663205,38/961,0.1532115131041441,0.5407657839486361,0,0,1.208969434321547,2.267949132037271,SRC;MOGAT2;WIPF3;TMPRSS2;ADM;ADRB1;GPR84;NOD2;IFIH1;H2AC14;IRAK2;GNG4;MRC1;RNASE7;C3AR1;GPC3;BLNK;HMOX1;FCGR1A;IL10;CD163;SYK;H2BC5;RIPK2;STAT1;ISG15;PARP9;RNASE1;P2RX7;MYO1E;IL1A;XK;GNB4;TLR8;TLR7;EZH2;HBEGF;TLR2
Reactome_2022,Azathioprine ADME R-HSA-9748787,2/21,0.1532997078267371,0.5407657839486361,0,0,3.066761927443042,5.751283871882412,RNASE1;XDH
Reactome_2022,Deregulated CDK5 Triggers Neurodegenerative Pathways In Alzheimers Disease Models R-HSA-8862803,2/21,0.1532997078267371,0.5407657839486361,0,0,3.066761927443042,5.751283871882412,BCL2L11;CAPNS2
Reactome_2022,HS-GAG Degradation R-HSA-2024096,2/21,0.1532997078267371,0.5407657839486361,0,0,3.066761927443042,5.751283871882412,GPC3;HPSE
Reactome_2022,Nitric Oxide Stimulates Guanylate Cyclase R-HSA-392154,2/21,0.1532997078267371,0.5407657839486361,0,0,3.066761927443042,5.751283871882412,KCNMA1;KCNMB3
Reactome_2022,Presynaptic Function Of Kainate Receptors R-HSA-500657,2/21,0.1532997078267371,0.5407657839486361,0,0,3.066761927443042,5.751283871882412,GNG4;GNB4
Reactome_2022,RHO GTPases Activate PAKs R-HSA-5627123,2/21,0.1532997078267371,0.5407657839486361,0,0,3.066761927443042,5.751283871882412,MYH14;RNASE1
Reactome_2022,SHC1 Events In ERBB2 Signaling R-HSA-1250196,2/21,0.1532997078267371,0.5407657839486361,0,0,3.066761927443042,5.751283871882412,NRG4;HBEGF
Reactome_2022,Signaling By ERBB2 TMD/JMD Mutants R-HSA-9665686,2/21,0.1532997078267371,0.5407657839486361,0,0,3.066761927443042,5.751283871882412,NRG4;HBEGF
Reactome_2022,Acetylcholine Inhibits Contraction Of Outer Hair Cells R-HSA-9667769,1/5,0.1555700580423662,0.5407657839486361,0,0,7.278237951807229,13.54231978462842,KCNMA1
Reactome_2022,Activated NTRK2 Signals Thru CDK5 R-HSA-9032845,1/5,0.1555700580423662,0.5407657839486361,0,0,7.278237951807229,13.54231978462842,RNASE1
Reactome_2022,Arachidonate Production From DAG R-HSA-426048,1/5,0.1555700580423662,0.5407657839486361,0,0,7.278237951807229,13.54231978462842,DAGLA
Reactome_2022,Attachment And Entry R-HSA-9678110,1/5,0.1555700580423662,0.5407657839486361,0,0,7.278237951807229,13.54231978462842,TMPRSS2
Reactome_2022,Biosynthesis Of E-series 18(S)-resolvins R-HSA-9018896,1/5,0.1555700580423662,0.5407657839486361,0,0,7.278237951807229,13.54231978462842,ALOX15
Reactome_2022,Chylomicron Clearance R-HSA-8964026,1/5,0.1555700580423662,0.5407657839486361,0,0,7.278237951807229,13.54231978462842,APOE
Reactome_2022,Extrinsic Pathway Of Fibrin Clot Formation R-HSA-140834,1/5,0.1555700580423662,0.5407657839486361,0,0,7.278237951807229,13.54231978462842,F3
Reactome_2022,Free Fatty Acid Receptors R-HSA-444209,1/5,0.1555700580423662,0.5407657839486361,0,0,7.278237951807229,13.54231978462842,FFAR4
Reactome_2022,Intestinal Absorption R-HSA-8963676,1/5,0.1555700580423662,0.5407657839486361,0,0,7.278237951807229,13.54231978462842,SLC2A5
Reactome_2022,MECP2 Regulates Transcription Factors R-HSA-9022707,1/5,0.1555700580423662,0.5407657839486361,0,0,7.278237951807229,13.54231978462842,PPARG
Reactome_2022,NR1H2 And NR1H3 Regulate Gene Expression Linked To Gluconeogenesis R-HSA-9632974,1/5,0.1555700580423662,0.5407657839486361,0,0,7.278237951807229,13.54231978462842,NR1H3
Reactome_2022,NR1H2 And NR1H3 Regulate Gene Expression Linked To Triglyceride Lipolysis In Adipose R-HSA-9031528,1/5,0.1555700580423662,0.5407657839486361,0,0,7.278237951807229,13.54231978462842,NR1H3
Reactome_2022,NR1H2 And NR1H3 Regulate Gene Expression To Limit Cholesterol Uptake R-HSA-9031525,1/5,0.1555700580423662,0.5407657839486361,0,0,7.278237951807229,13.54231978462842,NR1H3
Reactome_2022,RUNX3 Regulates BCL2L11 (BIM) Transcription R-HSA-8952158,1/5,0.1555700580423662,0.5407657839486361,0,0,7.278237951807229,13.54231978462842,BCL2L11
Reactome_2022,Regulation Of HMOX1 Expression And Activity R-HSA-9707587,1/5,0.1555700580423662,0.5407657839486361,0,0,7.278237951807229,13.54231978462842,HMOX1
Reactome_2022,VLDL Clearance R-HSA-8964046,1/5,0.1555700580423662,0.5407657839486361,0,0,7.278237951807229,13.54231978462842,APOC1
Reactome_2022,Metabolism Of Carbohydrates R-HSA-71387,13/285,0.1564226251991282,0.5418735992393007,0,0,1.3973915102850956,2.5924320645653296,CHST9;PFKFB4;SLC37A2;HS3ST6;FUT1;HS3ST4;RNASE7;GPC3;HAS2;NHLRC1;HPSE;FBP1;ARSB
Reactome_2022,Defective Pyroptosis R-HSA-9710421,3/42,0.1629803027909168,0.5588682680161506,0,0,2.2421566349058795,4.067554484340266,H2AC14;H2BC5;EZH2
Reactome_2022,PRC2 Methylates Histones And DNA R-HSA-212300,3/42,0.1629803027909168,0.5588682680161506,0,0,2.2421566349058795,4.067554484340266,H2AC14;H2BC5;EZH2
Reactome_2022,RND1 GTPase Cycle R-HSA-9696273,3/42,0.1629803027909168,0.5588682680161506,0,0,2.2421566349058795,4.067554484340266,KIF14;EPSTI1;EPHA2
Reactome_2022,RAC2 GTPase Cycle R-HSA-9013404,5/87,0.1635778006603775,0.5590285106743541,0,0,1.778732446415373,3.220335607739985,DOCK4;NCF2;CYBB;DSG2;EPHA2
Reactome_2022,ADP Signaling Thru P2Y Purinoceptor 12 R-HSA-392170,2/22,0.1651078269231411,0.5604830913946096,0,0,2.9132730015082955,5.247260667072598,GNG4;GNB4
Reactome_2022,Acyl Chain Remodelling Of PS R-HSA-1482801,2/22,0.1651078269231411,0.5604830913946096,0,0,2.9132730015082955,5.247260667072598,PLA2G2F;PLA2G2D
Reactome_2022,Metabolism Of Vitamins And Cofactors R-HSA-196854,9/186,0.1680489323811013,0.5680283860576589,0,0,1.4849627945431996,2.648431259619924,GCH1;APOC2;GPC3;LPL;SLC52A1;ACP5;APOE;PARP9;FOLR2
Reactome_2022,Meiosis R-HSA-1500620,5/88,0.1690440965298638,0.5680283860576589,0,0,1.7572106608251186,3.123610065267948,H2AC14;SYCP2;H2BC5;ARTN;SMC1B
Reactome_2022,p53-Dependent G1 DNA Damage Response R-HSA-69563,4/65,0.170012392727665,0.5680283860576589,0,0,1.912055752585501,3.3879408922280274,CCNE2;CCNE1;CDKN2A;ZNF385A
Reactome_2022,SARS-CoV Infections R-HSA-9679506,16/369,0.1701385301439138,0.5680283860576589,0,0,1.3256917375609458,2.34798870065267,SYK;MOGAT2;RIPK2;STAT1;TMPRSS2;ISG15;NOD2;PARP9;IFIH1;IRAK2;RNASE7;GPC3;BLNK;TLR8;TLR7;TLR2
Reactome_2022,GPER1 Signaling R-HSA-9634597,3/43,0.1711663294406717,0.5680283860576589,0,0,2.185989425981873,3.858532581055487,SRC;GNG4;GNB4
Reactome_2022,"Transport Of Vitamins, Nucleosides, And Related Molecules R-HSA-425397",3/43,0.1711663294406717,0.5680283860576589,0,0,2.185989425981873,3.858532581055487,SLCO4A1;SLCO2B1;SLC29A3
Reactome_2022,ESR-mediated Signaling R-HSA-8939211,9/188,0.1754596180501445,0.5680283860576589,0,0,1.4682177408366262,2.555207399679309,FOXA1;H2AC14;H2BC5;SRC;GNG4;MYB;GNB4;MMP9;HBEGF
Reactome_2022,Integrin Cell Surface Interactions R-HSA-216083,4/66,0.1765755263503883,0.5680283860576589,0,0,1.881118539846762,3.261871931127214,ITGAM;FN1;ICAM4;ICAM1
Reactome_2022,CD28 Dependent PI3K/Akt Signaling R-HSA-389357,2/23,0.1770677073759409,0.5680283860576589,0,0,2.7744020685197155,4.803108927529514,CD86;CD80
Reactome_2022,RAF-independent MAPK1/3 Activation R-HSA-112409,2/23,0.1770677073759409,0.5680283860576589,0,0,2.7744020685197155,4.803108927529514,DUSP5;DUSP10
Reactome_2022,Signaling By NTRK2 (TRKB) R-HSA-9006115,2/23,0.1770677073759409,0.5680283860576589,0,0,2.7744020685197155,4.803108927529514,SRC;RNASE1
Reactome_2022,Canonical Retinoid Cycle In Rods (Twilight Vision) R-HSA-2453902,2/23,0.1770677073759409,0.5680283860576589,0,0,2.7744020685197155,4.803108927529514,DHRS9;MYO7A
Reactome_2022,Chaperonin-mediated Protein Folding R-HSA-390466,5/90,0.1801860500450496,0.5680283860576589,0,0,1.7156862745098038,2.9402836896501783,CCNE2;TUBB3;CCNE1;GNG4;GNB4
Reactome_2022,G1/S DNA Damage Checkpoints R-HSA-69615,4/67,0.1832231973176674,0.5680283860576589,0,0,1.8511634608457603,3.1415173433881685,CCNE2;CCNE1;CDKN2A;ZNF385A
Reactome_2022,Activated NTRK3 Signals Thru PI3K R-HSA-9603381,1/6,0.1836543355037968,0.5680283860576589,0,0,5.822289156626506,9.867032848996889,SRC
Reactome_2022,Alpha-oxidation Of Phytanate R-HSA-389599,1/6,0.1836543355037968,0.5680283860576589,0,0,5.822289156626506,9.867032848996889,SLC27A2
Reactome_2022,Biosynthesis Of EPA-derived SPMs R-HSA-9018679,1/6,0.1836543355037968,0.5680283860576589,0,0,5.822289156626506,9.867032848996889,ALOX15
Reactome_2022,Biosynthesis Of Maresin-Like SPMs R-HSA-9027307,1/6,0.1836543355037968,0.5680283860576589,0,0,5.822289156626506,9.867032848996889,CYP2E1
Reactome_2022,Entry Of Influenza Virion Into Host Cell Via Endocytosis R-HSA-168275,1/6,0.1836543355037968,0.5680283860576589,0,0,5.822289156626506,9.867032848996889,XK
Reactome_2022,FLT3 Signaling Thru SRC Family Kinases R-HSA-9706374,1/6,0.1836543355037968,0.5680283860576589,0,0,5.822289156626506,9.867032848996889,SYK
Reactome_2022,PTK6 Regulates Cell Cycle R-HSA-8849470,1/6,0.1836543355037968,0.5680283860576589,0,0,5.822289156626506,9.867032848996889,CCNE1
Reactome_2022,Phenylalanine Metabolism R-HSA-8964208,1/6,0.1836543355037968,0.5680283860576589,0,0,5.822289156626506,9.867032848996889,IL4I1
Reactome_2022,Scavenging By Class B Receptors R-HSA-3000471,1/6,0.1836543355037968,0.5680283860576589,0,0,5.822289156626506,9.867032848996889,CD36
Reactome_2022,Scavenging By Class F Receptors R-HSA-3000484,1/6,0.1836543355037968,0.5680283860576589,0,0,5.822289156626506,9.867032848996889,SCARF1
Reactome_2022,Sensing Of DNA Double Strand Breaks R-HSA-5693548,1/6,0.1836543355037968,0.5680283860576589,0,0,5.822289156626506,9.867032848996889,ARTN
Reactome_2022,Signaling By LRP5 Mutants R-HSA-5339717,1/6,0.1836543355037968,0.5680283860576589,0,0,5.822289156626506,9.867032848996889,KREMEN2
Reactome_2022,Uptake And Function Of Diphtheria Toxin R-HSA-5336415,1/6,0.1836543355037968,0.5680283860576589,0,0,5.822289156626506,9.867032848996889,HBEGF
Reactome_2022,Virus Assembly And Release R-HSA-168268,1/6,0.1836543355037968,0.5680283860576589,0,0,5.822289156626506,9.867032848996889,XK
Reactome_2022,Vitamins R-HSA-211916,1/6,0.1836543355037968,0.5680283860576589,0,0,5.822289156626506,9.867032848996889,CYP27B1
Reactome_2022,Activation Of HOX Genes During Differentiation R-HSA-5619507,5/91,0.1858574773593233,0.5680283860576589,0,0,1.695648343904158,2.8533948958289,EGR2;H2AC14;H2BC5;HOXD1;EZH2
Reactome_2022,Bile Acid And Bile Salt Metabolism R-HSA-194068,3/45,0.1878742444529555,0.5680283860576589,0,0,2.081678895123004,3.480530584298319,STARD5;SYCP2;SLC27A2
Reactome_2022,Heme Signaling R-HSA-9707616,3/45,0.1878742444529555,0.5680283860576589,0,0,2.081678895123004,3.480530584298319,HELZ2;HMOX1;TLR4
Reactome_2022,G-protein Activation R-HSA-202040,2/24,0.1891562507265898,0.5680283860576589,0,0,2.6481557658028247,4.409661002058356,GNG4;GNB4
Reactome_2022,Growth Hormone Receptor Signaling R-HSA-982772,2/24,0.1891562507265898,0.5680283860576589,0,0,2.6481557658028247,4.409661002058356,GHR;STAT1
Reactome_2022,Impaired BRCA2 Binding To PALB2 R-HSA-9709603,2/24,0.1891562507265898,0.5680283860576589,0,0,2.6481557658028247,4.409661002058356,RMI2;ARTN
Reactome_2022,Sema4D In Semaphorin Signaling R-HSA-400685,2/24,0.1891562507265898,0.5680283860576589,0,0,2.6481557658028247,4.409661002058356,MYH14;RNASE1
Reactome_2022,Signaling By ERBB2 KD Mutants R-HSA-9664565,2/24,0.1891562507265898,0.5680283860576589,0,0,2.6481557658028247,4.409661002058356,NRG4;HBEGF
Reactome_2022,Synthesis Of Bile Acids And Bile Salts Via 7Alpha-Hydroxycholesterol R-HSA-193368,2/24,0.1891562507265898,0.5680283860576589,0,0,2.6481557658028247,4.409661002058356,SYCP2;SLC27A2
Reactome_2022,Thromboxane Signaling Thru TP Receptor R-HSA-428930,2/24,0.1891562507265898,0.5680283860576589,0,0,2.6481557658028247,4.409661002058356,GNG4;GNB4
Reactome_2022,Transmission Across Chemical Synapses R-HSA-112315,11/246,0.1979044761277588,0.5906705156113718,0,0,1.367037543106253,2.2145609139560354,ACHE;KCNJ5;SRC;GNG4;GAD1;UBD;GNB4;SLC1A3;AKAP5;RNASE1;KCNJ2
Reactome_2022,Basigin Interactions R-HSA-210991,2/25,0.2013517225630883,0.5906705156113718,0,0,2.53288740245262,4.059463798522376,SLC7A7;MMP1
Reactome_2022,Defective HDR Thru Homologous Recombination (HRR) Due To BRCA1 Loss-Of-Function R-HSA-9701192,2/25,0.2013517225630883,0.5906705156113718,0,0,2.53288740245262,4.059463798522376,RMI2;ARTN
Reactome_2022,Inactivation Of CSF3 (G-CSF) Signaling R-HSA-9705462,2/25,0.2013517225630883,0.5906705156113718,0,0,2.53288740245262,4.059463798522376,SYK;STAT1
Reactome_2022,Regulation Of IFNA/IFNB Signaling R-HSA-912694,2/25,0.2013517225630883,0.5906705156113718,0,0,2.53288740245262,4.059463798522376,STAT1;USP18
Reactome_2022,Signaling By ERBB2 In Cancer R-HSA-1227990,2/25,0.2013517225630883,0.5906705156113718,0,0,2.53288740245262,4.059463798522376,NRG4;HBEGF
Reactome_2022,TRP Channels R-HSA-3295583,2/25,0.2013517225630883,0.5906705156113718,0,0,2.53288740245262,4.059463798522376,TRPM2;MCOLN2
Reactome_2022,Termination Of O-glycan Biosynthesis R-HSA-977068,2/25,0.2013517225630883,0.5906705156113718,0,0,2.53288740245262,4.059463798522376,MUC20;MUC21
Reactome_2022,P75 NTR Receptor-Mediated Signaling R-HSA-193704,5/95,0.2091622396498849,0.596011213827526,0,0,1.619949494949495,2.534645977781919,PLEKHG2;BCL2L11;RIPK2;ECT2;RNASE1
Reactome_2022,Activation Of RAC1 Downstream Of NMDARs R-HSA-9619229,1/7,0.2108059367133811,0.596011213827526,0,0,4.851656626506024,7.553142969486642,RNASE1
Reactome_2022,Attachment Of GPI Anchor To uPAR R-HSA-162791,1/7,0.2108059367133811,0.596011213827526,0,0,4.851656626506024,7.553142969486642,PLAUR
Reactome_2022,Cation-coupled Chloride Cotransporters R-HSA-426117,1/7,0.2108059367133811,0.596011213827526,0,0,4.851656626506024,7.553142969486642,SLC12A5
Reactome_2022,Defective CSF2RA Causes SMDP4 R-HSA-5688890,1/7,0.2108059367133811,0.596011213827526,0,0,4.851656626506024,7.553142969486642,CSF2RA
Reactome_2022,Digestion Of Dietary Lipid R-HSA-192456,1/7,0.2108059367133811,0.596011213827526,0,0,4.851656626506024,7.553142969486642,CEL
Reactome_2022,Glycerophospholipid Catabolism R-HSA-6814848,1/7,0.2108059367133811,0.596011213827526,0,0,4.851656626506024,7.553142969486642,GDPD3
Reactome_2022,HDL Assembly R-HSA-8963896,1/7,0.2108059367133811,0.596011213827526,0,0,4.851656626506024,7.553142969486642,ABCA1
Reactome_2022,Inactivation Of CDC42 And RAC1 R-HSA-428543,1/7,0.2108059367133811,0.596011213827526,0,0,4.851656626506024,7.553142969486642,RNASE1
Reactome_2022,Interleukin-36 Pathway R-HSA-9014826,1/7,0.2108059367133811,0.596011213827526,0,0,4.851656626506024,7.553142969486642,IL36G
Reactome_2022,Nectin/Necl Trans Heterodimerization R-HSA-420597,1/7,0.2108059367133811,0.596011213827526,0,0,4.851656626506024,7.553142969486642,NECTIN4
Reactome_2022,Signaling By MAPK Mutants R-HSA-9652817,1/7,0.2108059367133811,0.596011213827526,0,0,4.851656626506024,7.553142969486642,DUSP10
Reactome_2022,TYSND1 Cleaves Peroxisomal Proteins R-HSA-9033500,1/7,0.2108059367133811,0.596011213827526,0,0,4.851656626506024,7.553142969486642,SYCP2
Reactome_2022,Infection With Mycobacterium Tuberculosis R-HSA-9635486,2/26,0.213633687582967,0.5966095963893441,0,0,2.4272247360482653,3.746403105341051,MRC1;TLR2
Reactome_2022,Interleukin-20 Family Signaling R-HSA-8854691,2/26,0.213633687582967,0.5966095963893441,0,0,2.4272247360482653,3.746403105341051,IL10RB;STAT1
Reactome_2022,Platelet Calcium Homeostasis R-HSA-418360,2/26,0.213633687582967,0.5966095963893441,0,0,2.4272247360482653,3.746403105341051,P2RX7;SLC8A1
Reactome_2022,Role Of Phospholipids In Phagocytosis R-HSA-2029485,2/26,0.213633687582967,0.5966095963893441,0,0,2.4272247360482653,3.746403105341051,SYK;FCGR1A
Reactome_2022,HCMV Early Events R-HSA-9609690,5/96,0.2151321303236452,0.5966095963893441,0,0,1.602064602064602,2.461576874976753,H2AC14;H2BC5;RNASE7;RNASE1;EZH2
Reactome_2022,MyD88 Cascade Initiated On Plasma Membrane R-HSA-975871,5/96,0.2151321303236452,0.5966095963893441,0,0,1.602064602064602,2.461576874976753,RIPK2;IRAK2;NLRC5;NOD2;USP18
Reactome_2022,Protein Folding R-HSA-391251,5/96,0.2151321303236452,0.5966095963893441,0,0,1.602064602064602,2.461576874976753,CCNE2;TUBB3;CCNE1;GNG4;GNB4
Reactome_2022,Mitotic G1 Phase And G1/S Transition R-HSA-453279,7/147,0.2182631022829225,0.5989039686635943,0,0,1.4585866261398177,2.220047685522432,CDKN2B;CCNE2;CCNE1;SRC;CDKN2A;POLE2;E2F2
Reactome_2022,Netrin-1 Signaling R-HSA-373752,3/49,0.2224204257551598,0.5989039686635943,0,0,1.900269276238014,2.8564579411958766,ABLIM3;SRC;RNASE1
Reactome_2022,Signaling By ERBB2 R-HSA-1227986,3/49,0.2224204257551598,0.5989039686635943,0,0,1.900269276238014,2.8564579411958766,NRG4;SRC;HBEGF
Reactome_2022,G0 And Early G1 R-HSA-1538133,2/27,0.225982947410319,0.5989039686635943,0,0,2.33001508295626,3.465421498845892,CCNE2;CCNE1
Reactome_2022,Gap Junction Trafficking And Regulation R-HSA-157858,2/27,0.225982947410319,0.5989039686635943,0,0,2.33001508295626,3.465421498845892,GJB4;SRC
Reactome_2022,Interleukin Receptor SHC Signaling R-HSA-912526,2/27,0.225982947410319,0.5989039686635943,0,0,2.33001508295626,3.465421498845892,IL2RA;CSF2RA
Reactome_2022,Resolution Of D-loop Structures Thru Synthesis-Dependent Strand Annealing (SDSA) R-HSA-5693554,2/27,0.225982947410319,0.5989039686635943,0,0,2.33001508295626,3.465421498845892,RMI2;ARTN
Reactome_2022,Chondroitin Sulfate/Dermatan Sulfate Metabolism R-HSA-1793185,3/50,0.231249362939094,0.5989039686635943,0,0,1.859741595423282,2.7231427317209618,CHST9;GPC3;ARSB
Reactome_2022,Ion Homeostasis R-HSA-5578775,3/50,0.231249362939094,0.5989039686635943,0,0,1.859741595423282,2.7231427317209618,RYR1;CLIC2;SLC8A1
Reactome_2022,"Cell Death Signaling Via NRAGE, NRIF And NADE R-HSA-204998",4/74,0.2318115456933078,0.5989039686635943,0,0,1.6654419710395505,2.434593936627523,PLEKHG2;BCL2L11;ECT2;RNASE1
Reactome_2022,Disorders Of Transmembrane Transporters R-HSA-5619115,8/176,0.2325625496702526,0.5989039686635943,0,0,1.3892150467492934,2.026303592704946,ABCA1;SLC7A7;SLC9A7;RNASE7;SLC1A3;ABCA12;ABCD1;SLC29A3
Reactome_2022,SLC Transporter Disorders R-HSA-5619102,5/99,0.2333507283937187,0.5989039686635943,0,0,1.550693101225016,2.2565882716412293,SLC7A7;SLC9A7;RNASE7;SLC1A3;SLC29A3
Reactome_2022,Biosynthesis Of Maresins R-HSA-9018682,1/8,0.2370557901163459,0.5989039686635943,0,0,4.158347676419965,5.985774165822479,CYP2E1
Reactome_2022,CREB3 Factors Activate Genes R-HSA-8874211,1/8,0.2370557901163459,0.5989039686635943,0,0,4.158347676419965,5.985774165822479,DCSTAMP
Reactome_2022,DNA Replication Initiation R-HSA-68952,1/8,0.2370557901163459,0.5989039686635943,0,0,4.158347676419965,5.985774165822479,POLE2
Reactome_2022,EGFR Transactivation By Gastrin R-HSA-2179392,1/8,0.2370557901163459,0.5989039686635943,0,0,4.158347676419965,5.985774165822479,HBEGF
Reactome_2022,Formation Of Editosome R-HSA-75094,1/8,0.2370557901163459,0.5989039686635943,0,0,4.158347676419965,5.985774165822479,APOBEC3B
Reactome_2022,Formyl Peptide Receptors Bind Formyl Peptides And Many Other Ligands R-HSA-444473,1/8,0.2370557901163459,0.5989039686635943,0,0,4.158347676419965,5.985774165822479,FPR3
Reactome_2022,Inhibition Of Signaling By Overexpressed EGFR R-HSA-5638303,1/8,0.2370557901163459,0.5989039686635943,0,0,4.158347676419965,5.985774165822479,HBEGF
Reactome_2022,InlA-mediated Entry Of Listeria Monocytogenes Into Host Cells R-HSA-8876493,1/8,0.2370557901163459,0.5989039686635943,0,0,4.158347676419965,5.985774165822479,SRC
Reactome_2022,Interleukin-18 Signaling R-HSA-9012546,1/8,0.2370557901163459,0.5989039686635943,0,0,4.158347676419965,5.985774165822479,IL18BP
Reactome_2022,Ligand-receptor Interactions R-HSA-5632681,1/8,0.2370557901163459,0.5989039686635943,0,0,4.158347676419965,5.985774165822479,CDON
Reactome_2022,Linoleic Acid (LA) Metabolism R-HSA-2046105,1/8,0.2370557901163459,0.5989039686635943,0,0,4.158347676419965,5.985774165822479,ABCD1
Reactome_2022,Myoclonic Epilepsy Of Lafora R-HSA-3785653,1/8,0.2370557901163459,0.5989039686635943,0,0,4.158347676419965,5.985774165822479,NHLRC1
Reactome_2022,Nef And Signal Transduction R-HSA-164944,1/8,0.2370557901163459,0.5989039686635943,0,0,4.158347676419965,5.985774165822479,RNASE1
Reactome_2022,Netrin Mediated Repulsion Signals R-HSA-418886,1/8,0.2370557901163459,0.5989039686635943,0,0,4.158347676419965,5.985774165822479,SRC
Reactome_2022,ROBO Receptors Bind AKAP5 R-HSA-9010642,1/8,0.2370557901163459,0.5989039686635943,0,0,4.158347676419965,5.985774165822479,AKAP5
Reactome_2022,RUNX1 Regulates Transcription Of Genes Involved In Differentiation Of Keratinocytes R-HSA-8939242,1/8,0.2370557901163459,0.5989039686635943,0,0,4.158347676419965,5.985774165822479,SERPINB13
Reactome_2022,RUNX2 Regulates Genes Involved In Cell Migration R-HSA-8941332,1/8,0.2370557901163459,0.5989039686635943,0,0,4.158347676419965,5.985774165822479,MMP13
Reactome_2022,Sema4D Mediated Inhibition Of Cell Attachment And Migration R-HSA-416550,1/8,0.2370557901163459,0.5989039686635943,0,0,4.158347676419965,5.985774165822479,RNASE1
Reactome_2022,Sodium/Proton Exchangers R-HSA-425986,1/8,0.2370557901163459,0.5989039686635943,0,0,4.158347676419965,5.985774165822479,SLC9A7
Reactome_2022,Synthesis Of UDP-N-acetyl-glucosamine R-HSA-446210,1/8,0.2370557901163459,0.5989039686635943,0,0,4.158347676419965,5.985774165822479,RENBP
Reactome_2022,Synthesis Of Epoxy (EET) And Dihydroxyeicosatrienoic Acids (DHET) R-HSA-2142670,1/8,0.2370557901163459,0.5989039686635943,0,0,4.158347676419965,5.985774165822479,CYP2J2
Reactome_2022,"Adrenaline,noradrenaline Inhibits Insulin Secretion R-HSA-400042",2/28,0.2383814811232434,0.5989039686635943,0,0,2.2402830954867152,3.2123039055324973,GNG4;GNB4
Reactome_2022,Digestion And Absorption R-HSA-8963743,2/28,0.2383814811232434,0.5989039686635943,0,0,2.2402830954867152,3.2123039055324973,CEL;SLC2A5
Reactome_2022,Downstream Signal Transduction R-HSA-186763,2/28,0.2383814811232434,0.5989039686635943,0,0,2.2402830954867152,3.2123039055324973,SRC;STAT1
Reactome_2022,MET Promotes Cell Motility R-HSA-8875878,2/28,0.2383814811232434,0.5989039686635943,0,0,2.2402830954867152,3.2123039055324973,SRC;RNASE1
Reactome_2022,Metabolism Of Porphyrins R-HSA-189445,2/28,0.2383814811232434,0.5989039686635943,0,0,2.2402830954867152,3.2123039055324973,SLCO2B1;HMOX1
Reactome_2022,Metabolism Of Steroids R-HSA-8957322,7/153,0.2478054532117179,0.6171102380077013,0,0,1.3982075196735646,1.9506551153704208,HELZ2;CYP27B1;STARD5;SYCP2;VDR;SLC27A2;LGMN
Reactome_2022,Activation Of Kainate Receptors Upon Glutamate Binding R-HSA-451326,2/29,0.2508123885248525,0.6171102380077013,0,0,2.1571979219038044,2.983512748565958,GNG4;GNB4
Reactome_2022,Downregulation Of ERBB2 Signaling R-HSA-8863795,2/29,0.2508123885248525,0.6171102380077013,0,0,2.1571979219038044,2.983512748565958,NRG4;HBEGF
Reactome_2022,EGR2 And SOX10-mediated Initiation Of Schwann Cell Myelination R-HSA-9619665,2/29,0.2508123885248525,0.6171102380077013,0,0,2.1571979219038044,2.983512748565958,EGR2;ADGRG6
Reactome_2022,FCERI Mediated MAPK Activation R-HSA-2871796,2/29,0.2508123885248525,0.6171102380077013,0,0,2.1571979219038044,2.983512748565958,SYK;RNASE1
Reactome_2022,Processing Of Capped Intronless Pre-mRNA R-HSA-75067,2/29,0.2508123885248525,0.6171102380077013,0,0,2.1571979219038044,2.983512748565958,COLEC12;ZNF473
Reactome_2022,Toll Like Receptor 3 (TLR3) Cascade R-HSA-168164,5/103,0.2582781958377985,0.6171102380077013,0,0,1.4870902906617192,2.0131008889547317,IRAK2;RIPK2;NLRC5;NOD2;USP18
Reactome_2022,Neurotransmitter Receptors And Postsynaptic Signal Transmission R-HSA-112314,8/182,0.2602480696619705,0.6171102380077013,0,0,1.3408911982364982,1.8050004446980104,KCNJ5;SRC;GNG4;UBD;GNB4;AKAP5;RNASE1;KCNJ2
Reactome_2022,G Alpha (12/13) Signaling Events R-HSA-416482,4/78,0.2608638937583215,0.6171102380077013,0,0,1.5750909759986915,2.1165387174490293,PLEKHG2;GNG4;GNB4;ECT2
Reactome_2022,Oncogenic MAPK Signaling R-HSA-6802957,4/78,0.2608638937583215,0.6171102380077013,0,0,1.5750909759986915,2.1165387174490293,DUSP10;BCL2L11;SRC;FN1
Reactome_2022,Adrenoceptors R-HSA-390696,1/9,0.262433800178158,0.6171102380077013,0,0,3.6383659638554215,4.867247421192894,ADRB1
Reactome_2022,Atorvastatin ADME R-HSA-9754706,1/9,0.262433800178158,0.6171102380077013,0,0,3.6383659638554215,4.867247421192894,SLCO2B1
Reactome_2022,BH3-only Proteins Associate With And Inactivate Anti-Apoptotic BCL-2 Members R-HSA-111453,1/9,0.262433800178158,0.6171102380077013,0,0,3.6383659638554215,4.867247421192894,BCL2L11
Reactome_2022,Beta-oxidation Of pristanoyl-CoA R-HSA-389887,1/9,0.262433800178158,0.6171102380077013,0,0,3.6383659638554215,4.867247421192894,SYCP2
Reactome_2022,Diseases Associated With Surfactant Metabolism R-HSA-5687613,1/9,0.262433800178158,0.6171102380077013,0,0,3.6383659638554215,4.867247421192894,CSF2RA
Reactome_2022,Downregulation Of ERBB4 Signaling R-HSA-1253288,1/9,0.262433800178158,0.6171102380077013,0,0,3.6383659638554215,4.867247421192894,SRC
Reactome_2022,EGFR Interacts With Phospholipase C-gamma R-HSA-212718,1/9,0.262433800178158,0.6171102380077013,0,0,3.6383659638554215,4.867247421192894,HBEGF
Reactome_2022,GP1b-IX-V Activation Signaling R-HSA-430116,1/9,0.262433800178158,0.6171102380077013,0,0,3.6383659638554215,4.867247421192894,SRC
Reactome_2022,Interleukin-1 Processing R-HSA-448706,1/9,0.262433800178158,0.6171102380077013,0,0,3.6383659638554215,4.867247421192894,IL1A
Reactome_2022,Interleukin-9 Signaling R-HSA-8985947,1/9,0.262433800178158,0.6171102380077013,0,0,3.6383659638554215,4.867247421192894,STAT1
Reactome_2022,MET Activates RAS Signaling R-HSA-8851805,1/9,0.262433800178158,0.6171102380077013,0,0,3.6383659638554215,4.867247421192894,MUC20
Reactome_2022,NR1H2 And NR1H3 Regulate Gene Expression Linked To Lipogenesis R-HSA-9029558,1/9,0.262433800178158,0.6171102380077013,0,0,3.6383659638554215,4.867247421192894,NR1H3
Reactome_2022,NR1H2 And NR1H3 Regulate Gene Expression To Control Bile Acid Homeostasis R-HSA-9623433,1/9,0.262433800178158,0.6171102380077013,0,0,3.6383659638554215,4.867247421192894,NR1H3
Reactome_2022,Regulation Of Commissural Axon Pathfinding By SLIT And ROBO R-HSA-428542,1/9,0.262433800178158,0.6171102380077013,0,0,3.6383659638554215,4.867247421192894,SRC
Reactome_2022,Synthesis Of 5-Eicosatetraenoic Acids R-HSA-2142688,1/9,0.262433800178158,0.6171102380077013,0,0,3.6383659638554215,4.867247421192894,GPX2
Reactome_2022,TRAF6 Mediated IRF7 Activation In TLR7/8 Or 9 Signaling R-HSA-975110,1/9,0.262433800178158,0.6171102380077013,0,0,3.6383659638554215,4.867247421192894,TLR7
Reactome_2022,TRIF-mediated Programmed Cell Death R-HSA-2562578,1/9,0.262433800178158,0.6171102380077013,0,0,3.6383659638554215,4.867247421192894,TLR4
Reactome_2022,Signaling By CSF3 (G-CSF) R-HSA-9674555,2/30,0.2632598355244676,0.6171102380077013,0,0,2.0800474035768155,2.776059900305556,SYK;STAT1
Reactome_2022,Tight Junction Interactions R-HSA-420029,2/30,0.2632598355244676,0.6171102380077013,0,0,2.0800474035768155,2.776059900305556,CLDN23;CLDN1
Reactome_2022,MHC Class II Antigen Presentation R-HSA-2132295,5/104,0.2646084610925674,0.6188423686842303,0,0,1.4719926538108357,1.95702019612814,HLA-DRA;HLA-DOA;HLA-DQA1;HLA-DRB1;LGMN
Reactome_2022,Interleukin-12 Family Signaling R-HSA-447115,3/54,0.2671240344500069,0.6232894137166828,0,0,1.7135240803269949,2.261924062390361,IL10;SERPINB2;STAT1
Reactome_2022,Integration Of Energy Metabolism R-HSA-163685,5/105,0.2709735466977985,0.6308214447207925,0,0,1.4571969696969698,1.902711739546993,GNG4;KCNS3;GNB4;CD36;AKAP5
Reactome_2022,Signaling By NTRKs R-HSA-166520,6/132,0.276094607139409,0.6399742310281263,0,0,1.3880338174723608,1.7864157526860007,EGR2;EGR3;SRC;TRIB1;RNASE1;F3
Reactome_2022,Meiotic Recombination R-HSA-912446,3/56,0.2853042519316279,0.6399742310281263,0,0,1.648691785897509,2.067787782907351,H2AC14;H2BC5;ARTN
Reactome_2022,Calcitonin-like Ligand Receptors R-HSA-419812,1/10,0.2869688812830709,0.6399742310281263,0,0,3.233935742971888,4.037185542998664,ADM
Reactome_2022,IRAK2 Mediated Activation Of TAK1 Complex R-HSA-937042,1/10,0.2869688812830709,0.6399742310281263,0,0,3.233935742971888,4.037185542998664,IRAK2
Reactome_2022,Neurotransmitter Clearance R-HSA-112311,1/10,0.2869688812830709,0.6399742310281263,0,0,3.233935742971888,4.037185542998664,ACHE
Reactome_2022,RHO GTPases Activate KTN1 R-HSA-5625970,1/10,0.2869688812830709,0.6399742310281263,0,0,3.233935742971888,4.037185542998664,RNASE1
Reactome_2022,RHOBTB3 ATPase Cycle R-HSA-9706019,1/10,0.2869688812830709,0.6399742310281263,0,0,3.233935742971888,4.037185542998664,CCNE1
Reactome_2022,RUNX3 Regulates p14-ARF R-HSA-8951936,1/10,0.2869688812830709,0.6399742310281263,0,0,3.233935742971888,4.037185542998664,CDKN2A
Reactome_2022,Reactions Specific To Complex N-glycan Synthesis Pathway R-HSA-975578,1/10,0.2869688812830709,0.6399742310281263,0,0,3.233935742971888,4.037185542998664,MOGAT2
Reactome_2022,Receptor Mediated Mitophagy R-HSA-8934903,1/10,0.2869688812830709,0.6399742310281263,0,0,3.233935742971888,4.037185542998664,SRC
Reactome_2022,SLBP Independent Processing Of Histone Pre-mRNAs R-HSA-111367,1/10,0.2869688812830709,0.6399742310281263,0,0,3.233935742971888,4.037185542998664,ZNF473
Reactome_2022,STAT3 Nuclear Events Downstream Of ALK Signaling R-HSA-9701898,1/10,0.2869688812830709,0.6399742310281263,0,0,3.233935742971888,4.037185542998664,CD274
Reactome_2022,Sodium/Calcium Exchangers R-HSA-425561,1/10,0.2869688812830709,0.6399742310281263,0,0,3.233935742971888,4.037185542998664,SLC8A1
Reactome_2022,"Tetrahydrobiopterin (BH4) Synthesis, Recycling, Salvage And Regulation R-HSA-1474151",1/10,0.2869688812830709,0.6399742310281263,0,0,3.233935742971888,4.037185542998664,GCH1
Reactome_2022,Thyroxine Biosynthesis R-HSA-209968,1/10,0.2869688812830709,0.6399742310281263,0,0,3.233935742971888,4.037185542998664,DUOX2
Reactome_2022,mRNA Editing R-HSA-75072,1/10,0.2869688812830709,0.6399742310281263,0,0,3.233935742971888,4.037185542998664,APOBEC3B
Reactome_2022,Glucagon Signaling In Metabolic Regulation R-HSA-163359,2/32,0.2881460330835997,0.6399742310281263,0,0,1.9411764705882355,2.415382332076235,GNG4;GNB4
Reactome_2022,Gluconeogenesis R-HSA-70263,2/32,0.2881460330835997,0.6399742310281263,0,0,1.9411764705882355,2.415382332076235,SLC37A2;FBP1
Reactome_2022,RNA Polymerase I Promoter Opening R-HSA-73728,2/32,0.2881460330835997,0.6399742310281263,0,0,1.9411764705882355,2.415382332076235,H2AC14;H2BC5
Reactome_2022,Signaling By NOTCH2 R-HSA-1980145,2/32,0.2881460330835997,0.6399742310281263,0,0,1.9411764705882355,2.415382332076235,NEURL1;HES5
Reactome_2022,Termination Of Translesion DNA Synthesis R-HSA-5656169,2/32,0.2881460330835997,0.6399742310281263,0,0,1.9411764705882355,2.415382332076235,POLE2;ISG15
Reactome_2022,Degradation Of Extracellular Matrix R-HSA-1474228,5/109,0.2967371289321533,0.6495435500920212,0,0,1.400859557109557,1.7019163511616595,MMP12;MMP13;CAPNS2;MMP1;MMP9
Reactome_2022,RHO GTPase Cycle R-HSA-9012999,17/441,0.3003412274886948,0.6495435500920212,0,0,1.1700988527836012,1.407437053806683,EGR2;DOCK4;PLEKHG2;NCF2;SRC;WIPF3;KIF14;CYBB;RNASE1;ARHGAP22;ANLN;PLEKHG4B;EPSTI1;DSG2;ECT2;EPHA2;TJP2
Reactome_2022,Amino Acid Transport Across Plasma Membrane R-HSA-352230,2/33,0.3005579894756511,0.6495435500920212,0,0,1.8784605653675863,2.2581248091634416,SLC36A1;SLC7A7
Reactome_2022,Diseases Of Carbohydrate Metabolism R-HSA-5663084,2/33,0.3005579894756511,0.6495435500920212,0,0,1.8784605653675863,2.2581248091634416,NHLRC1;ARSB
Reactome_2022,Glucagon-type Ligand Receptors R-HSA-420092,2/33,0.3005579894756511,0.6495435500920212,0,0,1.8784605653675863,2.2581248091634416,GNG4;GNB4
Reactome_2022,Negative Regulation Of FGFR1 Signaling R-HSA-5654726,2/33,0.3005579894756511,0.6495435500920212,0,0,1.8784605653675863,2.2581248091634416,SRC;ANOS1
Reactome_2022,Packaging Of Telomere Ends R-HSA-171306,2/33,0.3005579894756511,0.6495435500920212,0,0,1.8784605653675863,2.2581248091634416,H2AC14;H2BC5
Reactome_2022,Resolution Of D-loop Structures Thru Holliday Junction Intermediates R-HSA-5693568,2/33,0.3005579894756511,0.6495435500920212,0,0,1.8784605653675863,2.2581248091634416,RMI2;ARTN
Reactome_2022,Sialic Acid Metabolism R-HSA-4085001,2/33,0.3005579894756511,0.6495435500920212,0,0,1.8784605653675863,2.2581248091634416,NEU4;NPL
Reactome_2022,Signaling By High-Kinase Activity BRAF Mutants R-HSA-6802948,2/33,0.3005579894756511,0.6495435500920212,0,0,1.8784605653675863,2.2581248091634416,SRC;FN1
Reactome_2022,SLC-mediated Transmembrane Transport R-HSA-425407,10/247,0.3077197315556993,0.6495435500920212,0,0,1.2302637936032468,1.4499469216296532,SLC36A1;SLC7A7;SLC12A5;SLCO4A1;SLC9A7;SLCO2B1;SLC1A3;SLC15A3;SLC29A3;SLC8A1
Reactome_2022,Aspartate And Asparagine Metabolism R-HSA-8963693,1/11,0.3106889902256541,0.6495435500920212,0,0,2.9103915662650603,3.4021397613526294,ASPG
Reactome_2022,Beta-oxidation Of Very Long Chain Fatty Acids R-HSA-390247,1/11,0.3106889902256541,0.6495435500920212,0,0,2.9103915662650603,3.4021397613526294,ABCD1
Reactome_2022,DSCAM Interactions R-HSA-376172,1/11,0.3106889902256541,0.6495435500920212,0,0,2.9103915662650603,3.4021397613526294,RNASE1
Reactome_2022,Ethanol Oxidation R-HSA-71384,1/11,0.3106889902256541,0.6495435500920212,0,0,2.9103915662650603,3.4021397613526294,ADH1C
Reactome_2022,Free Fatty Acids Regulate Insulin Secretion R-HSA-400451,1/11,0.3106889902256541,0.6495435500920212,0,0,2.9103915662650603,3.4021397613526294,CD36
Reactome_2022,Interleukin-27 Signaling R-HSA-9020956,1/11,0.3106889902256541,0.6495435500920212,0,0,2.9103915662650603,3.4021397613526294,STAT1
Reactome_2022,Interleukin-6 Signaling R-HSA-1059683,1/11,0.3106889902256541,0.6495435500920212,0,0,2.9103915662650603,3.4021397613526294,STAT1
Reactome_2022,Killing Mechanisms R-HSA-9664420,1/11,0.3106889902256541,0.6495435500920212,0,0,2.9103915662650603,3.4021397613526294,RNASE1
Reactome_2022,MET Activates RAP1 And RAC1 R-HSA-8875555,1/11,0.3106889902256541,0.6495435500920212,0,0,2.9103915662650603,3.4021397613526294,RNASE1
Reactome_2022,Mucopolysaccharidoses R-HSA-2206281,1/11,0.3106889902256541,0.6495435500920212,0,0,2.9103915662650603,3.4021397613526294,ARSB
Reactome_2022,Phenylalanine And Tyrosine Metabolism R-HSA-8963691,1/11,0.3106889902256541,0.6495435500920212,0,0,2.9103915662650603,3.4021397613526294,IL4I1
Reactome_2022,RHO GTPases Activate IQGAPs R-HSA-5626467,1/11,0.3106889902256541,0.6495435500920212,0,0,2.9103915662650603,3.4021397613526294,RNASE1
Reactome_2022,Reduction Of Cytosolic Ca++ Levels R-HSA-418359,1/11,0.3106889902256541,0.6495435500920212,0,0,2.9103915662650603,3.4021397613526294,SLC8A1
Reactome_2022,SLBP Dependent Processing Of Replication-Dependent Histone Pre-mRNAs R-HSA-77588,1/11,0.3106889902256541,0.6495435500920212,0,0,2.9103915662650603,3.4021397613526294,ZNF473
Reactome_2022,Signaling By PDGFRA Extracellular Domain Mutants R-HSA-9673770,1/11,0.3106889902256541,0.6495435500920212,0,0,2.9103915662650603,3.4021397613526294,STAT1
Reactome_2022,B-WICH Complex Positively Regulates rRNA Expression R-HSA-5250924,3/59,0.3127388232298245,0.6495435500920212,0,0,1.5601262408286578,1.8134702537451752,MYO1E;H2AC14;H2BC5
Reactome_2022,O-linked Glycosylation Of Mucins R-HSA-913709,3/59,0.3127388232298245,0.6495435500920212,0,0,1.5601262408286578,1.8134702537451752,B3GNT5;MUC20;MUC21
Reactome_2022,DNA Methylation R-HSA-5334118,2/34,0.312932803935959,0.6495435500920212,0,0,1.819664404223228,2.114025683598866,H2AC14;H2BC5
Reactome_2022,EPHB-mediated Forward Signaling R-HSA-3928662,2/34,0.312932803935959,0.6495435500920212,0,0,1.819664404223228,2.114025683598866,SRC;RNASE1
Reactome_2022,Resolution Of D-Loop Structures R-HSA-5693537,2/34,0.312932803935959,0.6495435500920212,0,0,1.819664404223228,2.114025683598866,RMI2;ARTN
Reactome_2022,Synthesis Of Bile Acids And Bile Salts R-HSA-192105,2/34,0.312932803935959,0.6495435500920212,0,0,1.819664404223228,2.114025683598866,SYCP2;SLC27A2
Reactome_2022,Death Receptor Signaling R-HSA-73887,6/139,0.3166098156874117,0.6558346182096386,0,0,1.3145002110739672,1.511787144272975,BCL2L11;PLEKHG2;RIPK2;TNFAIP3;ECT2;RNASE1
Reactome_2022,Transcriptional Regulation By MECP2 R-HSA-8986944,3/60,0.3219044153909838,0.6613778820320326,0,0,1.5326761011289554,1.7372893171992745,SOX2;GAD1;PPARG
Reactome_2022,Reproduction R-HSA-1474165,5/113,0.3228796502898774,0.6613778820320326,0,0,1.348695286195286,1.5246671464798398,H2AC14;SYCP2;H2BC5;ARTN;SMC1B
Reactome_2022,Gene And Protein Expression By JAK-STAT Signaling After Interleukin-12 Stimulation R-HSA-8950505,2/35,0.3252592370219438,0.6613778820320326,0,0,1.764431646784588,1.9816909892241008,IL10;SERPINB2
Reactome_2022,Impaired BRCA2 Binding To RAD51 R-HSA-9709570,2/35,0.3252592370219438,0.6613778820320326,0,0,1.764431646784588,1.9816909892241008,RMI2;ARTN
Reactome_2022,Muscle Contraction R-HSA-397014,8/196,0.3281278108801697,0.6613778820320326,0,0,1.2401308332523722,1.381942372491241,RYR1;MMP12;TNNT1;KCNJ14;SCN2A;CLIC2;SLC8A1;KCNJ2
Reactome_2022,Signaling By NTRK1 (TRKA) R-HSA-187037,5/114,0.3294582213473652,0.6613778820320326,0,0,1.336252432582708,1.483648728839506,EGR2;EGR3;SRC;TRIB1;F3
Reactome_2022,Cell-cell Junction Organization R-HSA-421270,3/61,0.3310712756472608,0.6613778820320326,0,0,1.506172517970622,1.664955623401474,CLDN23;NECTIN4;CLDN1
Reactome_2022,ALK Mutants Bind TKIs R-HSA-9700645,1/12,0.3336211582269958,0.6613778820320326,0,0,2.6456736035049286,2.90428604616912,FN1
Reactome_2022,Activation Of RAC1 R-HSA-428540,1/12,0.3336211582269958,0.6613778820320326,0,0,2.6456736035049286,2.90428604616912,RNASE1
Reactome_2022,FGFR1c Ligand Binding And Activation R-HSA-190373,1/12,0.3336211582269958,0.6613778820320326,0,0,2.6456736035049286,2.90428604616912,ANOS1
Reactome_2022,GRB2 Events In EGFR Signaling R-HSA-179812,1/12,0.3336211582269958,0.6613778820320326,0,0,2.6456736035049286,2.90428604616912,HBEGF
Reactome_2022,HDR Thru MMEJ (alt-NHEJ) R-HSA-5685939,1/12,0.3336211582269958,0.6613778820320326,0,0,2.6456736035049286,2.90428604616912,ARTN
Reactome_2022,Interleukin-35 Signaling R-HSA-8984722,1/12,0.3336211582269958,0.6613778820320326,0,0,2.6456736035049286,2.90428604616912,STAT1
Reactome_2022,Maturation Of Nucleoprotein R-HSA-9683610,1/12,0.3336211582269958,0.6613778820320326,0,0,2.6456736035049286,2.90428604616912,PARP9
Reactome_2022,NOTCH2 Intracellular Domain Regulates Transcription R-HSA-2197563,1/12,0.3336211582269958,0.6613778820320326,0,0,2.6456736035049286,2.90428604616912,HES5
Reactome_2022,P2Y Receptors R-HSA-417957,1/12,0.3336211582269958,0.6613778820320326,0,0,2.6456736035049286,2.90428604616912,P2RY14
Reactome_2022,PECAM1 Interactions R-HSA-210990,1/12,0.3336211582269958,0.6613778820320326,0,0,2.6456736035049286,2.90428604616912,SRC
Reactome_2022,"Regulation Of Glycolysis By Fructose 2,6-Bisphosphate Metabolism R-HSA-9634600",1/12,0.3336211582269958,0.6613778820320326,0,0,2.6456736035049286,2.90428604616912,PFKFB4
Reactome_2022,Scavenging Of Heme From Plasma R-HSA-2168880,1/12,0.3336211582269958,0.6613778820320326,0,0,2.6456736035049286,2.90428604616912,CD163
Reactome_2022,TP53 Regulates Transcription Of Caspase Activators And Caspases R-HSA-6803207,1/12,0.3336211582269958,0.6613778820320326,0,0,2.6456736035049286,2.90428604616912,NLRC4
Reactome_2022,Transport Of Nucleosides And Free Purine And Pyrimidine Bases Across Plasma Membrane R-HSA-83936,1/12,0.3336211582269958,0.6613778820320326,0,0,2.6456736035049286,2.90428604616912,SLC29A3
Reactome_2022,p38MAPK Events R-HSA-171007,1/12,0.3336211582269958,0.6613778820320326,0,0,2.6456736035049286,2.90428604616912,SRC
Reactome_2022,Activated PKN1 Stimulates Transcription Of Androgen Receptor Regulated KLK2 And KLK3 R-HSA-5625886,2/36,0.3375268353664097,0.6652227920328269,0,0,1.7124478750776329,1.8599072062097632,H2AC14;H2BC5
Reactome_2022,RHO GTPases Activate WASPs And WAVEs R-HSA-5663213,2/36,0.3375268353664097,0.6652227920328269,0,0,1.7124478750776329,1.8599072062097632,WIPF3;RNASE1
Reactome_2022,ROS And RNS Production In Phagocytes R-HSA-1222556,2/36,0.3375268353664097,0.6652227920328269,0,0,1.7124478750776329,1.8599072062097632,NCF2;CYBB
Reactome_2022,MAP Kinase Activation R-HSA-450294,3/62,0.3402342086407984,0.6679646455907358,0,0,1.4805673613600288,1.596230837597353,RIPK2;IRAK2;NOD2
Reactome_2022,Signaling By BRAF And RAF1 Fusions R-HSA-6802952,3/62,0.3402342086407984,0.6679646455907358,0,0,1.4805673613600288,1.596230837597353,BCL2L11;SRC;FN1
Reactome_2022,Epigenetic Regulation Of Gene Expression R-HSA-212165,5/116,0.3426521214984972,0.670335274656184,0,0,1.312039312039312,1.405246019966274,MYO1E;H2AC14;H2BC5;TET3;EZH2
Reactome_2022,Glucose Metabolism R-HSA-70326,4/89,0.3434229978534145,0.670335274656184,0,0,1.370472546053217,1.4647505891771837,PFKFB4;SLC37A2;RNASE7;FBP1
Reactome_2022,Peptide Hormone Metabolism R-HSA-2980736,4/89,0.3434229978534145,0.670335274656184,0,0,1.370472546053217,1.4647505891771837,MMP12;ACHE;FFAR4;PLA2G7
Reactome_2022,Signaling By MET R-HSA-6806834,3/63,0.3493881953643346,0.671024160044774,0,0,1.4558157099697886,1.5308945534163654,SRC;RNASE1;MUC20
Reactome_2022,Synthesis Of Substrates In N-glycan Biosythesis R-HSA-446219,3/63,0.3493881953643346,0.671024160044774,0,0,1.4558157099697886,1.5308945534163654,NEU4;NPL;RENBP
Reactome_2022,Cleavage Of Damaged Purine R-HSA-110331,2/37,0.3497258922794931,0.671024160044774,0,0,1.6634346046110753,1.7476137045974172,H2AC14;H2BC5
Reactome_2022,Cooperation Of PDCL (PhLP1) And TRiC/CCT In G-protein Beta Folding R-HSA-6814122,2/37,0.3497258922794931,0.671024160044774,0,0,1.6634346046110753,1.7476137045974172,GNG4;GNB4
Reactome_2022,Early SARS-CoV-2 Infection Events R-HSA-9772572,2/37,0.3497258922794931,0.671024160044774,0,0,1.6634346046110753,1.7476137045974172,GPC3;TMPRSS2
Reactome_2022,FLT3 Signaling R-HSA-9607240,2/37,0.3497258922794931,0.671024160044774,0,0,1.6634346046110753,1.7476137045974172,BCL2L11;SYK
Reactome_2022,HDR Thru Single Strand Annealing (SSA) R-HSA-5685938,2/37,0.3497258922794931,0.671024160044774,0,0,1.6634346046110753,1.7476137045974172,RMI2;ARTN
Reactome_2022,MAP2K And MAPK Activation R-HSA-5674135,2/37,0.3497258922794931,0.671024160044774,0,0,1.6634346046110753,1.7476137045974172,SRC;FN1
Reactome_2022,SIRT1 Negatively Regulates rRNA Expression R-HSA-427359,2/37,0.3497258922794931,0.671024160044774,0,0,1.6634346046110753,1.7476137045974172,H2AC14;H2BC5
Reactome_2022,"Defective EXT1 Causes Exostoses 1, TRPS2 And CHDS R-HSA-3656253",1/13,0.3557915209883394,0.6724923534509581,0,0,2.4250753012048194,2.506097879105358,GPC3
Reactome_2022,Glycogen Synthesis R-HSA-3322077,1/13,0.3557915209883394,0.6724923534509581,0,0,2.4250753012048194,2.506097879105358,NHLRC1
Reactome_2022,NF-kB Activation Thru FADD/RIP-1 Pathway Mediated By Caspase-8 And -10 R-HSA-933543,1/13,0.3557915209883394,0.6724923534509581,0,0,2.4250753012048194,2.506097879105358,IFIH1
Reactome_2022,"PTK6 Regulates RHO GTPases, RAS GTPase And MAP Kinases R-HSA-8849471",1/13,0.3557915209883394,0.6724923534509581,0,0,2.4250753012048194,2.506097879105358,RNASE1
Reactome_2022,SHC1 Events In EGFR Signaling R-HSA-180336,1/13,0.3557915209883394,0.6724923534509581,0,0,2.4250753012048194,2.506097879105358,HBEGF
Reactome_2022,Signal Regulatory Protein Family Interactions R-HSA-391160,1/13,0.3557915209883394,0.6724923534509581,0,0,2.4250753012048194,2.506097879105358,SRC
Reactome_2022,TNFR1-induced Proapoptotic Signaling R-HSA-5357786,1/13,0.3557915209883394,0.6724923534509581,0,0,2.4250753012048194,2.506097879105358,TNFAIP3
Reactome_2022,p75NTR Recruits Signaling Complexes R-HSA-209543,1/13,0.3557915209883394,0.6724923534509581,0,0,2.4250753012048194,2.506097879105358,RIPK2
Reactome_2022,Apoptotic Cleavage Of Cellular Proteins R-HSA-111465,2/38,0.3618474094746983,0.6788592745025451,0,0,1.617144293614882,1.6438800175753054,DSG2;TJP2
Reactome_2022,Assembly Of ORC Complex At Origin Of Replication R-HSA-68616,2/38,0.3618474094746983,0.6788592745025451,0,0,1.617144293614882,1.6438800175753054,H2AC14;H2BC5
Reactome_2022,Association Of TriC/CCT With Target Proteins During Biosynthesis R-HSA-390471,2/38,0.3618474094746983,0.6788592745025451,0,0,1.617144293614882,1.6438800175753054,CCNE2;CCNE1
Reactome_2022,Signaling By RAF1 Mutants R-HSA-9656223,2/38,0.3618474094746983,0.6788592745025451,0,0,1.617144293614882,1.6438800175753054,SRC;FN1
Reactome_2022,Transcriptional Regulation By RUNX2 R-HSA-8878166,5/119,0.3625041643156448,0.6788592745025451,0,0,1.2773125996810208,1.2961137687260595,MMP13;SRC;STAT1;HIVEP3;PPARGC1B
Reactome_2022,Class B/2 (Secretin Family Receptors) R-HSA-373080,4/92,0.3662005084594015,0.6837209445912283,0,0,1.3235455920781185,1.329599831445866,GNG4;WNT7B;GNB4;ADM
Reactome_2022,Transcriptional Regulation By RUNX1 R-HSA-8878171,8/204,0.3682285690894805,0.6837209445912283,0,0,1.1890162457677136,1.187888371076122,H2AC14;SERPINB13;NR4A3;H2BC5;SRC;IL2RA;MYB;CTLA4
Reactome_2022,RAC3 GTPase Cycle R-HSA-9013423,4/93,0.3737874758771037,0.6837209445912283,0,0,1.308606299614136,1.2877574393150435,NCF2;CYBB;DSG2;EPHA2
Reactome_2022,VEGFA-VEGFR2 Pathway R-HSA-4420097,4/93,0.3737874758771037,0.6837209445912283,0,0,1.308606299614136,1.2877574393150435,NCF2;SRC;CYBB;RNASE1
Reactome_2022,RHOU GTPase Cycle R-HSA-9013420,2/39,0.3738830611590648,0.6837209445912283,0,0,1.5733561615914555,1.5478869885391668,SRC;EPHA2
Reactome_2022,Transcriptional Regulation By VENTX R-HSA-8853884,2/39,0.3738830611590648,0.6837209445912283,0,0,1.5733561615914555,1.5478869885391668,CSF1R;CDKN2A
Reactome_2022,Translesion Synthesis By Y Family DNA Polymerases Bypasses Lesions On DNA Template R-HSA-110313,2/39,0.3738830611590648,0.6837209445912283,0,0,1.5733561615914555,1.5478869885391668,POLE2;ISG15
Reactome_2022,Extracellular Matrix Organization R-HSA-1474244,11/291,0.3754289703663496,0.6837209445912283,0,0,1.1446319353429446,1.1213798659704803,MMP12;CEACAM1;MMP13;ITGAM;CAPNS2;CEACAM6;MMP1;FN1;ICAM4;MMP9;ICAM1
Reactome_2022,HCMV Infection R-HSA-9609646,5/121,0.3757564311375166,0.6837209445912283,0,0,1.2551593521421107,1.2285677155872954,H2AC14;H2BC5;RNASE7;RNASE1;EZH2
Reactome_2022,CDC42 GTPase Cycle R-HSA-9013148,6/149,0.3758037481959447,0.6837209445912283,0,0,1.221940426796269,1.1958986989756974,ARHGAP22;EGR2;PLEKHG2;WIPF3;PLEKHG4B;ECT2
Reactome_2022,RUNX1 Regulates Genes Involved In Megakaryocyte Differentiation And Platelet Function R-HSA-8936459,3/66,0.3767489213566766,0.6837209445912283,0,0,1.3862753560638756,1.353249154103325,H2AC14;NR4A3;H2BC5
Reactome_2022,CS/DS Degradation R-HSA-2024101,1/14,0.377225348739988,0.6837209445912283,0,0,2.238415199258573,2.182259020835098,ARSB
Reactome_2022,Physiological Factors R-HSA-5578768,1/14,0.377225348739988,0.6837209445912283,0,0,2.238415199258573,2.182259020835098,MMP12
Reactome_2022,Regulation Of IFNG Signaling R-HSA-877312,1/14,0.377225348739988,0.6837209445912283,0,0,2.238415199258573,2.182259020835098,STAT1
Reactome_2022,Regulation Of TP53 Activity Thru Association With Co-factors R-HSA-6804759,1/14,0.377225348739988,0.6837209445912283,0,0,2.238415199258573,2.182259020835098,ZNF385A
Reactome_2022,Role Of LAT2/NTAL/LAB On Calcium Mobilization R-HSA-2730905,1/14,0.377225348739988,0.6837209445912283,0,0,2.238415199258573,2.182259020835098,SYK
Reactome_2022,SEMA3A-Plexin Repulsion Signaling By Inhibiting Integrin Adhesion R-HSA-399955,1/14,0.377225348739988,0.6837209445912283,0,0,2.238415199258573,2.182259020835098,RNASE1
Reactome_2022,Synthesis Of Bile Acids And Bile Salts Via 24-Hydroxycholesterol R-HSA-193775,1/14,0.377225348739988,0.6837209445912283,0,0,2.238415199258573,2.182259020835098,SLC27A2
Reactome_2022,Class I MHC Mediated Antigen Processing And Presentation R-HSA-983169,14/378,0.3783186354988871,0.68448024069763,0,0,1.120820040174879,1.0894578000883075,DTX3L;NCF2;RNF19B;CYBB;HERC5;RNF144B;MRC1;TRIM36;CD36;FCGR1A;ASB2;TLR4;HERC6;TLR2
Reactome_2022,Downstream TCR Signaling R-HSA-202424,4/94,0.381367024176425,0.6887678461549313,0,0,1.2939989914271306,1.247406033795948,RIPK2;HLA-DRA;HLA-DQA1;HLA-DRB1
Reactome_2022,HDR Thru Homologous Recombination (HRR) R-HSA-5685942,3/67,0.3858204373869967,0.6931195335167599,0,0,1.364543995468278,1.2995687849512636,RMI2;ARTN;POLE2
Reactome_2022,Presynaptic Phase Of Homologous DNA Pairing And Strand Exchange R-HSA-5693616,2/40,0.3858251590512013,0.6931195335167599,0,0,1.5318726680955783,1.458911055703643,RMI2;ARTN
Reactome_2022,RET Signaling R-HSA-8853659,2/40,0.3858251590512013,0.6931195335167599,0,0,1.5318726680955783,1.458911055703643,SRC;ARTN
Reactome_2022,Drug ADME R-HSA-9748784,4/95,0.388936463294286,0.6974743997238523,0,0,1.279712722980499,1.2084829941619633,SLCO2B1;CYP2E1;RNASE1;XDH
Reactome_2022,Defective Homologous Recombination Repair (HRR) Due To BRCA2 Loss Of Function R-HSA-9701190,2/41,0.3976666195968502,0.7000282164029743,0,0,1.492516533240515,1.376311082379937,RMI2;ARTN
Reactome_2022,Negative Regulation Of MAPK Pathway R-HSA-5675221,2/41,0.3976666195968502,0.7000282164029743,0,0,1.492516533240515,1.376311082379937,DUSP5;DUSP10
Reactome_2022,Paradoxical Activation Of RAF Signaling By Kinase Inactive BRAF R-HSA-6802955,2/41,0.3976666195968502,0.7000282164029743,0,0,1.492516533240515,1.376311082379937,SRC;FN1
Reactome_2022,Constitutive Signaling By NOTCH1 HD Domain Mutants R-HSA-2691232,1/15,0.3979470747433656,0.7000282164029743,0,0,2.07842082616179,1.915132313953084,NEURL1
Reactome_2022,Elevation Of Cytosolic Ca2+ Levels R-HSA-139853,1/15,0.3979470747433656,0.7000282164029743,0,0,2.07842082616179,1.915132313953084,P2RX7
Reactome_2022,Glycogen Storage Diseases R-HSA-3229121,1/15,0.3979470747433656,0.7000282164029743,0,0,2.07842082616179,1.915132313953084,NHLRC1
Reactome_2022,Negative Regulation Of TCF-dependent Signaling By WNT Ligand Antagonists R-HSA-3772470,1/15,0.3979470747433656,0.7000282164029743,0,0,2.07842082616179,1.915132313953084,KREMEN2
Reactome_2022,Prolactin Receptor Signaling R-HSA-1170546,1/15,0.3979470747433656,0.7000282164029743,0,0,2.07842082616179,1.915132313953084,GHR
Reactome_2022,Response Of EIF2AK1 (HRI) To Heme Deficiency R-HSA-9648895,1/15,0.3979470747433656,0.7000282164029743,0,0,2.07842082616179,1.915132313953084,ATF5
Reactome_2022,Signaling By Activin R-HSA-1502540,1/15,0.3979470747433656,0.7000282164029743,0,0,2.07842082616179,1.915132313953084,FST
Reactome_2022,TRAF3-dependent IRF Activation Pathway R-HSA-918233,1/15,0.3979470747433656,0.7000282164029743,0,0,2.07842082616179,1.915132313953084,IFIH1
Reactome_2022,G Alpha (S) Signaling Events R-HSA-418555,6/153,0.3996244227178364,0.7017626108280346,0,0,1.1884426001052926,1.090075344147467,SRC;GNG4;GNB4;ADRB1;ADM;GPR84
Reactome_2022,Platelet Degranulation R-HSA-114608,5/125,0.4022344969657455,0.7043353914096211,0,0,1.213068181818182,1.1047654965734532,ECM1;PLEK;FN1;CD36;LHFPL2
Reactome_2022,Diseases Associated With O-glycosylation Of Proteins R-HSA-3906995,3/69,0.4038652195077827,0.7043353914096211,0,0,1.323056852513046,1.1995813436414442,ADAMTSL4;MUC20;MUC21
Reactome_2022,Interleukin-17 Signaling R-HSA-448424,3/69,0.4038652195077827,0.7043353914096211,0,0,1.323056852513046,1.1995813436414442,RIPK2;IRAK2;NOD2
Reactome_2022,RHOB GTPase Cycle R-HSA-9013026,3/69,0.4038652195077827,0.7043353914096211,0,0,1.323056852513046,1.1995813436414442,ANLN;ECT2;TJP2
Reactome_2022,Cleavage Of Damaged Pyrimidine R-HSA-110329,2/42,0.4094009320188983,0.7079079148197305,0,0,1.455128205128205,1.2995172739133578,H2AC14;H2BC5
Reactome_2022,"Gamma Carboxylation, Hypusine Formation And Arylsulfatase Activation R-HSA-163841",2/42,0.4094009320188983,0.7079079148197305,0,0,1.455128205128205,1.2995172739133578,STS;ARSB
Reactome_2022,Intra-Golgi Traffic R-HSA-6811438,2/42,0.4094009320188983,0.7079079148197305,0,0,1.455128205128205,1.2995172739133578,GOLIM4;RAB39A
Reactome_2022,NS1 Mediated Effects On Host Pathways R-HSA-168276,2/42,0.4094009320188983,0.7079079148197305,0,0,1.455128205128205,1.2995172739133578,RNASE7;ISG15
Reactome_2022,Vasopressin Regulates Renal Water Homeostasis Via Aquaporins R-HSA-432040,2/42,0.4094009320188983,0.7079079148197305,0,0,1.455128205128205,1.2995172739133578,GNG4;GNB4
Reactome_2022,Caspase Activation Via Death Receptors In Presence Of Ligand R-HSA-140534,1/16,0.4179803227244385,0.7086856723115209,0,0,1.9397590361445785,1.6920923916188402,TLR4
Reactome_2022,FGFR1 Ligand Binding And Activation R-HSA-190242,1/16,0.4179803227244385,0.7086856723115209,0,0,1.9397590361445785,1.6920923916188402,ANOS1
Reactome_2022,FOXO-mediated Transcription Of Cell Death Genes R-HSA-9614657,1/16,0.4179803227244385,0.7086856723115209,0,0,1.9397590361445785,1.6920923916188402,BCL2L11
Reactome_2022,Gap Junction Assembly R-HSA-190861,1/16,0.4179803227244385,0.7086856723115209,0,0,1.9397590361445785,1.6920923916188402,GJB4
Reactome_2022,Hyaluronan Metabolism R-HSA-2142845,1/16,0.4179803227244385,0.7086856723115209,0,0,1.9397590361445785,1.6920923916188402,HAS2
Reactome_2022,Regulation Of KIT Signaling R-HSA-1433559,1/16,0.4179803227244385,0.7086856723115209,0,0,1.9397590361445785,1.6920923916188402,SRC
Reactome_2022,Sema3A PAK Dependent Axon Repulsion R-HSA-399954,1/16,0.4179803227244385,0.7086856723115209,0,0,1.9397590361445785,1.6920923916188402,RNASE1
Reactome_2022,Signaling By NTRK3 (TRKC) R-HSA-9034015,1/16,0.4179803227244385,0.7086856723115209,0,0,1.9397590361445785,1.6920923916188402,SRC
Reactome_2022,Spry Regulation Of FGF Signaling R-HSA-1295596,1/16,0.4179803227244385,0.7086856723115209,0,0,1.9397590361445785,1.6920923916188402,SRC
Reactome_2022,VLDLR Internalisation And Degradation R-HSA-8866427,1/16,0.4179803227244385,0.7086856723115209,0,0,1.9397590361445785,1.6920923916188402,NR1H3
Reactome_2022,p75NTR Signals Via NF-kB R-HSA-193639,1/16,0.4179803227244385,0.7086856723115209,0,0,1.9397590361445785,1.6920923916188402,RIPK2
Reactome_2022,CLEC7A (Dectin-1) Signaling R-HSA-5607764,4/99,0.4190617229148046,0.7086856723115209,0,0,1.2255752846564216,1.0659282447017329,CCL22;SYK;CLEC7A;SRC
Reactome_2022,L1CAM Interactions R-HSA-373760,4/99,0.4190617229148046,0.7086856723115209,0,0,1.2255752846564216,1.0659282447017329,SRC;EPHB2;SCN2A;RNASE1
Reactome_2022,Condensation Of Prophase Chromosomes R-HSA-2299718,2/43,0.4210221284766967,0.7086856723115209,0,0,1.4195636978994224,1.2280218048618,H2AC14;H2BC5
Reactome_2022,Homologous DNA Pairing And Strand Exchange R-HSA-5693579,2/43,0.4210221284766967,0.7086856723115209,0,0,1.4195636978994224,1.2280218048618,RMI2;ARTN
Reactome_2022,RND2 GTPase Cycle R-HSA-9696270,2/43,0.4210221284766967,0.7086856723115209,0,0,1.4195636978994224,1.2280218048618,KIF14;EPHA2
Reactome_2022,TNFR2 Non-Canonical NF-kB Pathway R-HSA-5668541,4/100,0.4265426670756022,0.7166707177855329,0,0,1.2127458396369135,1.03331145429523,EDARADD;TNFRSF9;TNFSF4;TNFRSF11A
Reactome_2022,Base Excision Repair R-HSA-73884,3/72,0.4306295403474771,0.7166707177855329,0,0,1.265335610140549,1.0660542273878322,H2AC14;H2BC5;POLE2
Reactome_2022,Regulation Of RUNX2 Expression And Activity R-HSA-8939902,3/72,0.4306295403474771,0.7166707177855329,0,0,1.265335610140549,1.0660542273878322,STAT1;HIVEP3;PPARGC1B
Reactome_2022,Aspirin ADME R-HSA-9749641,2/44,0.4325247551215001,0.7166707177855329,0,0,1.385692738633915,1.161370863144511,SLCO2B1;CYP2E1
Reactome_2022,"Base-Excision Repair, AP Site Formation R-HSA-73929",2/44,0.4325247551215001,0.7166707177855329,0,0,1.385692738633915,1.161370863144511,H2AC14;H2BC5
Reactome_2022,Interleukin-12 Signaling R-HSA-9020591,2/44,0.4325247551215001,0.7166707177855329,0,0,1.385692738633915,1.161370863144511,IL10;SERPINB2
Reactome_2022,Sphingolipid De Novo Biosynthesis R-HSA-1660661,2/44,0.4325247551215001,0.7166707177855329,0,0,1.385692738633915,1.161370863144511,FA2H;SPNS2
Reactome_2022,Response To Elevated Platelet Cytosolic Ca2+ R-HSA-76005,5/130,0.4351347096555734,0.7166707177855329,0,0,1.1642424242424243,0.9687656770122568,ECM1;PLEK;FN1;CD36;LHFPL2
Reactome_2022,Activation Of IRF3/IRF7 Mediated By TBK1/IKK Epsilon R-HSA-936964,1/17,0.4373479340336059,0.7166707177855329,0,0,1.818429969879518,1.503889251515023,TLR4
Reactome_2022,Gastrin-CREB Signaling Pathway Via PKC And MAPK R-HSA-881907,1/17,0.4373479340336059,0.7166707177855329,0,0,1.818429969879518,1.503889251515023,HBEGF
Reactome_2022,MET Activates PTK2 Signaling R-HSA-8874081,1/17,0.4373479340336059,0.7166707177855329,0,0,1.818429969879518,1.503889251515023,SRC
Reactome_2022,Metabolism Of Folate And Pterines R-HSA-196757,1/17,0.4373479340336059,0.7166707177855329,0,0,1.818429969879518,1.503889251515023,FOLR2
Reactome_2022,Purine Catabolism R-HSA-74259,1/17,0.4373479340336059,0.7166707177855329,0,0,1.818429969879518,1.503889251515023,XDH
Reactome_2022,Regulation Of RUNX1 Expression And Activity R-HSA-8934593,1/17,0.4373479340336059,0.7166707177855329,0,0,1.818429969879518,1.503889251515023,SRC
Reactome_2022,Signaling By Cytosolic FGFR1 Fusion Mutants R-HSA-1839117,1/17,0.4373479340336059,0.7166707177855329,0,0,1.818429969879518,1.503889251515023,STAT1
Reactome_2022,TNF Receptor Superfamily (TNFSF) Members Mediating Non-Canonical NF-kB Pathway R-HSA-5676594,1/17,0.4373479340336059,0.7166707177855329,0,0,1.818429969879518,1.503889251515023,TNFRSF11A
Reactome_2022,Diseases Of Metabolism R-HSA-5668914,9/247,0.4377693054453501,0.7166707177855329,0,0,1.1008467411354783,0.9093689896810826,CYP27B1;MOGAT2;ADAMTSL4;GPC3;NHLRC1;CSF2RA;MUC20;ARSB;MUC21
Reactome_2022,Biological Oxidations R-HSA-211859,8/218,0.4390505174774892,0.7176107491781829,0,0,1.1089367253750817,0.9128110616631788,CYP2J2;CYP27B1;ADH1C;CYP2S1;CYP4B1;CYP2E1;FMO4;CYP4F11
Reactome_2022,Signaling By VEGF R-HSA-194138,4/102,0.4414279395694308,0.7195772901689543,0,0,1.187872425823582,0.9713713790073636,NCF2;SRC;CYBB;RNASE1
Reactome_2022,ADORA2B Mediated Anti-Inflammatory Cytokine Production R-HSA-9660821,5/131,0.441671578103703,0.7195772901689543,0,0,1.15494227994228,0.9438057907813272,GNG4;GNB4;ADRB1;ADM;GPR84
Reactome_2022,ERCC6 (CSB) And EHMT2 (G9a) Positively Regulate rRNA Expression R-HSA-427389,2/45,0.4439038445034451,0.7220551316842898,0,0,1.3533971728226175,1.099157868448004,H2AC14;H2BC5
Reactome_2022,Positive Epigenetic Regulation Of rRNA Expression R-HSA-5250913,3/74,0.4482298153625578,0.7267624003083006,0,0,1.2295646993744946,0.9866632061358932,MYO1E;H2AC14;H2BC5
Reactome_2022,RHOG GTPase Cycle R-HSA-9013408,3/74,0.4482298153625578,0.7267624003083006,0,0,1.2295646993744946,0.9866632061358932,DOCK4;DSG2;EPHA2
Reactome_2022,Activation Of SMO R-HSA-5635838,1/18,0.4560719932788273,0.7301468031198892,0,0,1.7113749114103474,1.3436083185793315,CDON
Reactome_2022,LDL Clearance R-HSA-8964038,1/18,0.4560719932788273,0.7301468031198892,0,0,1.7113749114103474,1.3436083185793315,NCEH1
Reactome_2022,Metabolism Of Angiotensinogen To Angiotensins R-HSA-2022377,1/18,0.4560719932788273,0.7301468031198892,0,0,1.7113749114103474,1.3436083185793315,MMP12
Reactome_2022,Metabolism Of Amine-Derived Hormones R-HSA-209776,1/18,0.4560719932788273,0.7301468031198892,0,0,1.7113749114103474,1.3436083185793315,DUOX2
Reactome_2022,RORA Activates Gene Expression R-HSA-1368082,1/18,0.4560719932788273,0.7301468031198892,0,0,1.7113749114103474,1.3436083185793315,HELZ2
Reactome_2022,Recycling Of Bile Acids And Salts R-HSA-159418,1/18,0.4560719932788273,0.7301468031198892,0,0,1.7113749114103474,1.3436083185793315,STARD5
Reactome_2022,TP53 Regulates Transcription Of Genes Involved In G2 Cell Cycle Arrest R-HSA-6804114,1/18,0.4560719932788273,0.7301468031198892,0,0,1.7113749114103474,1.3436083185793315,ZNF385A
Reactome_2022,VEGFR2 Mediated Cell Proliferation R-HSA-5218921,1/18,0.4560719932788273,0.7301468031198892,0,0,1.7113749114103474,1.3436083185793315,SRC
Reactome_2022,Transcriptional Regulation By Small RNAs R-HSA-5578749,3/76,0.4656067568910197,0.7404884142493764,0,0,1.1957538385134296,0.9140508198001824,H2AC14;H2BC5;RNASE7
Reactome_2022,G Alpha (Z) Signaling Events R-HSA-418597,2/47,0.4662738183527508,0.7404884142493764,0,0,1.2931121166415285,0.9866215591408496,GNG4;GNB4
Reactome_2022,PKMTs Methylate Histone Lysines R-HSA-3214841,2/47,0.4662738183527508,0.7404884142493764,0,0,1.2931121166415285,0.9866215591408496,KMT5C;EZH2
Reactome_2022,Sensory Perception Of Taste R-HSA-9717189,2/47,0.4662738183527508,0.7404884142493764,0,0,1.2931121166415285,0.9866215591408496,SCN2A;KCNJ2
Reactome_2022,"GABA Synthesis, Release, Reuptake And Degradation R-HSA-888590",1/19,0.4741738534359113,0.7404884142493764,0,0,1.616214859437751,1.2059892162185668,GAD1
Reactome_2022,Listeria Monocytogenes Entry Into Host Cells R-HSA-8876384,1/19,0.4741738534359113,0.7404884142493764,0,0,1.616214859437751,1.2059892162185668,SRC
Reactome_2022,Metabolism Of Cofactors R-HSA-8978934,1/19,0.4741738534359113,0.7404884142493764,0,0,1.616214859437751,1.2059892162185668,GCH1
Reactome_2022,Nicotinamide Salvaging R-HSA-197264,1/19,0.4741738534359113,0.7404884142493764,0,0,1.616214859437751,1.2059892162185668,PARP9
Reactome_2022,Nuclear Events Stimulated By ALK Signaling In Cancer R-HSA-9725371,1/19,0.4741738534359113,0.7404884142493764,0,0,1.616214859437751,1.2059892162185668,FN1
Reactome_2022,RHO GTPases Activate ROCKs R-HSA-5627117,1/19,0.4741738534359113,0.7404884142493764,0,0,1.616214859437751,1.2059892162185668,MYH14
Reactome_2022,SUMOylation Of Transcription Factors R-HSA-3232118,1/19,0.4741738534359113,0.7404884142493764,0,0,1.616214859437751,1.2059892162185668,CDKN2A
Reactome_2022,Signaling By PDGFR In Disease R-HSA-9671555,1/19,0.4741738534359113,0.7404884142493764,0,0,1.616214859437751,1.2059892162185668,STAT1
Reactome_2022,Signaling To RAS R-HSA-167044,1/19,0.4741738534359113,0.7404884142493764,0,0,1.616214859437751,1.2059892162185668,SRC
Reactome_2022,ABC Transporter Disorders R-HSA-5619084,3/77,0.4742044032138863,0.7404884142493764,0,0,1.179533763370621,0.880069980409531,ABCA1;ABCA12;ABCD1
Reactome_2022,Biosynthesis Of N-glycan Precursor (Dolichol LLO) And Transfer To Protein R-HSA-446193,3/77,0.4742044032138863,0.7404884142493764,0,0,1.179533763370621,0.880069980409531,NEU4;NPL;RENBP
Reactome_2022,G2/M DNA Damage Checkpoint R-HSA-69473,3/77,0.4742044032138863,0.7404884142493764,0,0,1.179533763370621,0.880069980409531,RMI2;H2BC5;ARTN
Reactome_2022,Cross-presentation Of Soluble Exogenous Antigens (Endosomes) R-HSA-1236978,2/48,0.4772569703745624,0.7418312786067089,0,0,1.2649354056003672,0.9356729866682528,MRC1;FCGR1A
Reactome_2022,DNA Damage Bypass R-HSA-73893,2/48,0.4772569703745624,0.7418312786067089,0,0,1.2649354056003672,0.9356729866682528,POLE2;ISG15
Reactome_2022,Inhibition Of DNA Recombination At Telomere R-HSA-9670095,2/48,0.4772569703745624,0.7418312786067089,0,0,1.2649354056003672,0.9356729866682528,H2AC14;H2BC5
Reactome_2022,O-linked Glycosylation R-HSA-5173105,4/107,0.4780961367539731,0.7419993559713802,0,0,1.1299149567439744,0.8338133343772982,ADAMTSL4;B3GNT5;MUC20;MUC21
Reactome_2022,Signaling By Receptor Tyrosine Kinases R-HSA-9006934,17/496,0.4841224562538799,0.7426328456838439,0,0,1.0327328023918143,0.7491623397355834,CD274;EGR2;EGR3;STAT1;NCF2;SRC;CYBB;RNASE1;F3;MMP9;PTPRZ1;NRG4;ANOS1;APOE;TRIB1;MUC20;HBEGF
Reactome_2022,Signaling By EGFR R-HSA-177929,2/49,0.4881010737366265,0.7426328456838439,0,0,1.237957703539681,0.887903840605026,SRC;HBEGF
Reactome_2022,Signaling By FGFR1 R-HSA-5654736,2/49,0.4881010737366265,0.7426328456838439,0,0,1.237957703539681,0.887903840605026,SRC;ANOS1
Reactome_2022,Apoptotic Factor-Mediated Response R-HSA-111471,1/20,0.4916741599010276,0.7426328456838439,0,0,1.5310716550412176,1.086967569300182,CDKN2A
Reactome_2022,CD209 (DC-SIGN) Signaling R-HSA-5621575,1/20,0.4916741599010276,0.7426328456838439,0,0,1.5310716550412176,1.086967569300182,CD209
Reactome_2022,Chaperone Mediated Autophagy R-HSA-9613829,1/20,0.4916741599010276,0.7426328456838439,0,0,1.5310716550412176,1.086967569300182,RNASE1
Reactome_2022,Chondroitin Sulfate Biosynthesis R-HSA-2022870,1/20,0.4916741599010276,0.7426328456838439,0,0,1.5310716550412176,1.086967569300182,CHST9
Reactome_2022,Class I Peroxisomal Membrane Protein Import R-HSA-9603798,1/20,0.4916741599010276,0.7426328456838439,0,0,1.5310716550412176,1.086967569300182,ABCD1
Reactome_2022,Defective B3GALT6 Causes EDSP2 And SEMDJL1 R-HSA-4420332,1/20,0.4916741599010276,0.7426328456838439,0,0,1.5310716550412176,1.086967569300182,GPC3
Reactome_2022,Defective B3GAT3 Causes JDSSDHD R-HSA-3560801,1/20,0.4916741599010276,0.7426328456838439,0,0,1.5310716550412176,1.086967569300182,GPC3
Reactome_2022,"Defective B4GALT7 Causes EDS, Progeroid Type R-HSA-3560783",1/20,0.4916741599010276,0.7426328456838439,0,0,1.5310716550412176,1.086967569300182,GPC3
Reactome_2022,Diseases Associated With N-glycosylation Of Proteins R-HSA-3781860,1/20,0.4916741599010276,0.7426328456838439,0,0,1.5310716550412176,1.086967569300182,MOGAT2
Reactome_2022,NOTCH4 Intracellular Domain Regulates Transcription R-HSA-9013695,1/20,0.4916741599010276,0.7426328456838439,0,0,1.5310716550412176,1.086967569300182,HES5
Reactome_2022,Processing Of Intronless Pre-mRNAs R-HSA-77595,1/20,0.4916741599010276,0.7426328456838439,0,0,1.5310716550412176,1.086967569300182,COLEC12
Reactome_2022,Receptor-type Tyrosine-Protein Phosphatases R-HSA-388844,1/20,0.4916741599010276,0.7426328456838439,0,0,1.5310716550412176,1.086967569300182,SLITRK6
Reactome_2022,Sema4D Induced Cell Migration And Growth-Cone Collapse R-HSA-416572,1/20,0.4916741599010276,0.7426328456838439,0,0,1.5310716550412176,1.086967569300182,MYH14
Reactome_2022,Signal Transduction By L1 R-HSA-445144,1/20,0.4916741599010276,0.7426328456838439,0,0,1.5310716550412176,1.086967569300182,RNASE1
Reactome_2022,Signaling By Hippo R-HSA-2028269,1/20,0.4916741599010276,0.7426328456838439,0,0,1.5310716550412176,1.086967569300182,TJP2
Reactome_2022,Aquaporin-mediated Transport R-HSA-445717,2/50,0.4988032231933769,0.7511650913075335,0,0,1.21210407239819,0.8430712340926604,GNG4;GNB4
Reactome_2022,Neurotransmitter Release Cycle R-HSA-112310,2/50,0.4988032231933769,0.7511650913075335,0,0,1.21210407239819,0.8430712340926604,GAD1;SLC1A3
Reactome_2022,Processing Of DNA Double-Strand Break Ends R-HSA-5693607,3/80,0.4996035721352662,0.7512557418034003,0,0,1.1334013418605564,0.786512924729087,RMI2;H2BC5;ARTN
Reactome_2022,Branched-chain Amino Acid Catabolism R-HSA-70895,1/21,0.5085928741440946,0.7547463835848963,0,0,1.4544427710843373,0.9833595739585842,BCAT1
Reactome_2022,Interleukin-37 Signaling R-HSA-9008059,1/21,0.5085928741440946,0.7547463835848963,0,0,1.4544427710843373,0.9833595739585842,IL18BP
Reactome_2022,NOTCH2 Activation And Transmission Of Signal To Nucleus R-HSA-2979096,1/21,0.5085928741440946,0.7547463835848963,0,0,1.4544427710843373,0.9833595739585842,NEURL1
Reactome_2022,PCNA-Dependent Long Patch Base Excision Repair R-HSA-5651801,1/21,0.5085928741440946,0.7547463835848963,0,0,1.4544427710843373,0.9833595739585842,POLE2
Reactome_2022,"Synthesis, Secretion, And Inactivation Of Glucagon-like Peptide-1 (GLP-1) R-HSA-381771",1/21,0.5085928741440946,0.7547463835848963,0,0,1.4544427710843373,0.9833595739585842,FFAR4
Reactome_2022,Diseases Of DNA Repair R-HSA-9675135,2/51,0.5093608598577871,0.7547463835848963,0,0,1.187305691507372,0.8009547040249648,RMI2;ARTN
Reactome_2022,Nonhomologous End-Joining (NHEJ) R-HSA-5693571,2/51,0.5093608598577871,0.7547463835848963,0,0,1.187305691507372,0.8009547040249648,H2BC5;ARTN
Reactome_2022,Synthesis Of PIPs At Plasma Membrane R-HSA-1660499,2/51,0.5093608598577871,0.7547463835848963,0,0,1.187305691507372,0.8009547040249648,PLEKHA4;PIK3R6
Reactome_2022,Transcriptional Activity Of SMAD2/SMAD3:SMAD4 Heterotrimer R-HSA-2173793,2/51,0.5093608598577871,0.7547463835848963,0,0,1.187305691507372,0.8009547040249648,CDKN2B;STAT1
Reactome_2022,Translocation Of SLC2A4 (GLUT4) To Plasma Membrane R-HSA-1445148,2/51,0.5093608598577871,0.7547463835848963,0,0,1.187305691507372,0.8009547040249648,MYO1E;RNASE1
Reactome_2022,PI Metabolism R-HSA-1483255,3/82,0.5161855900009937,0.7634852783921212,0,0,1.10459290986271,0.7304550387300713,GDPD3;PLEKHA4;PIK3R6
Reactome_2022,Diseases Of Glycosylation R-HSA-3781865,5/143,0.5182973877094315,0.7634852783921212,0,0,1.0538537549407114,0.6925991098392675,MOGAT2;ADAMTSL4;GPC3;MUC20;MUC21
Reactome_2022,Apoptotic Execution Phase R-HSA-75153,2/52,0.5197717511024195,0.7634852783921212,0,0,1.1634992458521871,0.7613537703653793,DSG2;TJP2
Reactome_2022,SARS-CoV-1 Infection R-HSA-9678108,2/52,0.5197717511024195,0.7634852783921212,0,0,1.1634992458521871,0.7613537703653793,TMPRSS2;PARP9
Reactome_2022,Signaling By PDGF R-HSA-186797,2/52,0.5197717511024195,0.7634852783921212,0,0,1.1634992458521871,0.7613537703653793,SRC;STAT1
Reactome_2022,Transcriptional Activation Of Mitochondrial Biogenesis R-HSA-2151201,2/52,0.5197717511024195,0.7634852783921212,0,0,1.1634992458521871,0.7613537703653793,HELZ2;PPARGC1B
Reactome_2022,Blood Group Systems Biosynthesis R-HSA-9033658,1/22,0.5249492963177141,0.7688651309703894,0,0,1.3851118760757315,0.8926403342429933,FUT1
Reactome_2022,Insertion Of Tail-Anchored Proteins Into Endoplasmic Reticulum Membrane R-HSA-9609523,1/22,0.5249492963177141,0.7688651309703894,0,0,1.3851118760757315,0.8926403342429933,HMOX1
Reactome_2022,HDR Thru Homologous Recombination (HRR) Or Single Strand Annealing (SSA) R-HSA-5693567,4/114,0.5277622232118797,0.7718712630548384,0,0,1.057626186219227,0.6759388706490294,RMI2;H2BC5;ARTN;POLE2
Reactome_2022,Deposition Of New CENPA-containing Nucleosomes At Centromere R-HSA-606279,2/53,0.5300339718372281,0.7729662089292909,0,0,1.1406263863011268,0.724085800323859,H2AC14;H2BC5
Reactome_2022,Ion Transport By P-type ATPases R-HSA-936837,2/53,0.5300339718372281,0.7729662089292909,0,0,1.1406263863011268,0.724085800323859,ATP8B4;ATP2C2
Reactome_2022,PIP3 Activates AKT Signaling R-HSA-1257604,9/268,0.5354170619445654,0.7785432179252069,0,0,1.0104765043789434,0.6312540502600552,CD86;NRG4;SRC;CD80;PPARG;PIK3AP1;RNASE1;EZH2;HBEGF
Reactome_2022,RHO GTPase Effectors R-HSA-195258,9/269,0.5399306486475582,0.7785432179252069,0,0,1.0065372889305817,0.6203436025580089,H2AC14;H2BC5;NCF2;SRC;WIPF3;KIF14;CYBB;MYH14;RNASE1
Reactome_2022,Regulation Of RUNX3 Expression And Activity R-HSA-8941858,2/54,0.5401458867274845,0.7785432179252069,0,0,1.118633252117415,0.6889841352309025,SRC;CDKN2A
Reactome_2022,Digestion R-HSA-8935690,1/23,0.5407620868140726,0.7785432179252069,0,0,1.3220837897042717,0.8127852020520473,CEL
Reactome_2022,Glutamate Neurotransmitter Release Cycle R-HSA-210500,1/23,0.5407620868140726,0.7785432179252069,0,0,1.3220837897042717,0.8127852020520473,SLC1A3
Reactome_2022,IKK Complex Recruitment Mediated By RIP1 R-HSA-937041,1/23,0.5407620868140726,0.7785432179252069,0,0,1.3220837897042717,0.8127852020520473,TLR4
Reactome_2022,Long-term Potentiation R-HSA-9620244,1/23,0.5407620868140726,0.7785432179252069,0,0,1.3220837897042717,0.8127852020520473,SRC
Reactome_2022,Post-chaperonin Tubulin Folding Pathway R-HSA-389977,1/23,0.5407620868140726,0.7785432179252069,0,0,1.3220837897042717,0.8127852020520473,TUBB3
Reactome_2022,Triglyceride Catabolism R-HSA-163560,1/23,0.5407620868140726,0.7785432179252069,0,0,1.3220837897042717,0.8127852020520473,FABP3
Reactome_2022,TCR Signaling R-HSA-202403,4/116,0.5415285831085676,0.7785432179252069,0,0,1.038631942943592,0.6370546953370835,RIPK2;HLA-DRA;HLA-DQA1;HLA-DRB1
Reactome_2022,Cell Junction Organization R-HSA-446728,3/86,0.5484381231655755,0.7860585334993605,0,0,1.0511411203727297,0.6314003065811531,CLDN23;NECTIN4;CLDN1
Reactome_2022,RAF/MAP Kinase Cascade R-HSA-5673001,9/271,0.5489084159277136,0.7860585334993605,0,0,0.9987490690746602,0.5990733332123326,DUSP5;DUSP10;ARTN;NRG4;SRC;IL2RA;FN1;CSF2RA;HBEGF
Reactome_2022,Diseases Of Signal Transduction By Growth Factor Receptors And Second Messengers R-HSA-5663202,14/424,0.5490816121734333,0.7860585334993605,0,0,0.992656700760556,0.5951058244134252,CD86;STAT1;SRC;CD80;FN1;KREMEN2;RNASE1;BCL2L11;DUSP10;NRG4;NEURL1;PIK3AP1;HES5;HBEGF
Reactome_2022,Intrinsic Pathway For Apoptosis R-HSA-109606,2/55,0.5501061329245225,0.7860585334993605,0,0,1.0974700475255414,0.655896444415662,BCL2L11;CDKN2A
Reactome_2022,Cytosolic tRNA Aminoacylation R-HSA-379716,1/24,0.5560492877364934,0.7860585334993605,0,0,1.264536406495547,0.7421543199313053,WARS1
Reactome_2022,DARPP-32 Events R-HSA-180024,1/24,0.5560492877364934,0.7860585334993605,0,0,1.264536406495547,0.7421543199313053,PPP1R1B
Reactome_2022,Estrogen-dependent Nuclear Events Downstream Of ESR-membrane Signaling R-HSA-9634638,1/24,0.5560492877364934,0.7860585334993605,0,0,1.264536406495547,0.7421543199313053,HBEGF
Reactome_2022,Glycogen Metabolism R-HSA-8982491,1/24,0.5560492877364934,0.7860585334993605,0,0,1.264536406495547,0.7421543199313053,NHLRC1
Reactome_2022,"Incretin Synthesis, Secretion, And Inactivation R-HSA-400508",1/24,0.5560492877364934,0.7860585334993605,0,0,1.264536406495547,0.7421543199313053,FFAR4
Reactome_2022,Interleukin-6 Family Signaling R-HSA-6783589,1/24,0.5560492877364934,0.7860585334993605,0,0,1.264536406495547,0.7421543199313053,STAT1
Reactome_2022,RUNX2 Regulates Osteoblast Differentiation R-HSA-8940973,1/24,0.5560492877364934,0.7860585334993605,0,0,1.264536406495547,0.7421543199313053,SRC
Reactome_2022,Signaling By EGFR In Cancer R-HSA-1643713,1/24,0.5560492877364934,0.7860585334993605,0,0,1.264536406495547,0.7421543199313053,HBEGF
Reactome_2022,Estrogen-dependent Gene Expression R-HSA-9018519,4/119,0.5617857004522875,0.7896016401454146,0,0,1.0113793330263765,0.5831965373545878,FOXA1;H2AC14;H2BC5;MYB
Reactome_2022,Homology Directed Repair R-HSA-5693538,4/119,0.5617857004522875,0.7896016401454146,0,0,1.0113793330263765,0.5831965373545878,RMI2;H2BC5;ARTN;POLE2
Reactome_2022,Opioid Signaling R-HSA-111885,3/88,0.5640830588530599,0.7896016401454146,0,0,1.0263017593744446,0.5876129423669123,GNG4;PPP1R1B;GNB4
Reactome_2022,Cellular Response To Chemical Stress R-HSA-9711123,6/182,0.5661453688997842,0.7896016401454146,0,0,0.9911194647537592,0.5638522226832183,HELZ2;GPX2;NCF2;CDKN2A;CYBB;HMOX1
Reactome_2022,Cell-Cell Communication R-HSA-1500931,4/120,0.5684290020634423,0.7896016401454146,0,0,1.0026083781104909,0.5663522776760074,SRC;CLDN23;NECTIN4;CLDN1
Reactome_2022,Assembly Of Collagen Fibrils And Other Multimeric Structures R-HSA-2022090,2/57,0.5695674340314888,0.7896016401454146,0,0,1.0574523515699987,0.5952167640614685,MMP13;MMP9
Reactome_2022,Cytoprotection By HMOX1 R-HSA-9707564,2/57,0.5695674340314888,0.7896016401454146,0,0,1.0574523515699987,0.5952167640614685,HELZ2;HMOX1
Reactome_2022,NCAM Signaling For Neurite Out-Growth R-HSA-375165,2/57,0.5695674340314888,0.7896016401454146,0,0,1.0574523515699987,0.5952167640614685,SRC;ARTN
Reactome_2022,tRNA Processing In Nucleus R-HSA-6784531,2/57,0.5695674340314888,0.7896016401454146,0,0,1.0574523515699987,0.5952167640614685,COLEC12;RNASE7
Reactome_2022,Gap Junction Trafficking R-HSA-190828,1/25,0.5708283433404441,0.7896016401454146,0,0,1.2117846385542168,0.6794073418447489,GJB4
Reactome_2022,Gap-filling DNA Repair Synthesis And Ligation In GG-NER R-HSA-5696397,1/25,0.5708283433404441,0.7896016401454146,0,0,1.2117846385542168,0.6794073418447489,POLE2
Reactome_2022,NOTCH3 Activation And Transmission Of Signal To Nucleus R-HSA-9013507,1/25,0.5708283433404441,0.7896016401454146,0,0,1.2117846385542168,0.6794073418447489,NEURL1
Reactome_2022,Resolution Of AP Sites Via Multiple-Nucleotide Patch Replacement Pathway R-HSA-110373,1/25,0.5708283433404441,0.7896016401454146,0,0,1.2117846385542168,0.6794073418447489,POLE2
Reactome_2022,TRAF6 Mediated NF-kB Activation R-HSA-933542,1/25,0.5708283433404441,0.7896016401454146,0,0,1.2117846385542168,0.6794073418447489,IFIH1
Reactome_2022,Antimicrobial Peptides R-HSA-6803157,3/89,0.5717804980363347,0.7896016401454146,0,0,1.0143153235438769,0.567002373320532,RNASE7;LYZ;TLR2
Reactome_2022,ER-Phagosome Pathway R-HSA-1236974,3/89,0.5717804980363347,0.7896016401454146,0,0,1.0143153235438769,0.567002373320532,CD36;TLR4;TLR2
Reactome_2022,RAB GEFs Exchange GTP For GDP On RABs R-HSA-8876198,3/89,0.5717804980363347,0.7896016401454146,0,0,1.0143153235438769,0.567002373320532,DENND2C;RAB39A;RIN3
Reactome_2022,MAPK1/MAPK3 Signaling R-HSA-5684996,9/277,0.5754147140128747,0.7935406721780812,0,0,0.9760818620313068,0.5394455564583358,DUSP5;DUSP10;ARTN;NRG4;SRC;IL2RA;FN1;CSF2RA;HBEGF
Reactome_2022,Constitutive Signaling By NOTCH1 HD+PEST Domain Mutants R-HSA-2894862,2/58,0.579066983542616,0.7950372979524979,0,0,1.038515406162465,0.5673795158409277,NEURL1;HES5
Reactome_2022,Late SARS-CoV-2 Infection Events R-HSA-9772573,2/58,0.579066983542616,0.7950372979524979,0,0,1.038515406162465,0.5673795158409277,MOGAT2;PARP9
Reactome_2022,Metabolism Of Water-Soluble Vitamins And Cofactors R-HSA-196849,4/122,0.5815460582293509,0.7950372979524979,0,0,0.9855124490371548,0.5342119084394327,SLC52A1;ACP5;PARP9;FOLR2
Reactome_2022,GAG Synthesis Requires Tetrasaccharide Linker Sequence R-HSA-1971475,1/26,0.5851161197739073,0.7950372979524979,0,0,1.1632530120481928,0.6234395844845064,GPC3
Reactome_2022,Caspase Activation Via Extrinsic Apoptotic Signaling Pathway R-HSA-5357769,1/26,0.5851161197739073,0.7950372979524979,0,0,1.1632530120481928,0.6234395844845064,TLR4
Reactome_2022,Formation Of Tubulin Folding Intermediates By CCT/TriC R-HSA-389960,1/26,0.5851161197739073,0.7950372979524979,0,0,1.1632530120481928,0.6234395844845064,TUBB3
Reactome_2022,N-glycan Antennae Elongation In medial/trans-Golgi R-HSA-975576,1/26,0.5851161197739073,0.7950372979524979,0,0,1.1632530120481928,0.6234395844845064,MOGAT2
Reactome_2022,Pyroptosis R-HSA-5620971,1/26,0.5851161197739073,0.7950372979524979,0,0,1.1632530120481928,0.6234395844845064,IL1A
Reactome_2022,Synthesis Of IP3 And IP4 In Cytosol R-HSA-1855204,1/26,0.5851161197739073,0.7950372979524979,0,0,1.1632530120481928,0.6234395844845064,ITPKC
Reactome_2022,TNFR1-induced NFkappaB Signaling Pathway R-HSA-5357956,1/26,0.5851161197739073,0.7950372979524979,0,0,1.1632530120481928,0.6234395844845064,TNFAIP3
Reactome_2022,WNT Ligand Biogenesis And Trafficking R-HSA-3238698,1/26,0.5851161197739073,0.7950372979524979,0,0,1.1632530120481928,0.6234395844845064,WNT7B
Reactome_2022,HCMV Late Events R-HSA-9610379,3/91,0.5869198114869305,0.7952569935962517,0,0,0.9911597088711892,0.5281563757499977,H2AC14;H2BC5;RNASE7
Reactome_2022,Regulation Of IGF Transport And Uptake By IGFBPs R-HSA-381426,4/123,0.5880180288138428,0.7952569935962517,0,0,0.9771799794047724,0.5188802925331347,MMP1;FN1;GPC3;APOE
Reactome_2022,RNA Polymerase I Promoter Escape R-HSA-73772,2/59,0.5884118248185074,0.7952569935962517,0,0,1.0202429149797572,0.5410635824326946,H2AC14;H2BC5
Reactome_2022,SCF(Skp2)-mediated Degradation Of P27/P21 R-HSA-187577,2/59,0.5884118248185074,0.7952569935962517,0,0,1.0202429149797572,0.5410635824326946,CCNE2;CCNE1
Reactome_2022,DNA Replication R-HSA-69306,5/155,0.5901284317288515,0.7965164337829578,0,0,0.968939393939394,0.5110332526933365,H2AC14;CCNE2;H2BC5;CCNE1;POLE2
Reactome_2022,Formation Of beta-catenin:TCF Transactivating Complex R-HSA-201722,2/60,0.5976017289474559,0.7988342417344421,0,0,1.002600509699901,0.5161695743804398,H2AC14;H2BC5
Reactome_2022,HDACs Deacetylate Histones R-HSA-3214815,2/60,0.5976017289474559,0.7988342417344421,0,0,1.002600509699901,0.5161695743804398,H2AC14;H2BC5
Reactome_2022,Recruitment And ATM-mediated Phosphorylation Of Repair And Signal Proteins At DNA Double Strand Breaks R-HSA-5693565,2/60,0.5976017289474559,0.7988342417344421,0,0,1.002600509699901,0.5161695743804398,H2BC5;ARTN
Reactome_2022,ATF4 Activates Genes In Response To Endoplasmic Reticulum Stress R-HSA-380994,1/27,0.5989289240984339,0.7988342417344421,0,0,1.1184545875810936,0.573333629481516,CXCL8
Reactome_2022,"BMAL1:CLOCK,NPAS2 Activates Circadian Gene Expression R-HSA-1368108",1/27,0.5989289240984339,0.7988342417344421,0,0,1.1184545875810936,0.573333629481516,HELZ2
Reactome_2022,Effects Of PIP2 Hydrolysis R-HSA-114508,1/27,0.5989289240984339,0.7988342417344421,0,0,1.1184545875810936,0.573333629481516,DAGLA
Reactome_2022,Synthesis Of PC R-HSA-1483191,1/27,0.5989289240984339,0.7988342417344421,0,0,1.1184545875810936,0.573333629481516,ACHE
Reactome_2022,Role Of Nef In HIV-1 Replication And Disease Pathogenesis R-HSA-164952,1/27,0.5989289240984339,0.7988342417344421,0,0,1.1184545875810936,0.573333629481516,RNASE1
Reactome_2022,VEGFR2 Mediated Vascular Permeability R-HSA-5218920,1/27,0.5989289240984339,0.7988342417344421,0,0,1.1184545875810936,0.573333629481516,RNASE1
Reactome_2022,Ca2+ Pathway R-HSA-4086398,2/61,0.6066366529088767,0.80488392510132,0,0,0.9855561520566506,0.492605861947361,GNG4;GNB4
Reactome_2022,DNA Double Strand Break Response R-HSA-5693606,2/61,0.6066366529088767,0.80488392510132,0,0,0.9855561520566506,0.492605861947361,H2BC5;ARTN
Reactome_2022,Post NMDA Receptor Activation Events R-HSA-438064,2/61,0.6066366529088767,0.80488392510132,0,0,0.9855561520566506,0.492605861947361,SRC;RNASE1
Reactome_2022,Regulation Of PTEN Gene Transcription R-HSA-8943724,2/61,0.6066366529088767,0.80488392510132,0,0,0.9855561520566506,0.492605861947361,PPARG;EZH2
Reactome_2022,Mitophagy R-HSA-5205647,1/28,0.6122825228287562,0.8069597276611106,0,0,1.0769745649263722,0.5283222196735825,SRC
Reactome_2022,Paracetamol ADME R-HSA-9753281,1/28,0.6122825228287562,0.8069597276611106,0,0,1.0769745649263722,0.5283222196735825,CYP2E1
Reactome_2022,Prefoldin Mediated Transfer Of Substrate To CCT/TriC R-HSA-389957,1/28,0.6122825228287562,0.8069597276611106,0,0,1.0769745649263722,0.5283222196735825,TUBB3
Reactome_2022,Recycling Pathway Of L1 R-HSA-437239,1/28,0.6122825228287562,0.8069597276611106,0,0,1.0769745649263722,0.5283222196735825,SRC
Reactome_2022,TRAF6 Mediated IRF7 Activation R-HSA-933541,1/28,0.6122825228287562,0.8069597276611106,0,0,1.0769745649263722,0.5283222196735825,IFIH1
Reactome_2022,"Signaling By Rho GTPases, Miro GTPases And RHOBTB3 R-HSA-9716542",21/660,0.6139721883005373,0.8069597276611106,0,0,0.9540722596448254,0.4654018366529386,EGR2;DOCK4;PLEKHG2;H2BC5;NCF2;SRC;WIPF3;KIF14;CYBB;RNASE1;ARHGAP22;ANLN;H2AC14;CCNE1;PLEKHG4B;EPSTI1;MYH14;DSG2;ECT2;EPHA2;TJP2
Reactome_2022,Pre-NOTCH Transcription And Translation R-HSA-1912408,2/62,0.6155167275964356,0.8069597276611106,0,0,0.969079939668175,0.4702878628015143,H2AC14;H2BC5
Reactome_2022,RAB Geranylgeranylation R-HSA-8873719,2/62,0.6155167275964356,0.8069597276611106,0,0,0.969079939668175,0.4702878628015143,RAB20;RAB39A
Reactome_2022,MAPK Family Signaling Cascades R-HSA-5683057,10/318,0.6160417636151291,0.8069597276611106,0,0,0.943144641617924,0.456897480309641,DUSP5;DUSP10;ARTN;NRG4;SRC;IL2RA;FN1;RNASE1;CSF2RA;HBEGF
Reactome_2022,Transcriptional Regulation By RUNX3 R-HSA-8878159,3/95,0.6161515161944441,0.8069597276611106,0,0,0.9478687770918166,0.4590171878801082,BCL2L11;SRC;CDKN2A
Reactome_2022,Peroxisomal Protein Import R-HSA-9033241,2/63,0.6242422463606491,0.8094005644319938,0,0,0.9531439309645674,0.4491374050920642,SYCP2;SLC27A2
Reactome_2022,Adherens Junctions Interactions R-HSA-418990,1/29,0.6251921601129883,0.8094005644319938,0,0,1.0384574010327023,0.4877595162283079,NECTIN4
Reactome_2022,FCERI Mediated Ca+2 Mobilization R-HSA-2871809,1/29,0.6251921601129883,0.8094005644319938,0,0,1.0384574010327023,0.4877595162283079,SYK
Reactome_2022,G1/S-Specific Transcription R-HSA-69205,1/29,0.6251921601129883,0.8094005644319938,0,0,1.0384574010327023,0.4877595162283079,CCNE1
Reactome_2022,Interaction Between L1 And Ankyrins R-HSA-445095,1/29,0.6251921601129883,0.8094005644319938,0,0,1.0384574010327023,0.4877595162283079,SCN2A
Reactome_2022,Myogenesis R-HSA-525793,1/29,0.6251921601129883,0.8094005644319938,0,0,1.0384574010327023,0.4877595162283079,CDON
Reactome_2022,Negative Regulation Of FGFR3 Signaling R-HSA-5654732,1/29,0.6251921601129883,0.8094005644319938,0,0,1.0384574010327023,0.4877595162283079,SRC
Reactome_2022,Surfactant Metabolism R-HSA-5683826,1/29,0.6251921601129883,0.8094005644319938,0,0,1.0384574010327023,0.4877595162283079,CSF2RA
Reactome_2022,Uptake And Actions Of Bacterial Toxins R-HSA-5339562,1/29,0.6251921601129883,0.8094005644319938,0,0,1.0384574010327023,0.4877595162283079,HBEGF
Reactome_2022,Potential Therapeutics For SARS R-HSA-9679191,3/97,0.6302330883541827,0.8148873690184655,0,0,0.9276049366844508,0.4282432400381928,SYK;BLNK;TLR7
Reactome_2022,RUNX1 Regulates Transcription Of Genes Involved In Differentiation Of HSCs R-HSA-8939236,3/98,0.6371386040907759,0.8192881811774924,0,0,0.9177929718556208,0.4137117557891901,H2AC14;H2BC5;MYB
Reactome_2022,Activation Of BH3-only Proteins R-HSA-114452,1/30,0.637672574512531,0.8192881811774924,0,0,1.0025965932696304,0.4510986195415593,BCL2L11
Reactome_2022,FGFR1 Mutant Receptor Activation R-HSA-1839124,1/30,0.637672574512531,0.8192881811774924,0,0,1.0025965932696304,0.4510986195415593,STAT1
Reactome_2022,Recognition Of DNA Damage By PCNA-containing Replication Complex R-HSA-110314,1/30,0.637672574512531,0.8192881811774924,0,0,1.0025965932696304,0.4510986195415593,POLE2
Reactome_2022,Translation Of Structural Proteins R-HSA-9683701,1/30,0.637672574512531,0.8192881811774924,0,0,1.0025965932696304,0.4510986195415593,PARP9
Reactome_2022,Activated NOTCH1 Transmits Signal To Nucleus R-HSA-2122948,1/31,0.6497380162501877,0.8243551081174256,0,0,0.9691265060240964,0.4178738293681011,NEURL1
Reactome_2022,Downregulation Of SMAD2/3:SMAD4 Transcriptional Activity R-HSA-2173795,1/31,0.6497380162501877,0.8243551081174256,0,0,0.9691265060240964,0.4178738293681011,STAT1
Reactome_2022,EGFR Downregulation R-HSA-182971,1/31,0.6497380162501877,0.8243551081174256,0,0,0.9691265060240964,0.4178738293681011,HBEGF
Reactome_2022,"Glutamate Binding, Activation Of AMPA Receptors And Synaptic Plasticity R-HSA-399721",1/31,0.6497380162501877,0.8243551081174256,0,0,0.9691265060240964,0.4178738293681011,AKAP5
Reactome_2022,Late Endosomal Microautophagy R-HSA-9615710,1/31,0.6497380162501877,0.8243551081174256,0,0,0.9691265060240964,0.4178738293681011,RNASE1
Reactome_2022,Metalloprotease DUBs R-HSA-5689901,1/31,0.6497380162501877,0.8243551081174256,0,0,0.9691265060240964,0.4178738293681011,H2AC14
Reactome_2022,Negative Regulation Of FGFR4 Signaling R-HSA-5654733,1/31,0.6497380162501877,0.8243551081174256,0,0,0.9691265060240964,0.4178738293681011,SRC
Reactome_2022,Nicotinate Metabolism R-HSA-196807,1/31,0.6497380162501877,0.8243551081174256,0,0,0.9691265060240964,0.4178738293681011,PARP9
Reactome_2022,RUNX2 Regulates Bone Development R-HSA-8941326,1/31,0.6497380162501877,0.8243551081174256,0,0,0.9691265060240964,0.4178738293681011,SRC
Reactome_2022,Sealing Of Nuclear Envelope (NE) By ESCRT-III R-HSA-9668328,1/31,0.6497380162501877,0.8243551081174256,0,0,0.9691265060240964,0.4178738293681011,TUBB3
Reactome_2022,Signaling By Rho GTPases R-HSA-194315,20/644,0.6555151714961448,0.829818661140812,0,0,0.9297853309481215,0.3926798009427438,EGR2;DOCK4;PLEKHG2;H2BC5;NCF2;SRC;WIPF3;KIF14;CYBB;RNASE1;ARHGAP22;ANLN;H2AC14;PLEKHG4B;EPSTI1;MYH14;DSG2;ECT2;EPHA2;TJP2
Reactome_2022,RNA Polymerase II Transcription Termination R-HSA-73856,2/67,0.6576097168319417,0.829818661140812,0,0,0.8943032834435549,0.3748415506079582,COLEC12;ZNF473
Reactome_2022,SUMO E3 Ligases SUMOylate Target Proteins R-HSA-3108232,5/168,0.6608182454368243,0.829818661140812,0,0,0.8910578174381856,0.3691442658096059,VDR;CDKN2A;RNASE7;NR1H3;PPARG
Reactome_2022,Activation Of Pre-Replicative Complex R-HSA-68962,1/32,0.6614022629191301,0.829818661140812,0,0,0.9378157792460164,0.3876865319158089,POLE2
Reactome_2022,Cargo Concentration In ER R-HSA-5694530,1/32,0.6614022629191301,0.829818661140812,0,0,0.9378157792460164,0.3876865319158089,FOLR2
Reactome_2022,Defective TPR May Confer Susceptibility Towards Thyroid Papillary Carcinoma (TPC) R-HSA-5619107,1/32,0.6614022629191301,0.829818661140812,0,0,0.9378157792460164,0.3876865319158089,RNASE7
Reactome_2022,PERK Regulates Gene Expression R-HSA-381042,1/32,0.6614022629191301,0.829818661140812,0,0,0.9378157792460164,0.3876865319158089,CXCL8
Reactome_2022,Phase 0 - Rapid Depolarisation R-HSA-5576892,1/32,0.6614022629191301,0.829818661140812,0,0,0.9378157792460164,0.3876865319158089,SCN2A
Reactome_2022,RAF Activation R-HSA-5673000,1/32,0.6614022629191301,0.829818661140812,0,0,0.9378157792460164,0.3876865319158089,SRC
Reactome_2022,ABC-family Proteins Mediated Transport R-HSA-382556,3/102,0.6638524504729384,0.8318644904074475,0,0,0.8805273276572371,0.3607479669590841,ABCA12;ABCD1;ABCG1
Reactome_2022,Signaling By NOTCH R-HSA-157118,6/203,0.671460353045549,0.8376037923821653,0,0,0.8844965838102647,0.3522952609927038,PTCRA;H2AC14;H2BC5;STAT1;NEURL1;HES5
Reactome_2022,Cooperation Of Prefoldin And TriC/CCT In Actin And Tubulin Folding R-HSA-389958,1/33,0.6726786355235029,0.8376037923821653,0,0,0.9084619728915664,0.3601938834741499,TUBB3
Reactome_2022,Signaling By WNT In Cancer R-HSA-4791275,1/33,0.6726786355235029,0.8376037923821653,0,0,0.9084619728915664,0.3601938834741499,KREMEN2
Reactome_2022,Signaling To ERKs R-HSA-187687,1/33,0.6726786355235029,0.8376037923821653,0,0,0.9084619728915664,0.3601938834741499,SRC
Reactome_2022,Striated Muscle Contraction R-HSA-390522,1/33,0.6726786355235029,0.8376037923821653,0,0,0.9084619728915664,0.3601938834741499,TNNT1
Reactome_2022,Glycolysis R-HSA-70171,2/69,0.6733839355505881,0.8376037923821653,0,0,0.8675176155421985,0.343050843408506,PFKFB4;RNASE7
Reactome_2022,Metabolic Disorders Of Biological Oxidation Enzymes R-HSA-5579029,1/34,0.6835800132362105,0.8457750673802512,0,0,0.8808871851040526,0.3350996732737467,CYP27B1
Reactome_2022,Negative Regulation Of FGFR2 Signaling R-HSA-5654727,1/34,0.6835800132362105,0.8457750673802512,0,0,0.8808871851040526,0.3350996732737467,SRC
Reactome_2022,Nuclear Import Of Rev Protein R-HSA-180746,1/34,0.6835800132362105,0.8457750673802512,0,0,0.8808871851040526,0.3350996732737467,RNASE7
Reactome_2022,Transcriptional Regulation By E2F6 R-HSA-8953750,1/34,0.6835800132362105,0.8457750673802512,0,0,0.8808871851040526,0.3350996732737467,EZH2
Reactome_2022,Post-translational Protein Phosphorylation R-HSA-8957275,3/106,0.6891089346411867,0.8457750673802512,0,0,0.8461561024257179,0.3150712297819775,FN1;GPC3;APOE
Reactome_2022,SUMOylation R-HSA-2990846,5/174,0.6906494878034162,0.8457750673802512,0,0,0.8591536668459745,0.317992392980073,VDR;CDKN2A;RNASE7;NR1H3;PPARG
Reactome_2022,Intracellular Signaling By Second Messengers R-HSA-9006925,9/306,0.692297630368656,0.8457750673802512,0,0,0.8794345898004434,0.3234026728867374,CD86;NRG4;SRC;CD80;PPARG;PIK3AP1;RNASE1;EZH2;HBEGF
Reactome_2022,Programmed Cell Death R-HSA-5357801,6/208,0.6939776266846884,0.8457750673802512,0,0,0.8623777400501811,0.3150400046245983,IL1A;BCL2L11;CDKN2A;DSG2;TLR4;TJP2
Reactome_2022,Beta Defensins R-HSA-1461957,1/35,0.6941188484017234,0.8457750673802512,0,0,0.8549344436569809,0.3121468945584836,TLR2
Reactome_2022,NEP/NS2 Interacts With Cellular Export Machinery R-HSA-168333,1/35,0.6941188484017234,0.8457750673802512,0,0,0.8549344436569809,0.3121468945584836,RNASE7
Reactome_2022,Nucleotide Catabolism R-HSA-8956319,1/35,0.6941188484017234,0.8457750673802512,0,0,0.8549344436569809,0.3121468945584836,XDH
Reactome_2022,Regulation Of TNFR1 Signaling R-HSA-5357905,1/35,0.6941188484017234,0.8457750673802512,0,0,0.8549344436569809,0.3121468945584836,TNFAIP3
Reactome_2022,Rev-mediated Nuclear Export Of HIV RNA R-HSA-165054,1/35,0.6941188484017234,0.8457750673802512,0,0,0.8549344436569809,0.3121468945584836,RNASE7
Reactome_2022,SUMOylation Of SUMOylation Proteins R-HSA-4085377,1/35,0.6941188484017234,0.8457750673802512,0,0,0.8549344436569809,0.3121468945584836,RNASE7
Reactome_2022,Transport Of Ribonucleoproteins Into Host Nucleus R-HSA-168271,1/35,0.6941188484017234,0.8457750673802512,0,0,0.8549344436569809,0.3121468945584836,RNASE7
Reactome_2022,Transport Of SLBP Independent Mature mRNA R-HSA-159227,1/35,0.6941188484017234,0.8457750673802512,0,0,0.8549344436569809,0.3121468945584836,RNASE7
Reactome_2022,Vpr-mediated Nuclear Import Of PICs R-HSA-180910,1/35,0.6941188484017234,0.8457750673802512,0,0,0.8549344436569809,0.3121468945584836,RNASE7
Reactome_2022,CDK-mediated Phosphorylation And Removal Of Cdc6 R-HSA-69017,2/72,0.6959325386281433,0.8468095781976043,0,0,0.830209006679595,0.3009528824556688,CCNE2;CCNE1
Reactome_2022,Gene Silencing By RNA R-HSA-211000,3/108,0.701192260266741,0.8468095781976043,0,0,0.8299525248165731,0.2946108735676181,H2AC14;H2BC5;RNASE7
Reactome_2022,RHOC GTPase Cycle R-HSA-9013106,2/73,0.7031572191528204,0.8468095781976043,0,0,0.818473434877743,0.2882456951884948,ANLN;TJP2
Reactome_2022,Export Of Viral Ribonucleoproteins From Nucleus R-HSA-168274,1/36,0.7043071802878168,0.8468095781976043,0,0,0.8304647160068847,0.2911116682205578,RNASE7
Reactome_2022,Nuclear Pore Complex (NPC) Disassembly R-HSA-3301854,1/36,0.7043071802878168,0.8468095781976043,0,0,0.8304647160068847,0.2911116682205578,RNASE7
Reactome_2022,Regulation Of TP53 Degradation R-HSA-6804757,1/36,0.7043071802878168,0.8468095781976043,0,0,0.8304647160068847,0.2911116682205578,CDKN2A
Reactome_2022,SMAD2/SMAD3:SMAD4 Heterotrimer Regulates Transcription R-HSA-2173796,1/36,0.7043071802878168,0.8468095781976043,0,0,0.8304647160068847,0.2911116682205578,CDKN2B
Reactome_2022,Signaling By FGFR1 In Disease R-HSA-5655302,1/36,0.7043071802878168,0.8468095781976043,0,0,0.8304647160068847,0.2911116682205578,STAT1
Reactome_2022,Transcriptional Regulation By AP-2 (TFAP2) Family Of Transcription Factors R-HSA-8864260,1/36,0.7043071802878168,0.8468095781976043,0,0,0.8304647160068847,0.2911116682205578,APOE
Reactome_2022,Transport Of SLBP Dependant Mature mRNA R-HSA-159230,1/36,0.7043071802878168,0.8468095781976043,0,0,0.8304647160068847,0.2911116682205578,RNASE7
Reactome_2022,Signaling By B Cell Receptor (BCR) R-HSA-983705,3/109,0.7070984995679114,0.8468095781976043,0,0,0.8220800319215642,0.2849208563996636,SYK;BLNK;PIK3AP1
Reactome_2022,Apoptosis R-HSA-109581,5/178,0.7095179312191098,0.8468095781976043,0,0,0.8391136801541426,0.2879582301719441,BCL2L11;CDKN2A;DSG2;TLR4;TJP2
Reactome_2022,Activation Of NMDA Receptors And Postsynaptic Events R-HSA-442755,2/74,0.7102385281238959,0.8468095781976043,0,0,0.8070638511814983,0.2761404560455726,SRC;RNASE1
Reactome_2022,NoRC Negatively Regulates rRNA Expression R-HSA-427413,2/74,0.7102385281238959,0.8468095781976043,0,0,0.8070638511814983,0.2761404560455726,H2AC14;H2BC5
Reactome_2022,Signaling By NOTCH1 R-HSA-1980143,2/74,0.7102385281238959,0.8468095781976043,0,0,0.8070638511814983,0.2761404560455726,NEURL1;HES5
Reactome_2022,Deubiquitination R-HSA-5688426,8/279,0.7134839774376105,0.8468095781976043,0,0,0.8565828124034665,0.2891783303346771,IFIH1;OTUB2;H2AC14;H2BC5;RIPK2;TNFAIP3;NOD2;USP18
Reactome_2022,Defective B3GALTL Causes PpS R-HSA-5083635,1/37,0.7141566491991618,0.8468095781976043,0,0,0.8073544176706827,0.2717982416159434,ADAMTSL4
Reactome_2022,Fatty acyl-CoA Biosynthesis R-HSA-75105,1/37,0.7141566491991618,0.8468095781976043,0,0,0.8073544176706827,0.2717982416159434,SLC27A2
Reactome_2022,Formation Of Fibrin Clot (Clotting Cascade) R-HSA-140877,1/37,0.7141566491991618,0.8468095781976043,0,0,0.8073544176706827,0.2717982416159434,F3
Reactome_2022,Interactions Of Rev With Host Cellular Proteins R-HSA-177243,1/37,0.7141566491991618,0.8468095781976043,0,0,0.8073544176706827,0.2717982416159434,RNASE7
Reactome_2022,NCAM1 Interactions R-HSA-419037,1/37,0.7141566491991618,0.8468095781976043,0,0,0.8073544176706827,0.2717982416159434,ARTN
Reactome_2022,RHOV GTPase Cycle R-HSA-9013424,1/37,0.7141566491991618,0.8468095781976043,0,0,0.8073544176706827,0.2717982416159434,EPHA2
Reactome_2022,Regulation Of TP53 Expression And Degradation R-HSA-6806003,1/37,0.7141566491991618,0.8468095781976043,0,0,0.8073544176706827,0.2717982416159434,CDKN2A
Reactome_2022,Interactions Of Vpr With Host Cellular Proteins R-HSA-176033,1/38,0.7236785090345316,0.8531586240296705,0,0,0.7854933246499511,0.2540348514601989,RNASE7
Reactome_2022,O-glycosylation Of TSR Domain-Containing Proteins R-HSA-5173214,1/38,0.7236785090345316,0.8531586240296705,0,0,0.7854933246499511,0.2540348514601989,ADAMTSL4
Reactome_2022,Resolution Of Abasic Sites (AP Sites) R-HSA-73933,1/38,0.7236785090345316,0.8531586240296705,0,0,0.7854933246499511,0.2540348514601989,POLE2
Reactome_2022,SUMOylation Of DNA Damage Response And Repair Proteins R-HSA-3108214,2/76,0.7239772110565597,0.8531586240296705,0,0,0.7851697851697852,0.253606200196066,CDKN2A;RNASE7
Reactome_2022,Mitotic Prophase R-HSA-68875,3/112,0.7242797233002146,0.8531586240296705,0,0,0.7993292497020428,0.2578457134278658,H2AC14;H2BC5;RNASE7
Reactome_2022,RHOA GTPase Cycle R-HSA-8980692,4/147,0.7245544176488433,0.8531586240296705,0,0,0.812162119272558,0.2616773430172527,ARHGAP22;ANLN;ECT2;TJP2
Reactome_2022,Nervous System Development R-HSA-9675108,16/545,0.7301690408054279,0.8583302992175355,0,0,0.8764275998264015,0.275618258250703,SEMA4A;SEMA7A;EGR2;SRC;TREM2;AKAP5;RNASE1;MMP9;ABLIM3;LHX2;ARTN;ADGRG6;MYH14;EPHB2;SCN2A;EPHA2
Reactome_2022,Negative Epigenetic Regulation Of rRNA Expression R-HSA-5250941,2/77,0.7306378113536459,0.8583302992175355,0,0,0.7746606334841629,0.243117488485987,H2AC14;H2BC5
Reactome_2022,SUMOylation Of Ubiquitinylation Proteins R-HSA-3232142,1/39,0.7328836408582261,0.8589802488118932,0,0,0.764782815472416,0.2376702809848173,RNASE7
Reactome_2022,Signaling By FGFR3 R-HSA-5654741,1/39,0.7328836408582261,0.8589802488118932,0,0,0.764782815472416,0.2376702809848173,SRC
Reactome_2022,DNA Double-Strand Break Repair R-HSA-5693532,4/149,0.73424744446691,0.859586108574295,0,0,0.800876415045125,0.2473980841625313,RMI2;H2BC5;ARTN;POLE2
Reactome_2022,Nuclear Events Mediated By NFE2L2 R-HSA-9759194,2/78,0.7371614820067576,0.8600217290078839,0,0,0.7644280384218465,0.2331110335355078,CDKN2A;HMOX1
Reactome_2022,Pre-NOTCH Expression And Processing R-HSA-1912422,2/78,0.7371614820067576,0.8600217290078839,0,0,0.7644280384218465,0.2331110335355078,H2AC14;H2BC5
Reactome_2022,RNA Polymerase I Promoter Clearance R-HSA-73854,2/78,0.7371614820067576,0.8600217290078839,0,0,0.7644280384218465,0.2331110335355078,H2AC14;H2BC5
Reactome_2022,Amine Ligand-Binding Receptors R-HSA-375280,1/40,0.7417825646293617,0.8614522918750596,0,0,0.7451343836886005,0.2225709834543296,ADRB1
Reactome_2022,Class C/3 (Metabotropic Glutamate/Pheromone Receptors) R-HSA-420499,1/40,0.7417825646293617,0.8614522918750596,0,0,0.7451343836886005,0.2225709834543296,UBD
Reactome_2022,Diseases Associated With Glycosaminoglycan Metabolism R-HSA-3560782,1/40,0.7417825646293617,0.8614522918750596,0,0,0.7451343836886005,0.2225709834543296,GPC3
Reactome_2022,Signaling By FGFR4 R-HSA-5654743,1/40,0.7417825646293617,0.8614522918750596,0,0,0.7451343836886005,0.2225709834543296,SRC
Reactome_2022,RNA Polymerase I Transcription R-HSA-73864,2/79,0.7435499494360978,0.8625179413458733,0,0,0.7544612250494603,0.2235614476229236,H2AC14;H2BC5
Reactome_2022,Carboxyterminal Post-Translational Modifications Of Tubulin R-HSA-8955332,1/41,0.7503854516072479,0.8674729309582649,0,0,0.7264683734939759,0.208618665295919,TUBB3
Reactome_2022,Dual Incision In GG-NER R-HSA-5696400,1/41,0.7503854516072479,0.8674729309582649,0,0,0.7264683734939759,0.208618665295919,POLE2
Reactome_2022,"Sensory Perception Of Sweet, Bitter, And Umami (Glutamate) Taste R-HSA-9717207",1/41,0.7503854516072479,0.8674729309582649,0,0,0.7264683734939759,0.208618665295919,SCN2A
Reactome_2022,Activation Of Gene Expression By SREBF (SREBP) R-HSA-2426168,1/42,0.7587021354742871,0.8721208012530027,0,0,0.7087129003820158,0.195708248175579,HELZ2
Reactome_2022,Deactivation Of Beta-Catenin Transactivating Complex R-HSA-3769402,1/42,0.7587021354742871,0.8721208012530027,0,0,0.7087129003820158,0.195708248175579,SOX2
Reactome_2022,RND3 GTPase Cycle R-HSA-9696264,1/42,0.7587021354742871,0.8721208012530027,0,0,0.7087129003820158,0.195708248175579,EPHA2
Reactome_2022,Transport Of Mature mRNA Derived From An Intronless Transcript R-HSA-159231,1/42,0.7587021354742871,0.8721208012530027,0,0,0.7087129003820158,0.195708248175579,RNASE7
Reactome_2022,tRNA Aminoacylation R-HSA-379724,1/42,0.7587021354742871,0.8721208012530027,0,0,0.7087129003820158,0.195708248175579,WARS1
Reactome_2022,Signaling By TGFB Family Members R-HSA-9006936,3/119,0.7612956041486975,0.8728563755830013,0,0,0.7508203979581206,0.204773916170012,CDKN2B;STAT1;FST
Reactome_2022,Synthesis Of DNA R-HSA-69239,3/119,0.7612956041486975,0.8728563755830013,0,0,0.7508203979581206,0.204773916170012,CCNE2;CCNE1;POLE2
Reactome_2022,Cyclin E Associated Events During G1/S Transition R-HSA-69202,2/82,0.7619219199670337,0.8728563755830013,0,0,0.7260558069381599,0.1974227026679166,CCNE2;CCNE1
Reactome_2022,Signaling By WNT R-HSA-195721,8/294,0.7653504067513113,0.8744306243210567,0,0,0.8110185096486466,0.2168837879892173,SOX2;H2AC14;H2BC5;GNG4;WNT7B;GNB4;KREMEN2;RNASE1
Reactome_2022,Cellular Responses To Stress R-HSA-2262752,21/722,0.7665837439344814,0.8744306243210567,0,0,0.8668051851392421,0.2304066405587527,CDKN2B;EGLN3;GPX2;CXCL8;H2BC5;CDKN2A;NCF2;CYBB;HELZ2;IL1A;DCSTAMP;H2AC14;CCNE2;ARTN;CCNE1;RNASE7;HMOX1;E2F2;ATF5;TLR4;EZH2
Reactome_2022,Defensins R-HSA-1461973,1/43,0.7667421237889068,0.8744306243210567,0,0,0.691802925989673,0.1837461419911257,TLR2
Reactome_2022,Transport Of Mature mRNAs Derived From Intronless Transcripts R-HSA-159234,1/43,0.7667421237889068,0.8744306243210567,0,0,0.691802925989673,0.1837461419911257,RNASE7
Reactome_2022,Regulation Of TP53 Activity R-HSA-5633007,4/157,0.7704530147386304,0.8776765543880021,0,0,0.7586841090445255,0.1978470672132151,RMI2;ARTN;CDKN2A;ZNF385A
Reactome_2022,Cyclin A:Cdk2-associated Events At S Phase Entry R-HSA-69656,2/84,0.773526991106844,0.8793426488650979,0,0,0.7082735533237685,0.1818809051296424,CCNE2;CCNE1
Reactome_2022,TNF Signaling R-HSA-75893,1/44,0.7745146089511306,0.8793426488650979,0,0,0.6756794620341833,0.1726487761844533,TNFAIP3
Reactome_2022,TP53 Regulates Transcription Of Cell Death Genes R-HSA-5633008,1/44,0.7745146089511306,0.8793426488650979,0,0,0.6756794620341833,0.1726487761844533,NLRC4
Reactome_2022,Rab Regulation Of Trafficking R-HSA-9007101,3/122,0.7758812640898204,0.8799100369286791,0,0,0.7317779075376374,0.1856928742260079,DENND2C;RAB39A;RIN3
Reactome_2022,SUMOylation Of DNA Replication Proteins R-HSA-4615885,1/45,0.7820284780229062,0.8858916352603234,0,0,0.660288882803943,0.1623413465629475,RNASE7
Reactome_2022,Signaling By FGFR R-HSA-190236,2/86,0.7846352033961573,0.887853658246488,0,0,0.6913380736910149,0.1676746325462109,SRC;ANOS1
Reactome_2022,Vesicle-mediated Transport R-HSA-5653656,18/637,0.7929247764054224,0.8954035957870046,0,0,0.8411832416546606,0.1951771578613502,COLEC12;DENND2C;MSR1;CD163;SRC;GOLIM4;RAB39A;RNASE1;MYO1E;MARCO;GJB4;STAB1;RIN3;APOE;CD36;FOLR2;SCARF1;HBEGF
Reactome_2022,Cellular Responses To Stimuli R-HSA-8953897,21/736,0.7947875160102147,0.8954035957870046,0,0,0.8491942839768927,0.1950433469451256,CDKN2B;EGLN3;GPX2;CXCL8;H2BC5;CDKN2A;NCF2;CYBB;HELZ2;IL1A;DCSTAMP;H2AC14;CCNE2;ARTN;CCNE1;RNASE7;HMOX1;E2F2;ATF5;TLR4;EZH2
Reactome_2022,Protein-protein Interactions At Synapses R-HSA-6794362,2/88,0.7952617980736487,0.8954035957870046,0,0,0.6751902907853661,0.1546752336868964,EPB41L3;SLITRK6
Reactome_2022,SUMOylation Of RNA Binding Proteins R-HSA-4570464,1/47,0.7963144530309413,0.8954035957870046,0,0,0.6315151911995809,0.1438346133387174,RNASE7
Reactome_2022,Viral Messenger RNA Synthesis R-HSA-168325,1/47,0.7963144530309413,0.8954035957870046,0,0,0.6315151911995809,0.1438346133387174,RNASE7
Reactome_2022,DNA Replication Pre-Initiation R-HSA-69002,3/127,0.7985584473558827,0.8954035957870046,0,0,0.7020880031186044,0.1579326725803387,H2AC14;H2BC5;POLE2
Reactome_2022,Protein Localization R-HSA-9609507,4/164,0.7988587342234452,0.8954035957870046,0,0,0.7252269288956127,0.1628650469358127,SYCP2;HMOX1;SLC27A2;ABCD1
Reactome_2022,Mitochondrial Biogenesis R-HSA-1592230,2/89,0.8003992907927998,0.8954035957870046,0,0,0.667394809382639,0.1485918252422636,HELZ2;PPARGC1B
Reactome_2022,Unfolded Protein Response (UPR) R-HSA-381119,2/89,0.8003992907927998,0.8954035957870046,0,0,0.667394809382639,0.1485918252422636,DCSTAMP;CXCL8
Reactome_2022,Cell Cycle Checkpoints R-HSA-69620,7/271,0.8006556898999018,0.8954035957870046,0,0,0.7684961315280464,0.1708553450041887,RMI2;H2BC5;CCNE2;ARTN;CDKN2A;CCNE1;ZNF385A
Reactome_2022,Post-translational Protein Modification R-HSA-597592,41/1383,0.8015396955593048,0.8954035957870046,0,0,0.8809481160915588,0.1948840307662873,OTUB2;LY6K;PSCA;MOGAT2;TNFAIP3;NOD2;NPL;LYPD5;USP18;IFIH1;OTOA;NEU4;H2AC14;RAB20;STS;ADAMTSL4;TUBB3;UBD;RNASE7;GPC3;APOE;LY6G6C;ARSB;H2BC5;RIPK2;CDKN2A;VDR;FN1;RAB39A;PLAUR;NR1H3;RENBP;CEACAM7;CEACAM5;B3GNT5;RAET1L;PPARG;FOLR2;ASB2;MUC20;MUC21
Reactome_2022,Inositol Phosphate Metabolism R-HSA-1483249,1/48,0.8031028979845191,0.8954035957870046,0,0,0.6180466547039221,0.1355205926316042,ITPKC
Reactome_2022,NOTCH1 Intracellular Domain Regulates Transcription R-HSA-2122947,1/48,0.8031028979845191,0.8954035957870046,0,0,0.6180466547039221,0.1355205926316042,HES5
Reactome_2022,Collagen Formation R-HSA-1474290,2/90,0.8054221506931382,0.8954035957870046,0,0,0.6597764980117922,0.1427681973141735,MMP13;MMP9
Reactome_2022,Regulation Of TP53 Activity Thru Phosphorylation R-HSA-6804756,2/90,0.8054221506931382,0.8954035957870046,0,0,0.6597764980117922,0.1427681973141735,RMI2;ARTN
Reactome_2022,Switching Of Origins To A Post-Replicative State R-HSA-69052,2/90,0.8054221506931382,0.8954035957870046,0,0,0.6597764980117922,0.1427681973141735,CCNE2;CCNE1
Reactome_2022,G1/S Transition R-HSA-69206,3/129,0.8070769021236578,0.896261548857235,0,0,0.6908718170047475,0.1480789238287395,CCNE2;CCNE1;POLE2
Reactome_2022,RMTs Methylate Histone Arginines R-HSA-3214858,1/49,0.8096654239975561,0.8979118904695095,0,0,0.6051393072289156,0.127765587447982,H2AC14
Reactome_2022,Signaling By TGF-beta Receptor Complex R-HSA-170834,2/91,0.8103323070641091,0.8979118904695095,0,0,0.6523293846492789,0.1371919537667337,CDKN2B;STAT1
Reactome_2022,Telomere Maintenance R-HSA-157579,2/92,0.8151316879148752,0.9022449980737168,0,0,0.6450477626948216,0.1318513740142714,H2AC14;H2BC5
Reactome_2022,Axon Guidance R-HSA-422475,14/519,0.8234085688446934,0.910413613700832,0,0,0.8018737357606729,0.1558062824670646,SEMA4A;SEMA7A;SRC;TREM2;AKAP5;RNASE1;MMP9;ABLIM3;LHX2;ARTN;MYH14;EPHB2;SCN2A;EPHA2
Reactome_2022,Metabolism Of Non-Coding RNA R-HSA-194441,1/52,0.8280713260035694,0.914572792049644,0,0,0.569454287739192,0.1074309600160886,RNASE7
Reactome_2022,Nuclear Envelope Breakdown R-HSA-2980766,1/53,0.8338028014866773,0.9197081138052609,0,0,0.558474281742354,0.1015073659989997,RNASE7
Reactome_2022,Factors Involved In Megakaryocyte Development And Platelet Production R-HSA-983231,3/136,0.8345331751868426,0.9197081138052609,0,0,0.6542716307384776,0.1183464728187958,DOCK4;MYB;RNASE1
Reactome_2022,Transcriptional Regulation By TP53 R-HSA-3700989,9/354,0.8361914465887529,0.9205361369713494,0,0,0.75516967126193,0.1350981090052781,RMI2;GPX2;CCNE2;ARTN;CDKN2A;CCNE1;NLRC4;ZNF385A;E2F7
Reactome_2022,Regulation Of Cholesterol Biosynthesis By SREBP (SREBF) R-HSA-1655829,1/55,0.8446997208639686,0.9278898448884504,0,0,0.5377342704149933,0.0907556039262226,HELZ2
Reactome_2022,Signaling By ALK Fusions And Activated Point Mutants R-HSA-9725370,1/55,0.8446997208639686,0.9278898448884504,0,0,0.5377342704149933,0.0907556039262226,FN1
Reactome_2022,KEAP1-NFE2L2 Pathway R-HSA-9755511,2/100,0.8497682225716053,0.9305564214064244,0,0,0.5921445501277434,0.0963961859905929,CDKN2A;HMOX1
Reactome_2022,E3 Ubiquitin Ligases Ubiquitinate Target Proteins R-HSA-8866654,1/56,0.8498776380726655,0.9305564214064244,0,0,0.5279299014238773,0.0858746061590729,H2BC5
Reactome_2022,Stabilization Of P53 R-HSA-69541,1/56,0.8498776380726655,0.9305564214064244,0,0,0.5279299014238773,0.0858746061590729,CDKN2A
Reactome_2022,Neurexins And Neuroligins R-HSA-6794361,1/57,0.8548831652716945,0.9324971197337454,0,0,0.5184756884681584,0.0812920459388683,EPB41L3
Reactome_2022,Regulated Necrosis R-HSA-5218859,1/57,0.8548831652716945,0.9324971197337454,0,0,0.5184756884681584,0.0812920459388683,IL1A
Reactome_2022,SUMOylation Of Chromatin Organization Proteins R-HSA-4551638,1/57,0.8548831652716945,0.9324971197337454,0,0,0.5184756884681584,0.0812920459388683,RNASE7
Reactome_2022,Beta-catenin Independent WNT Signaling R-HSA-3858494,3/142,0.8553249443075044,0.9324971197337454,0,0,0.6258340759416636,0.0978014882579785,GNG4;GNB4;RNASE1
Reactome_2022,mRNA 3-End Processing R-HSA-72187,1/58,0.8597220334815584,0.9362852617851736,0,0,0.5093532022828154,0.0769867800292733,COLEC12
Reactome_2022,Iron Uptake And Transport R-HSA-917937,1/59,0.8643997834767015,0.9403706111777622,0,0,0.5005452845866224,0.0729394112376426,HMOX1
Reactome_2022,tRNA Processing R-HSA-72306,2/105,0.8683067306168024,0.9436095627152618,0,0,0.563253232585043,0.0795371300445235,COLEC12;RNASE7
Reactome_2022,HATs Acetylate Histones R-HSA-3214847,2/106,0.871752833377717,0.944520366366228,0,0,0.5578083304327648,0.076558826990892,H2AC14;H2BC5
Reactome_2022,Dectin-1 Mediated Noncanonical NF-kB Signaling R-HSA-5607761,1/61,0.8732931787824912,0.944520366366228,0,0,0.4838102409638554,0.0655485227117618,CCL22
Reactome_2022,Selective Autophagy R-HSA-9663891,1/61,0.8732931787824912,0.944520366366228,0,0,0.4838102409638554,0.0655485227117618,SRC
Reactome_2022,Signaling By FGFR In Disease R-HSA-1226099,1/61,0.8732931787824912,0.944520366366228,0,0,0.4838102409638554,0.0655485227117618,STAT1
Reactome_2022,G2/M Checkpoints R-HSA-69481,3/148,0.8737976591309242,0.944520366366228,0,0,0.5997499739556204,0.0809101347288858,RMI2;H2BC5;ARTN
Reactome_2022,Cytosolic Sensors Of Pathogen-Associated DNA R-HSA-1834949,1/63,0.8816041070006607,0.9519448602187984,0,0,0.4681548775748154,0.058993217645699,AIM2
Reactome_2022,Assembly Of Pre-Replicative Complex R-HSA-68867,2/110,0.8847229977121642,0.9531669638079096,0,0,0.5370370370370371,0.0657766614295927,H2AC14;H2BC5
Reactome_2022,Gap-filling DNA Repair Synthesis And Ligation In TC-NER R-HSA-6782210,1/64,0.8855531496264618,0.9531669638079096,0,0,0.4606999426276534,0.0559947616300502,POLE2
Reactome_2022,Oxygen-dependent Proline Hydroxylation Of Hypoxia-inducible Factor Alpha R-HSA-1234176,1/64,0.8855531496264618,0.9531669638079096,0,0,0.4606999426276534,0.0559947616300502,EGLN3
Reactome_2022,Antigen Processing: Ubiquitination And Proteasome Degradation R-HSA-983168,7/307,0.888363236259656,0.9542401931197326,0,0,0.675,0.0799028346056116,HERC5;RNF144B;DTX3L;RNF19B;TRIM36;ASB2;HERC6
Reactome_2022,Dual Incision In TC-NER R-HSA-6782135,1/65,0.8893706627500167,0.9542401931197326,0,0,0.4534779743975903,0.0531662959464728,POLE2
Reactome_2022,FOXO-mediated Transcription R-HSA-9614085,1/65,0.8893706627500167,0.9542401931197326,0,0,0.4534779743975903,0.0531662959464728,BCL2L11
Reactome_2022,COPII-mediated Vesicle Transport R-HSA-204005,1/66,0.8930610206919642,0.957187894405854,0,0,0.4464782205746061,0.0504968511395267,FOLR2
Reactome_2022,Influenza Infection R-HSA-168255,3/157,0.8975961526755711,0.960360885933628,0,0,0.5644348099030878,0.0609787318793067,XK;RNASE7;ISG15
Reactome_2022,Metabolism Of Proteins R-HSA-392499,54/1890,0.8981051348979803,0.960360885933628,0,0,0.8423510156926928,0.0905258975651283,ACHE;LY6K;PSCA;MOGAT2;TNFAIP3;IFIH1;H2AC14;STS;ADAMTSL4;TUBB3;FFAR4;RIPK2;MMP1;PLAUR;RENBP;MMP12;CEACAM7;CCNE2;CCNE1;CEACAM5;B3GNT5;PPARG;OTUB2;NOD2;NPL;LYPD5;PLA2G7;CSF2RA;USP18;OTOA;NEU4;RAB20;GNG4;UBD;RNASE7;GPC3;APOE;LY6G6C;ARSB;H2BC5;CDKN2A;VDR;FN1;RAB39A;NR1H3;LYZ;WARS1;RAET1L;GNB4;TGFBI;FOLR2;ASB2;MUC20;MUC21
Reactome_2022,TCF Dependent Signaling In Response To WNT R-HSA-201681,4/198,0.8988599424994548,0.960360885933628,0,0,0.5970647410203223,0.0636638485783044,SOX2;H2AC14;H2BC5;KREMEN2
Reactome_2022,Chromatin Modifying Enzymes R-HSA-3247509,5/238,0.9005918912810922,0.9611995474766653,0,0,0.6210820652880739,0.0650292019638984,H2AC14;H2BC5;KMT5C;PADI3;EZH2
Reactome_2022,Circadian Clock R-HSA-400253,1/69,0.9034107573890376,0.9631952928044888,0,0,0.4267142097802976,0.0433447538812966,HELZ2
Reactome_2022,Ub-specific Processing Proteases R-HSA-5689880,4/201,0.9051215391717368,0.9640066760328572,0,0,0.5878802306918451,0.0586034562318516,IFIH1;H2AC14;H2BC5;USP18
Reactome_2022,S Phase R-HSA-69242,3/161,0.906815193354828,0.9640852957058584,0,0,0.5500305939041646,0.0538021256588955,CCNE2;CCNE1;POLE2
Reactome_2022,Chromosome Maintenance R-HSA-73886,2/118,0.9070950319202904,0.9640852957058584,0,0,0.4997919592240079,0.048733743477039,H2AC14;H2BC5
Reactome_2022,RHO GTPases Activate Formins R-HSA-5663220,2/119,0.9095873212683596,0.9657229404679758,0,0,0.4954944502455815,0.0469551725630713,SRC;RNASE1
Reactome_2022,Signaling By FGFR2 R-HSA-5654738,1/72,0.912760167050446,0.9680789650535032,0,0,0.4086203970812829,0.0372997359521002,SRC
Reactome_2022,Generic Transcription Pathway R-HSA-212436,32/1190,0.9140994996790016,0.968487465735059,0,0,0.7935237253313033,0.0712710092028753,ZNF473;CSF1R;SERPINB13;SRC;NLRC4;SOX2;H2AC14;BCL2L11;MYB;CTLA4;HIVEP3;APOE;PPARGC1B;E2F7;ZNF385A;RMI2;CDKN2B;GPX2;H2BC5;STAT1;CDKN2A;VDR;GAD1;NR1H3;MMP13;NR4A3;CCNE2;ARTN;CCNE1;IL2RA;PPARG;EZH2
Reactome_2022,Cellular Response To Hypoxia R-HSA-1234174,1/73,0.9156713071354194,0.9691411644863928,0,0,0.4029241967871486,0.035496740827682,EGLN3
Reactome_2022,Transport Of Mature mRNA Derived From An Intron-Containing Transcript R-HSA-159236,1/74,0.918485442910381,0.9711070047437884,0,0,0.3973840567750454,0.0337892576661736,RNASE7
Reactome_2022,Signaling By ROBO Receptors R-HSA-376176,4/209,0.9201715332165092,0.9718773217635348,0,0,0.5647024095051844,0.0469805170071964,LHX2;SRC;AKAP5;RNASE1
Reactome_2022,Nuclear Envelope (NE) Reassembly R-HSA-2995410,1/75,0.9212058019494082,0.9719583045516106,0,0,0.3919936502767828,0.0321716294857957,TUBB3
Reactome_2022,Cell Cycle R-HSA-1640170,16/654,0.922378931120209,0.972185477764291,0,0,0.7224811743168897,0.0583758659738736,RMI2;CDKN2B;SYCP2;H2BC5;CDKN2A;SRC;SMC1B;H2AC14;CCNE2;TUBB3;ARTN;CCNE1;POLE2;RNASE7;E2F2;ZNF385A
Reactome_2022,Protein Ubiquitination R-HSA-8852135,1/76,0.9238355047054922,0.9727106195809904,0,0,0.3867469879518072,0.0306385792002219,H2BC5
Reactome_2022,Transcription-Coupled Nucleotide Excision Repair (TC-NER) R-HSA-6781827,1/77,0.9263775679002698,0.9743764056153096,0,0,0.3816383956880152,0.0291851806231606,POLE2
Reactome_2022,Autophagy R-HSA-9612973,2/128,0.929360219589056,0.9765016800029936,0,0,0.4598865187100481,0.0336907646180997,SRC;RNASE1
Reactome_2022,Fc Epsilon Receptor (FCERI) Signaling R-HSA-2454202,2/130,0.9331619364400988,0.977121619863398,0,0,0.4526536576168929,0.0313130083657658,SYK;RNASE1
Reactome_2022,Host Interactions Of HIV Factors R-HSA-162909,2/130,0.9331619364400988,0.977121619863398,0,0,0.4526536576168929,0.0313130083657658,RNASE7;RNASE1
Reactome_2022,COPI-mediated Anterograde Transport R-HSA-6807878,1/80,0.9335066031880802,0.977121619863398,0,0,0.3670886075949367,0.0252583548212685,FOLR2
Reactome_2022,Regulation Of HSF1-mediated Heat Shock Response R-HSA-3371453,1/81,0.9357263197115496,0.977121619863398,0,0,0.3624811746987952,0.0240804359328723,RNASE7
Reactome_2022,Signaling By NOTCH4 R-HSA-9013694,1/81,0.9357263197115496,0.977121619863398,0,0,0.3624811746987952,0.0240804359328723,HES5
Reactome_2022,TP53 Regulates Metabolic Genes R-HSA-5628897,1/81,0.9357263197115496,0.977121619863398,0,0,0.3624811746987952,0.0240804359328723,GPX2
Reactome_2022,Global Genome Nucleotide Excision Repair (GG-NER) R-HSA-5696399,1/82,0.9378720413940465,0.9783557266340772,0,0,0.357987505577867,0.0229619471284816,POLE2
Reactome_2022,Transport Of Mature Transcript To Cytoplasm R-HSA-72202,1/83,0.9399462315569128,0.9795127567045856,0,0,0.3536034381428151,0.0218995823530286,RNASE7
Reactome_2022,Hedgehog On State R-HSA-5632684,1/85,0.943889462299096,0.9826131325472642,0,0,0.3451484509466437,0.019931016556893,CDON
Reactome_2022,Influenza Viral RNA Transcription And Replication R-HSA-168273,2/137,0.944997559117435,0.982758732073972,0,0,0.4290263113792525,0.0242712773850817,XK;RNASE7
Reactome_2022,DNA Repair R-HSA-73894,6/310,0.9478381318211953,0.9838595642359476,0,0,0.5699724462902324,0.03053430075354,RMI2;H2AC14;H2BC5;ARTN;POLE2;ISG15
Reactome_2022,PTEN Regulation R-HSA-6807070,2/139,0.9479947328303024,0.9838595642359476,0,0,0.4227191157204038,0.02257587778723,PPARG;EZH2
Reactome_2022,PCP/CE Pathway R-HSA-4086400,1/88,0.9493248322669186,0.9842336105729544,0,0,0.3331948483589531,0.0173275481706103,RNASE1
Reactome_2022,MAPK6/MAPK4 Signaling R-HSA-5687128,1/90,0.9526530445974448,0.9856705813113216,0,0,0.3256734804386084,0.0157966319847671,RNASE1
Reactome_2022,Viral mRNA Translation R-HSA-192823,1/90,0.9526530445974448,0.9856705813113216,0,0,0.3256734804386084,0.0157966319847671,XK
Reactome_2022,Asparagine N-linked Glycosylation R-HSA-446203,5/282,0.9599133266528326,0.9902950296823496,0,0,0.5212230609342523,0.0213244255485314,NEU4;MOGAT2;NPL;FOLR2;RENBP
Reactome_2022,Metabolism Of Nucleotides R-HSA-15869,1/95,0.960049565721608,0.9902950296823496,0,0,0.3082703153037682,0.0125682932406391,XDH
Reactome_2022,UCH Proteinases R-HSA-5689603,1/95,0.960049565721608,0.9902950296823496,0,0,0.3082703153037682,0.0125682932406391,H2AC14
Reactome_2022,"Cell Cycle, Mitotic R-HSA-69278",11/523,0.9633596178698888,0.992700519936992,0,0,0.6183492211391437,0.0230820500946778,CDKN2B;H2AC14;H2BC5;CCNE2;CDKN2A;TUBB3;SRC;CCNE1;POLE2;RNASE7;E2F2
Reactome_2022,Cellular Response To Heat Stress R-HSA-3371556,1/99,0.9651267795205558,0.9934307644540734,0,0,0.2956263830833538,0.0104934974906216,RNASE7
Reactome_2022,RNA Polymerase II Transcription R-HSA-73857,33/1312,0.9660257778484438,0.9934307644540734,0,0,0.7371364099721895,0.0254789430849359,COLEC12;ZNF473;CSF1R;SERPINB13;SRC;NLRC4;SOX2;H2AC14;BCL2L11;MYB;CTLA4;HIVEP3;APOE;PPARGC1B;E2F7;ZNF385A;RMI2;CDKN2B;GPX2;H2BC5;STAT1;CDKN2A;VDR;GAD1;NR1H3;MMP13;NR4A3;CCNE2;ARTN;CCNE1;IL2RA;PPARG;EZH2
Reactome_2022,Cargo Recognition For Clathrin-Mediated Endocytosis R-HSA-8856825,1/104,0.9705768535840174,0.9971007149673864,0,0,0.2812024798222014,0.008398024838992,HBEGF
Reactome_2022,Sensory Perception R-HSA-9709957,13/616,0.972538669798494,0.998081326706012,0,0,0.6193877239569026,0.017247124318075,LPL;MYO7A;MYO1E;DHRS9;LHX2;APOC2;EPB41L3;KCNMA1;GPC3;CDH23;APOE;SCN2A;KCNJ2
Reactome_2022,Nucleotide Excision Repair R-HSA-5696398,1/108,0.9743176970580828,0.998081326706012,0,0,0.2706339376196374,0.0070413134229272,POLE2
Reactome_2022,Transport To Golgi And Subsequent Modification R-HSA-948021,2/164,0.9744813741533576,0.998081326706012,0,0,0.3570191609407295,0.009228900130005,MOGAT2;FOLR2
Reactome_2022,Gene Expression (Transcription) R-HSA-74160,36/1449,0.9768527786888068,0.9995015830334062,0,0,0.7259323767379219,0.0170008465554874,COLEC12;ZNF473;CSF1R;SERPINB13;SRC;NLRC4;SOX2;H2AC14;BCL2L11;MYB;RNASE7;CTLA4;HIVEP3;APOE;PPARGC1B;E2F7;ZNF385A;RMI2;CDKN2B;GPX2;H2BC5;STAT1;CDKN2A;VDR;GAD1;NR1H3;MYO1E;MMP13;NR4A3;CCNE2;ARTN;CCNE1;IL2RA;TET3;PPARG;EZH2
Reactome_2022,Macroautophagy R-HSA-1632852,1/114,0.9790574204538184,0.9999952135058636,0,0,0.2561840281479902,0.0054221313749785,SRC
Reactome_2022,Metabolism Of Amino Acids And Derivatives R-HSA-71291,6/364,0.9830619653062572,0.9999952135058636,0,0,0.4826256135502412,0.0082447531475966,IL4I1;ASPG;KMO;BCAT1;DUOX2;IDO1
Reactome_2022,Intra-Golgi And Retrograde Golgi-to-ER Traffic R-HSA-6811442,2/181,0.9844385110083383,0.9999952135058636,0,0,0.3228258213470175,0.0050631485072212,GOLIM4;RAB39A
Reactome_2022,mRNA Splicing - Major Pathway R-HSA-72163,2/181,0.9844385110083383,0.9999952135058636,0,0,0.3228258213470175,0.0050631485072212,COLEC12;ELAVL2
Reactome_2022,mRNA Splicing R-HSA-72172,2/189,0.9877006363239752,0.9999952135058636,0,0,0.3088860389898452,0.0038226583484569,COLEC12;ELAVL2
Reactome_2022,Processing Of Capped Intron-Containing Pre-mRNA R-HSA-72203,3/242,0.988117171155488,0.9999952135058636,0,0,0.3620826960270007,0.0043283343682374,COLEC12;RNASE7;ELAVL2
Reactome_2022,ER To Golgi Anterograde Transport R-HSA-199977,1/133,0.989027889360687,0.9999952135058636,0,0,0.2190922782037239,0.0024171899382542,FOLR2
Reactome_2022,Signaling By Hedgehog R-HSA-5358351,1/135,0.9897499748360498,0.9999952135058636,0,0,0.2157997662290955,0.0022233673866103,CDON
Reactome_2022,Late Phase Of HIV Life Cycle R-HSA-162599,1/136,0.9900930178905044,0.9999952135058636,0,0,0.214190093708166,0.00213255856537,RNASE7
Reactome_2022,Clathrin-mediated Endocytosis R-HSA-8856828,1/142,0.991923422829722,0.9999952135058636,0,0,0.205011535503717,0.0016625142736927,HBEGF
Reactome_2022,HIV Life Cycle R-HSA-162587,1/149,0.9936364219214606,0.9999952135058636,0,0,0.1952438130901986,0.0012464193118522,RNASE7
Reactome_2022,Membrane Trafficking R-HSA-199991,10/599,0.9957386904738026,0.9999952135058636,0,0,0.4859057271348773,0.002075018999678,DENND2C;MYO1E;GJB4;SRC;GOLIM4;RAB39A;RIN3;FOLR2;RNASE1;HBEGF
Reactome_2022,HIV Infection R-HSA-162906,2/229,0.9962809107186495,0.9999952135058636,0,0,0.2539252230882187,0.0009461310409352936,RNASE7;RNASE1
Reactome_2022,Regulation Of Expression Of SLITs And ROBOs R-HSA-9010553,1/167,0.996553479503593,0.9999952135058636,0,0,0.1739094933952678,0.0006004179051801533,LHX2
Reactome_2022,Neddylation R-HSA-8951664,2/237,0.997082015134285,0.9999952135058636,0,0,0.2451782677064279,0.000716472311368373,UBD;ASB2
Reactome_2022,M Phase R-HSA-68886,4/380,0.9988548563524512,0.9999952135058636,0,0,0.3051308462355554,0.00034961887038014393,H2AC14;H2BC5;TUBB3;RNASE7
Reactome_2022,Organelle Biogenesis And Maintenance R-HSA-1852241,2/275,0.99908886834162,0.9999952135058636,0,0,0.2106309979613147,0.00019200005243046696,HELZ2;PPARGC1B
Reactome_2022,Mitotic Anaphase R-HSA-68882,1/232,0.9996231470198922,0.9999952135058636,0,0,0.1245501486465341,4.6945941104924735e-05,TUBB3
Reactome_2022,Mitotic Metaphase And Anaphase R-HSA-2555396,1/233,0.9996357188328407,0.9999952135058636,0,0,0.1240068030743664,4.518157285739192e-05,TUBB3
Reactome_2022,Translation R-HSA-72766,1/281,0.9999270174666176,0.9999952135058636,0,0,0.1024903184165232,7.480276053274779e-06,WARS1
Reactome_2022,Metabolism Of RNA R-HSA-8953854,5/666,0.9999939323509272,0.9999952135058636,0,0,0.214023747306652,1.2986249316933897e-06,COLEC12;ZNF473;RNASE7;ELAVL2;APOBEC3B
Reactome_2022,Expression And Translocation Of Olfactory Receptors R-HSA-9752946,1/393,0.9999948821124192,0.9999952135058636,0,0,0.0727770776985493,3.724658552433125e-07,LHX2
Reactome_2022,Olfactory Signaling Pathway R-HSA-381753,1/401,0.9999952135058636,0.9999952135058636,0,0,0.0712914156626506,3.412367597157571e-07,LHX2
